-- MySQL dump 10.13  Distrib 5.1.49, for apple-darwin10.4.0 (i386)
--
-- Host: piton    Database: codendi
-- ------------------------------------------------------
-- Server version	5.0.77-log

/*!40101 SET @OLD_CHARACTER_SET_CLIENT=@@CHARACTER_SET_CLIENT */;
/*!40101 SET @OLD_CHARACTER_SET_RESULTS=@@CHARACTER_SET_RESULTS */;
/*!40101 SET @OLD_COLLATION_CONNECTION=@@COLLATION_CONNECTION */;
/*!40101 SET NAMES utf8 */;
/*!40103 SET @OLD_TIME_ZONE=@@TIME_ZONE */;
/*!40103 SET TIME_ZONE='+00:00' */;
/*!40014 SET @OLD_UNIQUE_CHECKS=@@UNIQUE_CHECKS, UNIQUE_CHECKS=0 */;
/*!40014 SET @OLD_FOREIGN_KEY_CHECKS=@@FOREIGN_KEY_CHECKS, FOREIGN_KEY_CHECKS=0 */;
/*!40101 SET @OLD_SQL_MODE=@@SQL_MODE, SQL_MODE='NO_AUTO_VALUE_ON_ZERO' */;
/*!40111 SET @OLD_SQL_NOTES=@@SQL_NOTES, SQL_NOTES=0 */;

--
-- Not dumping tablespaces as no INFORMATION_SCHEMA.FILES table on this server
--

--
-- Table structure for table `activity_log`
--

DROP TABLE IF EXISTS `activity_log`;
/*!40101 SET @saved_cs_client     = @@character_set_client */;
/*!40101 SET character_set_client = utf8 */;
CREATE TABLE `activity_log` (
  `day` int(11) NOT NULL default '0',
  `hour` int(11) NOT NULL default '0',
  `group_id` int(11) NOT NULL default '0',
  `browser` varchar(8) NOT NULL default 'OTHER',
  `ver` float(10,2) NOT NULL default '0.00',
  `platform` varchar(8) NOT NULL default 'OTHER',
  `time` int(11) NOT NULL default '0',
  `page` text,
  `type` int(11) NOT NULL default '0',
  KEY `idx_activity_log_day` (`day`),
  KEY `idx_activity_log_group` (`group_id`),
  KEY `type_idx` (`type`)
) ENGINE=MyISAM DEFAULT CHARSET=utf8;
/*!40101 SET character_set_client = @saved_cs_client */;

--
-- Dumping data for table `activity_log`
--

LOCK TABLES `activity_log` WRITE;
/*!40000 ALTER TABLE `activity_log` DISABLE KEYS */;
INSERT INTO `activity_log` VALUES (20111221,18,0,'MOZILLA',5.00,'Mac',1324487385,'/index.php',0),(20111221,18,0,'MOZILLA',5.00,'Mac',1324487385,'/index.php',0),(20111221,19,0,'MOZILLA',5.00,'Linux',1324490419,'/index.php',0),(20111221,19,0,'MOZILLA',5.00,'Linux',1324490419,'/index.php',0),(20111221,19,0,'MOZILLA',5.00,'Linux',1324490672,'/index.php',0),(20111221,19,0,'MOZILLA',5.00,'Linux',1324490673,'/index.php',0),(20111221,19,0,'MOZILLA',5.00,'Linux',1324490674,'/account/login.php',0),(20111221,19,0,'MOZILLA',5.00,'Linux',1324490675,'/account/login.php',0),(20111221,19,0,'MOZILLA',5.00,'Linux',1324490675,'/account/login.php',0),(20111221,19,0,'MOZILLA',5.00,'Linux',1324490676,'/my/index.php',0),(20111221,19,0,'MOZILLA',5.00,'Linux',1324490676,'/my/index.php',0),(20111221,19,0,'MOZILLA',5.00,'Linux',1324490677,'/account/login.php',0),(20111221,19,0,'MOZILLA',5.00,'Linux',1324490677,'/account/login.php',0),(20111221,19,0,'MOZILLA',5.00,'Linux',1324491828,'/index.php',0),(20111221,19,0,'MOZILLA',5.00,'Linux',1324491828,'/index.php',0),(20111221,19,0,'MOZILLA',5.00,'Linux',1324493192,'/index.php',0),(20111221,19,0,'MOZILLA',5.00,'Linux',1324493192,'/index.php',0),(20111221,19,0,'MOZILLA',5.00,'Linux',1324493229,'/index.php',0),(20111221,19,0,'MOZILLA',5.00,'Linux',1324493229,'/index.php',0),(20111221,19,0,'MOZILLA',5.00,'Linux',1324493991,'/projects',0),(20111221,19,0,'MOZILLA',5.00,'Linux',1324493991,'/projects',0),(20111221,20,0,'MOZILLA',5.00,'Linux',1324494510,'/index.php',0),(20111221,20,0,'MOZILLA',5.00,'Linux',1324494511,'/index.php',0),(20111221,20,0,'MOZILLA',5.00,'Linux',1324494512,'/index.php',0),(20111221,20,0,'MOZILLA',5.00,'Linux',1324495373,'/index.php',0),(20111221,20,0,'MOZILLA',5.00,'Linux',1324495374,'/index.php',0),(20111221,20,0,'MOZILLA',5.00,'Linux',1324495374,'/index.php',0),(20111221,20,0,'MOZILLA',5.00,'Mac',1324495576,'/index.php',0),(20111221,20,0,'MOZILLA',5.00,'Mac',1324495576,'/index.php',0),(20111221,20,0,'MOZILLA',5.00,'Linux',1324495770,'/index.php',0),(20111221,20,0,'MOZILLA',5.00,'Linux',1324495770,'/index.php',0),(20111221,20,0,'MOZILLA',5.00,'Linux',1324495771,'/my/index.php',0),(20111221,20,0,'MOZILLA',5.00,'Linux',1324495772,'/my/index.php',0),(20111221,20,0,'MOZILLA',5.00,'Linux',1324495772,'/account/login.php',0),(20111221,20,0,'MOZILLA',5.00,'Linux',1324495772,'/account/login.php',0),(20111221,20,0,'MOZILLA',5.00,'Linux',1324495845,'/index.php',0),(20111221,20,0,'MOZILLA',5.00,'Linux',1324495845,'/index.php',0),(20111221,20,0,'MOZILLA',5.00,'Linux',1324495846,'/my/index.php',0),(20111221,20,0,'MOZILLA',5.00,'Linux',1324495846,'/account/login.php',0),(20111221,20,0,'MOZILLA',5.00,'Linux',1324495847,'/my/index.php',0),(20111221,20,0,'MOZILLA',5.00,'Mac',1324495865,'/account/login.php',0),(20111221,20,0,'MOZILLA',5.00,'Mac',1324495870,'/account/login.php',0),(20111221,20,0,'MOZILLA',5.00,'Linux',1324495958,'/index.php',0),(20111221,20,0,'MOZILLA',5.00,'Linux',1324495958,'/index.php',0),(20111221,20,0,'MOZILLA',5.00,'Linux',1324495959,'/my/index.php',0),(20111221,20,0,'MOZILLA',5.00,'Linux',1324495959,'/my/index.php',0),(20111221,20,0,'MOZILLA',5.00,'Linux',1324495959,'/account/login.php',0),(20111221,20,0,'MOZILLA',5.00,'Linux',1324495960,'/account/login.php',0),(20111221,20,0,'MOZILLA',5.00,'Mac',1324496047,'/account/login.php',0),(20111221,21,0,'MOZILLA',5.00,'Linux',1324498433,'/index.php',0),(20111221,21,0,'MOZILLA',5.00,'Linux',1324498433,'/index.php',0),(20111221,21,0,'MOZILLA',5.00,'Linux',1324498433,'/index.php',0),(20111221,21,0,'MOZILLA',5.00,'Linux',1324498434,'/my/index.php',0),(20111221,21,0,'MOZILLA',5.00,'Linux',1324498434,'/my/index.php',0),(20111221,21,0,'MOZILLA',5.00,'Linux',1324498435,'/account/login.php',0),(20111221,21,0,'MOZILLA',5.00,'Linux',1324498615,'/index.php',0),(20111221,21,0,'MOZILLA',5.00,'Linux',1324498615,'/index.php',0),(20111221,21,0,'MOZILLA',5.00,'Linux',1324498616,'/index.php',0),(20111221,21,0,'MOZILLA',5.00,'Linux',1324498616,'/my/index.php',0),(20111221,21,0,'MOZILLA',5.00,'Linux',1324498617,'/my/index.php',0),(20111221,21,0,'MOZILLA',5.00,'Linux',1324498617,'/account/login.php',0),(20111221,21,0,'MOZILLA',5.00,'Linux',1324498679,'/index.php',0),(20111221,21,0,'MOZILLA',5.00,'Linux',1324498679,'/index.php',0),(20111221,21,0,'MOZILLA',5.00,'Linux',1324498680,'/my/index.php',0),(20111221,21,0,'MOZILLA',5.00,'Linux',1324498681,'/my/index.php',0),(20111221,21,0,'MOZILLA',5.00,'Linux',1324498681,'/account/login.php',0),(20111221,21,0,'MOZILLA',5.00,'Linux',1324498736,'/index.php',0),(20111221,21,0,'MOZILLA',5.00,'Linux',1324498736,'/index.php',0),(20111221,21,0,'MOZILLA',5.00,'Linux',1324498736,'/index.php',0),(20111221,21,0,'MOZILLA',5.00,'Linux',1324498737,'/my/index.php',0),(20111221,21,0,'MOZILLA',5.00,'Linux',1324498738,'/my/index.php',0),(20111221,21,0,'MOZILLA',5.00,'Linux',1324498738,'/account/login.php',0),(20111221,21,0,'MOZILLA',5.00,'Linux',1324498962,'/index.php',0),(20111221,21,0,'MOZILLA',5.00,'Linux',1324498962,'/index.php',0),(20111221,21,0,'MOZILLA',5.00,'Linux',1324498962,'/index.php',0),(20111221,21,0,'MOZILLA',5.00,'Linux',1324498963,'/my/index.php',0),(20111221,21,0,'MOZILLA',5.00,'Linux',1324498963,'/my/index.php',0),(20111221,21,0,'MOZILLA',5.00,'Linux',1324498964,'/account/login.php',0),(20111221,21,0,'MOZILLA',5.00,'Linux',1324498965,'/search/index.php',0),(20111221,21,0,'MOZILLA',5.00,'Mac',1324499608,'/account/login.php',0),(20111221,21,0,'MOZILLA',5.00,'Mac',1324499608,'/my/index.php',0),(20111221,21,0,'MOZILLA',5.00,'Linux',1324499692,'/index.php',0),(20111221,21,0,'MOZILLA',5.00,'Linux',1324499692,'/index.php',0),(20111221,21,0,'MOZILLA',5.00,'Linux',1324499693,'/my/index.php',0),(20111221,21,0,'MOZILLA',5.00,'Linux',1324499693,'/my/index.php',0),(20111221,21,0,'MOZILLA',5.00,'Linux',1324499693,'/account/login.php',0),(20111221,21,0,'MOZILLA',5.00,'Linux',1324499694,'/account/login.php',0),(20111221,21,0,'MOZILLA',5.00,'Linux',1324499695,'/search/index.php',0),(20111221,21,0,'MOZILLA',5.00,'Linux',1324499780,'/index.php',0),(20111221,21,0,'MOZILLA',5.00,'Linux',1324499781,'/index.php',0),(20111221,21,0,'MOZILLA',5.00,'Linux',1324499781,'/my/index.php',0),(20111221,21,0,'MOZILLA',5.00,'Linux',1324499782,'/my/index.php',0),(20111221,21,0,'MOZILLA',5.00,'Linux',1324499782,'/account/login.php',0),(20111221,21,0,'MOZILLA',5.00,'Linux',1324499783,'/search/index.php',0),(20111221,22,0,'MOZILLA',5.00,'Linux',1324501380,'/index.php',0),(20111221,22,0,'MOZILLA',5.00,'Linux',1324501380,'/index.php',0),(20111221,22,0,'MOZILLA',5.00,'Linux',1324501428,'/index.php',0),(20111221,22,0,'MOZILLA',5.00,'Linux',1324501428,'/index.php',0),(20111221,22,0,'MOZILLA',5.00,'Linux',1324501429,'/my/index.php',0),(20111221,22,0,'MOZILLA',5.00,'Linux',1324501429,'/my/index.php',0),(20111221,22,0,'MOZILLA',5.00,'Linux',1324501429,'/account/login.php',0),(20111221,22,0,'MOZILLA',5.00,'Linux',1324501430,'/account/login.php',0),(20111221,22,0,'MOZILLA',5.00,'Linux',1324501431,'/search/index.php',0),(20111221,22,0,'MOZILLA',5.00,'Linux',1324501772,'/index.php',0),(20111221,22,0,'MOZILLA',5.00,'Linux',1324501772,'/index.php',0),(20111221,22,0,'MOZILLA',5.00,'Linux',1324501773,'/my/index.php',0),(20111221,22,0,'MOZILLA',5.00,'Linux',1324501773,'/my/index.php',0),(20111221,22,0,'MOZILLA',5.00,'Linux',1324501774,'/account/login.php',0),(20111221,22,0,'MOZILLA',5.00,'Linux',1324501774,'/account/login.php',0),(20111221,22,0,'MOZILLA',5.00,'Linux',1324501775,'/search/index.php',0),(20111221,22,0,'MOZILLA',5.00,'Linux',1324501825,'/index.php',0),(20111221,22,0,'MOZILLA',5.00,'Linux',1324501825,'/index.php',0),(20111221,22,0,'MOZILLA',5.00,'Linux',1324501826,'/my/index.php',0),(20111221,22,0,'MOZILLA',5.00,'Linux',1324501826,'/my/index.php',0),(20111221,22,0,'MOZILLA',5.00,'Linux',1324501826,'/account/login.php',0),(20111221,22,0,'MOZILLA',5.00,'Linux',1324501827,'/search/index.php',0),(20111221,22,0,'MOZILLA',5.00,'Linux',1324501915,'/index.php',0),(20111221,22,0,'MOZILLA',5.00,'Linux',1324501915,'/index.php',0),(20111221,22,0,'MOZILLA',5.00,'Linux',1324501916,'/my/index.php',0),(20111221,22,0,'MOZILLA',5.00,'Linux',1324501916,'/my/index.php',0),(20111221,22,0,'MOZILLA',5.00,'Linux',1324501916,'/account/login.php',0),(20111221,22,0,'MOZILLA',5.00,'Linux',1324501918,'/search/index.php',0),(20111221,22,0,'MOZILLA',5.00,'Linux',1324501962,'/index.php',0),(20111221,22,0,'MOZILLA',5.00,'Linux',1324501962,'/index.php',0),(20111221,22,0,'MOZILLA',5.00,'Linux',1324501963,'/index.php',0),(20111221,22,0,'MOZILLA',5.00,'Linux',1324501963,'/my/index.php',0),(20111221,22,0,'MOZILLA',5.00,'Linux',1324501964,'/account/login.php',0),(20111221,22,0,'MOZILLA',5.00,'Linux',1324501964,'/my/index.php',0),(20111221,22,0,'MOZILLA',5.00,'Linux',1324501965,'/search/index.php',0),(20111221,22,0,'MOZILLA',5.00,'Linux',1324501997,'/index.php',0),(20111221,22,0,'MOZILLA',5.00,'Linux',1324501997,'/index.php',0),(20111221,22,0,'MOZILLA',5.00,'Linux',1324501998,'/my/index.php',0),(20111221,22,0,'MOZILLA',5.00,'Linux',1324501998,'/my/index.php',0),(20111221,22,0,'MOZILLA',5.00,'Linux',1324501999,'/account/login.php',0),(20111221,22,0,'MOZILLA',5.00,'Linux',1324502000,'/search/index.php',0),(20111221,22,0,'MOZILLA',5.00,'Linux',1324502318,'/index.php',0),(20111221,22,0,'MOZILLA',5.00,'Linux',1324502319,'/index.php',0),(20111221,22,0,'MOZILLA',5.00,'Linux',1324502319,'/my/index.php',0),(20111221,22,0,'MOZILLA',5.00,'Linux',1324502320,'/my/index.php',0),(20111221,22,0,'MOZILLA',5.00,'Linux',1324502320,'/account/login.php',0),(20111221,22,0,'MOZILLA',5.00,'Linux',1324502321,'/search/index.php',0),(20111221,22,0,'MOZILLA',5.00,'Linux',1324502365,'/index.php',0),(20111221,22,0,'MOZILLA',5.00,'Linux',1324502365,'/index.php',0),(20111221,22,0,'MOZILLA',5.00,'Linux',1324502366,'/my/index.php',0),(20111221,22,0,'MOZILLA',5.00,'Linux',1324502366,'/my/index.php',0),(20111221,22,0,'MOZILLA',5.00,'Linux',1324502366,'/account/login.php',0),(20111221,22,0,'MOZILLA',5.00,'Linux',1324502368,'/search/index.php',0),(20111221,22,0,'MOZILLA',5.00,'Linux',1324502587,'/index.php',0),(20111221,22,0,'MOZILLA',5.00,'Linux',1324502588,'/index.php',0),(20111221,22,0,'MOZILLA',5.00,'Linux',1324502589,'/my/index.php',0),(20111221,22,0,'MOZILLA',5.00,'Linux',1324502589,'/my/index.php',0),(20111221,22,0,'MOZILLA',5.00,'Linux',1324502589,'/account/login.php',0),(20111221,22,0,'MOZILLA',5.00,'Linux',1324502590,'/search/index.php',0),(20111221,22,0,'MOZILLA',5.00,'Linux',1324503036,'/index.php',0),(20111221,22,0,'MOZILLA',5.00,'Linux',1324503037,'/index.php',0),(20111221,22,0,'MOZILLA',5.00,'Linux',1324503298,'/index.php',0),(20111221,22,0,'MOZILLA',5.00,'Linux',1324503298,'/index.php',0),(20111221,22,0,'MOZILLA',5.00,'Linux',1324503330,'/index.php',0),(20111221,22,0,'MOZILLA',5.00,'Linux',1324503330,'/index.php',0),(20111221,22,0,'MOZILLA',5.00,'Linux',1324503345,'/index.php',0),(20111221,22,0,'MOZILLA',5.00,'Linux',1324503345,'/index.php',0),(20111221,22,0,'MOZILLA',5.00,'Linux',1324503346,'/index.php',0),(20111221,22,0,'MOZILLA',5.00,'Linux',1324503347,'/my/index.php',0),(20111221,22,0,'MOZILLA',5.00,'Linux',1324503347,'/my/index.php',0),(20111221,22,0,'MOZILLA',5.00,'Linux',1324503347,'/account/login.php',0),(20111221,22,0,'MOZILLA',5.00,'Linux',1324503348,'/search/index.php',0),(20111221,22,0,'MOZILLA',5.00,'Linux',1324503371,'/index.php',0),(20111221,22,0,'MOZILLA',5.00,'Linux',1324503372,'/index.php',0),(20111221,22,0,'MOZILLA',5.00,'Linux',1324503372,'/my/index.php',0),(20111221,22,0,'MOZILLA',5.00,'Linux',1324503373,'/my/index.php',0),(20111221,22,0,'MOZILLA',5.00,'Linux',1324503373,'/account/login.php',0),(20111221,22,0,'MOZILLA',5.00,'Linux',1324503373,'/account/login.php',0),(20111221,22,0,'MOZILLA',5.00,'Linux',1324503375,'/search/index.php',0),(20111221,22,0,'MOZILLA',5.00,'Mac',1324503467,'/account/preferences.php',0),(20111221,22,0,'MOZILLA',5.00,'Mac',1324503475,'/account/updateprefs.php',0),(20111221,22,0,'MOZILLA',5.00,'Mac',1324503475,'/account/preferences.php',0),(20111221,22,0,'MOZILLA',5.00,'Mac',1324503481,'/my/index.php',0),(20111221,22,0,'MOZILLA',5.00,'Linux',1324503510,'/index.php',0),(20111221,22,0,'MOZILLA',5.00,'Linux',1324503510,'/index.php',0),(20111221,22,0,'MOZILLA',5.00,'Linux',1324503511,'/my/index.php',0),(20111221,22,0,'MOZILLA',5.00,'Linux',1324503511,'/my/index.php',0),(20111221,22,0,'MOZILLA',5.00,'Linux',1324503511,'/account/login.php',0),(20111221,22,0,'MOZILLA',5.00,'Linux',1324503512,'/search/index.php',0),(20111221,22,0,'MOZILLA',5.00,'Linux',1324503621,'/index.php',0),(20111221,22,0,'MOZILLA',5.00,'Linux',1324503621,'/index.php',0),(20111221,22,0,'MOZILLA',5.00,'Linux',1324503622,'/my/index.php',0),(20111221,22,0,'MOZILLA',5.00,'Linux',1324503622,'/my/index.php',0),(20111221,22,0,'MOZILLA',5.00,'Linux',1324503623,'/account/login.php',0),(20111221,22,0,'MOZILLA',5.00,'Linux',1324503624,'/search/index.php',0),(20111221,22,0,'MOZILLA',5.00,'Linux',1324503706,'/index.php',0),(20111221,22,0,'MOZILLA',5.00,'Linux',1324503706,'/index.php',0),(20111221,22,0,'MOZILLA',5.00,'Linux',1324503707,'/my/index.php',0),(20111221,22,0,'MOZILLA',5.00,'Linux',1324503708,'/my/index.php',0),(20111221,22,0,'MOZILLA',5.00,'Linux',1324503708,'/account/login.php',0),(20111221,22,0,'MOZILLA',5.00,'Linux',1324503709,'/search/index.php',0),(20111221,22,0,'MOZILLA',5.00,'Mac',1324503756,'/account/logout.php',0),(20111221,22,0,'MOZILLA',5.00,'Mac',1324503756,'/index.php',0),(20111221,22,0,'MOZILLA',5.00,'Mac',1324503758,'/account/login.php',0),(20111221,22,0,'MOZILLA',5.00,'Linux',1324503909,'/index.php',0),(20111221,22,0,'MOZILLA',5.00,'Linux',1324503909,'/index.php',0),(20111221,22,0,'MOZILLA',5.00,'Linux',1324503910,'/my/index.php',0),(20111221,22,0,'MOZILLA',5.00,'Linux',1324503910,'/account/login.php',0),(20111221,22,0,'MOZILLA',5.00,'Linux',1324503910,'/my/index.php',0),(20111221,22,0,'MOZILLA',5.00,'Linux',1324503911,'/account/login.php',0),(20111221,22,0,'MOZILLA',5.00,'Linux',1324503912,'/my/index.php',0),(20111221,22,0,'MOZILLA',5.00,'Linux',1324503912,'/my/index.php',0),(20111221,22,0,'MOZILLA',5.00,'Linux',1324503936,'/index.php',0),(20111221,22,0,'MOZILLA',5.00,'Linux',1324503937,'/index.php',0),(20111221,22,0,'MOZILLA',5.00,'Linux',1324503937,'/my/index.php',0),(20111221,22,0,'MOZILLA',5.00,'Linux',1324503937,'/my/index.php',0),(20111221,22,0,'MOZILLA',5.00,'Linux',1324503938,'/account/login.php',0),(20111221,22,0,'MOZILLA',5.00,'Linux',1324503939,'/account/login.php',0),(20111221,22,0,'MOZILLA',5.00,'Linux',1324503939,'/my/index.php',0),(20111221,22,0,'MOZILLA',5.00,'Linux',1324504036,'/index.php',0),(20111221,22,0,'MOZILLA',5.00,'Linux',1324504036,'/index.php',0),(20111221,22,0,'MOZILLA',5.00,'Linux',1324504037,'/my/index.php',0),(20111221,22,0,'MOZILLA',5.00,'Linux',1324504037,'/my/index.php',0),(20111221,22,0,'MOZILLA',5.00,'Linux',1324504038,'/account/login.php',0),(20111221,22,0,'MOZILLA',5.00,'Linux',1324504039,'/account/login.php',0),(20111221,22,0,'MOZILLA',5.00,'Linux',1324504039,'/my/index.php',0),(20111221,22,0,'MOZILLA',5.00,'Linux',1324504040,'/my/index.php',0),(20111221,22,0,'MOZILLA',5.00,'Linux',1324504140,'/index.php',0),(20111221,22,0,'MOZILLA',5.00,'Linux',1324504141,'/index.php',0),(20111221,22,0,'MOZILLA',5.00,'Linux',1324504141,'/index.php',0),(20111221,22,0,'MOZILLA',5.00,'Linux',1324504142,'/my/index.php',0),(20111221,22,0,'MOZILLA',5.00,'Linux',1324504142,'/my/index.php',0),(20111221,22,0,'MOZILLA',5.00,'Linux',1324504142,'/account/login.php',0),(20111221,22,0,'MOZILLA',5.00,'Linux',1324504143,'/account/login.php',0),(20111221,22,0,'MOZILLA',5.00,'Linux',1324504144,'/account/login.php',0),(20111221,22,0,'MOZILLA',5.00,'Linux',1324504145,'/my/index.php',0),(20111221,22,0,'MOZILLA',5.00,'Linux',1324504145,'/my/index.php',0),(20111221,23,0,'MOZILLA',5.00,'Linux',1324505701,'/index.php',0),(20111221,23,0,'MOZILLA',5.00,'Linux',1324505702,'/index.php',0),(20111221,23,0,'MOZILLA',5.00,'Linux',1324505702,'/index.php',0),(20111221,23,0,'MOZILLA',5.00,'Linux',1324505703,'/my/index.php',0),(20111221,23,0,'MOZILLA',5.00,'Linux',1324505703,'/my/index.php',0),(20111221,23,0,'MOZILLA',5.00,'Linux',1324505704,'/account/login.php',0),(20111221,23,0,'MOZILLA',5.00,'Linux',1324505705,'/account/login.php',0),(20111221,23,0,'MOZILLA',5.00,'Linux',1324505706,'/my/index.php',0),(20111221,23,0,'MOZILLA',5.00,'Linux',1324505706,'/my/index.php',0),(20111221,23,0,'MOZILLA',5.00,'Linux',1324505728,'/index.php',0),(20111221,23,0,'MOZILLA',5.00,'Linux',1324505728,'/index.php',0),(20111221,23,0,'MOZILLA',5.00,'Linux',1324505729,'/my/index.php',0),(20111221,23,0,'MOZILLA',5.00,'Linux',1324505729,'/my/index.php',0),(20111221,23,0,'MOZILLA',5.00,'Linux',1324505729,'/account/login.php',0),(20111221,23,0,'MOZILLA',5.00,'Linux',1324505731,'/account/login.php',0),(20111221,23,0,'MOZILLA',5.00,'Linux',1324505731,'/my/index.php',0),(20111221,23,0,'MOZILLA',5.00,'Linux',1324505731,'/my/index.php',0),(20111221,23,0,'OTHER',0.00,'Other',1324506206,'/index.php',0),(20111221,23,0,'MOZILLA',5.00,'Mac',1324506219,'/index.php',0),(20111221,23,0,'MOZILLA',5.00,'Mac',1324506219,'/index.php',0),(20111221,23,0,'OTHER',0.00,'Other',1324506231,'/index.php',0),(20111221,23,0,'OTHER',0.00,'Other',1324506239,'/index.php',0),(20111221,23,0,'OTHER',0.00,'Other',1324506239,'/index.php',0),(20111221,23,0,'OTHER',0.00,'Other',1324506245,'/index.php',0),(20111221,23,0,'OTHER',0.00,'Other',1324506245,'/index.php',0),(20111221,23,0,'MOZILLA',5.00,'Mac',1324506272,'/index.php',0),(20111221,23,0,'MOZILLA',5.00,'Mac',1324506273,'/index.php',0),(20111221,23,0,'MOZILLA',5.00,'Mac',1324506273,'/my/index.php',0),(20111221,23,0,'MOZILLA',5.00,'Mac',1324506274,'/account/login.php',0),(20111221,23,0,'MOZILLA',5.00,'Linux',1324508060,'/index.php',0),(20111221,23,0,'MOZILLA',5.00,'Linux',1324508061,'/index.php',0),(20111221,23,0,'MOZILLA',5.00,'Linux',1324508062,'/my/index.php',0),(20111221,23,0,'MOZILLA',5.00,'Linux',1324508062,'/my/index.php',0),(20111221,23,0,'MOZILLA',5.00,'Linux',1324508062,'/account/login.php',0),(20111221,23,0,'MOZILLA',5.00,'Linux',1324508065,'/account/login.php',0),(20111221,23,0,'MOZILLA',5.00,'Linux',1324508065,'/my/index.php',0),(20111221,23,0,'MOZILLA',5.00,'Linux',1324508066,'/my/index.php',0),(20111222,1,0,'MOZILLA',5.00,'Mac',1324512329,'/index.php',0),(20111222,1,0,'MOZILLA',5.00,'Mac',1324512330,'/index.php',0),(20111222,1,0,'MOZILLA',5.00,'Mac',1324512330,'/my/index.php',0),(20111222,1,0,'MOZILLA',5.00,'Mac',1324512331,'/account/login.php',0),(20111222,1,0,'MOZILLA',5.00,'Mac',1324512331,'/account/login.php',0),(20111222,1,0,'MOZILLA',5.00,'Mac',1324512332,'/my/index.php',0),(20111222,1,0,'MOZILLA',5.00,'Mac',1324512549,'/index.php',0),(20111222,1,0,'MOZILLA',5.00,'Mac',1324512549,'/index.php',0),(20111222,1,0,'MOZILLA',5.00,'Mac',1324512550,'/my/index.php',0),(20111222,1,0,'MOZILLA',5.00,'Mac',1324512550,'/account/login.php',0),(20111222,1,0,'MOZILLA',5.00,'Mac',1324512551,'/account/login.php',0),(20111222,1,0,'MOZILLA',5.00,'Mac',1324512551,'/my/index.php',0),(20111222,1,0,'MOZILLA',5.00,'Mac',1324512552,'/index.php',0),(20111222,1,0,'MOZILLA',5.00,'Mac',1324512552,'/index.php',0),(20111222,1,0,'MOZILLA',5.00,'Mac',1324512553,'/my/index.php',0),(20111222,1,0,'MOZILLA',5.00,'Mac',1324512553,'/account/login.php',0),(20111222,1,0,'MOZILLA',5.00,'Mac',1324512553,'/account/login.php',0),(20111222,1,0,'MOZILLA',5.00,'Mac',1324512554,'/my/index.php',0),(20111222,1,0,'MOZILLA',5.00,'Mac',1324513501,'/index.php',0),(20111222,1,0,'MOZILLA',5.00,'Mac',1324513502,'/index.php',0),(20111222,1,0,'MOZILLA',5.00,'Mac',1324513502,'/my/index.php',0),(20111222,1,0,'MOZILLA',5.00,'Mac',1324513503,'/account/login.php',0),(20111222,1,0,'MOZILLA',5.00,'Mac',1324513503,'/account/login.php',0),(20111222,1,0,'MOZILLA',5.00,'Mac',1324513504,'/my/index.php',0),(20111222,1,0,'MOZILLA',5.00,'Mac',1324513571,'/index.php',0),(20111222,1,0,'MOZILLA',5.00,'Mac',1324513571,'/index.php',0),(20111222,1,0,'MOZILLA',5.00,'Mac',1324513575,'/account/login.php',0),(20111222,1,0,'MOZILLA',5.00,'Mac',1324513578,'/account/login.php',0),(20111222,1,0,'MOZILLA',5.00,'Mac',1324513584,'/account/login.php',0),(20111222,1,0,'MOZILLA',5.00,'Mac',1324513584,'/my/index.php',0),(20111222,1,0,'MOZILLA',5.00,'Mac',1324513623,'/admin/index.php',0),(20111222,1,0,'MOZILLA',5.00,'Mac',1324513722,'/index.php',0),(20111222,1,0,'MOZILLA',5.00,'Mac',1324513722,'/index.php',0),(20111222,1,0,'MOZILLA',5.00,'Mac',1324513723,'/my/index.php',0),(20111222,1,0,'MOZILLA',5.00,'Mac',1324513723,'/account/login.php',0),(20111222,1,0,'MOZILLA',5.00,'Mac',1324513724,'/account/login.php',0),(20111222,1,0,'MOZILLA',5.00,'Mac',1324513724,'/my/index.php',0),(20111222,1,0,'MOZILLA',5.00,'Mac',1324513725,'/admin/index.php',0),(20111222,1,0,'MOZILLA',5.00,'Mac',1324513725,'/admin/index.php',0),(20111222,1,0,'MOZILLA',5.00,'Mac',1324513759,'/index.php',0),(20111222,1,0,'MOZILLA',5.00,'Mac',1324513760,'/index.php',0),(20111222,1,0,'MOZILLA',5.00,'Mac',1324513761,'/my/index.php',0),(20111222,1,0,'MOZILLA',5.00,'Mac',1324513761,'/account/login.php',0),(20111222,1,0,'MOZILLA',5.00,'Mac',1324513761,'/account/login.php',0),(20111222,1,0,'MOZILLA',5.00,'Mac',1324513762,'/my/index.php',0),(20111222,1,0,'MOZILLA',5.00,'Mac',1324513762,'/admin/index.php',0),(20111222,1,0,'MOZILLA',5.00,'Mac',1324513762,'/admin/index.php',0),(20111222,1,0,'MOZILLA',5.00,'Mac',1324513833,'/index.php',0),(20111222,1,0,'MOZILLA',5.00,'Mac',1324513833,'/index.php',0),(20111222,1,0,'MOZILLA',5.00,'Mac',1324513834,'/my/index.php',0),(20111222,1,0,'MOZILLA',5.00,'Mac',1324513834,'/account/login.php',0),(20111222,1,0,'MOZILLA',5.00,'Mac',1324513835,'/account/login.php',0),(20111222,1,0,'MOZILLA',5.00,'Mac',1324513835,'/my/index.php',0),(20111222,1,0,'MOZILLA',5.00,'Mac',1324513836,'/admin/index.php',0),(20111222,1,0,'MOZILLA',5.00,'Mac',1324513836,'/admin/index.php',0),(20111222,1,0,'MOZILLA',5.00,'Mac',1324513905,'/admin/index.php',0),(20111222,1,0,'MOZILLA',5.00,'Mac',1324513984,'/index.php',0),(20111222,1,0,'MOZILLA',5.00,'Mac',1324513984,'/index.php',0),(20111222,1,0,'MOZILLA',5.00,'Mac',1324513985,'/my/index.php',0),(20111222,1,0,'MOZILLA',5.00,'Mac',1324513985,'/account/login.php',0),(20111222,1,0,'MOZILLA',5.00,'Mac',1324513985,'/account/login.php',0),(20111222,1,0,'MOZILLA',5.00,'Mac',1324513986,'/my/index.php',0),(20111222,1,0,'MOZILLA',5.00,'Mac',1324514025,'/my/index.php',0),(20111222,1,0,'MOZILLA',5.00,'Mac',1324514134,'/index.php',0),(20111222,1,0,'MOZILLA',5.00,'Mac',1324514134,'/index.php',0),(20111222,1,0,'MOZILLA',5.00,'Mac',1324514135,'/my/index.php',0),(20111222,1,0,'MOZILLA',5.00,'Mac',1324514135,'/account/login.php',0),(20111222,1,0,'MOZILLA',5.00,'Mac',1324514136,'/account/login.php',0),(20111222,1,0,'MOZILLA',5.00,'Mac',1324514136,'/my/index.php',0),(20111222,2,0,'MOZILLA',5.00,'Linux',1324516130,'/index.php',0),(20111222,2,0,'MOZILLA',5.00,'Linux',1324516130,'/index.php',0),(20111222,2,0,'MOZILLA',5.00,'Linux',1324516131,'/my/index.php',0),(20111222,2,0,'MOZILLA',5.00,'Linux',1324516131,'/my/index.php',0),(20111222,2,0,'MOZILLA',5.00,'Linux',1324516131,'/account/login.php',0),(20111222,2,0,'MOZILLA',5.00,'Linux',1324516132,'/account/login.php',0),(20111222,2,0,'MOZILLA',5.00,'Linux',1324516133,'/my/index.php',0),(20111222,2,0,'MOZILLA',5.00,'Linux',1324516133,'/my/index.php',0),(20111222,2,0,'MOZILLA',5.00,'Linux',1324516417,'/index.php',0),(20111222,2,0,'MOZILLA',5.00,'Linux',1324516417,'/index.php',0),(20111222,2,0,'MOZILLA',5.00,'Linux',1324516418,'/my/index.php',0),(20111222,2,0,'MOZILLA',5.00,'Linux',1324516418,'/my/index.php',0),(20111222,2,0,'MOZILLA',5.00,'Linux',1324516418,'/account/login.php',0),(20111222,2,0,'MOZILLA',5.00,'Linux',1324516419,'/account/login.php',0),(20111222,2,0,'MOZILLA',5.00,'Linux',1324516420,'/my/index.php',0),(20111222,2,0,'MOZILLA',5.00,'Linux',1324516420,'/my/index.php',0),(20111222,2,0,'MOZILLA',5.00,'Linux',1324516872,'/index.php',0),(20111222,2,0,'MOZILLA',5.00,'Linux',1324516873,'/index.php',0),(20111222,2,0,'MOZILLA',5.00,'Linux',1324516874,'/my/index.php',0),(20111222,2,0,'MOZILLA',5.00,'Linux',1324516874,'/my/index.php',0),(20111222,2,0,'MOZILLA',5.00,'Linux',1324516874,'/account/login.php',0),(20111222,2,0,'MOZILLA',5.00,'Linux',1324516875,'/account/login.php',0),(20111222,2,0,'MOZILLA',5.00,'Linux',1324516876,'/my/index.php',0),(20111222,2,0,'MOZILLA',5.00,'Linux',1324516876,'/my/index.php',0),(20111222,2,0,'MOZILLA',5.00,'Linux',1324516911,'/index.php',0),(20111222,2,0,'MOZILLA',5.00,'Linux',1324516912,'/index.php',0),(20111222,2,0,'MOZILLA',5.00,'Linux',1324516912,'/my/index.php',0),(20111222,2,0,'MOZILLA',5.00,'Linux',1324516913,'/my/index.php',0),(20111222,2,0,'MOZILLA',5.00,'Linux',1324516913,'/account/login.php',0),(20111222,2,0,'MOZILLA',5.00,'Linux',1324516914,'/account/login.php',0),(20111222,2,0,'MOZILLA',5.00,'Linux',1324516915,'/my/index.php',0),(20111222,2,0,'MOZILLA',5.00,'Linux',1324516915,'/my/index.php',0),(20111222,2,0,'MOZILLA',5.00,'Linux',1324517221,'/index.php',0),(20111222,2,0,'MOZILLA',5.00,'Linux',1324517221,'/index.php',0),(20111222,2,0,'MOZILLA',5.00,'Linux',1324517222,'/my/index.php',0),(20111222,2,0,'MOZILLA',5.00,'Linux',1324517222,'/my/index.php',0),(20111222,2,0,'MOZILLA',5.00,'Linux',1324517223,'/account/login.php',0),(20111222,2,0,'MOZILLA',5.00,'Linux',1324517224,'/account/login.php',0),(20111222,2,0,'MOZILLA',5.00,'Linux',1324517224,'/my/index.php',0),(20111222,2,0,'MOZILLA',5.00,'Linux',1324517289,'/index.php',0),(20111222,2,0,'MOZILLA',5.00,'Linux',1324517289,'/index.php',0),(20111222,2,0,'MOZILLA',5.00,'Linux',1324517290,'/my/index.php',0),(20111222,2,0,'MOZILLA',5.00,'Linux',1324517291,'/account/login.php',0),(20111222,2,0,'MOZILLA',5.00,'Linux',1324517291,'/my/index.php',0),(20111222,2,0,'MOZILLA',5.00,'Linux',1324517292,'/account/login.php',0),(20111222,2,0,'MOZILLA',5.00,'Linux',1324517292,'/my/index.php',0),(20111222,2,0,'MOZILLA',5.00,'Linux',1324517293,'/my/index.php',0),(20111222,2,0,'MOZILLA',5.00,'Linux',1324517333,'/index.php',0),(20111222,2,0,'MOZILLA',5.00,'Linux',1324517334,'/index.php',0),(20111222,2,0,'MOZILLA',5.00,'Linux',1324517334,'/my/index.php',0),(20111222,2,0,'MOZILLA',5.00,'Linux',1324517335,'/my/index.php',0),(20111222,2,0,'MOZILLA',5.00,'Linux',1324517335,'/account/login.php',0),(20111222,2,0,'MOZILLA',5.00,'Linux',1324517336,'/account/login.php',0),(20111222,2,0,'MOZILLA',5.00,'Linux',1324517337,'/my/index.php',0),(20111222,2,0,'MOZILLA',5.00,'Linux',1324517373,'/index.php',0),(20111222,2,0,'MOZILLA',5.00,'Linux',1324517373,'/index.php',0),(20111222,2,0,'MOZILLA',5.00,'Linux',1324517374,'/my/index.php',0),(20111222,2,0,'MOZILLA',5.00,'Linux',1324517374,'/my/index.php',0),(20111222,2,0,'MOZILLA',5.00,'Linux',1324517374,'/account/login.php',0),(20111222,2,0,'MOZILLA',5.00,'Linux',1324517378,'/account/login.php',0),(20111222,2,0,'MOZILLA',5.00,'Linux',1324517378,'/my/index.php',0),(20111222,2,0,'MOZILLA',5.00,'Linux',1324517793,'/index.php',0),(20111222,2,0,'MOZILLA',5.00,'Linux',1324517793,'/index.php',0),(20111222,2,0,'MOZILLA',5.00,'Linux',1324517793,'/index.php',0),(20111222,2,0,'MOZILLA',5.00,'Linux',1324517794,'/my/index.php',0),(20111222,2,0,'MOZILLA',5.00,'Linux',1324517794,'/my/index.php',0),(20111222,2,0,'MOZILLA',5.00,'Linux',1324517795,'/account/login.php',0),(20111222,2,0,'MOZILLA',5.00,'Linux',1324517795,'/account/login.php',0),(20111222,2,0,'MOZILLA',5.00,'Linux',1324517796,'/account/login.php',0),(20111222,2,0,'MOZILLA',5.00,'Linux',1324517797,'/my/index.php',0),(20111222,2,0,'MOZILLA',5.00,'Linux',1324517854,'/index.php',0),(20111222,2,0,'MOZILLA',5.00,'Linux',1324517854,'/index.php',0),(20111222,2,0,'MOZILLA',5.00,'Linux',1324517855,'/my/index.php',0),(20111222,2,0,'MOZILLA',5.00,'Linux',1324517855,'/my/index.php',0),(20111222,2,0,'MOZILLA',5.00,'Linux',1324517856,'/account/login.php',0),(20111222,2,0,'MOZILLA',5.00,'Linux',1324517857,'/account/login.php',0),(20111222,2,0,'MOZILLA',5.00,'Linux',1324517858,'/my/index.php',0),(20111222,2,0,'MOZILLA',5.00,'Linux',1324517886,'/index.php',0),(20111222,2,0,'MOZILLA',5.00,'Linux',1324517886,'/index.php',0),(20111222,2,0,'MOZILLA',5.00,'Linux',1324517887,'/index.php',0),(20111222,2,0,'MOZILLA',5.00,'Linux',1324517887,'/my/index.php',0),(20111222,2,0,'MOZILLA',5.00,'Linux',1324517888,'/my/index.php',0),(20111222,2,0,'MOZILLA',5.00,'Linux',1324517888,'/account/login.php',0),(20111222,2,0,'MOZILLA',5.00,'Linux',1324517889,'/account/login.php',0),(20111222,2,0,'MOZILLA',5.00,'Linux',1324517889,'/my/index.php',0),(20111222,2,0,'MOZILLA',5.00,'Linux',1324517890,'/my/index.php',0),(20111222,2,0,'MOZILLA',5.00,'Linux',1324517891,'/admin/index.php',0),(20111222,2,0,'MOZILLA',5.00,'Linux',1324517891,'/admin/index.php',0),(20111222,2,0,'MOZILLA',5.00,'Linux',1324517959,'/index.php',0),(20111222,2,0,'MOZILLA',5.00,'Linux',1324517960,'/index.php',0),(20111222,2,0,'MOZILLA',5.00,'Linux',1324517960,'/index.php',0),(20111222,2,0,'MOZILLA',5.00,'Linux',1324517961,'/my/index.php',0),(20111222,2,0,'MOZILLA',5.00,'Linux',1324517961,'/my/index.php',0),(20111222,2,0,'MOZILLA',5.00,'Linux',1324517961,'/account/login.php',0),(20111222,2,0,'MOZILLA',5.00,'Linux',1324517963,'/account/login.php',0),(20111222,2,0,'MOZILLA',5.00,'Linux',1324517963,'/my/index.php',0),(20111222,2,0,'MOZILLA',5.00,'Linux',1324517964,'/admin/index.php',0),(20111222,2,0,'MOZILLA',5.00,'Linux',1324517964,'/admin/index.php',0),(20111222,2,0,'MOZILLA',5.00,'Linux',1324518089,'/index.php',0),(20111222,2,0,'MOZILLA',5.00,'Linux',1324518089,'/index.php',0),(20111222,2,0,'MOZILLA',5.00,'Linux',1324518090,'/my/index.php',0),(20111222,2,0,'MOZILLA',5.00,'Linux',1324518090,'/my/index.php',0),(20111222,2,0,'MOZILLA',5.00,'Linux',1324518090,'/account/login.php',0),(20111222,2,0,'MOZILLA',5.00,'Linux',1324518092,'/account/login.php',0),(20111222,2,0,'MOZILLA',5.00,'Linux',1324518092,'/my/index.php',0),(20111222,2,0,'MOZILLA',5.00,'Linux',1324518092,'/my/index.php',0),(20111222,2,0,'MOZILLA',5.00,'Linux',1324518093,'/admin/index.php',0),(20111222,2,0,'MOZILLA',5.00,'Linux',1324518093,'/admin/index.php',0),(20111222,2,0,'MOZILLA',5.00,'Linux',1324518367,'/index.php',0),(20111222,2,0,'MOZILLA',5.00,'Linux',1324518368,'/index.php',0),(20111222,2,0,'MOZILLA',5.00,'Linux',1324518368,'/index.php',0),(20111222,2,0,'MOZILLA',5.00,'Linux',1324518369,'/my/index.php',0),(20111222,2,0,'MOZILLA',5.00,'Linux',1324518369,'/my/index.php',0),(20111222,2,0,'MOZILLA',5.00,'Linux',1324518369,'/account/login.php',0),(20111222,2,0,'MOZILLA',5.00,'Linux',1324518370,'/account/login.php',0),(20111222,2,0,'MOZILLA',5.00,'Linux',1324518371,'/account/login.php',0),(20111222,2,0,'MOZILLA',5.00,'Linux',1324518372,'/my/index.php',0),(20111222,2,0,'MOZILLA',5.00,'Linux',1324518372,'/my/index.php',0),(20111222,2,0,'MOZILLA',5.00,'Linux',1324518373,'/admin/index.php',0),(20111222,2,0,'MOZILLA',5.00,'Linux',1324518373,'/admin/index.php',0),(20111222,2,0,'MOZILLA',5.00,'Linux',1324518443,'/index.php',0),(20111222,2,0,'MOZILLA',5.00,'Linux',1324518443,'/index.php',0),(20111222,2,0,'MOZILLA',5.00,'Linux',1324518444,'/my/index.php',0),(20111222,2,0,'MOZILLA',5.00,'Linux',1324518444,'/my/index.php',0),(20111222,2,0,'MOZILLA',5.00,'Linux',1324518444,'/account/login.php',0),(20111222,2,0,'MOZILLA',5.00,'Linux',1324518445,'/account/login.php',0),(20111222,2,0,'MOZILLA',5.00,'Linux',1324518446,'/my/index.php',0),(20111222,2,0,'MOZILLA',5.00,'Linux',1324518446,'/my/index.php',0),(20111222,2,0,'MOZILLA',5.00,'Linux',1324518447,'/admin/index.php',0),(20111222,2,0,'MOZILLA',5.00,'Linux',1324518447,'/admin/index.php',0),(20111222,2,0,'MOZILLA',5.00,'Linux',1324519107,'/index.php',0),(20111222,2,0,'MOZILLA',5.00,'Linux',1324519108,'/index.php',0),(20111222,2,0,'MOZILLA',5.00,'Linux',1324519108,'/my/index.php',0),(20111222,2,0,'MOZILLA',5.00,'Linux',1324519109,'/my/index.php',0),(20111222,2,0,'MOZILLA',5.00,'Linux',1324519109,'/account/login.php',0),(20111222,2,0,'MOZILLA',5.00,'Linux',1324519110,'/account/login.php',0),(20111222,2,0,'MOZILLA',5.00,'Linux',1324519111,'/my/index.php',0),(20111222,2,0,'MOZILLA',5.00,'Linux',1324519111,'/my/index.php',0),(20111222,2,0,'MOZILLA',5.00,'Linux',1324519112,'/admin/index.php',0),(20111222,2,0,'MOZILLA',5.00,'Linux',1324519112,'/admin/index.php',0),(20111222,4,0,'MOZILLA',5.00,'Mac',1324523814,'/admin/index.php',0),(20111222,4,0,'MOZILLA',5.00,'Mac',1324523819,'/snippet/index.php',0),(20111222,4,0,'MOZILLA',5.00,'Mac',1324523822,'/softwaremap/index.php',0),(20111222,4,0,'MOZILLA',5.00,'Mac',1324523822,'/softwaremap/trove_list.php',0),(20111222,4,0,'MOZILLA',5.00,'Mac',1324523826,'/index.php',0),(20111222,4,0,'MOZILLA',5.00,'Mac',1324523835,'/my/index.php',0),(20111222,4,0,'MOZILLA',5.00,'Linux',1324524586,'/index.php',0),(20111222,4,0,'MOZILLA',5.00,'Linux',1324524586,'/index.php',0),(20111222,4,0,'MOZILLA',5.00,'Linux',1324524587,'/my/index.php',0),(20111222,4,0,'MOZILLA',5.00,'Linux',1324524587,'/my/index.php',0),(20111222,4,0,'MOZILLA',5.00,'Linux',1324524587,'/account/login.php',0),(20111222,4,0,'MOZILLA',5.00,'Linux',1324524588,'/account/login.php',0),(20111222,4,0,'MOZILLA',5.00,'Linux',1324524589,'/account/login.php',0),(20111222,4,0,'MOZILLA',5.00,'Linux',1324524589,'/my/index.php',0),(20111222,4,0,'MOZILLA',5.00,'Linux',1324524590,'/admin/index.php',0),(20111222,4,0,'MOZILLA',5.00,'Linux',1324524591,'/admin/index.php',0),(20111222,4,0,'MOZILLA',5.00,'Linux',1324525923,'/index.php',0),(20111222,4,0,'MOZILLA',5.00,'Linux',1324525923,'/index.php',0),(20111222,4,0,'MOZILLA',5.00,'Linux',1324525924,'/my/index.php',0),(20111222,4,0,'MOZILLA',5.00,'Linux',1324525924,'/my/index.php',0),(20111222,4,0,'MOZILLA',5.00,'Linux',1324525924,'/account/login.php',0),(20111222,4,0,'MOZILLA',5.00,'Linux',1324525925,'/account/login.php',0),(20111222,4,0,'MOZILLA',5.00,'Linux',1324525926,'/my/index.php',0),(20111222,4,0,'MOZILLA',5.00,'Linux',1324525926,'/my/index.php',0),(20111222,4,0,'MOZILLA',5.00,'Linux',1324525927,'/admin/index.php',0),(20111222,4,0,'MOZILLA',5.00,'Linux',1324525927,'/admin/index.php',0),(20111222,4,0,'MOZILLA',5.00,'Linux',1324525928,'/admin/index.php',0),(20111222,4,0,'MOZILLA',5.00,'Linux',1324525955,'/index.php',0),(20111222,4,0,'MOZILLA',5.00,'Linux',1324525955,'/index.php',0),(20111222,4,0,'MOZILLA',5.00,'Linux',1324525955,'/my/index.php',0),(20111222,4,0,'MOZILLA',5.00,'Linux',1324525956,'/account/login.php',0),(20111222,4,0,'MOZILLA',5.00,'Linux',1324525956,'/my/index.php',0),(20111222,4,0,'MOZILLA',5.00,'Linux',1324525957,'/account/login.php',0),(20111222,4,0,'MOZILLA',5.00,'Linux',1324525957,'/my/index.php',0),(20111222,4,0,'MOZILLA',5.00,'Linux',1324525958,'/my/index.php',0),(20111222,4,0,'MOZILLA',5.00,'Linux',1324525959,'/admin/index.php',0),(20111222,4,0,'MOZILLA',5.00,'Linux',1324525959,'/admin/index.php',0),(20111222,4,0,'MOZILLA',5.00,'Linux',1324525996,'/index.php',0),(20111222,4,0,'MOZILLA',5.00,'Linux',1324525996,'/index.php',0),(20111222,4,0,'MOZILLA',5.00,'Linux',1324525997,'/my/index.php',0),(20111222,4,0,'MOZILLA',5.00,'Linux',1324525997,'/account/login.php',0),(20111222,4,0,'MOZILLA',5.00,'Linux',1324525997,'/my/index.php',0),(20111222,4,0,'MOZILLA',5.00,'Linux',1324525998,'/account/login.php',0),(20111222,4,0,'MOZILLA',5.00,'Linux',1324525998,'/my/index.php',0),(20111222,4,0,'MOZILLA',5.00,'Linux',1324525999,'/my/index.php',0),(20111222,4,0,'MOZILLA',5.00,'Linux',1324526000,'/admin/index.php',0),(20111222,4,0,'MOZILLA',5.00,'Linux',1324526000,'/admin/index.php',0),(20111222,4,0,'MOZILLA',5.00,'Linux',1324526053,'/index.php',0),(20111222,4,0,'MOZILLA',5.00,'Linux',1324526053,'/index.php',0),(20111222,4,0,'MOZILLA',5.00,'Linux',1324526054,'/my/index.php',0),(20111222,4,0,'MOZILLA',5.00,'Linux',1324526054,'/my/index.php',0),(20111222,4,0,'MOZILLA',5.00,'Linux',1324526054,'/account/login.php',0),(20111222,4,0,'MOZILLA',5.00,'Linux',1324526055,'/account/login.php',0),(20111222,4,0,'MOZILLA',5.00,'Linux',1324526056,'/my/index.php',0),(20111222,4,0,'MOZILLA',5.00,'Linux',1324526056,'/my/index.php',0),(20111222,4,0,'MOZILLA',5.00,'Linux',1324526057,'/admin/index.php',0),(20111222,4,0,'MOZILLA',5.00,'Linux',1324526057,'/admin/index.php',0),(20111222,4,0,'MOZILLA',5.00,'Linux',1324526058,'/admin/index.php',0),(20111222,4,0,'MOZILLA',5.00,'Linux',1324526138,'/index.php',0),(20111222,4,0,'MOZILLA',5.00,'Linux',1324526139,'/index.php',0),(20111222,4,0,'MOZILLA',5.00,'Linux',1324526139,'/my/index.php',0),(20111222,4,0,'MOZILLA',5.00,'Linux',1324526140,'/my/index.php',0),(20111222,4,0,'MOZILLA',5.00,'Linux',1324526140,'/account/login.php',0),(20111222,4,0,'MOZILLA',5.00,'Linux',1324526141,'/account/login.php',0),(20111222,4,0,'MOZILLA',5.00,'Linux',1324526141,'/my/index.php',0),(20111222,4,0,'MOZILLA',5.00,'Linux',1324526142,'/admin/index.php',0),(20111222,4,0,'MOZILLA',5.00,'Linux',1324526142,'/admin/index.php',0),(20111222,4,0,'MOZILLA',5.00,'Linux',1324526143,'/admin/index.php',0),(20111222,4,0,'MOZILLA',5.00,'Linux',1324526221,'/index.php',0),(20111222,4,0,'MOZILLA',5.00,'Linux',1324526221,'/index.php',0),(20111222,4,0,'MOZILLA',5.00,'Linux',1324526222,'/my/index.php',0),(20111222,4,0,'MOZILLA',5.00,'Linux',1324526223,'/my/index.php',0),(20111222,4,0,'MOZILLA',5.00,'Linux',1324526223,'/account/login.php',0),(20111222,4,0,'MOZILLA',5.00,'Linux',1324526223,'/account/login.php',0),(20111222,4,0,'MOZILLA',5.00,'Linux',1324526224,'/account/login.php',0),(20111222,4,0,'MOZILLA',5.00,'Linux',1324526225,'/my/index.php',0),(20111222,4,0,'MOZILLA',5.00,'Linux',1324526226,'/admin/index.php',0),(20111222,4,0,'MOZILLA',5.00,'Linux',1324526226,'/admin/index.php',0),(20111222,4,0,'MOZILLA',5.00,'Linux',1324526226,'/admin/index.php',0),(20111222,5,0,'MOZILLA',5.00,'Linux',1324526404,'/index.php',0),(20111222,5,0,'MOZILLA',5.00,'Linux',1324526404,'/index.php',0),(20111222,5,0,'MOZILLA',5.00,'Linux',1324526405,'/my/index.php',0),(20111222,5,0,'MOZILLA',5.00,'Linux',1324526405,'/my/index.php',0),(20111222,5,0,'MOZILLA',5.00,'Linux',1324526405,'/account/login.php',0),(20111222,5,0,'MOZILLA',5.00,'Linux',1324526406,'/account/login.php',0),(20111222,5,0,'MOZILLA',5.00,'Linux',1324526406,'/my/index.php',0),(20111222,5,0,'MOZILLA',5.00,'Linux',1324526407,'/my/index.php',0),(20111222,5,0,'MOZILLA',5.00,'Linux',1324526408,'/admin/index.php',0),(20111222,5,0,'MOZILLA',5.00,'Linux',1324526408,'/admin/index.php',0),(20111222,5,0,'MOZILLA',5.00,'Linux',1324526409,'/admin/index.php',0),(20111222,5,0,'MOZILLA',5.00,'Linux',1324526431,'/index.php',0),(20111222,5,0,'MOZILLA',5.00,'Linux',1324526431,'/index.php',0),(20111222,5,0,'MOZILLA',5.00,'Linux',1324526432,'/my/index.php',0),(20111222,5,0,'MOZILLA',5.00,'Linux',1324526432,'/account/login.php',0),(20111222,5,0,'MOZILLA',5.00,'Linux',1324526432,'/my/index.php',0),(20111222,5,0,'MOZILLA',5.00,'Linux',1324526433,'/account/login.php',0),(20111222,5,0,'MOZILLA',5.00,'Linux',1324526433,'/my/index.php',0),(20111222,5,0,'MOZILLA',5.00,'Linux',1324526434,'/admin/index.php',0),(20111222,5,0,'MOZILLA',5.00,'Linux',1324526434,'/admin/index.php',0),(20111222,5,0,'MOZILLA',5.00,'Linux',1324526435,'/admin/index.php',0),(20111222,5,0,'MOZILLA',5.00,'Linux',1324526544,'/index.php',0),(20111222,5,0,'MOZILLA',5.00,'Linux',1324526544,'/index.php',0),(20111222,5,0,'MOZILLA',5.00,'Linux',1324526544,'/index.php',0),(20111222,5,0,'MOZILLA',5.00,'Linux',1324526545,'/my/index.php',0),(20111222,5,0,'MOZILLA',5.00,'Linux',1324526545,'/my/index.php',0),(20111222,5,0,'MOZILLA',5.00,'Linux',1324526545,'/account/login.php',0),(20111222,5,0,'MOZILLA',5.00,'Linux',1324526546,'/account/login.php',0),(20111222,5,0,'MOZILLA',5.00,'Linux',1324526547,'/account/login.php',0),(20111222,5,0,'MOZILLA',5.00,'Linux',1324526548,'/my/index.php',0),(20111222,5,0,'MOZILLA',5.00,'Linux',1324526548,'/my/index.php',0),(20111222,5,0,'MOZILLA',5.00,'Linux',1324526549,'/admin/index.php',0),(20111222,5,0,'MOZILLA',5.00,'Linux',1324526549,'/admin/index.php',0),(20111222,5,0,'MOZILLA',5.00,'Linux',1324526549,'/admin/index.php',0),(20111222,5,0,'MOZILLA',5.00,'Linux',1324526590,'/index.php',0),(20111222,5,0,'MOZILLA',5.00,'Linux',1324526591,'/index.php',0),(20111222,5,0,'MOZILLA',5.00,'Linux',1324526591,'/index.php',0),(20111222,5,0,'MOZILLA',5.00,'Linux',1324526592,'/my/index.php',0),(20111222,5,0,'MOZILLA',5.00,'Linux',1324526592,'/my/index.php',0),(20111222,5,0,'MOZILLA',5.00,'Linux',1324526592,'/account/login.php',0),(20111222,5,0,'MOZILLA',5.00,'Linux',1324526593,'/account/login.php',0),(20111222,5,0,'MOZILLA',5.00,'Linux',1324526594,'/account/login.php',0),(20111222,5,0,'MOZILLA',5.00,'Linux',1324526594,'/my/index.php',0),(20111222,5,0,'MOZILLA',5.00,'Linux',1324526594,'/my/index.php',0),(20111222,5,0,'MOZILLA',5.00,'Linux',1324526595,'/admin/index.php',0),(20111222,5,0,'MOZILLA',5.00,'Linux',1324526595,'/admin/index.php',0),(20111222,5,0,'MOZILLA',5.00,'Linux',1324526596,'/admin/index.php',0),(20111222,5,0,'MOZILLA',5.00,'Linux',1324527280,'/index.php',0),(20111222,5,0,'MOZILLA',5.00,'Linux',1324527280,'/index.php',0),(20111222,5,0,'MOZILLA',5.00,'Linux',1324527281,'/index.php',0),(20111222,5,0,'MOZILLA',5.00,'Linux',1324527282,'/my/index.php',0),(20111222,5,0,'MOZILLA',5.00,'Linux',1324527282,'/my/index.php',0),(20111222,5,0,'MOZILLA',5.00,'Linux',1324527282,'/account/login.php',0),(20111222,5,0,'MOZILLA',5.00,'Linux',1324527283,'/account/login.php',0),(20111222,5,0,'MOZILLA',5.00,'Linux',1324527284,'/my/index.php',0),(20111222,5,0,'MOZILLA',5.00,'Linux',1324527285,'/admin/index.php',0),(20111222,5,0,'MOZILLA',5.00,'Linux',1324527285,'/admin/index.php',0),(20111222,5,0,'MOZILLA',5.00,'Linux',1324527285,'/admin/index.php',0),(20111222,5,0,'MOZILLA',5.00,'Linux',1324527286,'/admin/index.php',0),(20111222,5,0,'MOZILLA',5.00,'Linux',1324527451,'/index.php',0),(20111222,5,0,'MOZILLA',5.00,'Linux',1324527451,'/index.php',0),(20111222,5,0,'MOZILLA',5.00,'Linux',1324527452,'/my/index.php',0),(20111222,5,0,'MOZILLA',5.00,'Linux',1324527452,'/my/index.php',0),(20111222,5,0,'MOZILLA',5.00,'Linux',1324527452,'/account/login.php',0),(20111222,5,0,'MOZILLA',5.00,'Linux',1324527454,'/account/login.php',0),(20111222,5,0,'MOZILLA',5.00,'Linux',1324527454,'/my/index.php',0),(20111222,5,0,'MOZILLA',5.00,'Linux',1324527454,'/my/index.php',0),(20111222,5,0,'MOZILLA',5.00,'Linux',1324527455,'/admin/index.php',0),(20111222,5,0,'MOZILLA',5.00,'Linux',1324527456,'/admin/index.php',0),(20111222,5,0,'MOZILLA',5.00,'Linux',1324527456,'/admin/index.php',0),(20111222,5,0,'MOZILLA',5.00,'Linux',1324527457,'/admin/index.php',0),(20111222,5,0,'MOZILLA',5.00,'Linux',1324527540,'/index.php',0),(20111222,5,0,'MOZILLA',5.00,'Linux',1324527541,'/index.php',0),(20111222,5,0,'MOZILLA',5.00,'Linux',1324527542,'/my/index.php',0),(20111222,5,0,'MOZILLA',5.00,'Linux',1324527542,'/my/index.php',0),(20111222,5,0,'MOZILLA',5.00,'Linux',1324527542,'/account/login.php',0),(20111222,5,0,'MOZILLA',5.00,'Linux',1324527543,'/account/login.php',0),(20111222,5,0,'MOZILLA',5.00,'Linux',1324527544,'/account/login.php',0),(20111222,5,0,'MOZILLA',5.00,'Linux',1324527544,'/my/index.php',0),(20111222,5,0,'MOZILLA',5.00,'Linux',1324527545,'/my/index.php',0),(20111222,5,0,'MOZILLA',5.00,'Linux',1324527545,'/admin/index.php',0),(20111222,5,0,'MOZILLA',5.00,'Linux',1324527546,'/admin/index.php',0),(20111222,5,0,'MOZILLA',5.00,'Linux',1324527546,'/admin/index.php',0),(20111222,5,0,'MOZILLA',5.00,'Linux',1324527547,'/admin/index.php',0),(20111222,5,0,'MOZILLA',5.00,'Linux',1324527593,'/index.php',0),(20111222,5,0,'MOZILLA',5.00,'Linux',1324527593,'/index.php',0),(20111222,5,0,'MOZILLA',5.00,'Linux',1324527594,'/my/index.php',0),(20111222,5,0,'MOZILLA',5.00,'Linux',1324527595,'/my/index.php',0),(20111222,5,0,'MOZILLA',5.00,'Linux',1324527595,'/account/login.php',0),(20111222,5,0,'MOZILLA',5.00,'Linux',1324527596,'/account/login.php',0),(20111222,5,0,'MOZILLA',5.00,'Linux',1324527597,'/my/index.php',0),(20111222,5,0,'MOZILLA',5.00,'Linux',1324527597,'/my/index.php',0),(20111222,5,0,'MOZILLA',5.00,'Linux',1324527598,'/admin/index.php',0),(20111222,5,0,'MOZILLA',5.00,'Linux',1324527598,'/admin/index.php',0),(20111222,5,0,'MOZILLA',5.00,'Linux',1324527599,'/admin/index.php',0),(20111222,5,0,'MOZILLA',5.00,'Linux',1324527667,'/index.php',0),(20111222,5,0,'MOZILLA',5.00,'Linux',1324527668,'/index.php',0),(20111222,5,0,'MOZILLA',5.00,'Linux',1324527668,'/my/index.php',0),(20111222,5,0,'MOZILLA',5.00,'Linux',1324527669,'/my/index.php',0),(20111222,5,0,'MOZILLA',5.00,'Linux',1324527669,'/account/login.php',0),(20111222,5,0,'MOZILLA',5.00,'Linux',1324527670,'/account/login.php',0),(20111222,5,0,'MOZILLA',5.00,'Linux',1324527671,'/my/index.php',0),(20111222,5,0,'MOZILLA',5.00,'Linux',1324527671,'/my/index.php',0),(20111222,5,0,'MOZILLA',5.00,'Linux',1324527672,'/admin/index.php',0),(20111222,5,0,'MOZILLA',5.00,'Linux',1324527673,'/admin/index.php',0),(20111222,5,0,'MOZILLA',5.00,'Linux',1324527673,'/admin/index.php',0),(20111222,5,0,'MOZILLA',5.00,'Linux',1324527674,'/admin/index.php',0),(20111222,5,0,'MOZILLA',5.00,'Linux',1324527758,'/index.php',0),(20111222,5,0,'MOZILLA',5.00,'Linux',1324527758,'/index.php',0),(20111222,5,0,'MOZILLA',5.00,'Linux',1324527759,'/my/index.php',0),(20111222,5,0,'MOZILLA',5.00,'Linux',1324527759,'/account/login.php',0),(20111222,5,0,'MOZILLA',5.00,'Linux',1324527759,'/my/index.php',0),(20111222,5,0,'MOZILLA',5.00,'Linux',1324527760,'/account/login.php',0),(20111222,5,0,'MOZILLA',5.00,'Linux',1324527761,'/my/index.php',0),(20111222,5,0,'MOZILLA',5.00,'Linux',1324527761,'/my/index.php',0),(20111222,5,0,'MOZILLA',5.00,'Linux',1324527762,'/admin/index.php',0),(20111222,5,0,'MOZILLA',5.00,'Linux',1324527763,'/admin/index.php',0),(20111222,5,0,'MOZILLA',5.00,'Linux',1324527763,'/admin/index.php',0),(20111222,5,0,'MOZILLA',5.00,'Linux',1324527782,'/index.php',0),(20111222,5,0,'MOZILLA',5.00,'Linux',1324527783,'/index.php',0),(20111222,5,0,'MOZILLA',5.00,'Linux',1324527783,'/index.php',0),(20111222,5,0,'MOZILLA',5.00,'Linux',1324527784,'/my/index.php',0),(20111222,5,0,'MOZILLA',5.00,'Linux',1324527784,'/my/index.php',0),(20111222,5,0,'MOZILLA',5.00,'Linux',1324527784,'/account/login.php',0),(20111222,5,0,'MOZILLA',5.00,'Linux',1324527785,'/account/login.php',0),(20111222,5,0,'MOZILLA',5.00,'Linux',1324527786,'/my/index.php',0),(20111222,5,0,'MOZILLA',5.00,'Linux',1324527787,'/admin/index.php',0),(20111222,5,0,'MOZILLA',5.00,'Linux',1324527787,'/admin/index.php',0),(20111222,5,0,'MOZILLA',5.00,'Linux',1324527788,'/admin/index.php',0),(20111222,5,0,'MOZILLA',5.00,'Linux',1324527788,'/admin/index.php',0),(20111222,5,0,'MOZILLA',5.00,'Linux',1324527923,'/index.php',0),(20111222,5,0,'MOZILLA',5.00,'Linux',1324527923,'/index.php',0),(20111222,5,0,'MOZILLA',5.00,'Linux',1324527924,'/my/index.php',0),(20111222,5,0,'MOZILLA',5.00,'Linux',1324527924,'/my/index.php',0),(20111222,5,0,'MOZILLA',5.00,'Linux',1324527924,'/account/login.php',0),(20111222,5,0,'MOZILLA',5.00,'Linux',1324527925,'/account/login.php',0),(20111222,5,0,'MOZILLA',5.00,'Linux',1324527926,'/account/login.php',0),(20111222,5,0,'MOZILLA',5.00,'Linux',1324527926,'/my/index.php',0),(20111222,5,0,'MOZILLA',5.00,'Linux',1324527927,'/my/index.php',0),(20111222,5,0,'MOZILLA',5.00,'Linux',1324527928,'/admin/index.php',0),(20111222,5,0,'MOZILLA',5.00,'Linux',1324527928,'/admin/index.php',0),(20111222,5,0,'MOZILLA',5.00,'Linux',1324527928,'/admin/index.php',0),(20111222,5,0,'MOZILLA',5.00,'Linux',1324527939,'/index.php',0),(20111222,5,0,'MOZILLA',5.00,'Linux',1324527939,'/index.php',0),(20111222,5,0,'MOZILLA',5.00,'Linux',1324527940,'/my/index.php',0),(20111222,5,0,'MOZILLA',5.00,'Linux',1324527940,'/my/index.php',0),(20111222,5,0,'MOZILLA',5.00,'Linux',1324527941,'/account/login.php',0),(20111222,5,0,'MOZILLA',5.00,'Linux',1324527942,'/account/login.php',0),(20111222,5,0,'MOZILLA',5.00,'Linux',1324527942,'/my/index.php',0),(20111222,5,0,'MOZILLA',5.00,'Linux',1324527943,'/my/index.php',0),(20111222,5,0,'MOZILLA',5.00,'Linux',1324527943,'/admin/index.php',0),(20111222,5,0,'MOZILLA',5.00,'Linux',1324527944,'/admin/index.php',0),(20111222,5,0,'MOZILLA',5.00,'Linux',1324527944,'/admin/index.php',0),(20111222,5,0,'MOZILLA',5.00,'Linux',1324527945,'/admin/index.php',0),(20111222,5,0,'MOZILLA',5.00,'Linux',1324528005,'/index.php',0),(20111222,5,0,'MOZILLA',5.00,'Linux',1324528005,'/index.php',0),(20111222,5,0,'MOZILLA',5.00,'Linux',1324528006,'/my/index.php',0),(20111222,5,0,'MOZILLA',5.00,'Linux',1324528006,'/my/index.php',0),(20111222,5,0,'MOZILLA',5.00,'Linux',1324528006,'/account/login.php',0),(20111222,5,0,'MOZILLA',5.00,'Linux',1324528007,'/account/login.php',0),(20111222,5,0,'MOZILLA',5.00,'Linux',1324528008,'/my/index.php',0),(20111222,5,0,'MOZILLA',5.00,'Linux',1324528008,'/my/index.php',0),(20111222,5,0,'MOZILLA',5.00,'Linux',1324528009,'/admin/index.php',0),(20111222,5,0,'MOZILLA',5.00,'Linux',1324528010,'/admin/index.php',0),(20111222,5,0,'MOZILLA',5.00,'Linux',1324528010,'/admin/index.php',0),(20111222,5,0,'MOZILLA',5.00,'Linux',1324528011,'/admin/index.php',0),(20111222,6,0,'MOZILLA',5.00,'Linux',1324531306,'/index.php',0),(20111222,6,0,'MOZILLA',5.00,'Linux',1324531306,'/index.php',0),(20111222,6,0,'MOZILLA',5.00,'Linux',1324531307,'/index.php',0),(20111222,6,0,'MOZILLA',5.00,'Linux',1324531308,'/my/index.php',0),(20111222,6,0,'MOZILLA',5.00,'Linux',1324531309,'/my/index.php',0),(20111222,6,0,'MOZILLA',5.00,'Linux',1324531309,'/account/login.php',0),(20111222,6,0,'MOZILLA',5.00,'Linux',1324531313,'/account/login.php',0),(20111222,6,0,'MOZILLA',5.00,'Linux',1324531313,'/my/index.php',0),(20111222,6,0,'MOZILLA',5.00,'Linux',1324531314,'/my/index.php',0),(20111222,6,0,'MOZILLA',5.00,'Linux',1324531314,'/index.php',0),(20111222,6,0,'MOZILLA',5.00,'Linux',1324531315,'/index.php',0),(20111222,6,0,'MOZILLA',5.00,'Linux',1324531315,'/my/index.php',0),(20111222,6,0,'MOZILLA',5.00,'Linux',1324531315,'/my/index.php',0),(20111222,6,0,'MOZILLA',5.00,'Linux',1324531316,'/account/login.php',0),(20111222,6,0,'MOZILLA',5.00,'Linux',1324531317,'/account/login.php',0),(20111222,6,0,'MOZILLA',5.00,'Linux',1324531317,'/my/index.php',0),(20111222,6,0,'MOZILLA',5.00,'Linux',1324531319,'/admin/index.php',0),(20111222,6,0,'MOZILLA',5.00,'Linux',1324531319,'/admin/index.php',0),(20111222,6,0,'MOZILLA',5.00,'Linux',1324531319,'/admin/index.php',0),(20111222,6,0,'MOZILLA',5.00,'Linux',1324531379,'/index.php',0),(20111222,6,0,'MOZILLA',5.00,'Linux',1324531379,'/index.php',0),(20111222,6,0,'MOZILLA',5.00,'Linux',1324531380,'/index.php',0),(20111222,6,0,'MOZILLA',5.00,'Linux',1324531381,'/my/index.php',0),(20111222,6,0,'MOZILLA',5.00,'Linux',1324531381,'/my/index.php',0),(20111222,6,0,'MOZILLA',5.00,'Linux',1324531381,'/account/login.php',0),(20111222,6,0,'MOZILLA',5.00,'Linux',1324531382,'/account/login.php',0),(20111222,6,0,'MOZILLA',5.00,'Linux',1324531383,'/my/index.php',0),(20111222,6,0,'MOZILLA',5.00,'Linux',1324531383,'/index.php',0),(20111222,6,0,'MOZILLA',5.00,'Linux',1324531384,'/index.php',0),(20111222,6,0,'MOZILLA',5.00,'Linux',1324531384,'/my/index.php',0),(20111222,6,0,'MOZILLA',5.00,'Linux',1324531385,'/my/index.php',0),(20111222,6,0,'MOZILLA',5.00,'Linux',1324531385,'/account/login.php',0),(20111222,6,0,'MOZILLA',5.00,'Linux',1324531387,'/account/login.php',0),(20111222,6,0,'MOZILLA',5.00,'Linux',1324531388,'/my/index.php',0),(20111222,6,0,'MOZILLA',5.00,'Linux',1324531389,'/admin/index.php',0),(20111222,6,0,'MOZILLA',5.00,'Linux',1324531389,'/admin/index.php',0),(20111222,6,0,'MOZILLA',5.00,'Linux',1324531390,'/admin/index.php',0),(20111222,6,0,'MOZILLA',5.00,'Linux',1324531532,'/index.php',0),(20111222,6,0,'MOZILLA',5.00,'Linux',1324531532,'/index.php',0),(20111222,6,0,'MOZILLA',5.00,'Linux',1324531533,'/index.php',0),(20111222,6,0,'MOZILLA',5.00,'Linux',1324531534,'/my/index.php',0),(20111222,6,0,'MOZILLA',5.00,'Linux',1324531534,'/my/index.php',0),(20111222,6,0,'MOZILLA',5.00,'Linux',1324531534,'/account/login.php',0),(20111222,6,0,'MOZILLA',5.00,'Linux',1324531535,'/account/login.php',0),(20111222,6,0,'MOZILLA',5.00,'Linux',1324531536,'/my/index.php',0),(20111222,6,0,'MOZILLA',5.00,'Linux',1324531536,'/my/index.php',0),(20111222,6,0,'MOZILLA',5.00,'Linux',1324531537,'/index.php',0),(20111222,6,0,'MOZILLA',5.00,'Linux',1324531537,'/index.php',0),(20111222,6,0,'MOZILLA',5.00,'Linux',1324531537,'/my/index.php',0),(20111222,6,0,'MOZILLA',5.00,'Linux',1324531538,'/my/index.php',0),(20111222,6,0,'MOZILLA',5.00,'Linux',1324531538,'/account/login.php',0),(20111222,6,0,'MOZILLA',5.00,'Linux',1324531539,'/account/login.php',0),(20111222,6,0,'MOZILLA',5.00,'Linux',1324531539,'/my/index.php',0),(20111222,6,0,'MOZILLA',5.00,'Linux',1324531540,'/admin/index.php',0),(20111222,6,0,'MOZILLA',5.00,'Linux',1324531540,'/admin/index.php',0),(20111222,6,0,'MOZILLA',5.00,'Linux',1324531541,'/admin/index.php',0),(20111222,6,0,'MOZILLA',5.00,'Linux',1324531697,'/index.php',0),(20111222,6,0,'MOZILLA',5.00,'Linux',1324531697,'/index.php',0),(20111222,6,0,'MOZILLA',5.00,'Linux',1324531698,'/my/index.php',0),(20111222,6,0,'MOZILLA',5.00,'Linux',1324531698,'/my/index.php',0),(20111222,6,0,'MOZILLA',5.00,'Linux',1324531698,'/account/login.php',0),(20111222,6,0,'MOZILLA',5.00,'Linux',1324531699,'/account/login.php',0),(20111222,6,0,'MOZILLA',5.00,'Linux',1324531700,'/account/login.php',0),(20111222,6,0,'MOZILLA',5.00,'Linux',1324531700,'/my/index.php',0),(20111222,6,0,'MOZILLA',5.00,'Linux',1324531701,'/index.php',0),(20111222,6,0,'MOZILLA',5.00,'Linux',1324531701,'/index.php',0),(20111222,6,0,'MOZILLA',5.00,'Linux',1324531702,'/my/index.php',0),(20111222,6,0,'MOZILLA',5.00,'Linux',1324531702,'/my/index.php',0),(20111222,6,0,'MOZILLA',5.00,'Linux',1324531702,'/account/login.php',0),(20111222,6,0,'MOZILLA',5.00,'Linux',1324531703,'/account/login.php',0),(20111222,6,0,'MOZILLA',5.00,'Linux',1324531704,'/my/index.php',0),(20111222,6,0,'MOZILLA',5.00,'Linux',1324531704,'/admin/index.php',0),(20111222,6,0,'MOZILLA',5.00,'Linux',1324531705,'/admin/index.php',0),(20111222,6,0,'MOZILLA',5.00,'Mac',1324532107,'/index.php',0),(20111222,6,0,'MOZILLA',5.00,'Mac',1324532107,'/index.php',0),(20111222,6,0,'MOZILLA',5.00,'Mac',1324532108,'/my/index.php',0),(20111222,6,0,'MOZILLA',5.00,'Mac',1324532108,'/account/login.php',0),(20111222,6,0,'MOZILLA',5.00,'Mac',1324532109,'/account/login.php',0),(20111222,6,0,'MOZILLA',5.00,'Mac',1324532109,'/my/index.php',0),(20111222,6,0,'MOZILLA',5.00,'Mac',1324532109,'/index.php',0),(20111222,6,0,'MOZILLA',5.00,'Mac',1324532110,'/index.php',0),(20111222,6,0,'MOZILLA',5.00,'Mac',1324532110,'/my/index.php',0),(20111222,6,0,'MOZILLA',5.00,'Mac',1324532110,'/account/login.php',0),(20111222,6,0,'MOZILLA',5.00,'Mac',1324532111,'/account/login.php',0),(20111222,6,0,'MOZILLA',5.00,'Mac',1324532111,'/my/index.php',0),(20111222,6,0,'MOZILLA',5.00,'Mac',1324532112,'/admin/index.php',0),(20111222,6,0,'MOZILLA',5.00,'Linux',1324532967,'/index.php',0),(20111222,6,0,'MOZILLA',5.00,'Linux',1324532967,'/index.php',0),(20111222,6,0,'MOZILLA',5.00,'Linux',1324532968,'/my/index.php',0),(20111222,6,0,'MOZILLA',5.00,'Linux',1324532968,'/my/index.php',0),(20111222,6,0,'MOZILLA',5.00,'Linux',1324532969,'/account/login.php',0),(20111222,6,0,'MOZILLA',5.00,'Linux',1324532969,'/account/login.php',0),(20111222,6,0,'MOZILLA',5.00,'Linux',1324532970,'/account/login.php',0),(20111222,6,0,'MOZILLA',5.00,'Linux',1324532971,'/my/index.php',0),(20111222,6,0,'MOZILLA',5.00,'Linux',1324532971,'/my/index.php',0),(20111222,6,0,'MOZILLA',5.00,'Linux',1324533162,'/index.php',0),(20111222,6,0,'MOZILLA',5.00,'Linux',1324533162,'/index.php',0),(20111222,6,0,'MOZILLA',5.00,'Linux',1324533163,'/my/index.php',0),(20111222,6,0,'MOZILLA',5.00,'Linux',1324533163,'/my/index.php',0),(20111222,6,0,'MOZILLA',5.00,'Linux',1324533163,'/account/login.php',0),(20111222,6,0,'MOZILLA',5.00,'Linux',1324533164,'/account/login.php',0),(20111222,6,0,'MOZILLA',5.00,'Linux',1324533165,'/my/index.php',0),(20111222,6,0,'MOZILLA',5.00,'Linux',1324533165,'/my/index.php',0),(20111222,6,0,'MOZILLA',5.00,'Linux',1324533166,'/index.php',0),(20111222,6,0,'MOZILLA',5.00,'Linux',1324533166,'/index.php',0),(20111222,6,0,'MOZILLA',5.00,'Linux',1324533167,'/my/index.php',0),(20111222,6,0,'MOZILLA',5.00,'Linux',1324533167,'/my/index.php',0),(20111222,6,0,'MOZILLA',5.00,'Linux',1324533167,'/account/login.php',0),(20111222,6,0,'MOZILLA',5.00,'Linux',1324533169,'/account/login.php',0),(20111222,6,0,'MOZILLA',5.00,'Linux',1324533169,'/my/index.php',0),(20111222,6,0,'MOZILLA',5.00,'Linux',1324533170,'/admin/index.php',0),(20111222,6,0,'MOZILLA',5.00,'Linux',1324533170,'/admin/index.php',0),(20111222,6,0,'MOZILLA',5.00,'Linux',1324533170,'/admin/index.php',0),(20111222,6,0,'MOZILLA',5.00,'Mac',1324533281,'/index.php',0),(20111222,6,0,'MOZILLA',5.00,'Mac',1324533282,'/index.php',0),(20111222,6,0,'MOZILLA',5.00,'Mac',1324533282,'/my/index.php',0),(20111222,6,0,'MOZILLA',5.00,'Mac',1324533283,'/account/login.php',0),(20111222,6,0,'MOZILLA',5.00,'Mac',1324533283,'/account/login.php',0),(20111222,6,0,'MOZILLA',5.00,'Mac',1324533283,'/my/index.php',0),(20111222,6,0,'MOZILLA',5.00,'Mac',1324533284,'/index.php',0),(20111222,6,0,'MOZILLA',5.00,'Mac',1324533284,'/index.php',0),(20111222,6,0,'MOZILLA',5.00,'Mac',1324533285,'/my/index.php',0),(20111222,6,0,'MOZILLA',5.00,'Mac',1324533285,'/account/login.php',0),(20111222,6,0,'MOZILLA',5.00,'Mac',1324533285,'/account/login.php',0),(20111222,6,0,'MOZILLA',5.00,'Mac',1324533286,'/my/index.php',0),(20111222,6,0,'MOZILLA',5.00,'Mac',1324533286,'/admin/index.php',0),(20111222,7,0,'MOZILLA',5.00,'Mac',1324533939,'/index.php',0),(20111222,7,0,'MOZILLA',5.00,'Mac',1324533939,'/index.php',0),(20111222,7,0,'MOZILLA',5.00,'Mac',1324533940,'/my/index.php',0),(20111222,7,0,'MOZILLA',5.00,'Mac',1324533940,'/account/login.php',0),(20111222,7,0,'MOZILLA',5.00,'Mac',1324533941,'/account/login.php',0),(20111222,7,0,'MOZILLA',5.00,'Mac',1324533941,'/my/index.php',0),(20111222,7,0,'MOZILLA',5.00,'Mac',1324533942,'/index.php',0),(20111222,7,0,'MOZILLA',5.00,'Mac',1324533942,'/index.php',0),(20111222,7,0,'MOZILLA',5.00,'Mac',1324533943,'/my/index.php',0),(20111222,7,0,'MOZILLA',5.00,'Mac',1324533943,'/account/login.php',0),(20111222,7,0,'MOZILLA',5.00,'Mac',1324533943,'/account/login.php',0),(20111222,7,0,'MOZILLA',5.00,'Mac',1324533944,'/my/index.php',0),(20111222,7,0,'MOZILLA',5.00,'Mac',1324533944,'/admin/index.php',0),(20111222,15,0,'MOZILLA',5.00,'Mac',1324564407,'/index.php',0),(20111222,15,0,'MOZILLA',5.00,'Mac',1324564407,'/index.php',0),(20111222,15,0,'MOZILLA',5.00,'Mac',1324564412,'/account/login.php',0),(20111222,15,0,'MOZILLA',5.00,'Mac',1324564416,'/account/login.php',0),(20111222,15,0,'MOZILLA',5.00,'Mac',1324564683,'/my/index.php',0),(20111222,15,0,'MOZILLA',5.00,'Mac',1324564683,'/account/login.php',0),(20111222,15,0,'MOZILLA',5.00,'Mac',1324564684,'/account/login.php',0),(20111222,15,0,'MOZILLA',5.00,'Mac',1324564700,'/index.php',0),(20111222,15,0,'MOZILLA',5.00,'Mac',1324564702,'/my/index.php',0),(20111222,15,0,'MOZILLA',5.00,'Mac',1324564702,'/account/login.php',0),(20111222,15,0,'MOZILLA',5.00,'Mac',1324564702,'/account/login.php',0),(20111222,15,0,'MOZILLA',5.00,'Mac',1324564960,'/index.php',0),(20111222,15,0,'MOZILLA',5.00,'Mac',1324564960,'/index.php',0),(20111222,15,0,'MOZILLA',5.00,'Mac',1324564961,'/my/index.php',0),(20111222,15,0,'MOZILLA',5.00,'Mac',1324564961,'/account/login.php',0),(20111222,15,0,'MOZILLA',5.00,'Mac',1324564962,'/account/login.php',0),(20111222,15,0,'MOZILLA',5.00,'Mac',1324564962,'/my/index.php',0),(20111222,15,0,'MOZILLA',5.00,'Mac',1324564963,'/index.php',0),(20111222,15,0,'MOZILLA',5.00,'Mac',1324564963,'/index.php',0),(20111222,15,0,'MOZILLA',5.00,'Mac',1324564964,'/my/index.php',0),(20111222,15,0,'MOZILLA',5.00,'Mac',1324564964,'/account/login.php',0),(20111222,15,0,'MOZILLA',5.00,'Mac',1324564965,'/account/login.php',0),(20111222,15,0,'MOZILLA',5.00,'Mac',1324564965,'/my/index.php',0),(20111222,15,0,'MOZILLA',5.00,'Mac',1324564966,'/admin/index.php',0),(20111222,15,0,'MOZILLA',5.00,'Linux',1324564988,'/index.php',0),(20111222,15,0,'MOZILLA',5.00,'Linux',1324564988,'/index.php',0),(20111222,15,0,'MOZILLA',5.00,'Linux',1324564989,'/my/index.php',0),(20111222,15,0,'MOZILLA',5.00,'Linux',1324564989,'/my/index.php',0),(20111222,15,0,'MOZILLA',5.00,'Linux',1324564990,'/account/login.php',0),(20111222,15,0,'MOZILLA',5.00,'Linux',1324564990,'/account/login.php',0),(20111222,15,0,'MOZILLA',5.00,'Linux',1324564991,'/account/login.php',0),(20111222,15,0,'MOZILLA',5.00,'Linux',1324564992,'/my/index.php',0),(20111222,15,0,'MOZILLA',5.00,'Linux',1324564992,'/my/index.php',0),(20111222,15,0,'MOZILLA',5.00,'Linux',1324564993,'/index.php',0),(20111222,15,0,'MOZILLA',5.00,'Linux',1324564993,'/index.php',0),(20111222,15,0,'MOZILLA',5.00,'Linux',1324564994,'/my/index.php',0),(20111222,15,0,'MOZILLA',5.00,'Linux',1324564994,'/my/index.php',0),(20111222,15,0,'MOZILLA',5.00,'Linux',1324564995,'/account/login.php',0),(20111222,15,0,'MOZILLA',5.00,'Linux',1324564996,'/account/login.php',0),(20111222,15,0,'MOZILLA',5.00,'Linux',1324564997,'/my/index.php',0),(20111222,15,0,'MOZILLA',5.00,'Linux',1324564998,'/admin/index.php',0),(20111222,15,0,'MOZILLA',5.00,'Linux',1324564998,'/admin/index.php',0),(20111222,15,0,'MOZILLA',5.00,'Linux',1324565350,'/index.php',0),(20111222,15,0,'MOZILLA',5.00,'Linux',1324565351,'/index.php',0),(20111222,15,0,'MOZILLA',5.00,'Linux',1324565352,'/my/index.php',0),(20111222,15,0,'MOZILLA',5.00,'Linux',1324565352,'/my/index.php',0),(20111222,15,0,'MOZILLA',5.00,'Linux',1324565352,'/account/login.php',0),(20111222,15,0,'MOZILLA',5.00,'Linux',1324565353,'/account/login.php',0),(20111222,15,0,'MOZILLA',5.00,'Linux',1324565354,'/my/index.php',0),(20111222,15,0,'MOZILLA',5.00,'Linux',1324565355,'/index.php',0),(20111222,15,0,'MOZILLA',5.00,'Linux',1324565355,'/index.php',0),(20111222,15,0,'MOZILLA',5.00,'Linux',1324565356,'/my/index.php',0),(20111222,15,0,'MOZILLA',5.00,'Linux',1324565356,'/my/index.php',0),(20111222,15,0,'MOZILLA',5.00,'Linux',1324565356,'/account/login.php',0),(20111222,15,0,'MOZILLA',5.00,'Linux',1324565358,'/account/login.php',0),(20111222,15,0,'MOZILLA',5.00,'Linux',1324565358,'/my/index.php',0),(20111222,15,0,'MOZILLA',5.00,'Linux',1324565359,'/admin/index.php',0),(20111222,15,0,'MOZILLA',5.00,'Linux',1324565359,'/admin/index.php',0),(20111222,15,0,'MOZILLA',5.00,'Mac',1324565400,'/index.php',0),(20111222,15,0,'MOZILLA',5.00,'Mac',1324565400,'/index.php',0),(20111222,15,0,'MOZILLA',5.00,'Mac',1324565401,'/my/index.php',0),(20111222,15,0,'MOZILLA',5.00,'Mac',1324565401,'/account/login.php',0),(20111222,15,0,'MOZILLA',5.00,'Mac',1324565401,'/account/login.php',0),(20111222,15,0,'MOZILLA',5.00,'Mac',1324565402,'/my/index.php',0),(20111222,15,0,'MOZILLA',5.00,'Mac',1324565403,'/index.php',0),(20111222,15,0,'MOZILLA',5.00,'Mac',1324565404,'/index.php',0),(20111222,15,0,'MOZILLA',5.00,'Mac',1324565404,'/my/index.php',0),(20111222,15,0,'MOZILLA',5.00,'Mac',1324565405,'/account/login.php',0),(20111222,15,0,'MOZILLA',5.00,'Mac',1324565405,'/account/login.php',0),(20111222,15,0,'MOZILLA',5.00,'Mac',1324565405,'/my/index.php',0),(20111222,15,0,'MOZILLA',5.00,'Mac',1324565406,'/admin/index.php',0),(20111222,15,0,'MOZILLA',5.00,'Linux',1324565826,'/index.php',0),(20111222,15,0,'MOZILLA',5.00,'Linux',1324565826,'/index.php',0),(20111222,15,0,'MOZILLA',5.00,'Linux',1324565827,'/my/index.php',0),(20111222,15,0,'MOZILLA',5.00,'Linux',1324565827,'/account/login.php',0),(20111222,15,0,'MOZILLA',5.00,'Linux',1324565828,'/my/index.php',0),(20111222,15,0,'MOZILLA',5.00,'Linux',1324565829,'/account/login.php',0),(20111222,15,0,'MOZILLA',5.00,'Linux',1324565829,'/my/index.php',0),(20111222,15,0,'MOZILLA',5.00,'Linux',1324565829,'/my/index.php',0),(20111222,15,0,'MOZILLA',5.00,'Linux',1324565830,'/index.php',0),(20111222,15,0,'MOZILLA',5.00,'Linux',1324565831,'/index.php',0),(20111222,15,0,'MOZILLA',5.00,'Linux',1324565831,'/my/index.php',0),(20111222,15,0,'MOZILLA',5.00,'Linux',1324565832,'/my/index.php',0),(20111222,15,0,'MOZILLA',5.00,'Linux',1324565832,'/account/login.php',0),(20111222,15,0,'MOZILLA',5.00,'Linux',1324565833,'/account/login.php',0),(20111222,15,0,'MOZILLA',5.00,'Linux',1324565833,'/my/index.php',0),(20111222,15,0,'MOZILLA',5.00,'Linux',1324565834,'/admin/index.php',0),(20111222,15,0,'MOZILLA',5.00,'Linux',1324565835,'/admin/index.php',0),(20111222,16,0,'MOZILLA',5.00,'Linux',1324566219,'/index.php',0),(20111222,16,0,'MOZILLA',5.00,'Linux',1324566220,'/index.php',0),(20111222,16,0,'MOZILLA',5.00,'Linux',1324566220,'/my/index.php',0),(20111222,16,0,'MOZILLA',5.00,'Linux',1324566221,'/my/index.php',0),(20111222,16,0,'MOZILLA',5.00,'Linux',1324566221,'/account/login.php',0),(20111222,16,0,'MOZILLA',5.00,'Linux',1324566221,'/account/login.php',0),(20111222,16,0,'MOZILLA',5.00,'Linux',1324566223,'/account/login.php',0),(20111222,16,0,'MOZILLA',5.00,'Linux',1324566223,'/my/index.php',0),(20111222,16,0,'MOZILLA',5.00,'Linux',1324566223,'/my/index.php',0),(20111222,16,0,'MOZILLA',5.00,'Linux',1324566622,'/index.php',0),(20111222,16,0,'MOZILLA',5.00,'Linux',1324566622,'/index.php',0),(20111222,16,0,'MOZILLA',5.00,'Linux',1324566623,'/index.php',0),(20111222,16,0,'MOZILLA',5.00,'Linux',1324566624,'/my/index.php',0),(20111222,16,0,'MOZILLA',5.00,'Linux',1324566624,'/my/index.php',0),(20111222,16,0,'MOZILLA',5.00,'Linux',1324566624,'/account/login.php',0),(20111222,16,0,'MOZILLA',5.00,'Linux',1324566625,'/account/login.php',0),(20111222,16,0,'MOZILLA',5.00,'Linux',1324566626,'/my/index.php',0),(20111222,16,0,'MOZILLA',5.00,'Linux',1324566626,'/my/index.php',0),(20111222,16,0,'MOZILLA',5.00,'Linux',1324566627,'/index.php',0),(20111222,16,0,'MOZILLA',5.00,'Linux',1324566627,'/index.php',0),(20111222,16,0,'MOZILLA',5.00,'Linux',1324566628,'/my/index.php',0),(20111222,16,0,'MOZILLA',5.00,'Linux',1324566628,'/my/index.php',0),(20111222,16,0,'MOZILLA',5.00,'Linux',1324566629,'/account/login.php',0),(20111222,16,0,'MOZILLA',5.00,'Linux',1324566630,'/account/login.php',0),(20111222,16,0,'MOZILLA',5.00,'Linux',1324566630,'/my/index.php',0),(20111222,16,0,'MOZILLA',5.00,'Linux',1324566631,'/admin/index.php',0),(20111222,16,0,'MOZILLA',5.00,'Linux',1324566631,'/admin/index.php',0),(20111222,16,0,'MOZILLA',5.00,'Mac',1324567085,'/index.php',0),(20111222,16,0,'MOZILLA',5.00,'Mac',1324567085,'/index.php',0),(20111222,16,0,'MOZILLA',5.00,'Mac',1324567092,'/account/login.php',0),(20111222,16,0,'MOZILLA',5.00,'Mac',1324567096,'/account/login.php',0),(20111222,16,0,'MOZILLA',5.00,'Mac',1324567103,'/account/login.php',0),(20111222,16,0,'MOZILLA',5.00,'Mac',1324567103,'/my/index.php',0),(20111222,16,0,'MOZILLA',5.00,'Mac',1324567108,'/projects/nty/',0),(20111222,16,101,'MOZILLA',5.00,'Mac',1324567112,'/tracker/index.php',0),(20111222,16,0,'MOZILLA',5.00,'Mac',1324567145,'/my/index.php',0),(20111222,16,0,'MOZILLA',5.00,'Mac',1324567151,'/projects/nty/',0),(20111222,16,101,'MOZILLA',5.00,'Mac',1324567158,'/project/admin/index.php',0),(20111222,16,0,'MOZILLA',5.00,'Mac',1324567176,'/projects/nty/',0),(20111222,16,101,'MOZILLA',5.00,'Mac',1324567178,'/project/admin/index.php',0),(20111222,16,101,'MOZILLA',5.00,'Mac',1324567180,'/project/admin/servicebar.php',0),(20111222,16,101,'MOZILLA',5.00,'Mac',1324567181,'/project/admin/servicebar.php',0),(20111222,16,101,'MOZILLA',5.00,'Mac',1324567190,'/project/admin/editservice.php',0),(20111222,16,101,'MOZILLA',5.00,'Mac',1324567210,'/project/admin/index.php',0),(20111222,16,0,'MOZILLA',5.00,'Mac',1324567217,'/projects/nty/',0),(20111222,16,101,'MOZILLA',5.00,'Mac',1324567231,'/tracker/index.php',0),(20111222,16,101,'MOZILLA',5.00,'Mac',1324567257,'/project/admin/index.php',0),(20111222,16,101,'MOZILLA',5.00,'Mac',1324567262,'/project/admin/servicebar.php',0),(20111222,16,0,'MOZILLA',5.00,'Mac',1324567288,'/account/logout.php',0),(20111222,16,0,'MOZILLA',5.00,'Mac',1324567288,'/index.php',0),(20111222,16,0,'MOZILLA',5.00,'Mac',1324567293,'/account/login.php',0),(20111222,16,0,'MOZILLA',5.00,'Mac',1324567298,'/account/login.php',0),(20111222,16,0,'MOZILLA',5.00,'Mac',1324567304,'/account/login.php',0),(20111222,16,0,'MOZILLA',5.00,'Mac',1324567304,'/my/index.php',0),(20111222,16,0,'MOZILLA',5.00,'Mac',1324567308,'/projects/codendi/',0),(20111222,16,0,'MOZILLA',5.00,'Mac',1324567310,'/my/index.php',0),(20111222,16,0,'MOZILLA',5.00,'Mac',1324567311,'/admin/index.php',0),(20111222,16,0,'MOZILLA',5.00,'Mac',1324567319,'/plugins/pluginsadministration/index.php',0),(20111222,16,0,'MOZILLA',5.00,'Mac',1324567333,'/plugins/pluginsadministration/index.php',0),(20111222,16,0,'MOZILLA',5.00,'Mac',1324567337,'/plugins/pluginsadministration/index.php',0),(20111222,16,0,'MOZILLA',5.00,'Mac',1324567341,'/plugins/pluginsadministration/index.php',0),(20111222,16,0,'MOZILLA',5.00,'Mac',1324567353,'/plugins/pluginsadministration/index.php',0),(20111222,16,0,'MOZILLA',5.00,'Mac',1324567361,'/plugins/pluginsadministration/index.php',0),(20111222,16,0,'MOZILLA',5.00,'Mac',1324567368,'/plugins/pluginsadministration/index.php',0),(20111222,16,0,'MOZILLA',5.00,'Mac',1324567370,'/plugins/pluginsadministration/index.php',0),(20111222,16,0,'MOZILLA',5.00,'Mac',1324567378,'/plugins/pluginsadministration/index.php',0),(20111222,16,0,'MOZILLA',5.00,'Mac',1324567390,'/account/logout.php',0),(20111222,16,0,'MOZILLA',5.00,'Mac',1324567390,'/index.php',0),(20111222,16,0,'MOZILLA',5.00,'Mac',1324567393,'/account/login.php',0),(20111222,16,0,'MOZILLA',5.00,'Mac',1324567400,'/account/login.php',0),(20111222,16,0,'MOZILLA',5.00,'Mac',1324567400,'/my/index.php',0),(20111222,16,0,'MOZILLA',5.00,'Mac',1324567404,'/projects/nty/',0),(20111222,16,101,'MOZILLA',5.00,'Mac',1324567410,'/project/admin/index.php',0),(20111222,16,101,'MOZILLA',5.00,'Mac',1324567416,'/project/admin/servicebar.php',0),(20111222,16,101,'MOZILLA',5.00,'Mac',1324567421,'/project/admin/editservice.php',0),(20111222,16,101,'MOZILLA',5.00,'Mac',1324567426,'/project/admin/servicebar.php',0),(20111222,16,101,'MOZILLA',5.00,'Mac',1324567429,'/plugins/tracker/index.php',0),(20111222,16,101,'MOZILLA',5.00,'Mac',1324567451,'/plugins/tracker/index.php',0),(20111222,16,101,'MOZILLA',5.00,'Mac',1324567507,'/plugins/tracker/index.php',0),(20111222,16,101,'MOZILLA',5.00,'Mac',1324567513,'/plugins/tracker/index.php',0),(20111222,16,101,'MOZILLA',5.00,'Mac',1324567549,'/plugins/tracker/index.php',0),(20111222,16,101,'MOZILLA',5.00,'Mac',1324567583,'/plugins/tracker/index.php',0),(20111222,16,101,'MOZILLA',5.00,'Mac',1324567593,'/plugins/tracker/index.php',0),(20111222,16,101,'MOZILLA',5.00,'Mac',1324567607,'/plugins/tracker/index.php',0),(20111222,16,101,'MOZILLA',5.00,'Mac',1324567613,'/plugins/tracker/index.php',0),(20111222,16,101,'MOZILLA',5.00,'Mac',1324567615,'/plugins/tracker/index.php',0),(20111222,16,101,'MOZILLA',5.00,'Mac',1324567633,'/plugins/tracker/index.php',0),(20111222,16,101,'MOZILLA',5.00,'Mac',1324567638,'/plugins/tracker/index.php',0),(20111222,16,101,'MOZILLA',5.00,'Mac',1324567656,'/plugins/tracker/index.php',0),(20111222,16,101,'MOZILLA',5.00,'Mac',1324567693,'/plugins/tracker/index.php',0),(20111222,16,101,'MOZILLA',5.00,'Mac',1324567719,'/plugins/tracker/index.php',0),(20111222,16,101,'MOZILLA',5.00,'Mac',1324567733,'/plugins/tracker/index.php',0),(20111222,16,101,'MOZILLA',5.00,'Mac',1324567763,'/plugins/tracker/index.php',0),(20111222,16,101,'MOZILLA',5.00,'Mac',1324567773,'/plugins/tracker/index.php',0),(20111222,16,101,'MOZILLA',5.00,'Mac',1324567796,'/plugins/tracker/index.php',0),(20111222,16,101,'MOZILLA',5.00,'Mac',1324567807,'/plugins/tracker/index.php',0),(20111222,16,101,'MOZILLA',5.00,'Mac',1324568110,'/plugins/tracker/index.php',0),(20111222,16,0,'MOZILLA',5.00,'Mac',1324568288,'/project/privacy.php',0),(20111222,16,101,'MOZILLA',5.00,'Mac',1324568298,'/plugins/tracker/index.php',0),(20111222,16,101,'MOZILLA',5.00,'Mac',1324568319,'/plugins/tracker/index.php',0),(20111222,16,0,'MOZILLA',5.00,'Mac',1324568414,'/index.php',0),(20111222,16,0,'MOZILLA',5.00,'Mac',1324568414,'/index.php',0),(20111222,17,101,'MOZILLA',5.00,'Mac',1324569710,'/plugins/tracker/index.php',0),(20111222,17,101,'MOZILLA',5.00,'Mac',1324569981,'/plugins/tracker/index.php',0),(20111222,17,101,'MOZILLA',5.00,'Mac',1324569983,'/plugins/tracker/index.php',0),(20111222,17,101,'MOZILLA',5.00,'Mac',1324570352,'/plugins/tracker/index.php',0),(20111222,17,0,'MOZILLA',5.00,'Mac',1324570373,'/plugins/tracker/index.php',0),(20111222,17,0,'MOZILLA',5.00,'Mac',1324570413,'/plugins/tracker/index.php',0),(20111222,17,0,'MOZILLA',5.00,'Mac',1324570414,'/plugins/tracker/index.php',0),(20111222,17,0,'MOZILLA',5.00,'Mac',1324570416,'/sparklines.php',0),(20111222,17,0,'MOZILLA',5.00,'Mac',1324570443,'/plugins/tracker/index.php',0),(20111222,17,0,'MOZILLA',5.00,'Mac',1324570444,'/plugins/tracker/index.php',0),(20111222,17,0,'MOZILLA',5.00,'Mac',1324570462,'/plugins/tracker/index.php',0),(20111222,17,0,'MOZILLA',5.00,'Mac',1324570463,'/sparklines.php',0),(20111222,17,0,'MOZILLA',5.00,'Mac',1324570472,'/plugins/tracker/index.php',0),(20111222,17,0,'MOZILLA',5.00,'Mac',1324570498,'/plugins/tracker/index.php',0),(20111222,17,0,'MOZILLA',5.00,'Mac',1324570551,'/plugins/tracker/index.php',0),(20111222,17,0,'MOZILLA',5.00,'Mac',1324570553,'/plugins/tracker/index.php',0),(20111222,17,0,'MOZILLA',5.00,'Mac',1324570554,'/sparklines.php',0),(20111222,17,0,'MOZILLA',5.00,'Mac',1324570558,'/plugins/tracker/index.php',0),(20111222,17,0,'MOZILLA',5.00,'Mac',1324570559,'/plugins/tracker/index.php',0),(20111222,17,0,'MOZILLA',5.00,'Mac',1324570560,'/plugins/tracker/index.php',0),(20111222,17,0,'MOZILLA',5.00,'Mac',1324570719,'/plugins/tracker/index.php',0),(20111222,17,0,'MOZILLA',5.00,'Mac',1324570721,'/plugins/tracker/index.php',0),(20111222,17,0,'MOZILLA',5.00,'Mac',1324570722,'/sparklines.php',0),(20111222,17,0,'MOZILLA',5.00,'Mac',1324570726,'/plugins/tracker/index.php',0),(20111222,17,0,'MOZILLA',5.00,'Mac',1324570726,'/plugins/tracker/index.php',0),(20111222,17,0,'MOZILLA',5.00,'Mac',1324570743,'/plugins/tracker/index.php',0),(20111222,17,0,'MOZILLA',5.00,'Mac',1324570744,'/sparklines.php',0),(20111222,17,0,'MOZILLA',5.00,'Mac',1324570761,'/plugins/tracker/index.php',0),(20111222,17,0,'MOZILLA',5.00,'Mac',1324570780,'/plugins/tracker/index.php',0),(20111222,17,0,'MOZILLA',5.00,'Mac',1324570842,'/plugins/tracker/index.php',0),(20111222,17,0,'MOZILLA',5.00,'Mac',1324570849,'/plugins/tracker/index.php',0),(20111222,19,0,'MOZILLA',5.00,'Mac',1324580221,'/plugins/tracker/index.php',0),(20111222,19,0,'MOZILLA',5.00,'Mac',1324580252,'/plugins/tracker/index.php',0),(20111222,19,0,'MOZILLA',5.00,'Mac',1324580253,'/plugins/tracker/index.php',0),(20111222,19,0,'MOZILLA',5.00,'Mac',1324580275,'/plugins/tracker/index.php',0),(20111222,19,0,'MOZILLA',5.00,'Mac',1324580282,'/plugins/tracker/index.php',0),(20111222,19,0,'MOZILLA',5.00,'Mac',1324580291,'/plugins/tracker/index.php',0),(20111222,20,0,'MOZILLA',5.00,'Mac',1324580543,'/plugins/tracker/index.php',0),(20111222,20,0,'MOZILLA',5.00,'Mac',1324580544,'/plugins/tracker/index.php',0),(20111222,20,0,'MOZILLA',5.00,'Mac',1324580581,'/plugins/tracker/index.php',0),(20111222,20,0,'MOZILLA',5.00,'Mac',1324580600,'/plugins/tracker/index.php',0),(20111222,20,0,'MOZILLA',5.00,'Mac',1324580601,'/plugins/tracker/index.php',0),(20111222,20,0,'MOZILLA',5.00,'Mac',1324580611,'/plugins/tracker/index.php',0),(20111222,20,0,'MOZILLA',5.00,'Mac',1324580628,'/plugins/tracker/index.php',0),(20111222,20,0,'MOZILLA',5.00,'Mac',1324580629,'/plugins/tracker/index.php',0),(20111222,20,0,'MOZILLA',5.00,'Mac',1324580644,'/plugins/tracker/index.php',0),(20111222,20,0,'MOZILLA',5.00,'Mac',1324580645,'/plugins/tracker/index.php',0),(20111222,20,0,'MOZILLA',5.00,'Mac',1324580649,'/plugins/tracker/index.php',0),(20111222,20,0,'MOZILLA',5.00,'Mac',1324580662,'/plugins/tracker/index.php',0),(20111222,20,0,'MOZILLA',5.00,'Mac',1324580681,'/plugins/tracker/index.php',0),(20111222,20,0,'MOZILLA',5.00,'Mac',1324580686,'/plugins/tracker/index.php',0),(20111222,20,0,'MOZILLA',5.00,'Mac',1324580694,'/plugins/tracker/index.php',0),(20111222,20,0,'MOZILLA',5.00,'Mac',1324580698,'/plugins/tracker/index.php',0),(20111222,20,0,'MOZILLA',5.00,'Mac',1324580707,'/plugins/tracker/index.php',0),(20111222,20,0,'MOZILLA',5.00,'Mac',1324580718,'/plugins/tracker/index.php',0),(20111222,20,0,'MOZILLA',5.00,'Mac',1324580725,'/plugins/tracker/index.php',0),(20111222,20,0,'MOZILLA',5.00,'Mac',1324580725,'/plugins/tracker/index.php',0),(20111222,20,0,'MOZILLA',5.00,'Mac',1324580759,'/plugins/tracker/index.php',0),(20111222,20,0,'MOZILLA',5.00,'Mac',1324580760,'/plugins/tracker/index.php',0),(20111222,20,0,'MOZILLA',5.00,'Mac',1324580806,'/plugins/tracker/index.php',0),(20111222,20,0,'MOZILLA',5.00,'Mac',1324580812,'/plugins/tracker/index.php',0),(20111222,20,0,'MOZILLA',5.00,'Mac',1324580813,'/plugins/tracker/index.php',0),(20111222,20,0,'MOZILLA',5.00,'Mac',1324580837,'/plugins/tracker/index.php',0),(20111222,20,0,'MOZILLA',5.00,'Mac',1324580838,'/plugins/tracker/index.php',0),(20111222,20,0,'MOZILLA',5.00,'Mac',1324580873,'/plugins/tracker/index.php',0),(20111222,20,0,'MOZILLA',5.00,'Mac',1324580878,'/plugins/tracker/index.php',0),(20111222,20,0,'MOZILLA',5.00,'Mac',1324580922,'/plugins/tracker/index.php',0),(20111222,20,0,'MOZILLA',5.00,'Mac',1324580923,'/plugins/tracker/index.php',0),(20111222,20,0,'MOZILLA',5.00,'Mac',1324580931,'/plugins/tracker/index.php',0),(20111222,20,0,'MOZILLA',5.00,'Mac',1324580932,'/plugins/tracker/index.php',0),(20111222,20,0,'MOZILLA',5.00,'Mac',1324580938,'/plugins/tracker/index.php',0),(20111222,20,0,'MOZILLA',5.00,'Mac',1324580944,'/plugins/tracker/index.php',0),(20111222,20,0,'MOZILLA',5.00,'Mac',1324580951,'/plugins/tracker/index.php',0),(20111222,20,0,'MOZILLA',5.00,'Mac',1324580952,'/plugins/tracker/index.php',0),(20111222,20,0,'MOZILLA',5.00,'Mac',1324580961,'/plugins/tracker/index.php',0),(20111222,20,0,'MOZILLA',5.00,'Mac',1324580962,'/plugins/tracker/index.php',0),(20111222,20,0,'MOZILLA',5.00,'Mac',1324581423,'/index.php',0),(20111222,20,0,'MOZILLA',5.00,'Mac',1324581423,'/index.php',0),(20111222,21,0,'MOZILLA',5.00,'Mac',1324587595,'/my/index.php',0),(20111222,21,0,'MOZILLA',5.00,'Mac',1324587598,'/projects/nty/',0),(20111222,22,101,'MOZILLA',5.00,'Mac',1324587611,'/project/admin/index.php',0),(20111222,22,101,'MOZILLA',5.00,'Mac',1324587615,'/project/admin/editgroupinfo.php',0),(20111222,22,101,'MOZILLA',5.00,'Mac',1324587665,'/project/admin/editgroupinfo.php',0),(20111222,22,101,'MOZILLA',5.00,'Mac',1324587686,'/project/admin/editgroupinfo.php',0),(20111222,22,101,'MOZILLA',5.00,'Mac',1324587690,'/project/admin/index.php',0),(20111222,22,0,'MOZILLA',5.00,'Mac',1324587699,'/users/johan/',0),(20111222,22,101,'MOZILLA',5.00,'Mac',1324587737,'/tracker/index.php',0),(20111222,22,101,'MOZILLA',5.00,'Mac',1324587747,'/project/admin/index.php',0),(20111222,22,101,'MOZILLA',5.00,'Mac',1324587752,'/project/admin/editgroupinfo.php',0),(20111222,22,101,'MOZILLA',5.00,'Mac',1324587769,'/project/admin/editgroupinfo.php',0),(20111222,22,101,'MOZILLA',5.00,'Mac',1324587774,'/project/admin/index.php',0),(20111222,22,0,'MOZILLA',5.00,'Mac',1324587937,'/projects/nty/',0),(20111222,22,101,'MOZILLA',5.00,'Mac',1324587959,'/project/admin/group_trove.php',0),(20111222,22,101,'MOZILLA',5.00,'Mac',1324587998,'/file/showfiles.php',0),(20111222,22,101,'MOZILLA',5.00,'Mac',1324588073,'/file/showfiles.php',0),(20111222,22,101,'MOZILLA',5.00,'Mac',1324588099,'/project/admin/index.php',0),(20111222,22,101,'MOZILLA',5.00,'Mac',1324588103,'/project/admin/servicebar.php',0),(20111222,22,101,'MOZILLA',5.00,'Mac',1324588175,'/project/admin/editservice.php',0),(20111222,22,101,'MOZILLA',5.00,'Mac',1324588277,'/project/admin/editservice.php',0),(20111222,22,101,'MOZILLA',5.00,'Mac',1324588286,'/tracker/index.php',0),(20111222,22,101,'MOZILLA',5.00,'Mac',1324588635,'/project/admin/index.php',0),(20111222,22,0,'MOZILLA',5.00,'Mac',1324588648,'/account/logout.php',0),(20111222,22,0,'MOZILLA',5.00,'Mac',1324588648,'/index.php',0),(20111222,22,0,'MOZILLA',5.00,'Mac',1324588651,'/account/login.php',0),(20111222,22,0,'MOZILLA',5.00,'Mac',1324588652,'/account/login.php',0),(20111222,22,0,'MOZILLA',5.00,'Mac',1324588658,'/account/login.php',0),(20111222,22,0,'MOZILLA',5.00,'Mac',1324588658,'/my/index.php',0),(20111222,22,0,'MOZILLA',5.00,'Mac',1324588659,'/widgets/widget.php',0),(20111222,22,0,'MOZILLA',5.00,'Mac',1324588660,'/widgets/widget.php',0),(20111222,22,0,'MOZILLA',5.00,'Mac',1324588660,'/widgets/widget.php',0),(20111222,22,0,'MOZILLA',5.00,'Mac',1324588661,'/widgets/widget.php',0),(20111222,22,0,'MOZILLA',5.00,'Mac',1324588662,'/projects/codendi/',0),(20111222,22,0,'MOZILLA',5.00,'Mac',1324588663,'/widgets/widget.php',0),(20111222,22,0,'MOZILLA',5.00,'Mac',1324588664,'/plugins/IM/index.php',0),(20111222,22,1,'MOZILLA',5.00,'Mac',1324588670,'/plugins/docman/index.php',0),(20111222,22,1,'MOZILLA',5.00,'Mac',1324588687,'/project/admin/index.php',0),(20111222,22,0,'MOZILLA',5.00,'Mac',1324588688,'/plugins/IM/index.php',0),(20111222,22,0,'MOZILLA',5.00,'Mac',1324588718,'/admin/index.php',0),(20111222,22,0,'MOZILLA',5.00,'Mac',1324588723,'/admin/grouplist.php',0),(20111222,22,101,'MOZILLA',5.00,'Mac',1324588728,'/admin/groupedit.php',0),(20111222,22,101,'MOZILLA',5.00,'Mac',1324588732,'/project/admin/index.php',0),(20111222,22,0,'MOZILLA',5.00,'Mac',1324588733,'/plugins/IM/index.php',0),(20111222,22,101,'MOZILLA',5.00,'Mac',1324588745,'/plugins/git/index.php',0),(20111222,22,101,'MOZILLA',5.00,'Mac',1324588748,'/project/admin/index.php',0),(20111222,22,0,'MOZILLA',5.00,'Mac',1324588749,'/plugins/IM/index.php',0),(20111222,22,0,'MOZILLA',5.00,'Mac',1324588750,'/account/logout.php',0),(20111222,22,0,'MOZILLA',5.00,'Mac',1324588750,'/index.php',0),(20111222,22,0,'MOZILLA',5.00,'Mac',1324588754,'/account/login.php',0),(20111222,22,0,'MOZILLA',5.00,'Mac',1324588762,'/account/login.php',0),(20111222,22,0,'MOZILLA',5.00,'Mac',1324588762,'/my/index.php',0),(20111222,22,0,'MOZILLA',5.00,'Mac',1324588764,'/widgets/widget.php',0),(20111222,22,0,'MOZILLA',5.00,'Mac',1324588764,'/widgets/widget.php',0),(20111222,22,0,'MOZILLA',5.00,'Mac',1324588765,'/widgets/widget.php',0),(20111222,22,0,'MOZILLA',5.00,'Mac',1324588765,'/widgets/widget.php',0),(20111222,22,0,'MOZILLA',5.00,'Mac',1324588768,'/my/index.php',0),(20111222,22,0,'MOZILLA',5.00,'Mac',1324588769,'/widgets/widget.php',0),(20111222,22,0,'MOZILLA',5.00,'Mac',1324588770,'/widgets/widget.php',0),(20111222,22,0,'MOZILLA',5.00,'Mac',1324588770,'/widgets/widget.php',0),(20111222,22,0,'MOZILLA',5.00,'Mac',1324588770,'/widgets/widget.php',0),(20111222,22,0,'MOZILLA',5.00,'Mac',1324588771,'/projects/nty/',0),(20111222,22,0,'MOZILLA',5.00,'Mac',1324588773,'/widgets/widget.php',0),(20111222,22,0,'MOZILLA',5.00,'Mac',1324588774,'/plugins/IM/index.php',0),(20111222,22,101,'MOZILLA',5.00,'Mac',1324588777,'/plugins/git/index.php',0),(20111222,22,101,'MOZILLA',5.00,'Mac',1324588777,'/plugins/git/index.php',0),(20111222,22,101,'MOZILLA',5.00,'Mac',1324588782,'/project/admin/index.php',0),(20111222,22,0,'MOZILLA',5.00,'Mac',1324588783,'/plugins/IM/index.php',0),(20111222,22,101,'MOZILLA',5.00,'Mac',1324588784,'/plugins/tracker/index.php',0),(20111222,22,101,'MOZILLA',5.00,'Mac',1324588787,'/project/admin/index.php',0),(20111222,22,0,'MOZILLA',5.00,'Mac',1324588788,'/plugins/IM/index.php',0),(20111222,22,101,'MOZILLA',5.00,'Mac',1324588792,'/project/admin/editgroupinfo.php',0),(20111222,22,101,'MOZILLA',5.00,'Mac',1324588804,'/project/admin/editgroupinfo.php',0),(20111222,22,101,'MOZILLA',5.00,'Mac',1324588807,'/plugins/tracker/index.php',0),(20111222,22,101,'MOZILLA',5.00,'Mac',1324588811,'/project/admin/index.php',0),(20111222,22,0,'MOZILLA',5.00,'Mac',1324588812,'/plugins/IM/index.php',0),(20111222,22,101,'MOZILLA',5.00,'Mac',1324588819,'/plugins/tracker/index.php',0),(20111222,22,0,'MOZILLA',5.00,'Mac',1324589329,'/plugins/tracker/index.php',0),(20111222,22,0,'MOZILLA',5.00,'Mac',1324589331,'/sparklines.php',0),(20111222,22,0,'MOZILLA',5.00,'Mac',1324589336,'/plugins/tracker/index.php',0),(20111222,22,0,'MOZILLA',5.00,'Mac',1324589338,'/plugins/tracker/index.php',0),(20111222,22,0,'MOZILLA',5.00,'Mac',1324589347,'/plugins/tracker/index.php',0),(20111222,22,0,'MOZILLA',5.00,'Mac',1324589442,'/plugins/tracker/index.php',0),(20111222,22,0,'MOZILLA',5.00,'Mac',1324589444,'/sparklines.php',0),(20111222,22,0,'MOZILLA',5.00,'Mac',1324589578,'/plugins/tracker/index.php',0),(20111222,22,0,'MOZILLA',5.00,'Mac',1324589603,'/plugins/tracker/index.php',0),(20111222,22,0,'MOZILLA',5.00,'Mac',1324589615,'/plugins/tracker/index.php',0),(20111222,22,0,'MOZILLA',5.00,'Mac',1324589645,'/plugins/tracker/index.php',0),(20111222,22,0,'MOZILLA',5.00,'Mac',1324589646,'/plugins/tracker/index.php',0),(20111222,22,0,'MOZILLA',5.00,'Mac',1324589654,'/plugins/tracker/index.php',0),(20111222,22,0,'MOZILLA',5.00,'Mac',1324589676,'/plugins/tracker/index.php',0),(20111222,22,0,'MOZILLA',5.00,'Mac',1324589677,'/plugins/tracker/index.php',0),(20111222,22,0,'MOZILLA',5.00,'Mac',1324589683,'/plugins/tracker/index.php',0),(20111222,22,0,'MOZILLA',5.00,'Mac',1324589697,'/plugins/tracker/index.php',0),(20111222,22,0,'MOZILLA',5.00,'Mac',1324589698,'/plugins/tracker/index.php',0),(20120116,14,0,'MOZILLA',5.00,'Linux',1326721983,'/index.php',0),(20120116,14,0,'MOZILLA',5.00,'Linux',1326721984,'/index.php',0),(20120116,14,0,'MOZILLA',5.00,'Linux',1326721985,'/index.php',0),(20120116,14,0,'MOZILLA',5.00,'Linux',1326721986,'/account/login.php',0),(20120116,14,0,'MOZILLA',5.00,'Linux',1326721986,'/account/login.php',0),(20120116,14,0,'MOZILLA',5.00,'Linux',1326721988,'/account/login.php',0),(20120116,14,0,'MOZILLA',5.00,'Mac',1326722140,'/my/index.php',0),(20120116,14,0,'MOZILLA',5.00,'Mac',1326722140,'/account/login.php',0),(20120116,14,0,'MOZILLA',5.00,'Mac',1326722149,'/account/login.php',0),(20120116,14,0,'MOZILLA',5.00,'Mac',1326722149,'/my/index.php',0),(20120116,14,0,'MOZILLA',5.00,'Mac',1326722151,'/widgets/widget.php',0),(20120116,14,0,'MOZILLA',5.00,'Mac',1326722152,'/widgets/widget.php',0),(20120116,14,0,'MOZILLA',5.00,'Mac',1326722152,'/widgets/widget.php',0),(20120116,14,0,'MOZILLA',5.00,'Mac',1326722153,'/widgets/widget.php',0),(20120116,14,0,'MOZILLA',5.00,'Mac',1326722153,'/project/privacy.php',0),(20120116,14,0,'MOZILLA',5.00,'Mac',1326722153,'/project/privacy.php',0),(20120116,15,0,'MOZILLA',5.00,'Mac',1326722461,'/index.php',0),(20120116,15,0,'MOZILLA',5.00,'Mac',1326722462,'/index.php',0),(20120116,15,0,'MOZILLA',5.00,'Mac',1326722466,'/account/login.php',0),(20120116,15,0,'MOZILLA',5.00,'Mac',1326722476,'/account/login.php',0),(20120116,15,0,'MOZILLA',5.00,'Mac',1326722483,'/account/login.php',0),(20120116,15,0,'MOZILLA',5.00,'Mac',1326722495,'/projects/codendi/',0),(20120116,15,0,'MOZILLA',5.00,'Mac',1326722498,'/plugins/IM/index.php',0),(20120116,15,0,'MOZILLA',5.00,'Mac',1326722498,'/widgets/widget.php',0),(20120116,15,0,'MOZILLA',5.00,'Mac',1326722502,'/admin/index.php',0),(20120116,15,0,'MOZILLA',5.00,'Mac',1326722504,'/admin/userlist.php',0),(20120116,15,0,'MOZILLA',5.00,'Mac',1326722594,'/index.php',0),(20120116,15,0,'MOZILLA',5.00,'Mac',1326722596,'/my/index.php',0),(20120116,15,0,'MOZILLA',5.00,'Mac',1326722598,'/widgets/widget.php',0),(20120116,15,0,'MOZILLA',5.00,'Mac',1326722598,'/widgets/widget.php',0),(20120116,15,0,'MOZILLA',5.00,'Mac',1326722599,'/widgets/widget.php',0),(20120116,15,0,'MOZILLA',5.00,'Mac',1326722599,'/widgets/widget.php',0),(20120116,15,0,'MOZILLA',5.00,'Mac',1326722605,'/projects/codendi/',0),(20120116,15,0,'MOZILLA',5.00,'Mac',1326722606,'/plugins/IM/index.php',0),(20120116,15,0,'MOZILLA',5.00,'Mac',1326722606,'/widgets/widget.php',0),(20120116,15,1,'MOZILLA',5.00,'Mac',1326722612,'/project/admin/index.php',0),(20120116,15,0,'MOZILLA',5.00,'Mac',1326722613,'/plugins/IM/index.php',0),(20120116,15,0,'MOZILLA',5.00,'Mac',1326722618,'/admin/index.php',0),(20120116,15,0,'MOZILLA',5.00,'Mac',1326722621,'/admin/userlist.php',0),(20120116,15,0,'MOZILLA',5.00,'Mac',1326722622,'/admin/index.php',0),(20120116,15,0,'MOZILLA',5.00,'Mac',1326722624,'/admin/register_admin.php',0),(20120116,15,0,'MOZILLA',5.00,'Mac',1326722624,'/scripts/check_pw.js.php',0),(20120116,15,0,'MOZILLA',5.00,'Mac',1326722625,'/include/check_pw.php',0),(20120116,15,0,'MOZILLA',5.00,'Mac',1326722632,'/include/check_pw.php',0),(20120116,15,0,'MOZILLA',5.00,'Mac',1326722633,'/include/check_pw.php',0),(20120116,15,0,'MOZILLA',5.00,'Mac',1326722633,'/include/check_pw.php',0),(20120116,15,0,'MOZILLA',5.00,'Mac',1326722634,'/include/check_pw.php',0),(20120116,15,0,'MOZILLA',5.00,'Mac',1326722634,'/include/check_pw.php',0),(20120116,15,0,'MOZILLA',5.00,'Mac',1326722635,'/include/check_pw.php',0),(20120116,15,0,'MOZILLA',5.00,'Mac',1326722635,'/include/check_pw.php',0),(20120116,15,0,'MOZILLA',5.00,'Mac',1326722635,'/include/check_pw.php',0),(20120116,15,0,'MOZILLA',5.00,'Mac',1326722665,'/admin/register_admin.php',0),(20120116,15,0,'MOZILLA',5.00,'Mac',1326722671,'/admin/index.php',0),(20120116,15,0,'MOZILLA',5.00,'Mac',1326722673,'/admin/grouplist.php',0),(20120116,15,101,'MOZILLA',5.00,'Mac',1326722676,'/admin/groupedit.php',0),(20120116,15,101,'MOZILLA',5.00,'Mac',1326722690,'/admin/userlist.php',0),(20120116,15,101,'MOZILLA',5.00,'Mac',1326722694,'/admin/groupedit.php',0),(20120116,15,101,'MOZILLA',5.00,'Mac',1326722697,'/project/admin/index.php',0),(20120116,15,0,'MOZILLA',5.00,'Mac',1326722698,'/plugins/IM/index.php',0),(20120116,15,0,'MOZILLA',5.00,'Mac',1326722707,'/user/autocomplete.php',0),(20120116,15,101,'MOZILLA',5.00,'Mac',1326722712,'/project/admin/index.php',0),(20120116,15,0,'MOZILLA',5.00,'Mac',1326722734,'/plugins/IM/index.php',0),(20120116,15,0,'MOZILLA',5.00,'Linux',1326722974,'/index.php',0),(20120116,15,0,'MOZILLA',5.00,'Linux',1326722974,'/index.php',0),(20120116,15,0,'MOZILLA',5.00,'Linux',1326722975,'/account/login.php',0),(20120116,15,0,'MOZILLA',5.00,'Linux',1326722976,'/account/login.php',0),(20120116,15,0,'MOZILLA',5.00,'Linux',1326722976,'/account/login.php',0),(20120116,15,0,'MOZILLA',5.00,'Linux',1326722978,'/account/login.php',0),(20120116,15,0,'MOZILLA',5.00,'Linux',1326722978,'/my/index.php',0),(20120116,15,0,'MOZILLA',5.00,'Linux',1326722979,'/my/index.php',0),(20120116,15,0,'MOZILLA',5.00,'Linux',1326722980,'/widgets/widget.php',0),(20120116,15,0,'MOZILLA',5.00,'Linux',1326722981,'/widgets/widget.php',0),(20120116,15,0,'MOZILLA',5.00,'Linux',1326722981,'/widgets/widget.php',0),(20120116,15,0,'MOZILLA',5.00,'Linux',1326722982,'/projects/nty/',0),(20120116,15,0,'MOZILLA',5.00,'Linux',1326722983,'/projects/nty/',0),(20120116,15,0,'MOZILLA',5.00,'Linux',1326722984,'/widgets/widget.php',0),(20120116,15,0,'MOZILLA',5.00,'Linux',1326722984,'/projects/nty/',0),(20120116,15,0,'MOZILLA',5.00,'Linux',1326722985,'/plugins/IM/index.php',0),(20120116,15,0,'MOZILLA',5.00,'Linux',1326722986,'/widgets/widget.php',0),(20120116,15,0,'MOZILLA',5.00,'Mac',1326724050,'/account/logout.php',0),(20120116,15,0,'MOZILLA',5.00,'Mac',1326724051,'/index.php',0),(20120116,15,0,'MOZILLA',5.00,'Mac',1326724054,'/account/login.php',0),(20120116,15,0,'MOZILLA',5.00,'Mac',1326724067,'/account/login.php',0),(20120116,15,0,'MOZILLA',5.00,'Mac',1326724067,'/my/index.php',0),(20120116,15,0,'MOZILLA',5.00,'Mac',1326724069,'/widgets/widget.php',0),(20120116,15,0,'MOZILLA',5.00,'Mac',1326724069,'/widgets/widget.php',0),(20120116,15,0,'MOZILLA',5.00,'Mac',1326724070,'/widgets/widget.php',0),(20120116,15,0,'MOZILLA',5.00,'Mac',1326724070,'/widgets/widget.php',0),(20120116,15,0,'MOZILLA',5.00,'Mac',1326724071,'/project/privacy.php',0),(20120116,15,0,'MOZILLA',5.00,'Mac',1326724071,'/project/privacy.php',0),(20120116,15,0,'MOZILLA',5.00,'Mac',1326724072,'/projects/nty/',0),(20120116,15,0,'MOZILLA',5.00,'Mac',1326724073,'/widgets/widget.php',0),(20120116,15,0,'MOZILLA',5.00,'Mac',1326724074,'/plugins/IM/index.php',0),(20120116,15,0,'MOZILLA',5.00,'Mac',1326724130,'/index.php',0),(20120116,15,0,'MOZILLA',5.00,'Mac',1326724135,'/account/login.php',0),(20120116,15,0,'MOZILLA',5.00,'Mac',1326724136,'/account/login.php',0),(20120116,15,0,'MOZILLA',5.00,'Mac',1326724140,'/account/login.php',0),(20120116,15,0,'MOZILLA',5.00,'Mac',1326724141,'/my/index.php',0),(20120116,15,0,'MOZILLA',5.00,'Mac',1326724142,'/widgets/widget.php',0),(20120116,15,0,'MOZILLA',5.00,'Mac',1326724142,'/widgets/widget.php',0),(20120116,15,0,'MOZILLA',5.00,'Mac',1326724143,'/widgets/widget.php',0),(20120116,15,0,'MOZILLA',5.00,'Mac',1326724143,'/widgets/widget.php',0),(20120116,15,0,'MOZILLA',5.00,'Mac',1326724145,'/admin/index.php',0),(20120116,15,0,'MOZILLA',5.00,'Mac',1326724148,'/plugins/pluginsadministration/index.php',0),(20120116,15,0,'MOZILLA',5.00,'Mac',1326724188,'/softwaremap/index.php',0),(20120116,15,0,'MOZILLA',5.00,'Mac',1326724189,'/softwaremap/trove_list.php',0),(20120116,15,0,'MOZILLA',5.00,'Mac',1326724194,'/softwaremap/trove_list.php',0),(20120116,15,0,'MOZILLA',5.00,'Mac',1326724197,'/projects/nty/',0),(20120116,15,0,'MOZILLA',5.00,'Mac',1326724198,'/plugins/IM/index.php',0),(20120116,15,0,'MOZILLA',5.00,'Mac',1326724199,'/widgets/widget.php',0),(20120116,15,101,'MOZILLA',5.00,'Mac',1326724202,'/project/admin/index.php',0),(20120116,15,0,'MOZILLA',5.00,'Mac',1326724203,'/plugins/IM/index.php',0),(20120116,15,101,'MOZILLA',5.00,'Mac',1326724211,'/project/admin/userperms.php',0),(20120116,15,101,'MOZILLA',5.00,'Mac',1326724218,'/project/admin/userperms.php',0),(20120116,15,0,'MOZILLA',5.00,'Mac',1326724248,'/projects/nty/',0),(20120116,15,0,'MOZILLA',5.00,'Mac',1326724250,'/plugins/IM/index.php',0),(20120116,15,0,'MOZILLA',5.00,'Mac',1326724250,'/widgets/widget.php',0),(20120116,15,101,'MOZILLA',5.00,'Mac',1326724251,'/project/admin/index.php',0),(20120116,15,0,'MOZILLA',5.00,'Mac',1326724252,'/plugins/IM/index.php',0),(20120116,15,101,'MOZILLA',5.00,'Mac',1326724261,'/plugins/tracker/index.php',0),(20120116,15,0,'MOZILLA',5.00,'Mac',1326724264,'/plugins/tracker/index.php',0),(20120116,15,0,'MOZILLA',5.00,'Mac',1326724266,'/sparklines.php',0),(20120116,15,0,'MOZILLA',5.00,'Mac',1326724273,'/my/index.php',0),(20120116,15,0,'MOZILLA',5.00,'Mac',1326724274,'/widgets/widget.php',0),(20120116,15,0,'MOZILLA',5.00,'Mac',1326724274,'/widgets/widget.php',0),(20120116,15,0,'MOZILLA',5.00,'Mac',1326724275,'/widgets/widget.php',0),(20120116,15,0,'MOZILLA',5.00,'Mac',1326724276,'/widgets/widget.php',0),(20120116,15,0,'MOZILLA',5.00,'Mac',1326724276,'/project/privacy.php',0),(20120116,15,0,'MOZILLA',5.00,'Mac',1326724277,'/projects/nty/',0),(20120116,15,0,'MOZILLA',5.00,'Mac',1326724278,'/plugins/IM/index.php',0),(20120116,15,0,'MOZILLA',5.00,'Mac',1326724278,'/widgets/widget.php',0),(20120116,15,101,'MOZILLA',5.00,'Mac',1326724290,'/plugins/tracker/index.php',0),(20111221,18,0,'MOZILLA',5.00,'Mac',1324487385,'/index.php',0),(20111221,18,0,'MOZILLA',5.00,'Mac',1324487385,'/index.php',0),(20111221,19,0,'MOZILLA',5.00,'Linux',1324490419,'/index.php',0),(20111221,19,0,'MOZILLA',5.00,'Linux',1324490419,'/index.php',0),(20111221,19,0,'MOZILLA',5.00,'Linux',1324490672,'/index.php',0),(20111221,19,0,'MOZILLA',5.00,'Linux',1324490673,'/index.php',0),(20111221,19,0,'MOZILLA',5.00,'Linux',1324490674,'/account/login.php',0),(20111221,19,0,'MOZILLA',5.00,'Linux',1324490675,'/account/login.php',0),(20111221,19,0,'MOZILLA',5.00,'Linux',1324490675,'/account/login.php',0),(20111221,19,0,'MOZILLA',5.00,'Linux',1324490676,'/my/index.php',0),(20111221,19,0,'MOZILLA',5.00,'Linux',1324490676,'/my/index.php',0),(20111221,19,0,'MOZILLA',5.00,'Linux',1324490677,'/account/login.php',0),(20111221,19,0,'MOZILLA',5.00,'Linux',1324490677,'/account/login.php',0),(20111221,19,0,'MOZILLA',5.00,'Linux',1324491828,'/index.php',0),(20111221,19,0,'MOZILLA',5.00,'Linux',1324491828,'/index.php',0),(20111221,19,0,'MOZILLA',5.00,'Linux',1324493192,'/index.php',0),(20111221,19,0,'MOZILLA',5.00,'Linux',1324493192,'/index.php',0),(20111221,19,0,'MOZILLA',5.00,'Linux',1324493229,'/index.php',0),(20111221,19,0,'MOZILLA',5.00,'Linux',1324493229,'/index.php',0),(20111221,19,0,'MOZILLA',5.00,'Linux',1324493991,'/projects',0),(20111221,19,0,'MOZILLA',5.00,'Linux',1324493991,'/projects',0),(20111221,20,0,'MOZILLA',5.00,'Linux',1324494510,'/index.php',0),(20111221,20,0,'MOZILLA',5.00,'Linux',1324494511,'/index.php',0),(20111221,20,0,'MOZILLA',5.00,'Linux',1324494512,'/index.php',0),(20111221,20,0,'MOZILLA',5.00,'Linux',1324495373,'/index.php',0),(20111221,20,0,'MOZILLA',5.00,'Linux',1324495374,'/index.php',0),(20111221,20,0,'MOZILLA',5.00,'Linux',1324495374,'/index.php',0),(20111221,20,0,'MOZILLA',5.00,'Mac',1324495576,'/index.php',0),(20111221,20,0,'MOZILLA',5.00,'Mac',1324495576,'/index.php',0),(20111221,20,0,'MOZILLA',5.00,'Linux',1324495770,'/index.php',0),(20111221,20,0,'MOZILLA',5.00,'Linux',1324495770,'/index.php',0),(20111221,20,0,'MOZILLA',5.00,'Linux',1324495771,'/my/index.php',0),(20111221,20,0,'MOZILLA',5.00,'Linux',1324495772,'/my/index.php',0),(20111221,20,0,'MOZILLA',5.00,'Linux',1324495772,'/account/login.php',0),(20111221,20,0,'MOZILLA',5.00,'Linux',1324495772,'/account/login.php',0),(20111221,20,0,'MOZILLA',5.00,'Linux',1324495845,'/index.php',0),(20111221,20,0,'MOZILLA',5.00,'Linux',1324495845,'/index.php',0),(20111221,20,0,'MOZILLA',5.00,'Linux',1324495846,'/my/index.php',0),(20111221,20,0,'MOZILLA',5.00,'Linux',1324495846,'/account/login.php',0),(20111221,20,0,'MOZILLA',5.00,'Linux',1324495847,'/my/index.php',0),(20111221,20,0,'MOZILLA',5.00,'Mac',1324495865,'/account/login.php',0),(20111221,20,0,'MOZILLA',5.00,'Mac',1324495870,'/account/login.php',0),(20111221,20,0,'MOZILLA',5.00,'Linux',1324495958,'/index.php',0),(20111221,20,0,'MOZILLA',5.00,'Linux',1324495958,'/index.php',0),(20111221,20,0,'MOZILLA',5.00,'Linux',1324495959,'/my/index.php',0),(20111221,20,0,'MOZILLA',5.00,'Linux',1324495959,'/my/index.php',0),(20111221,20,0,'MOZILLA',5.00,'Linux',1324495959,'/account/login.php',0),(20111221,20,0,'MOZILLA',5.00,'Linux',1324495960,'/account/login.php',0),(20111221,20,0,'MOZILLA',5.00,'Mac',1324496047,'/account/login.php',0),(20111221,21,0,'MOZILLA',5.00,'Linux',1324498433,'/index.php',0),(20111221,21,0,'MOZILLA',5.00,'Linux',1324498433,'/index.php',0),(20111221,21,0,'MOZILLA',5.00,'Linux',1324498433,'/index.php',0),(20111221,21,0,'MOZILLA',5.00,'Linux',1324498434,'/my/index.php',0),(20111221,21,0,'MOZILLA',5.00,'Linux',1324498434,'/my/index.php',0),(20111221,21,0,'MOZILLA',5.00,'Linux',1324498435,'/account/login.php',0),(20111221,21,0,'MOZILLA',5.00,'Linux',1324498615,'/index.php',0),(20111221,21,0,'MOZILLA',5.00,'Linux',1324498615,'/index.php',0),(20111221,21,0,'MOZILLA',5.00,'Linux',1324498616,'/index.php',0),(20111221,21,0,'MOZILLA',5.00,'Linux',1324498616,'/my/index.php',0),(20111221,21,0,'MOZILLA',5.00,'Linux',1324498617,'/my/index.php',0),(20111221,21,0,'MOZILLA',5.00,'Linux',1324498617,'/account/login.php',0),(20111221,21,0,'MOZILLA',5.00,'Linux',1324498679,'/index.php',0),(20111221,21,0,'MOZILLA',5.00,'Linux',1324498679,'/index.php',0),(20111221,21,0,'MOZILLA',5.00,'Linux',1324498680,'/my/index.php',0),(20111221,21,0,'MOZILLA',5.00,'Linux',1324498681,'/my/index.php',0),(20111221,21,0,'MOZILLA',5.00,'Linux',1324498681,'/account/login.php',0),(20111221,21,0,'MOZILLA',5.00,'Linux',1324498736,'/index.php',0),(20111221,21,0,'MOZILLA',5.00,'Linux',1324498736,'/index.php',0),(20111221,21,0,'MOZILLA',5.00,'Linux',1324498736,'/index.php',0),(20111221,21,0,'MOZILLA',5.00,'Linux',1324498737,'/my/index.php',0),(20111221,21,0,'MOZILLA',5.00,'Linux',1324498738,'/my/index.php',0),(20111221,21,0,'MOZILLA',5.00,'Linux',1324498738,'/account/login.php',0),(20111221,21,0,'MOZILLA',5.00,'Linux',1324498962,'/index.php',0),(20111221,21,0,'MOZILLA',5.00,'Linux',1324498962,'/index.php',0),(20111221,21,0,'MOZILLA',5.00,'Linux',1324498962,'/index.php',0),(20111221,21,0,'MOZILLA',5.00,'Linux',1324498963,'/my/index.php',0),(20111221,21,0,'MOZILLA',5.00,'Linux',1324498963,'/my/index.php',0),(20111221,21,0,'MOZILLA',5.00,'Linux',1324498964,'/account/login.php',0),(20111221,21,0,'MOZILLA',5.00,'Linux',1324498965,'/search/index.php',0),(20111221,21,0,'MOZILLA',5.00,'Mac',1324499608,'/account/login.php',0),(20111221,21,0,'MOZILLA',5.00,'Mac',1324499608,'/my/index.php',0),(20111221,21,0,'MOZILLA',5.00,'Linux',1324499692,'/index.php',0),(20111221,21,0,'MOZILLA',5.00,'Linux',1324499692,'/index.php',0),(20111221,21,0,'MOZILLA',5.00,'Linux',1324499693,'/my/index.php',0),(20111221,21,0,'MOZILLA',5.00,'Linux',1324499693,'/my/index.php',0),(20111221,21,0,'MOZILLA',5.00,'Linux',1324499693,'/account/login.php',0),(20111221,21,0,'MOZILLA',5.00,'Linux',1324499694,'/account/login.php',0),(20111221,21,0,'MOZILLA',5.00,'Linux',1324499695,'/search/index.php',0),(20111221,21,0,'MOZILLA',5.00,'Linux',1324499780,'/index.php',0),(20111221,21,0,'MOZILLA',5.00,'Linux',1324499781,'/index.php',0),(20111221,21,0,'MOZILLA',5.00,'Linux',1324499781,'/my/index.php',0),(20111221,21,0,'MOZILLA',5.00,'Linux',1324499782,'/my/index.php',0),(20111221,21,0,'MOZILLA',5.00,'Linux',1324499782,'/account/login.php',0),(20111221,21,0,'MOZILLA',5.00,'Linux',1324499783,'/search/index.php',0),(20111221,22,0,'MOZILLA',5.00,'Linux',1324501380,'/index.php',0),(20111221,22,0,'MOZILLA',5.00,'Linux',1324501380,'/index.php',0),(20111221,22,0,'MOZILLA',5.00,'Linux',1324501428,'/index.php',0),(20111221,22,0,'MOZILLA',5.00,'Linux',1324501428,'/index.php',0),(20111221,22,0,'MOZILLA',5.00,'Linux',1324501429,'/my/index.php',0),(20111221,22,0,'MOZILLA',5.00,'Linux',1324501429,'/my/index.php',0),(20111221,22,0,'MOZILLA',5.00,'Linux',1324501429,'/account/login.php',0),(20111221,22,0,'MOZILLA',5.00,'Linux',1324501430,'/account/login.php',0),(20111221,22,0,'MOZILLA',5.00,'Linux',1324501431,'/search/index.php',0),(20111221,22,0,'MOZILLA',5.00,'Linux',1324501772,'/index.php',0),(20111221,22,0,'MOZILLA',5.00,'Linux',1324501772,'/index.php',0),(20111221,22,0,'MOZILLA',5.00,'Linux',1324501773,'/my/index.php',0),(20111221,22,0,'MOZILLA',5.00,'Linux',1324501773,'/my/index.php',0),(20111221,22,0,'MOZILLA',5.00,'Linux',1324501774,'/account/login.php',0),(20111221,22,0,'MOZILLA',5.00,'Linux',1324501774,'/account/login.php',0),(20111221,22,0,'MOZILLA',5.00,'Linux',1324501775,'/search/index.php',0),(20111221,22,0,'MOZILLA',5.00,'Linux',1324501825,'/index.php',0),(20111221,22,0,'MOZILLA',5.00,'Linux',1324501825,'/index.php',0),(20111221,22,0,'MOZILLA',5.00,'Linux',1324501826,'/my/index.php',0),(20111221,22,0,'MOZILLA',5.00,'Linux',1324501826,'/my/index.php',0),(20111221,22,0,'MOZILLA',5.00,'Linux',1324501826,'/account/login.php',0),(20111221,22,0,'MOZILLA',5.00,'Linux',1324501827,'/search/index.php',0),(20111221,22,0,'MOZILLA',5.00,'Linux',1324501915,'/index.php',0),(20111221,22,0,'MOZILLA',5.00,'Linux',1324501915,'/index.php',0),(20111221,22,0,'MOZILLA',5.00,'Linux',1324501916,'/my/index.php',0),(20111221,22,0,'MOZILLA',5.00,'Linux',1324501916,'/my/index.php',0),(20111221,22,0,'MOZILLA',5.00,'Linux',1324501916,'/account/login.php',0),(20111221,22,0,'MOZILLA',5.00,'Linux',1324501918,'/search/index.php',0),(20111221,22,0,'MOZILLA',5.00,'Linux',1324501962,'/index.php',0),(20111221,22,0,'MOZILLA',5.00,'Linux',1324501962,'/index.php',0),(20111221,22,0,'MOZILLA',5.00,'Linux',1324501963,'/index.php',0),(20111221,22,0,'MOZILLA',5.00,'Linux',1324501963,'/my/index.php',0),(20111221,22,0,'MOZILLA',5.00,'Linux',1324501964,'/account/login.php',0),(20111221,22,0,'MOZILLA',5.00,'Linux',1324501964,'/my/index.php',0),(20111221,22,0,'MOZILLA',5.00,'Linux',1324501965,'/search/index.php',0),(20111221,22,0,'MOZILLA',5.00,'Linux',1324501997,'/index.php',0),(20111221,22,0,'MOZILLA',5.00,'Linux',1324501997,'/index.php',0),(20111221,22,0,'MOZILLA',5.00,'Linux',1324501998,'/my/index.php',0),(20111221,22,0,'MOZILLA',5.00,'Linux',1324501998,'/my/index.php',0),(20111221,22,0,'MOZILLA',5.00,'Linux',1324501999,'/account/login.php',0),(20111221,22,0,'MOZILLA',5.00,'Linux',1324502000,'/search/index.php',0),(20111221,22,0,'MOZILLA',5.00,'Linux',1324502318,'/index.php',0),(20111221,22,0,'MOZILLA',5.00,'Linux',1324502319,'/index.php',0),(20111221,22,0,'MOZILLA',5.00,'Linux',1324502319,'/my/index.php',0),(20111221,22,0,'MOZILLA',5.00,'Linux',1324502320,'/my/index.php',0),(20111221,22,0,'MOZILLA',5.00,'Linux',1324502320,'/account/login.php',0),(20111221,22,0,'MOZILLA',5.00,'Linux',1324502321,'/search/index.php',0),(20111221,22,0,'MOZILLA',5.00,'Linux',1324502365,'/index.php',0),(20111221,22,0,'MOZILLA',5.00,'Linux',1324502365,'/index.php',0),(20111221,22,0,'MOZILLA',5.00,'Linux',1324502366,'/my/index.php',0),(20111221,22,0,'MOZILLA',5.00,'Linux',1324502366,'/my/index.php',0),(20111221,22,0,'MOZILLA',5.00,'Linux',1324502366,'/account/login.php',0),(20111221,22,0,'MOZILLA',5.00,'Linux',1324502368,'/search/index.php',0),(20111221,22,0,'MOZILLA',5.00,'Linux',1324502587,'/index.php',0),(20111221,22,0,'MOZILLA',5.00,'Linux',1324502588,'/index.php',0),(20111221,22,0,'MOZILLA',5.00,'Linux',1324502589,'/my/index.php',0),(20111221,22,0,'MOZILLA',5.00,'Linux',1324502589,'/my/index.php',0),(20111221,22,0,'MOZILLA',5.00,'Linux',1324502589,'/account/login.php',0),(20111221,22,0,'MOZILLA',5.00,'Linux',1324502590,'/search/index.php',0),(20111221,22,0,'MOZILLA',5.00,'Linux',1324503036,'/index.php',0),(20111221,22,0,'MOZILLA',5.00,'Linux',1324503037,'/index.php',0),(20111221,22,0,'MOZILLA',5.00,'Linux',1324503298,'/index.php',0),(20111221,22,0,'MOZILLA',5.00,'Linux',1324503298,'/index.php',0),(20111221,22,0,'MOZILLA',5.00,'Linux',1324503330,'/index.php',0),(20111221,22,0,'MOZILLA',5.00,'Linux',1324503330,'/index.php',0),(20111221,22,0,'MOZILLA',5.00,'Linux',1324503345,'/index.php',0),(20111221,22,0,'MOZILLA',5.00,'Linux',1324503345,'/index.php',0),(20111221,22,0,'MOZILLA',5.00,'Linux',1324503346,'/index.php',0),(20111221,22,0,'MOZILLA',5.00,'Linux',1324503347,'/my/index.php',0),(20111221,22,0,'MOZILLA',5.00,'Linux',1324503347,'/my/index.php',0),(20111221,22,0,'MOZILLA',5.00,'Linux',1324503347,'/account/login.php',0),(20111221,22,0,'MOZILLA',5.00,'Linux',1324503348,'/search/index.php',0),(20111221,22,0,'MOZILLA',5.00,'Linux',1324503371,'/index.php',0),(20111221,22,0,'MOZILLA',5.00,'Linux',1324503372,'/index.php',0),(20111221,22,0,'MOZILLA',5.00,'Linux',1324503372,'/my/index.php',0),(20111221,22,0,'MOZILLA',5.00,'Linux',1324503373,'/my/index.php',0),(20111221,22,0,'MOZILLA',5.00,'Linux',1324503373,'/account/login.php',0),(20111221,22,0,'MOZILLA',5.00,'Linux',1324503373,'/account/login.php',0),(20111221,22,0,'MOZILLA',5.00,'Linux',1324503375,'/search/index.php',0),(20111221,22,0,'MOZILLA',5.00,'Mac',1324503467,'/account/preferences.php',0),(20111221,22,0,'MOZILLA',5.00,'Mac',1324503475,'/account/updateprefs.php',0),(20111221,22,0,'MOZILLA',5.00,'Mac',1324503475,'/account/preferences.php',0),(20111221,22,0,'MOZILLA',5.00,'Mac',1324503481,'/my/index.php',0),(20111221,22,0,'MOZILLA',5.00,'Linux',1324503510,'/index.php',0),(20111221,22,0,'MOZILLA',5.00,'Linux',1324503510,'/index.php',0),(20111221,22,0,'MOZILLA',5.00,'Linux',1324503511,'/my/index.php',0),(20111221,22,0,'MOZILLA',5.00,'Linux',1324503511,'/my/index.php',0),(20111221,22,0,'MOZILLA',5.00,'Linux',1324503511,'/account/login.php',0),(20111221,22,0,'MOZILLA',5.00,'Linux',1324503512,'/search/index.php',0),(20111221,22,0,'MOZILLA',5.00,'Linux',1324503621,'/index.php',0),(20111221,22,0,'MOZILLA',5.00,'Linux',1324503621,'/index.php',0),(20111221,22,0,'MOZILLA',5.00,'Linux',1324503622,'/my/index.php',0),(20111221,22,0,'MOZILLA',5.00,'Linux',1324503622,'/my/index.php',0),(20111221,22,0,'MOZILLA',5.00,'Linux',1324503623,'/account/login.php',0),(20111221,22,0,'MOZILLA',5.00,'Linux',1324503624,'/search/index.php',0),(20111221,22,0,'MOZILLA',5.00,'Linux',1324503706,'/index.php',0),(20111221,22,0,'MOZILLA',5.00,'Linux',1324503706,'/index.php',0),(20111221,22,0,'MOZILLA',5.00,'Linux',1324503707,'/my/index.php',0),(20111221,22,0,'MOZILLA',5.00,'Linux',1324503708,'/my/index.php',0),(20111221,22,0,'MOZILLA',5.00,'Linux',1324503708,'/account/login.php',0),(20111221,22,0,'MOZILLA',5.00,'Linux',1324503709,'/search/index.php',0),(20111221,22,0,'MOZILLA',5.00,'Mac',1324503756,'/account/logout.php',0),(20111221,22,0,'MOZILLA',5.00,'Mac',1324503756,'/index.php',0),(20111221,22,0,'MOZILLA',5.00,'Mac',1324503758,'/account/login.php',0),(20111221,22,0,'MOZILLA',5.00,'Linux',1324503909,'/index.php',0),(20111221,22,0,'MOZILLA',5.00,'Linux',1324503909,'/index.php',0),(20111221,22,0,'MOZILLA',5.00,'Linux',1324503910,'/my/index.php',0),(20111221,22,0,'MOZILLA',5.00,'Linux',1324503910,'/account/login.php',0),(20111221,22,0,'MOZILLA',5.00,'Linux',1324503910,'/my/index.php',0),(20111221,22,0,'MOZILLA',5.00,'Linux',1324503911,'/account/login.php',0),(20111221,22,0,'MOZILLA',5.00,'Linux',1324503912,'/my/index.php',0),(20111221,22,0,'MOZILLA',5.00,'Linux',1324503912,'/my/index.php',0),(20111221,22,0,'MOZILLA',5.00,'Linux',1324503936,'/index.php',0),(20111221,22,0,'MOZILLA',5.00,'Linux',1324503937,'/index.php',0),(20111221,22,0,'MOZILLA',5.00,'Linux',1324503937,'/my/index.php',0),(20111221,22,0,'MOZILLA',5.00,'Linux',1324503937,'/my/index.php',0),(20111221,22,0,'MOZILLA',5.00,'Linux',1324503938,'/account/login.php',0),(20111221,22,0,'MOZILLA',5.00,'Linux',1324503939,'/account/login.php',0),(20111221,22,0,'MOZILLA',5.00,'Linux',1324503939,'/my/index.php',0),(20111221,22,0,'MOZILLA',5.00,'Linux',1324504036,'/index.php',0),(20111221,22,0,'MOZILLA',5.00,'Linux',1324504036,'/index.php',0),(20111221,22,0,'MOZILLA',5.00,'Linux',1324504037,'/my/index.php',0),(20111221,22,0,'MOZILLA',5.00,'Linux',1324504037,'/my/index.php',0),(20111221,22,0,'MOZILLA',5.00,'Linux',1324504038,'/account/login.php',0),(20111221,22,0,'MOZILLA',5.00,'Linux',1324504039,'/account/login.php',0),(20111221,22,0,'MOZILLA',5.00,'Linux',1324504039,'/my/index.php',0),(20111221,22,0,'MOZILLA',5.00,'Linux',1324504040,'/my/index.php',0),(20111221,22,0,'MOZILLA',5.00,'Linux',1324504140,'/index.php',0),(20111221,22,0,'MOZILLA',5.00,'Linux',1324504141,'/index.php',0),(20111221,22,0,'MOZILLA',5.00,'Linux',1324504141,'/index.php',0),(20111221,22,0,'MOZILLA',5.00,'Linux',1324504142,'/my/index.php',0),(20111221,22,0,'MOZILLA',5.00,'Linux',1324504142,'/my/index.php',0),(20111221,22,0,'MOZILLA',5.00,'Linux',1324504142,'/account/login.php',0),(20111221,22,0,'MOZILLA',5.00,'Linux',1324504143,'/account/login.php',0),(20111221,22,0,'MOZILLA',5.00,'Linux',1324504144,'/account/login.php',0),(20111221,22,0,'MOZILLA',5.00,'Linux',1324504145,'/my/index.php',0),(20111221,22,0,'MOZILLA',5.00,'Linux',1324504145,'/my/index.php',0),(20111221,23,0,'MOZILLA',5.00,'Linux',1324505701,'/index.php',0),(20111221,23,0,'MOZILLA',5.00,'Linux',1324505702,'/index.php',0),(20111221,23,0,'MOZILLA',5.00,'Linux',1324505702,'/index.php',0),(20111221,23,0,'MOZILLA',5.00,'Linux',1324505703,'/my/index.php',0),(20111221,23,0,'MOZILLA',5.00,'Linux',1324505703,'/my/index.php',0),(20111221,23,0,'MOZILLA',5.00,'Linux',1324505704,'/account/login.php',0),(20111221,23,0,'MOZILLA',5.00,'Linux',1324505705,'/account/login.php',0),(20111221,23,0,'MOZILLA',5.00,'Linux',1324505706,'/my/index.php',0),(20111221,23,0,'MOZILLA',5.00,'Linux',1324505706,'/my/index.php',0),(20111221,23,0,'MOZILLA',5.00,'Linux',1324505728,'/index.php',0),(20111221,23,0,'MOZILLA',5.00,'Linux',1324505728,'/index.php',0),(20111221,23,0,'MOZILLA',5.00,'Linux',1324505729,'/my/index.php',0),(20111221,23,0,'MOZILLA',5.00,'Linux',1324505729,'/my/index.php',0),(20111221,23,0,'MOZILLA',5.00,'Linux',1324505729,'/account/login.php',0),(20111221,23,0,'MOZILLA',5.00,'Linux',1324505731,'/account/login.php',0),(20111221,23,0,'MOZILLA',5.00,'Linux',1324505731,'/my/index.php',0),(20111221,23,0,'MOZILLA',5.00,'Linux',1324505731,'/my/index.php',0),(20111221,23,0,'OTHER',0.00,'Other',1324506206,'/index.php',0),(20111221,23,0,'MOZILLA',5.00,'Mac',1324506219,'/index.php',0),(20111221,23,0,'MOZILLA',5.00,'Mac',1324506219,'/index.php',0),(20111221,23,0,'OTHER',0.00,'Other',1324506231,'/index.php',0),(20111221,23,0,'OTHER',0.00,'Other',1324506239,'/index.php',0),(20111221,23,0,'OTHER',0.00,'Other',1324506239,'/index.php',0),(20111221,23,0,'OTHER',0.00,'Other',1324506245,'/index.php',0),(20111221,23,0,'OTHER',0.00,'Other',1324506245,'/index.php',0),(20111221,23,0,'MOZILLA',5.00,'Mac',1324506272,'/index.php',0),(20111221,23,0,'MOZILLA',5.00,'Mac',1324506273,'/index.php',0),(20111221,23,0,'MOZILLA',5.00,'Mac',1324506273,'/my/index.php',0),(20111221,23,0,'MOZILLA',5.00,'Mac',1324506274,'/account/login.php',0),(20111221,23,0,'MOZILLA',5.00,'Linux',1324508060,'/index.php',0),(20111221,23,0,'MOZILLA',5.00,'Linux',1324508061,'/index.php',0),(20111221,23,0,'MOZILLA',5.00,'Linux',1324508062,'/my/index.php',0),(20111221,23,0,'MOZILLA',5.00,'Linux',1324508062,'/my/index.php',0),(20111221,23,0,'MOZILLA',5.00,'Linux',1324508062,'/account/login.php',0),(20111221,23,0,'MOZILLA',5.00,'Linux',1324508065,'/account/login.php',0),(20111221,23,0,'MOZILLA',5.00,'Linux',1324508065,'/my/index.php',0),(20111221,23,0,'MOZILLA',5.00,'Linux',1324508066,'/my/index.php',0),(20111222,1,0,'MOZILLA',5.00,'Mac',1324512329,'/index.php',0),(20111222,1,0,'MOZILLA',5.00,'Mac',1324512330,'/index.php',0),(20111222,1,0,'MOZILLA',5.00,'Mac',1324512330,'/my/index.php',0),(20111222,1,0,'MOZILLA',5.00,'Mac',1324512331,'/account/login.php',0),(20111222,1,0,'MOZILLA',5.00,'Mac',1324512331,'/account/login.php',0),(20111222,1,0,'MOZILLA',5.00,'Mac',1324512332,'/my/index.php',0),(20111222,1,0,'MOZILLA',5.00,'Mac',1324512549,'/index.php',0),(20111222,1,0,'MOZILLA',5.00,'Mac',1324512549,'/index.php',0),(20111222,1,0,'MOZILLA',5.00,'Mac',1324512550,'/my/index.php',0),(20111222,1,0,'MOZILLA',5.00,'Mac',1324512550,'/account/login.php',0),(20111222,1,0,'MOZILLA',5.00,'Mac',1324512551,'/account/login.php',0),(20111222,1,0,'MOZILLA',5.00,'Mac',1324512551,'/my/index.php',0),(20111222,1,0,'MOZILLA',5.00,'Mac',1324512552,'/index.php',0),(20111222,1,0,'MOZILLA',5.00,'Mac',1324512552,'/index.php',0),(20111222,1,0,'MOZILLA',5.00,'Mac',1324512553,'/my/index.php',0),(20111222,1,0,'MOZILLA',5.00,'Mac',1324512553,'/account/login.php',0),(20111222,1,0,'MOZILLA',5.00,'Mac',1324512553,'/account/login.php',0),(20111222,1,0,'MOZILLA',5.00,'Mac',1324512554,'/my/index.php',0),(20111222,1,0,'MOZILLA',5.00,'Mac',1324513501,'/index.php',0),(20111222,1,0,'MOZILLA',5.00,'Mac',1324513502,'/index.php',0),(20111222,1,0,'MOZILLA',5.00,'Mac',1324513502,'/my/index.php',0),(20111222,1,0,'MOZILLA',5.00,'Mac',1324513503,'/account/login.php',0),(20111222,1,0,'MOZILLA',5.00,'Mac',1324513503,'/account/login.php',0),(20111222,1,0,'MOZILLA',5.00,'Mac',1324513504,'/my/index.php',0),(20111222,1,0,'MOZILLA',5.00,'Mac',1324513571,'/index.php',0),(20111222,1,0,'MOZILLA',5.00,'Mac',1324513571,'/index.php',0),(20111222,1,0,'MOZILLA',5.00,'Mac',1324513575,'/account/login.php',0),(20111222,1,0,'MOZILLA',5.00,'Mac',1324513578,'/account/login.php',0),(20111222,1,0,'MOZILLA',5.00,'Mac',1324513584,'/account/login.php',0),(20111222,1,0,'MOZILLA',5.00,'Mac',1324513584,'/my/index.php',0),(20111222,1,0,'MOZILLA',5.00,'Mac',1324513623,'/admin/index.php',0),(20111222,1,0,'MOZILLA',5.00,'Mac',1324513722,'/index.php',0),(20111222,1,0,'MOZILLA',5.00,'Mac',1324513722,'/index.php',0),(20111222,1,0,'MOZILLA',5.00,'Mac',1324513723,'/my/index.php',0),(20111222,1,0,'MOZILLA',5.00,'Mac',1324513723,'/account/login.php',0),(20111222,1,0,'MOZILLA',5.00,'Mac',1324513724,'/account/login.php',0),(20111222,1,0,'MOZILLA',5.00,'Mac',1324513724,'/my/index.php',0),(20111222,1,0,'MOZILLA',5.00,'Mac',1324513725,'/admin/index.php',0),(20111222,1,0,'MOZILLA',5.00,'Mac',1324513725,'/admin/index.php',0),(20111222,1,0,'MOZILLA',5.00,'Mac',1324513759,'/index.php',0),(20111222,1,0,'MOZILLA',5.00,'Mac',1324513760,'/index.php',0),(20111222,1,0,'MOZILLA',5.00,'Mac',1324513761,'/my/index.php',0),(20111222,1,0,'MOZILLA',5.00,'Mac',1324513761,'/account/login.php',0),(20111222,1,0,'MOZILLA',5.00,'Mac',1324513761,'/account/login.php',0),(20111222,1,0,'MOZILLA',5.00,'Mac',1324513762,'/my/index.php',0),(20111222,1,0,'MOZILLA',5.00,'Mac',1324513762,'/admin/index.php',0),(20111222,1,0,'MOZILLA',5.00,'Mac',1324513762,'/admin/index.php',0),(20111222,1,0,'MOZILLA',5.00,'Mac',1324513833,'/index.php',0),(20111222,1,0,'MOZILLA',5.00,'Mac',1324513833,'/index.php',0),(20111222,1,0,'MOZILLA',5.00,'Mac',1324513834,'/my/index.php',0),(20111222,1,0,'MOZILLA',5.00,'Mac',1324513834,'/account/login.php',0),(20111222,1,0,'MOZILLA',5.00,'Mac',1324513835,'/account/login.php',0),(20111222,1,0,'MOZILLA',5.00,'Mac',1324513835,'/my/index.php',0),(20111222,1,0,'MOZILLA',5.00,'Mac',1324513836,'/admin/index.php',0),(20111222,1,0,'MOZILLA',5.00,'Mac',1324513836,'/admin/index.php',0),(20111222,1,0,'MOZILLA',5.00,'Mac',1324513905,'/admin/index.php',0),(20111222,1,0,'MOZILLA',5.00,'Mac',1324513984,'/index.php',0),(20111222,1,0,'MOZILLA',5.00,'Mac',1324513984,'/index.php',0),(20111222,1,0,'MOZILLA',5.00,'Mac',1324513985,'/my/index.php',0),(20111222,1,0,'MOZILLA',5.00,'Mac',1324513985,'/account/login.php',0),(20111222,1,0,'MOZILLA',5.00,'Mac',1324513985,'/account/login.php',0),(20111222,1,0,'MOZILLA',5.00,'Mac',1324513986,'/my/index.php',0),(20111222,1,0,'MOZILLA',5.00,'Mac',1324514025,'/my/index.php',0),(20111222,1,0,'MOZILLA',5.00,'Mac',1324514134,'/index.php',0),(20111222,1,0,'MOZILLA',5.00,'Mac',1324514134,'/index.php',0),(20111222,1,0,'MOZILLA',5.00,'Mac',1324514135,'/my/index.php',0),(20111222,1,0,'MOZILLA',5.00,'Mac',1324514135,'/account/login.php',0),(20111222,1,0,'MOZILLA',5.00,'Mac',1324514136,'/account/login.php',0),(20111222,1,0,'MOZILLA',5.00,'Mac',1324514136,'/my/index.php',0),(20111222,2,0,'MOZILLA',5.00,'Linux',1324516130,'/index.php',0),(20111222,2,0,'MOZILLA',5.00,'Linux',1324516130,'/index.php',0),(20111222,2,0,'MOZILLA',5.00,'Linux',1324516131,'/my/index.php',0),(20111222,2,0,'MOZILLA',5.00,'Linux',1324516131,'/my/index.php',0),(20111222,2,0,'MOZILLA',5.00,'Linux',1324516131,'/account/login.php',0),(20111222,2,0,'MOZILLA',5.00,'Linux',1324516132,'/account/login.php',0),(20111222,2,0,'MOZILLA',5.00,'Linux',1324516133,'/my/index.php',0),(20111222,2,0,'MOZILLA',5.00,'Linux',1324516133,'/my/index.php',0),(20111222,2,0,'MOZILLA',5.00,'Linux',1324516417,'/index.php',0),(20111222,2,0,'MOZILLA',5.00,'Linux',1324516417,'/index.php',0),(20111222,2,0,'MOZILLA',5.00,'Linux',1324516418,'/my/index.php',0),(20111222,2,0,'MOZILLA',5.00,'Linux',1324516418,'/my/index.php',0),(20111222,2,0,'MOZILLA',5.00,'Linux',1324516418,'/account/login.php',0),(20111222,2,0,'MOZILLA',5.00,'Linux',1324516419,'/account/login.php',0),(20111222,2,0,'MOZILLA',5.00,'Linux',1324516420,'/my/index.php',0),(20111222,2,0,'MOZILLA',5.00,'Linux',1324516420,'/my/index.php',0),(20111222,2,0,'MOZILLA',5.00,'Linux',1324516872,'/index.php',0),(20111222,2,0,'MOZILLA',5.00,'Linux',1324516873,'/index.php',0),(20111222,2,0,'MOZILLA',5.00,'Linux',1324516874,'/my/index.php',0),(20111222,2,0,'MOZILLA',5.00,'Linux',1324516874,'/my/index.php',0),(20111222,2,0,'MOZILLA',5.00,'Linux',1324516874,'/account/login.php',0),(20111222,2,0,'MOZILLA',5.00,'Linux',1324516875,'/account/login.php',0),(20111222,2,0,'MOZILLA',5.00,'Linux',1324516876,'/my/index.php',0),(20111222,2,0,'MOZILLA',5.00,'Linux',1324516876,'/my/index.php',0),(20111222,2,0,'MOZILLA',5.00,'Linux',1324516911,'/index.php',0),(20111222,2,0,'MOZILLA',5.00,'Linux',1324516912,'/index.php',0),(20111222,2,0,'MOZILLA',5.00,'Linux',1324516912,'/my/index.php',0),(20111222,2,0,'MOZILLA',5.00,'Linux',1324516913,'/my/index.php',0),(20111222,2,0,'MOZILLA',5.00,'Linux',1324516913,'/account/login.php',0),(20111222,2,0,'MOZILLA',5.00,'Linux',1324516914,'/account/login.php',0),(20111222,2,0,'MOZILLA',5.00,'Linux',1324516915,'/my/index.php',0),(20111222,2,0,'MOZILLA',5.00,'Linux',1324516915,'/my/index.php',0),(20111222,2,0,'MOZILLA',5.00,'Linux',1324517221,'/index.php',0),(20111222,2,0,'MOZILLA',5.00,'Linux',1324517221,'/index.php',0),(20111222,2,0,'MOZILLA',5.00,'Linux',1324517222,'/my/index.php',0),(20111222,2,0,'MOZILLA',5.00,'Linux',1324517222,'/my/index.php',0),(20111222,2,0,'MOZILLA',5.00,'Linux',1324517223,'/account/login.php',0),(20111222,2,0,'MOZILLA',5.00,'Linux',1324517224,'/account/login.php',0),(20111222,2,0,'MOZILLA',5.00,'Linux',1324517224,'/my/index.php',0),(20111222,2,0,'MOZILLA',5.00,'Linux',1324517289,'/index.php',0),(20111222,2,0,'MOZILLA',5.00,'Linux',1324517289,'/index.php',0),(20111222,2,0,'MOZILLA',5.00,'Linux',1324517290,'/my/index.php',0),(20111222,2,0,'MOZILLA',5.00,'Linux',1324517291,'/account/login.php',0),(20111222,2,0,'MOZILLA',5.00,'Linux',1324517291,'/my/index.php',0),(20111222,2,0,'MOZILLA',5.00,'Linux',1324517292,'/account/login.php',0),(20111222,2,0,'MOZILLA',5.00,'Linux',1324517292,'/my/index.php',0),(20111222,2,0,'MOZILLA',5.00,'Linux',1324517293,'/my/index.php',0),(20111222,2,0,'MOZILLA',5.00,'Linux',1324517333,'/index.php',0),(20111222,2,0,'MOZILLA',5.00,'Linux',1324517334,'/index.php',0),(20111222,2,0,'MOZILLA',5.00,'Linux',1324517334,'/my/index.php',0),(20111222,2,0,'MOZILLA',5.00,'Linux',1324517335,'/my/index.php',0),(20111222,2,0,'MOZILLA',5.00,'Linux',1324517335,'/account/login.php',0),(20111222,2,0,'MOZILLA',5.00,'Linux',1324517336,'/account/login.php',0),(20111222,2,0,'MOZILLA',5.00,'Linux',1324517337,'/my/index.php',0),(20111222,2,0,'MOZILLA',5.00,'Linux',1324517373,'/index.php',0),(20111222,2,0,'MOZILLA',5.00,'Linux',1324517373,'/index.php',0),(20111222,2,0,'MOZILLA',5.00,'Linux',1324517374,'/my/index.php',0),(20111222,2,0,'MOZILLA',5.00,'Linux',1324517374,'/my/index.php',0),(20111222,2,0,'MOZILLA',5.00,'Linux',1324517374,'/account/login.php',0),(20111222,2,0,'MOZILLA',5.00,'Linux',1324517378,'/account/login.php',0),(20111222,2,0,'MOZILLA',5.00,'Linux',1324517378,'/my/index.php',0),(20111222,2,0,'MOZILLA',5.00,'Linux',1324517793,'/index.php',0),(20111222,2,0,'MOZILLA',5.00,'Linux',1324517793,'/index.php',0),(20111222,2,0,'MOZILLA',5.00,'Linux',1324517793,'/index.php',0),(20111222,2,0,'MOZILLA',5.00,'Linux',1324517794,'/my/index.php',0),(20111222,2,0,'MOZILLA',5.00,'Linux',1324517794,'/my/index.php',0),(20111222,2,0,'MOZILLA',5.00,'Linux',1324517795,'/account/login.php',0),(20111222,2,0,'MOZILLA',5.00,'Linux',1324517795,'/account/login.php',0),(20111222,2,0,'MOZILLA',5.00,'Linux',1324517796,'/account/login.php',0),(20111222,2,0,'MOZILLA',5.00,'Linux',1324517797,'/my/index.php',0),(20111222,2,0,'MOZILLA',5.00,'Linux',1324517854,'/index.php',0),(20111222,2,0,'MOZILLA',5.00,'Linux',1324517854,'/index.php',0),(20111222,2,0,'MOZILLA',5.00,'Linux',1324517855,'/my/index.php',0),(20111222,2,0,'MOZILLA',5.00,'Linux',1324517855,'/my/index.php',0),(20111222,2,0,'MOZILLA',5.00,'Linux',1324517856,'/account/login.php',0),(20111222,2,0,'MOZILLA',5.00,'Linux',1324517857,'/account/login.php',0),(20111222,2,0,'MOZILLA',5.00,'Linux',1324517858,'/my/index.php',0),(20111222,2,0,'MOZILLA',5.00,'Linux',1324517886,'/index.php',0),(20111222,2,0,'MOZILLA',5.00,'Linux',1324517886,'/index.php',0),(20111222,2,0,'MOZILLA',5.00,'Linux',1324517887,'/index.php',0),(20111222,2,0,'MOZILLA',5.00,'Linux',1324517887,'/my/index.php',0),(20111222,2,0,'MOZILLA',5.00,'Linux',1324517888,'/my/index.php',0),(20111222,2,0,'MOZILLA',5.00,'Linux',1324517888,'/account/login.php',0),(20111222,2,0,'MOZILLA',5.00,'Linux',1324517889,'/account/login.php',0),(20111222,2,0,'MOZILLA',5.00,'Linux',1324517889,'/my/index.php',0),(20111222,2,0,'MOZILLA',5.00,'Linux',1324517890,'/my/index.php',0),(20111222,2,0,'MOZILLA',5.00,'Linux',1324517891,'/admin/index.php',0),(20111222,2,0,'MOZILLA',5.00,'Linux',1324517891,'/admin/index.php',0),(20111222,2,0,'MOZILLA',5.00,'Linux',1324517959,'/index.php',0),(20111222,2,0,'MOZILLA',5.00,'Linux',1324517960,'/index.php',0),(20111222,2,0,'MOZILLA',5.00,'Linux',1324517960,'/index.php',0),(20111222,2,0,'MOZILLA',5.00,'Linux',1324517961,'/my/index.php',0),(20111222,2,0,'MOZILLA',5.00,'Linux',1324517961,'/my/index.php',0),(20111222,2,0,'MOZILLA',5.00,'Linux',1324517961,'/account/login.php',0),(20111222,2,0,'MOZILLA',5.00,'Linux',1324517963,'/account/login.php',0),(20111222,2,0,'MOZILLA',5.00,'Linux',1324517963,'/my/index.php',0),(20111222,2,0,'MOZILLA',5.00,'Linux',1324517964,'/admin/index.php',0),(20111222,2,0,'MOZILLA',5.00,'Linux',1324517964,'/admin/index.php',0),(20111222,2,0,'MOZILLA',5.00,'Linux',1324518089,'/index.php',0),(20111222,2,0,'MOZILLA',5.00,'Linux',1324518089,'/index.php',0),(20111222,2,0,'MOZILLA',5.00,'Linux',1324518090,'/my/index.php',0),(20111222,2,0,'MOZILLA',5.00,'Linux',1324518090,'/my/index.php',0),(20111222,2,0,'MOZILLA',5.00,'Linux',1324518090,'/account/login.php',0),(20111222,2,0,'MOZILLA',5.00,'Linux',1324518092,'/account/login.php',0),(20111222,2,0,'MOZILLA',5.00,'Linux',1324518092,'/my/index.php',0),(20111222,2,0,'MOZILLA',5.00,'Linux',1324518092,'/my/index.php',0),(20111222,2,0,'MOZILLA',5.00,'Linux',1324518093,'/admin/index.php',0),(20111222,2,0,'MOZILLA',5.00,'Linux',1324518093,'/admin/index.php',0),(20111222,2,0,'MOZILLA',5.00,'Linux',1324518367,'/index.php',0),(20111222,2,0,'MOZILLA',5.00,'Linux',1324518368,'/index.php',0),(20111222,2,0,'MOZILLA',5.00,'Linux',1324518368,'/index.php',0),(20111222,2,0,'MOZILLA',5.00,'Linux',1324518369,'/my/index.php',0),(20111222,2,0,'MOZILLA',5.00,'Linux',1324518369,'/my/index.php',0),(20111222,2,0,'MOZILLA',5.00,'Linux',1324518369,'/account/login.php',0),(20111222,2,0,'MOZILLA',5.00,'Linux',1324518370,'/account/login.php',0),(20111222,2,0,'MOZILLA',5.00,'Linux',1324518371,'/account/login.php',0),(20111222,2,0,'MOZILLA',5.00,'Linux',1324518372,'/my/index.php',0),(20111222,2,0,'MOZILLA',5.00,'Linux',1324518372,'/my/index.php',0),(20111222,2,0,'MOZILLA',5.00,'Linux',1324518373,'/admin/index.php',0),(20111222,2,0,'MOZILLA',5.00,'Linux',1324518373,'/admin/index.php',0),(20111222,2,0,'MOZILLA',5.00,'Linux',1324518443,'/index.php',0),(20111222,2,0,'MOZILLA',5.00,'Linux',1324518443,'/index.php',0),(20111222,2,0,'MOZILLA',5.00,'Linux',1324518444,'/my/index.php',0),(20111222,2,0,'MOZILLA',5.00,'Linux',1324518444,'/my/index.php',0),(20111222,2,0,'MOZILLA',5.00,'Linux',1324518444,'/account/login.php',0),(20111222,2,0,'MOZILLA',5.00,'Linux',1324518445,'/account/login.php',0),(20111222,2,0,'MOZILLA',5.00,'Linux',1324518446,'/my/index.php',0),(20111222,2,0,'MOZILLA',5.00,'Linux',1324518446,'/my/index.php',0),(20111222,2,0,'MOZILLA',5.00,'Linux',1324518447,'/admin/index.php',0),(20111222,2,0,'MOZILLA',5.00,'Linux',1324518447,'/admin/index.php',0),(20111222,2,0,'MOZILLA',5.00,'Linux',1324519107,'/index.php',0),(20111222,2,0,'MOZILLA',5.00,'Linux',1324519108,'/index.php',0),(20111222,2,0,'MOZILLA',5.00,'Linux',1324519108,'/my/index.php',0),(20111222,2,0,'MOZILLA',5.00,'Linux',1324519109,'/my/index.php',0),(20111222,2,0,'MOZILLA',5.00,'Linux',1324519109,'/account/login.php',0),(20111222,2,0,'MOZILLA',5.00,'Linux',1324519110,'/account/login.php',0),(20111222,2,0,'MOZILLA',5.00,'Linux',1324519111,'/my/index.php',0),(20111222,2,0,'MOZILLA',5.00,'Linux',1324519111,'/my/index.php',0),(20111222,2,0,'MOZILLA',5.00,'Linux',1324519112,'/admin/index.php',0),(20111222,2,0,'MOZILLA',5.00,'Linux',1324519112,'/admin/index.php',0),(20111222,4,0,'MOZILLA',5.00,'Mac',1324523814,'/admin/index.php',0),(20111222,4,0,'MOZILLA',5.00,'Mac',1324523819,'/snippet/index.php',0),(20111222,4,0,'MOZILLA',5.00,'Mac',1324523822,'/softwaremap/index.php',0),(20111222,4,0,'MOZILLA',5.00,'Mac',1324523822,'/softwaremap/trove_list.php',0),(20111222,4,0,'MOZILLA',5.00,'Mac',1324523826,'/index.php',0),(20111222,4,0,'MOZILLA',5.00,'Mac',1324523835,'/my/index.php',0),(20111222,4,0,'MOZILLA',5.00,'Linux',1324524586,'/index.php',0),(20111222,4,0,'MOZILLA',5.00,'Linux',1324524586,'/index.php',0),(20111222,4,0,'MOZILLA',5.00,'Linux',1324524587,'/my/index.php',0),(20111222,4,0,'MOZILLA',5.00,'Linux',1324524587,'/my/index.php',0),(20111222,4,0,'MOZILLA',5.00,'Linux',1324524587,'/account/login.php',0),(20111222,4,0,'MOZILLA',5.00,'Linux',1324524588,'/account/login.php',0),(20111222,4,0,'MOZILLA',5.00,'Linux',1324524589,'/account/login.php',0),(20111222,4,0,'MOZILLA',5.00,'Linux',1324524589,'/my/index.php',0),(20111222,4,0,'MOZILLA',5.00,'Linux',1324524590,'/admin/index.php',0),(20111222,4,0,'MOZILLA',5.00,'Linux',1324524591,'/admin/index.php',0),(20111222,4,0,'MOZILLA',5.00,'Linux',1324525923,'/index.php',0),(20111222,4,0,'MOZILLA',5.00,'Linux',1324525923,'/index.php',0),(20111222,4,0,'MOZILLA',5.00,'Linux',1324525924,'/my/index.php',0),(20111222,4,0,'MOZILLA',5.00,'Linux',1324525924,'/my/index.php',0),(20111222,4,0,'MOZILLA',5.00,'Linux',1324525924,'/account/login.php',0),(20111222,4,0,'MOZILLA',5.00,'Linux',1324525925,'/account/login.php',0),(20111222,4,0,'MOZILLA',5.00,'Linux',1324525926,'/my/index.php',0),(20111222,4,0,'MOZILLA',5.00,'Linux',1324525926,'/my/index.php',0),(20111222,4,0,'MOZILLA',5.00,'Linux',1324525927,'/admin/index.php',0),(20111222,4,0,'MOZILLA',5.00,'Linux',1324525927,'/admin/index.php',0),(20111222,4,0,'MOZILLA',5.00,'Linux',1324525928,'/admin/index.php',0),(20111222,4,0,'MOZILLA',5.00,'Linux',1324525955,'/index.php',0),(20111222,4,0,'MOZILLA',5.00,'Linux',1324525955,'/index.php',0),(20111222,4,0,'MOZILLA',5.00,'Linux',1324525955,'/my/index.php',0),(20111222,4,0,'MOZILLA',5.00,'Linux',1324525956,'/account/login.php',0),(20111222,4,0,'MOZILLA',5.00,'Linux',1324525956,'/my/index.php',0),(20111222,4,0,'MOZILLA',5.00,'Linux',1324525957,'/account/login.php',0),(20111222,4,0,'MOZILLA',5.00,'Linux',1324525957,'/my/index.php',0),(20111222,4,0,'MOZILLA',5.00,'Linux',1324525958,'/my/index.php',0),(20111222,4,0,'MOZILLA',5.00,'Linux',1324525959,'/admin/index.php',0),(20111222,4,0,'MOZILLA',5.00,'Linux',1324525959,'/admin/index.php',0),(20111222,4,0,'MOZILLA',5.00,'Linux',1324525996,'/index.php',0),(20111222,4,0,'MOZILLA',5.00,'Linux',1324525996,'/index.php',0),(20111222,4,0,'MOZILLA',5.00,'Linux',1324525997,'/my/index.php',0),(20111222,4,0,'MOZILLA',5.00,'Linux',1324525997,'/account/login.php',0),(20111222,4,0,'MOZILLA',5.00,'Linux',1324525997,'/my/index.php',0),(20111222,4,0,'MOZILLA',5.00,'Linux',1324525998,'/account/login.php',0),(20111222,4,0,'MOZILLA',5.00,'Linux',1324525998,'/my/index.php',0),(20111222,4,0,'MOZILLA',5.00,'Linux',1324525999,'/my/index.php',0),(20111222,4,0,'MOZILLA',5.00,'Linux',1324526000,'/admin/index.php',0),(20111222,4,0,'MOZILLA',5.00,'Linux',1324526000,'/admin/index.php',0),(20111222,4,0,'MOZILLA',5.00,'Linux',1324526053,'/index.php',0),(20111222,4,0,'MOZILLA',5.00,'Linux',1324526053,'/index.php',0),(20111222,4,0,'MOZILLA',5.00,'Linux',1324526054,'/my/index.php',0),(20111222,4,0,'MOZILLA',5.00,'Linux',1324526054,'/my/index.php',0),(20111222,4,0,'MOZILLA',5.00,'Linux',1324526054,'/account/login.php',0),(20111222,4,0,'MOZILLA',5.00,'Linux',1324526055,'/account/login.php',0),(20111222,4,0,'MOZILLA',5.00,'Linux',1324526056,'/my/index.php',0),(20111222,4,0,'MOZILLA',5.00,'Linux',1324526056,'/my/index.php',0),(20111222,4,0,'MOZILLA',5.00,'Linux',1324526057,'/admin/index.php',0),(20111222,4,0,'MOZILLA',5.00,'Linux',1324526057,'/admin/index.php',0),(20111222,4,0,'MOZILLA',5.00,'Linux',1324526058,'/admin/index.php',0),(20111222,4,0,'MOZILLA',5.00,'Linux',1324526138,'/index.php',0),(20111222,4,0,'MOZILLA',5.00,'Linux',1324526139,'/index.php',0),(20111222,4,0,'MOZILLA',5.00,'Linux',1324526139,'/my/index.php',0),(20111222,4,0,'MOZILLA',5.00,'Linux',1324526140,'/my/index.php',0),(20111222,4,0,'MOZILLA',5.00,'Linux',1324526140,'/account/login.php',0),(20111222,4,0,'MOZILLA',5.00,'Linux',1324526141,'/account/login.php',0),(20111222,4,0,'MOZILLA',5.00,'Linux',1324526141,'/my/index.php',0),(20111222,4,0,'MOZILLA',5.00,'Linux',1324526142,'/admin/index.php',0),(20111222,4,0,'MOZILLA',5.00,'Linux',1324526142,'/admin/index.php',0),(20111222,4,0,'MOZILLA',5.00,'Linux',1324526143,'/admin/index.php',0),(20111222,4,0,'MOZILLA',5.00,'Linux',1324526221,'/index.php',0),(20111222,4,0,'MOZILLA',5.00,'Linux',1324526221,'/index.php',0),(20111222,4,0,'MOZILLA',5.00,'Linux',1324526222,'/my/index.php',0),(20111222,4,0,'MOZILLA',5.00,'Linux',1324526223,'/my/index.php',0),(20111222,4,0,'MOZILLA',5.00,'Linux',1324526223,'/account/login.php',0),(20111222,4,0,'MOZILLA',5.00,'Linux',1324526223,'/account/login.php',0),(20111222,4,0,'MOZILLA',5.00,'Linux',1324526224,'/account/login.php',0),(20111222,4,0,'MOZILLA',5.00,'Linux',1324526225,'/my/index.php',0),(20111222,4,0,'MOZILLA',5.00,'Linux',1324526226,'/admin/index.php',0),(20111222,4,0,'MOZILLA',5.00,'Linux',1324526226,'/admin/index.php',0),(20111222,4,0,'MOZILLA',5.00,'Linux',1324526226,'/admin/index.php',0),(20111222,5,0,'MOZILLA',5.00,'Linux',1324526404,'/index.php',0),(20111222,5,0,'MOZILLA',5.00,'Linux',1324526404,'/index.php',0),(20111222,5,0,'MOZILLA',5.00,'Linux',1324526405,'/my/index.php',0),(20111222,5,0,'MOZILLA',5.00,'Linux',1324526405,'/my/index.php',0),(20111222,5,0,'MOZILLA',5.00,'Linux',1324526405,'/account/login.php',0),(20111222,5,0,'MOZILLA',5.00,'Linux',1324526406,'/account/login.php',0),(20111222,5,0,'MOZILLA',5.00,'Linux',1324526406,'/my/index.php',0),(20111222,5,0,'MOZILLA',5.00,'Linux',1324526407,'/my/index.php',0),(20111222,5,0,'MOZILLA',5.00,'Linux',1324526408,'/admin/index.php',0),(20111222,5,0,'MOZILLA',5.00,'Linux',1324526408,'/admin/index.php',0),(20111222,5,0,'MOZILLA',5.00,'Linux',1324526409,'/admin/index.php',0),(20111222,5,0,'MOZILLA',5.00,'Linux',1324526431,'/index.php',0),(20111222,5,0,'MOZILLA',5.00,'Linux',1324526431,'/index.php',0),(20111222,5,0,'MOZILLA',5.00,'Linux',1324526432,'/my/index.php',0),(20111222,5,0,'MOZILLA',5.00,'Linux',1324526432,'/account/login.php',0),(20111222,5,0,'MOZILLA',5.00,'Linux',1324526432,'/my/index.php',0),(20111222,5,0,'MOZILLA',5.00,'Linux',1324526433,'/account/login.php',0),(20111222,5,0,'MOZILLA',5.00,'Linux',1324526433,'/my/index.php',0),(20111222,5,0,'MOZILLA',5.00,'Linux',1324526434,'/admin/index.php',0),(20111222,5,0,'MOZILLA',5.00,'Linux',1324526434,'/admin/index.php',0),(20111222,5,0,'MOZILLA',5.00,'Linux',1324526435,'/admin/index.php',0),(20111222,5,0,'MOZILLA',5.00,'Linux',1324526544,'/index.php',0),(20111222,5,0,'MOZILLA',5.00,'Linux',1324526544,'/index.php',0),(20111222,5,0,'MOZILLA',5.00,'Linux',1324526544,'/index.php',0),(20111222,5,0,'MOZILLA',5.00,'Linux',1324526545,'/my/index.php',0),(20111222,5,0,'MOZILLA',5.00,'Linux',1324526545,'/my/index.php',0),(20111222,5,0,'MOZILLA',5.00,'Linux',1324526545,'/account/login.php',0),(20111222,5,0,'MOZILLA',5.00,'Linux',1324526546,'/account/login.php',0),(20111222,5,0,'MOZILLA',5.00,'Linux',1324526547,'/account/login.php',0),(20111222,5,0,'MOZILLA',5.00,'Linux',1324526548,'/my/index.php',0),(20111222,5,0,'MOZILLA',5.00,'Linux',1324526548,'/my/index.php',0),(20111222,5,0,'MOZILLA',5.00,'Linux',1324526549,'/admin/index.php',0),(20111222,5,0,'MOZILLA',5.00,'Linux',1324526549,'/admin/index.php',0),(20111222,5,0,'MOZILLA',5.00,'Linux',1324526549,'/admin/index.php',0),(20111222,5,0,'MOZILLA',5.00,'Linux',1324526590,'/index.php',0),(20111222,5,0,'MOZILLA',5.00,'Linux',1324526591,'/index.php',0),(20111222,5,0,'MOZILLA',5.00,'Linux',1324526591,'/index.php',0),(20111222,5,0,'MOZILLA',5.00,'Linux',1324526592,'/my/index.php',0),(20111222,5,0,'MOZILLA',5.00,'Linux',1324526592,'/my/index.php',0),(20111222,5,0,'MOZILLA',5.00,'Linux',1324526592,'/account/login.php',0),(20111222,5,0,'MOZILLA',5.00,'Linux',1324526593,'/account/login.php',0),(20111222,5,0,'MOZILLA',5.00,'Linux',1324526594,'/account/login.php',0),(20111222,5,0,'MOZILLA',5.00,'Linux',1324526594,'/my/index.php',0),(20111222,5,0,'MOZILLA',5.00,'Linux',1324526594,'/my/index.php',0),(20111222,5,0,'MOZILLA',5.00,'Linux',1324526595,'/admin/index.php',0),(20111222,5,0,'MOZILLA',5.00,'Linux',1324526595,'/admin/index.php',0),(20111222,5,0,'MOZILLA',5.00,'Linux',1324526596,'/admin/index.php',0),(20111222,5,0,'MOZILLA',5.00,'Linux',1324527280,'/index.php',0),(20111222,5,0,'MOZILLA',5.00,'Linux',1324527280,'/index.php',0),(20111222,5,0,'MOZILLA',5.00,'Linux',1324527281,'/index.php',0),(20111222,5,0,'MOZILLA',5.00,'Linux',1324527282,'/my/index.php',0),(20111222,5,0,'MOZILLA',5.00,'Linux',1324527282,'/my/index.php',0),(20111222,5,0,'MOZILLA',5.00,'Linux',1324527282,'/account/login.php',0),(20111222,5,0,'MOZILLA',5.00,'Linux',1324527283,'/account/login.php',0),(20111222,5,0,'MOZILLA',5.00,'Linux',1324527284,'/my/index.php',0),(20111222,5,0,'MOZILLA',5.00,'Linux',1324527285,'/admin/index.php',0),(20111222,5,0,'MOZILLA',5.00,'Linux',1324527285,'/admin/index.php',0),(20111222,5,0,'MOZILLA',5.00,'Linux',1324527285,'/admin/index.php',0),(20111222,5,0,'MOZILLA',5.00,'Linux',1324527286,'/admin/index.php',0),(20111222,5,0,'MOZILLA',5.00,'Linux',1324527451,'/index.php',0),(20111222,5,0,'MOZILLA',5.00,'Linux',1324527451,'/index.php',0),(20111222,5,0,'MOZILLA',5.00,'Linux',1324527452,'/my/index.php',0),(20111222,5,0,'MOZILLA',5.00,'Linux',1324527452,'/my/index.php',0),(20111222,5,0,'MOZILLA',5.00,'Linux',1324527452,'/account/login.php',0),(20111222,5,0,'MOZILLA',5.00,'Linux',1324527454,'/account/login.php',0),(20111222,5,0,'MOZILLA',5.00,'Linux',1324527454,'/my/index.php',0),(20111222,5,0,'MOZILLA',5.00,'Linux',1324527454,'/my/index.php',0),(20111222,5,0,'MOZILLA',5.00,'Linux',1324527455,'/admin/index.php',0),(20111222,5,0,'MOZILLA',5.00,'Linux',1324527456,'/admin/index.php',0),(20111222,5,0,'MOZILLA',5.00,'Linux',1324527456,'/admin/index.php',0),(20111222,5,0,'MOZILLA',5.00,'Linux',1324527457,'/admin/index.php',0),(20111222,5,0,'MOZILLA',5.00,'Linux',1324527540,'/index.php',0),(20111222,5,0,'MOZILLA',5.00,'Linux',1324527541,'/index.php',0),(20111222,5,0,'MOZILLA',5.00,'Linux',1324527542,'/my/index.php',0),(20111222,5,0,'MOZILLA',5.00,'Linux',1324527542,'/my/index.php',0),(20111222,5,0,'MOZILLA',5.00,'Linux',1324527542,'/account/login.php',0),(20111222,5,0,'MOZILLA',5.00,'Linux',1324527543,'/account/login.php',0),(20111222,5,0,'MOZILLA',5.00,'Linux',1324527544,'/account/login.php',0),(20111222,5,0,'MOZILLA',5.00,'Linux',1324527544,'/my/index.php',0),(20111222,5,0,'MOZILLA',5.00,'Linux',1324527545,'/my/index.php',0),(20111222,5,0,'MOZILLA',5.00,'Linux',1324527545,'/admin/index.php',0),(20111222,5,0,'MOZILLA',5.00,'Linux',1324527546,'/admin/index.php',0),(20111222,5,0,'MOZILLA',5.00,'Linux',1324527546,'/admin/index.php',0),(20111222,5,0,'MOZILLA',5.00,'Linux',1324527547,'/admin/index.php',0),(20111222,5,0,'MOZILLA',5.00,'Linux',1324527593,'/index.php',0),(20111222,5,0,'MOZILLA',5.00,'Linux',1324527593,'/index.php',0),(20111222,5,0,'MOZILLA',5.00,'Linux',1324527594,'/my/index.php',0),(20111222,5,0,'MOZILLA',5.00,'Linux',1324527595,'/my/index.php',0),(20111222,5,0,'MOZILLA',5.00,'Linux',1324527595,'/account/login.php',0),(20111222,5,0,'MOZILLA',5.00,'Linux',1324527596,'/account/login.php',0),(20111222,5,0,'MOZILLA',5.00,'Linux',1324527597,'/my/index.php',0),(20111222,5,0,'MOZILLA',5.00,'Linux',1324527597,'/my/index.php',0),(20111222,5,0,'MOZILLA',5.00,'Linux',1324527598,'/admin/index.php',0),(20111222,5,0,'MOZILLA',5.00,'Linux',1324527598,'/admin/index.php',0),(20111222,5,0,'MOZILLA',5.00,'Linux',1324527599,'/admin/index.php',0),(20111222,5,0,'MOZILLA',5.00,'Linux',1324527667,'/index.php',0),(20111222,5,0,'MOZILLA',5.00,'Linux',1324527668,'/index.php',0),(20111222,5,0,'MOZILLA',5.00,'Linux',1324527668,'/my/index.php',0),(20111222,5,0,'MOZILLA',5.00,'Linux',1324527669,'/my/index.php',0),(20111222,5,0,'MOZILLA',5.00,'Linux',1324527669,'/account/login.php',0),(20111222,5,0,'MOZILLA',5.00,'Linux',1324527670,'/account/login.php',0),(20111222,5,0,'MOZILLA',5.00,'Linux',1324527671,'/my/index.php',0),(20111222,5,0,'MOZILLA',5.00,'Linux',1324527671,'/my/index.php',0),(20111222,5,0,'MOZILLA',5.00,'Linux',1324527672,'/admin/index.php',0),(20111222,5,0,'MOZILLA',5.00,'Linux',1324527673,'/admin/index.php',0),(20111222,5,0,'MOZILLA',5.00,'Linux',1324527673,'/admin/index.php',0),(20111222,5,0,'MOZILLA',5.00,'Linux',1324527674,'/admin/index.php',0),(20111222,5,0,'MOZILLA',5.00,'Linux',1324527758,'/index.php',0),(20111222,5,0,'MOZILLA',5.00,'Linux',1324527758,'/index.php',0),(20111222,5,0,'MOZILLA',5.00,'Linux',1324527759,'/my/index.php',0),(20111222,5,0,'MOZILLA',5.00,'Linux',1324527759,'/account/login.php',0),(20111222,5,0,'MOZILLA',5.00,'Linux',1324527759,'/my/index.php',0),(20111222,5,0,'MOZILLA',5.00,'Linux',1324527760,'/account/login.php',0),(20111222,5,0,'MOZILLA',5.00,'Linux',1324527761,'/my/index.php',0),(20111222,5,0,'MOZILLA',5.00,'Linux',1324527761,'/my/index.php',0),(20111222,5,0,'MOZILLA',5.00,'Linux',1324527762,'/admin/index.php',0),(20111222,5,0,'MOZILLA',5.00,'Linux',1324527763,'/admin/index.php',0),(20111222,5,0,'MOZILLA',5.00,'Linux',1324527763,'/admin/index.php',0),(20111222,5,0,'MOZILLA',5.00,'Linux',1324527782,'/index.php',0),(20111222,5,0,'MOZILLA',5.00,'Linux',1324527783,'/index.php',0),(20111222,5,0,'MOZILLA',5.00,'Linux',1324527783,'/index.php',0),(20111222,5,0,'MOZILLA',5.00,'Linux',1324527784,'/my/index.php',0),(20111222,5,0,'MOZILLA',5.00,'Linux',1324527784,'/my/index.php',0),(20111222,5,0,'MOZILLA',5.00,'Linux',1324527784,'/account/login.php',0),(20111222,5,0,'MOZILLA',5.00,'Linux',1324527785,'/account/login.php',0),(20111222,5,0,'MOZILLA',5.00,'Linux',1324527786,'/my/index.php',0),(20111222,5,0,'MOZILLA',5.00,'Linux',1324527787,'/admin/index.php',0),(20111222,5,0,'MOZILLA',5.00,'Linux',1324527787,'/admin/index.php',0),(20111222,5,0,'MOZILLA',5.00,'Linux',1324527788,'/admin/index.php',0),(20111222,5,0,'MOZILLA',5.00,'Linux',1324527788,'/admin/index.php',0),(20111222,5,0,'MOZILLA',5.00,'Linux',1324527923,'/index.php',0),(20111222,5,0,'MOZILLA',5.00,'Linux',1324527923,'/index.php',0),(20111222,5,0,'MOZILLA',5.00,'Linux',1324527924,'/my/index.php',0),(20111222,5,0,'MOZILLA',5.00,'Linux',1324527924,'/my/index.php',0),(20111222,5,0,'MOZILLA',5.00,'Linux',1324527924,'/account/login.php',0),(20111222,5,0,'MOZILLA',5.00,'Linux',1324527925,'/account/login.php',0),(20111222,5,0,'MOZILLA',5.00,'Linux',1324527926,'/account/login.php',0),(20111222,5,0,'MOZILLA',5.00,'Linux',1324527926,'/my/index.php',0),(20111222,5,0,'MOZILLA',5.00,'Linux',1324527927,'/my/index.php',0),(20111222,5,0,'MOZILLA',5.00,'Linux',1324527928,'/admin/index.php',0),(20111222,5,0,'MOZILLA',5.00,'Linux',1324527928,'/admin/index.php',0),(20111222,5,0,'MOZILLA',5.00,'Linux',1324527928,'/admin/index.php',0),(20111222,5,0,'MOZILLA',5.00,'Linux',1324527939,'/index.php',0),(20111222,5,0,'MOZILLA',5.00,'Linux',1324527939,'/index.php',0),(20111222,5,0,'MOZILLA',5.00,'Linux',1324527940,'/my/index.php',0),(20111222,5,0,'MOZILLA',5.00,'Linux',1324527940,'/my/index.php',0),(20111222,5,0,'MOZILLA',5.00,'Linux',1324527941,'/account/login.php',0),(20111222,5,0,'MOZILLA',5.00,'Linux',1324527942,'/account/login.php',0),(20111222,5,0,'MOZILLA',5.00,'Linux',1324527942,'/my/index.php',0),(20111222,5,0,'MOZILLA',5.00,'Linux',1324527943,'/my/index.php',0),(20111222,5,0,'MOZILLA',5.00,'Linux',1324527943,'/admin/index.php',0),(20111222,5,0,'MOZILLA',5.00,'Linux',1324527944,'/admin/index.php',0),(20111222,5,0,'MOZILLA',5.00,'Linux',1324527944,'/admin/index.php',0),(20111222,5,0,'MOZILLA',5.00,'Linux',1324527945,'/admin/index.php',0),(20111222,5,0,'MOZILLA',5.00,'Linux',1324528005,'/index.php',0),(20111222,5,0,'MOZILLA',5.00,'Linux',1324528005,'/index.php',0),(20111222,5,0,'MOZILLA',5.00,'Linux',1324528006,'/my/index.php',0),(20111222,5,0,'MOZILLA',5.00,'Linux',1324528006,'/my/index.php',0),(20111222,5,0,'MOZILLA',5.00,'Linux',1324528006,'/account/login.php',0),(20111222,5,0,'MOZILLA',5.00,'Linux',1324528007,'/account/login.php',0),(20111222,5,0,'MOZILLA',5.00,'Linux',1324528008,'/my/index.php',0),(20111222,5,0,'MOZILLA',5.00,'Linux',1324528008,'/my/index.php',0),(20111222,5,0,'MOZILLA',5.00,'Linux',1324528009,'/admin/index.php',0),(20111222,5,0,'MOZILLA',5.00,'Linux',1324528010,'/admin/index.php',0),(20111222,5,0,'MOZILLA',5.00,'Linux',1324528010,'/admin/index.php',0),(20111222,5,0,'MOZILLA',5.00,'Linux',1324528011,'/admin/index.php',0),(20111222,6,0,'MOZILLA',5.00,'Linux',1324531306,'/index.php',0),(20111222,6,0,'MOZILLA',5.00,'Linux',1324531306,'/index.php',0),(20111222,6,0,'MOZILLA',5.00,'Linux',1324531307,'/index.php',0),(20111222,6,0,'MOZILLA',5.00,'Linux',1324531308,'/my/index.php',0),(20111222,6,0,'MOZILLA',5.00,'Linux',1324531309,'/my/index.php',0),(20111222,6,0,'MOZILLA',5.00,'Linux',1324531309,'/account/login.php',0),(20111222,6,0,'MOZILLA',5.00,'Linux',1324531313,'/account/login.php',0),(20111222,6,0,'MOZILLA',5.00,'Linux',1324531313,'/my/index.php',0),(20111222,6,0,'MOZILLA',5.00,'Linux',1324531314,'/my/index.php',0),(20111222,6,0,'MOZILLA',5.00,'Linux',1324531314,'/index.php',0),(20111222,6,0,'MOZILLA',5.00,'Linux',1324531315,'/index.php',0),(20111222,6,0,'MOZILLA',5.00,'Linux',1324531315,'/my/index.php',0),(20111222,6,0,'MOZILLA',5.00,'Linux',1324531315,'/my/index.php',0),(20111222,6,0,'MOZILLA',5.00,'Linux',1324531316,'/account/login.php',0),(20111222,6,0,'MOZILLA',5.00,'Linux',1324531317,'/account/login.php',0),(20111222,6,0,'MOZILLA',5.00,'Linux',1324531317,'/my/index.php',0),(20111222,6,0,'MOZILLA',5.00,'Linux',1324531319,'/admin/index.php',0),(20111222,6,0,'MOZILLA',5.00,'Linux',1324531319,'/admin/index.php',0),(20111222,6,0,'MOZILLA',5.00,'Linux',1324531319,'/admin/index.php',0),(20111222,6,0,'MOZILLA',5.00,'Linux',1324531379,'/index.php',0),(20111222,6,0,'MOZILLA',5.00,'Linux',1324531379,'/index.php',0),(20111222,6,0,'MOZILLA',5.00,'Linux',1324531380,'/index.php',0),(20111222,6,0,'MOZILLA',5.00,'Linux',1324531381,'/my/index.php',0),(20111222,6,0,'MOZILLA',5.00,'Linux',1324531381,'/my/index.php',0),(20111222,6,0,'MOZILLA',5.00,'Linux',1324531381,'/account/login.php',0),(20111222,6,0,'MOZILLA',5.00,'Linux',1324531382,'/account/login.php',0),(20111222,6,0,'MOZILLA',5.00,'Linux',1324531383,'/my/index.php',0),(20111222,6,0,'MOZILLA',5.00,'Linux',1324531383,'/index.php',0),(20111222,6,0,'MOZILLA',5.00,'Linux',1324531384,'/index.php',0),(20111222,6,0,'MOZILLA',5.00,'Linux',1324531384,'/my/index.php',0),(20111222,6,0,'MOZILLA',5.00,'Linux',1324531385,'/my/index.php',0),(20111222,6,0,'MOZILLA',5.00,'Linux',1324531385,'/account/login.php',0),(20111222,6,0,'MOZILLA',5.00,'Linux',1324531387,'/account/login.php',0),(20111222,6,0,'MOZILLA',5.00,'Linux',1324531388,'/my/index.php',0),(20111222,6,0,'MOZILLA',5.00,'Linux',1324531389,'/admin/index.php',0),(20111222,6,0,'MOZILLA',5.00,'Linux',1324531389,'/admin/index.php',0),(20111222,6,0,'MOZILLA',5.00,'Linux',1324531390,'/admin/index.php',0),(20111222,6,0,'MOZILLA',5.00,'Linux',1324531532,'/index.php',0),(20111222,6,0,'MOZILLA',5.00,'Linux',1324531532,'/index.php',0),(20111222,6,0,'MOZILLA',5.00,'Linux',1324531533,'/index.php',0),(20111222,6,0,'MOZILLA',5.00,'Linux',1324531534,'/my/index.php',0),(20111222,6,0,'MOZILLA',5.00,'Linux',1324531534,'/my/index.php',0),(20111222,6,0,'MOZILLA',5.00,'Linux',1324531534,'/account/login.php',0),(20111222,6,0,'MOZILLA',5.00,'Linux',1324531535,'/account/login.php',0),(20111222,6,0,'MOZILLA',5.00,'Linux',1324531536,'/my/index.php',0),(20111222,6,0,'MOZILLA',5.00,'Linux',1324531536,'/my/index.php',0),(20111222,6,0,'MOZILLA',5.00,'Linux',1324531537,'/index.php',0),(20111222,6,0,'MOZILLA',5.00,'Linux',1324531537,'/index.php',0),(20111222,6,0,'MOZILLA',5.00,'Linux',1324531537,'/my/index.php',0),(20111222,6,0,'MOZILLA',5.00,'Linux',1324531538,'/my/index.php',0),(20111222,6,0,'MOZILLA',5.00,'Linux',1324531538,'/account/login.php',0),(20111222,6,0,'MOZILLA',5.00,'Linux',1324531539,'/account/login.php',0),(20111222,6,0,'MOZILLA',5.00,'Linux',1324531539,'/my/index.php',0),(20111222,6,0,'MOZILLA',5.00,'Linux',1324531540,'/admin/index.php',0),(20111222,6,0,'MOZILLA',5.00,'Linux',1324531540,'/admin/index.php',0),(20111222,6,0,'MOZILLA',5.00,'Linux',1324531541,'/admin/index.php',0),(20111222,6,0,'MOZILLA',5.00,'Linux',1324531697,'/index.php',0),(20111222,6,0,'MOZILLA',5.00,'Linux',1324531697,'/index.php',0),(20111222,6,0,'MOZILLA',5.00,'Linux',1324531698,'/my/index.php',0),(20111222,6,0,'MOZILLA',5.00,'Linux',1324531698,'/my/index.php',0),(20111222,6,0,'MOZILLA',5.00,'Linux',1324531698,'/account/login.php',0),(20111222,6,0,'MOZILLA',5.00,'Linux',1324531699,'/account/login.php',0),(20111222,6,0,'MOZILLA',5.00,'Linux',1324531700,'/account/login.php',0),(20111222,6,0,'MOZILLA',5.00,'Linux',1324531700,'/my/index.php',0),(20111222,6,0,'MOZILLA',5.00,'Linux',1324531701,'/index.php',0),(20111222,6,0,'MOZILLA',5.00,'Linux',1324531701,'/index.php',0),(20111222,6,0,'MOZILLA',5.00,'Linux',1324531702,'/my/index.php',0),(20111222,6,0,'MOZILLA',5.00,'Linux',1324531702,'/my/index.php',0),(20111222,6,0,'MOZILLA',5.00,'Linux',1324531702,'/account/login.php',0),(20111222,6,0,'MOZILLA',5.00,'Linux',1324531703,'/account/login.php',0),(20111222,6,0,'MOZILLA',5.00,'Linux',1324531704,'/my/index.php',0),(20111222,6,0,'MOZILLA',5.00,'Linux',1324531704,'/admin/index.php',0),(20111222,6,0,'MOZILLA',5.00,'Linux',1324531705,'/admin/index.php',0),(20111222,6,0,'MOZILLA',5.00,'Mac',1324532107,'/index.php',0),(20111222,6,0,'MOZILLA',5.00,'Mac',1324532107,'/index.php',0),(20111222,6,0,'MOZILLA',5.00,'Mac',1324532108,'/my/index.php',0),(20111222,6,0,'MOZILLA',5.00,'Mac',1324532108,'/account/login.php',0),(20111222,6,0,'MOZILLA',5.00,'Mac',1324532109,'/account/login.php',0),(20111222,6,0,'MOZILLA',5.00,'Mac',1324532109,'/my/index.php',0),(20111222,6,0,'MOZILLA',5.00,'Mac',1324532109,'/index.php',0),(20111222,6,0,'MOZILLA',5.00,'Mac',1324532110,'/index.php',0),(20111222,6,0,'MOZILLA',5.00,'Mac',1324532110,'/my/index.php',0),(20111222,6,0,'MOZILLA',5.00,'Mac',1324532110,'/account/login.php',0),(20111222,6,0,'MOZILLA',5.00,'Mac',1324532111,'/account/login.php',0),(20111222,6,0,'MOZILLA',5.00,'Mac',1324532111,'/my/index.php',0),(20111222,6,0,'MOZILLA',5.00,'Mac',1324532112,'/admin/index.php',0),(20111222,6,0,'MOZILLA',5.00,'Linux',1324532967,'/index.php',0),(20111222,6,0,'MOZILLA',5.00,'Linux',1324532967,'/index.php',0),(20111222,6,0,'MOZILLA',5.00,'Linux',1324532968,'/my/index.php',0),(20111222,6,0,'MOZILLA',5.00,'Linux',1324532968,'/my/index.php',0),(20111222,6,0,'MOZILLA',5.00,'Linux',1324532969,'/account/login.php',0),(20111222,6,0,'MOZILLA',5.00,'Linux',1324532969,'/account/login.php',0),(20111222,6,0,'MOZILLA',5.00,'Linux',1324532970,'/account/login.php',0),(20111222,6,0,'MOZILLA',5.00,'Linux',1324532971,'/my/index.php',0),(20111222,6,0,'MOZILLA',5.00,'Linux',1324532971,'/my/index.php',0),(20111222,6,0,'MOZILLA',5.00,'Linux',1324533162,'/index.php',0),(20111222,6,0,'MOZILLA',5.00,'Linux',1324533162,'/index.php',0),(20111222,6,0,'MOZILLA',5.00,'Linux',1324533163,'/my/index.php',0),(20111222,6,0,'MOZILLA',5.00,'Linux',1324533163,'/my/index.php',0),(20111222,6,0,'MOZILLA',5.00,'Linux',1324533163,'/account/login.php',0),(20111222,6,0,'MOZILLA',5.00,'Linux',1324533164,'/account/login.php',0),(20111222,6,0,'MOZILLA',5.00,'Linux',1324533165,'/my/index.php',0),(20111222,6,0,'MOZILLA',5.00,'Linux',1324533165,'/my/index.php',0),(20111222,6,0,'MOZILLA',5.00,'Linux',1324533166,'/index.php',0),(20111222,6,0,'MOZILLA',5.00,'Linux',1324533166,'/index.php',0),(20111222,6,0,'MOZILLA',5.00,'Linux',1324533167,'/my/index.php',0),(20111222,6,0,'MOZILLA',5.00,'Linux',1324533167,'/my/index.php',0),(20111222,6,0,'MOZILLA',5.00,'Linux',1324533167,'/account/login.php',0),(20111222,6,0,'MOZILLA',5.00,'Linux',1324533169,'/account/login.php',0),(20111222,6,0,'MOZILLA',5.00,'Linux',1324533169,'/my/index.php',0),(20111222,6,0,'MOZILLA',5.00,'Linux',1324533170,'/admin/index.php',0),(20111222,6,0,'MOZILLA',5.00,'Linux',1324533170,'/admin/index.php',0),(20111222,6,0,'MOZILLA',5.00,'Linux',1324533170,'/admin/index.php',0),(20111222,6,0,'MOZILLA',5.00,'Mac',1324533281,'/index.php',0),(20111222,6,0,'MOZILLA',5.00,'Mac',1324533282,'/index.php',0),(20111222,6,0,'MOZILLA',5.00,'Mac',1324533282,'/my/index.php',0),(20111222,6,0,'MOZILLA',5.00,'Mac',1324533283,'/account/login.php',0),(20111222,6,0,'MOZILLA',5.00,'Mac',1324533283,'/account/login.php',0),(20111222,6,0,'MOZILLA',5.00,'Mac',1324533283,'/my/index.php',0),(20111222,6,0,'MOZILLA',5.00,'Mac',1324533284,'/index.php',0),(20111222,6,0,'MOZILLA',5.00,'Mac',1324533284,'/index.php',0),(20111222,6,0,'MOZILLA',5.00,'Mac',1324533285,'/my/index.php',0),(20111222,6,0,'MOZILLA',5.00,'Mac',1324533285,'/account/login.php',0),(20111222,6,0,'MOZILLA',5.00,'Mac',1324533285,'/account/login.php',0),(20111222,6,0,'MOZILLA',5.00,'Mac',1324533286,'/my/index.php',0),(20111222,6,0,'MOZILLA',5.00,'Mac',1324533286,'/admin/index.php',0),(20111222,7,0,'MOZILLA',5.00,'Mac',1324533939,'/index.php',0),(20111222,7,0,'MOZILLA',5.00,'Mac',1324533939,'/index.php',0),(20111222,7,0,'MOZILLA',5.00,'Mac',1324533940,'/my/index.php',0),(20111222,7,0,'MOZILLA',5.00,'Mac',1324533940,'/account/login.php',0),(20111222,7,0,'MOZILLA',5.00,'Mac',1324533941,'/account/login.php',0),(20111222,7,0,'MOZILLA',5.00,'Mac',1324533941,'/my/index.php',0),(20111222,7,0,'MOZILLA',5.00,'Mac',1324533942,'/index.php',0),(20111222,7,0,'MOZILLA',5.00,'Mac',1324533942,'/index.php',0),(20111222,7,0,'MOZILLA',5.00,'Mac',1324533943,'/my/index.php',0),(20111222,7,0,'MOZILLA',5.00,'Mac',1324533943,'/account/login.php',0),(20111222,7,0,'MOZILLA',5.00,'Mac',1324533943,'/account/login.php',0),(20111222,7,0,'MOZILLA',5.00,'Mac',1324533944,'/my/index.php',0),(20111222,7,0,'MOZILLA',5.00,'Mac',1324533944,'/admin/index.php',0),(20111222,15,0,'MOZILLA',5.00,'Mac',1324564407,'/index.php',0),(20111222,15,0,'MOZILLA',5.00,'Mac',1324564407,'/index.php',0),(20111222,15,0,'MOZILLA',5.00,'Mac',1324564412,'/account/login.php',0),(20111222,15,0,'MOZILLA',5.00,'Mac',1324564416,'/account/login.php',0),(20111222,15,0,'MOZILLA',5.00,'Mac',1324564683,'/my/index.php',0),(20111222,15,0,'MOZILLA',5.00,'Mac',1324564683,'/account/login.php',0),(20111222,15,0,'MOZILLA',5.00,'Mac',1324564684,'/account/login.php',0),(20111222,15,0,'MOZILLA',5.00,'Mac',1324564700,'/index.php',0),(20111222,15,0,'MOZILLA',5.00,'Mac',1324564702,'/my/index.php',0),(20111222,15,0,'MOZILLA',5.00,'Mac',1324564702,'/account/login.php',0),(20111222,15,0,'MOZILLA',5.00,'Mac',1324564702,'/account/login.php',0),(20111222,15,0,'MOZILLA',5.00,'Mac',1324564960,'/index.php',0),(20111222,15,0,'MOZILLA',5.00,'Mac',1324564960,'/index.php',0),(20111222,15,0,'MOZILLA',5.00,'Mac',1324564961,'/my/index.php',0),(20111222,15,0,'MOZILLA',5.00,'Mac',1324564961,'/account/login.php',0),(20111222,15,0,'MOZILLA',5.00,'Mac',1324564962,'/account/login.php',0),(20111222,15,0,'MOZILLA',5.00,'Mac',1324564962,'/my/index.php',0),(20111222,15,0,'MOZILLA',5.00,'Mac',1324564963,'/index.php',0),(20111222,15,0,'MOZILLA',5.00,'Mac',1324564963,'/index.php',0),(20111222,15,0,'MOZILLA',5.00,'Mac',1324564964,'/my/index.php',0),(20111222,15,0,'MOZILLA',5.00,'Mac',1324564964,'/account/login.php',0),(20111222,15,0,'MOZILLA',5.00,'Mac',1324564965,'/account/login.php',0),(20111222,15,0,'MOZILLA',5.00,'Mac',1324564965,'/my/index.php',0),(20111222,15,0,'MOZILLA',5.00,'Mac',1324564966,'/admin/index.php',0),(20111222,15,0,'MOZILLA',5.00,'Linux',1324564988,'/index.php',0),(20111222,15,0,'MOZILLA',5.00,'Linux',1324564988,'/index.php',0),(20111222,15,0,'MOZILLA',5.00,'Linux',1324564989,'/my/index.php',0),(20111222,15,0,'MOZILLA',5.00,'Linux',1324564989,'/my/index.php',0),(20111222,15,0,'MOZILLA',5.00,'Linux',1324564990,'/account/login.php',0),(20111222,15,0,'MOZILLA',5.00,'Linux',1324564990,'/account/login.php',0),(20111222,15,0,'MOZILLA',5.00,'Linux',1324564991,'/account/login.php',0),(20111222,15,0,'MOZILLA',5.00,'Linux',1324564992,'/my/index.php',0),(20111222,15,0,'MOZILLA',5.00,'Linux',1324564992,'/my/index.php',0),(20111222,15,0,'MOZILLA',5.00,'Linux',1324564993,'/index.php',0),(20111222,15,0,'MOZILLA',5.00,'Linux',1324564993,'/index.php',0),(20111222,15,0,'MOZILLA',5.00,'Linux',1324564994,'/my/index.php',0),(20111222,15,0,'MOZILLA',5.00,'Linux',1324564994,'/my/index.php',0),(20111222,15,0,'MOZILLA',5.00,'Linux',1324564995,'/account/login.php',0),(20111222,15,0,'MOZILLA',5.00,'Linux',1324564996,'/account/login.php',0),(20111222,15,0,'MOZILLA',5.00,'Linux',1324564997,'/my/index.php',0),(20111222,15,0,'MOZILLA',5.00,'Linux',1324564998,'/admin/index.php',0),(20111222,15,0,'MOZILLA',5.00,'Linux',1324564998,'/admin/index.php',0),(20111222,15,0,'MOZILLA',5.00,'Linux',1324565350,'/index.php',0),(20111222,15,0,'MOZILLA',5.00,'Linux',1324565351,'/index.php',0),(20111222,15,0,'MOZILLA',5.00,'Linux',1324565352,'/my/index.php',0),(20111222,15,0,'MOZILLA',5.00,'Linux',1324565352,'/my/index.php',0),(20111222,15,0,'MOZILLA',5.00,'Linux',1324565352,'/account/login.php',0),(20111222,15,0,'MOZILLA',5.00,'Linux',1324565353,'/account/login.php',0),(20111222,15,0,'MOZILLA',5.00,'Linux',1324565354,'/my/index.php',0),(20111222,15,0,'MOZILLA',5.00,'Linux',1324565355,'/index.php',0),(20111222,15,0,'MOZILLA',5.00,'Linux',1324565355,'/index.php',0),(20111222,15,0,'MOZILLA',5.00,'Linux',1324565356,'/my/index.php',0),(20111222,15,0,'MOZILLA',5.00,'Linux',1324565356,'/my/index.php',0),(20111222,15,0,'MOZILLA',5.00,'Linux',1324565356,'/account/login.php',0),(20111222,15,0,'MOZILLA',5.00,'Linux',1324565358,'/account/login.php',0),(20111222,15,0,'MOZILLA',5.00,'Linux',1324565358,'/my/index.php',0),(20111222,15,0,'MOZILLA',5.00,'Linux',1324565359,'/admin/index.php',0),(20111222,15,0,'MOZILLA',5.00,'Linux',1324565359,'/admin/index.php',0),(20111222,15,0,'MOZILLA',5.00,'Mac',1324565400,'/index.php',0),(20111222,15,0,'MOZILLA',5.00,'Mac',1324565400,'/index.php',0),(20111222,15,0,'MOZILLA',5.00,'Mac',1324565401,'/my/index.php',0),(20111222,15,0,'MOZILLA',5.00,'Mac',1324565401,'/account/login.php',0),(20111222,15,0,'MOZILLA',5.00,'Mac',1324565401,'/account/login.php',0),(20111222,15,0,'MOZILLA',5.00,'Mac',1324565402,'/my/index.php',0),(20111222,15,0,'MOZILLA',5.00,'Mac',1324565403,'/index.php',0),(20111222,15,0,'MOZILLA',5.00,'Mac',1324565404,'/index.php',0),(20111222,15,0,'MOZILLA',5.00,'Mac',1324565404,'/my/index.php',0),(20111222,15,0,'MOZILLA',5.00,'Mac',1324565405,'/account/login.php',0),(20111222,15,0,'MOZILLA',5.00,'Mac',1324565405,'/account/login.php',0),(20111222,15,0,'MOZILLA',5.00,'Mac',1324565405,'/my/index.php',0),(20111222,15,0,'MOZILLA',5.00,'Mac',1324565406,'/admin/index.php',0),(20111222,15,0,'MOZILLA',5.00,'Linux',1324565826,'/index.php',0),(20111222,15,0,'MOZILLA',5.00,'Linux',1324565826,'/index.php',0),(20111222,15,0,'MOZILLA',5.00,'Linux',1324565827,'/my/index.php',0),(20111222,15,0,'MOZILLA',5.00,'Linux',1324565827,'/account/login.php',0),(20111222,15,0,'MOZILLA',5.00,'Linux',1324565828,'/my/index.php',0),(20111222,15,0,'MOZILLA',5.00,'Linux',1324565829,'/account/login.php',0),(20111222,15,0,'MOZILLA',5.00,'Linux',1324565829,'/my/index.php',0),(20111222,15,0,'MOZILLA',5.00,'Linux',1324565829,'/my/index.php',0),(20111222,15,0,'MOZILLA',5.00,'Linux',1324565830,'/index.php',0),(20111222,15,0,'MOZILLA',5.00,'Linux',1324565831,'/index.php',0),(20111222,15,0,'MOZILLA',5.00,'Linux',1324565831,'/my/index.php',0),(20111222,15,0,'MOZILLA',5.00,'Linux',1324565832,'/my/index.php',0),(20111222,15,0,'MOZILLA',5.00,'Linux',1324565832,'/account/login.php',0),(20111222,15,0,'MOZILLA',5.00,'Linux',1324565833,'/account/login.php',0),(20111222,15,0,'MOZILLA',5.00,'Linux',1324565833,'/my/index.php',0),(20111222,15,0,'MOZILLA',5.00,'Linux',1324565834,'/admin/index.php',0),(20111222,15,0,'MOZILLA',5.00,'Linux',1324565835,'/admin/index.php',0),(20111222,16,0,'MOZILLA',5.00,'Linux',1324566219,'/index.php',0),(20111222,16,0,'MOZILLA',5.00,'Linux',1324566220,'/index.php',0),(20111222,16,0,'MOZILLA',5.00,'Linux',1324566220,'/my/index.php',0),(20111222,16,0,'MOZILLA',5.00,'Linux',1324566221,'/my/index.php',0),(20111222,16,0,'MOZILLA',5.00,'Linux',1324566221,'/account/login.php',0),(20111222,16,0,'MOZILLA',5.00,'Linux',1324566221,'/account/login.php',0),(20111222,16,0,'MOZILLA',5.00,'Linux',1324566223,'/account/login.php',0),(20111222,16,0,'MOZILLA',5.00,'Linux',1324566223,'/my/index.php',0),(20111222,16,0,'MOZILLA',5.00,'Linux',1324566223,'/my/index.php',0),(20111222,16,0,'MOZILLA',5.00,'Linux',1324566622,'/index.php',0),(20111222,16,0,'MOZILLA',5.00,'Linux',1324566622,'/index.php',0),(20111222,16,0,'MOZILLA',5.00,'Linux',1324566623,'/index.php',0),(20111222,16,0,'MOZILLA',5.00,'Linux',1324566624,'/my/index.php',0),(20111222,16,0,'MOZILLA',5.00,'Linux',1324566624,'/my/index.php',0),(20111222,16,0,'MOZILLA',5.00,'Linux',1324566624,'/account/login.php',0),(20111222,16,0,'MOZILLA',5.00,'Linux',1324566625,'/account/login.php',0),(20111222,16,0,'MOZILLA',5.00,'Linux',1324566626,'/my/index.php',0),(20111222,16,0,'MOZILLA',5.00,'Linux',1324566626,'/my/index.php',0),(20111222,16,0,'MOZILLA',5.00,'Linux',1324566627,'/index.php',0),(20111222,16,0,'MOZILLA',5.00,'Linux',1324566627,'/index.php',0),(20111222,16,0,'MOZILLA',5.00,'Linux',1324566628,'/my/index.php',0),(20111222,16,0,'MOZILLA',5.00,'Linux',1324566628,'/my/index.php',0),(20111222,16,0,'MOZILLA',5.00,'Linux',1324566629,'/account/login.php',0),(20111222,16,0,'MOZILLA',5.00,'Linux',1324566630,'/account/login.php',0),(20111222,16,0,'MOZILLA',5.00,'Linux',1324566630,'/my/index.php',0),(20111222,16,0,'MOZILLA',5.00,'Linux',1324566631,'/admin/index.php',0),(20111222,16,0,'MOZILLA',5.00,'Linux',1324566631,'/admin/index.php',0),(20111222,16,0,'MOZILLA',5.00,'Mac',1324567085,'/index.php',0),(20111222,16,0,'MOZILLA',5.00,'Mac',1324567085,'/index.php',0),(20111222,16,0,'MOZILLA',5.00,'Mac',1324567092,'/account/login.php',0),(20111222,16,0,'MOZILLA',5.00,'Mac',1324567096,'/account/login.php',0),(20111222,16,0,'MOZILLA',5.00,'Mac',1324567103,'/account/login.php',0),(20111222,16,0,'MOZILLA',5.00,'Mac',1324567103,'/my/index.php',0),(20111222,16,0,'MOZILLA',5.00,'Mac',1324567108,'/projects/nty/',0),(20111222,16,101,'MOZILLA',5.00,'Mac',1324567112,'/tracker/index.php',0),(20111222,16,0,'MOZILLA',5.00,'Mac',1324567145,'/my/index.php',0),(20111222,16,0,'MOZILLA',5.00,'Mac',1324567151,'/projects/nty/',0),(20111222,16,101,'MOZILLA',5.00,'Mac',1324567158,'/project/admin/index.php',0),(20111222,16,0,'MOZILLA',5.00,'Mac',1324567176,'/projects/nty/',0),(20111222,16,101,'MOZILLA',5.00,'Mac',1324567178,'/project/admin/index.php',0),(20111222,16,101,'MOZILLA',5.00,'Mac',1324567180,'/project/admin/servicebar.php',0),(20111222,16,101,'MOZILLA',5.00,'Mac',1324567181,'/project/admin/servicebar.php',0),(20111222,16,101,'MOZILLA',5.00,'Mac',1324567190,'/project/admin/editservice.php',0),(20111222,16,101,'MOZILLA',5.00,'Mac',1324567210,'/project/admin/index.php',0),(20111222,16,0,'MOZILLA',5.00,'Mac',1324567217,'/projects/nty/',0),(20111222,16,101,'MOZILLA',5.00,'Mac',1324567231,'/tracker/index.php',0),(20111222,16,101,'MOZILLA',5.00,'Mac',1324567257,'/project/admin/index.php',0),(20111222,16,101,'MOZILLA',5.00,'Mac',1324567262,'/project/admin/servicebar.php',0),(20111222,16,0,'MOZILLA',5.00,'Mac',1324567288,'/account/logout.php',0),(20111222,16,0,'MOZILLA',5.00,'Mac',1324567288,'/index.php',0),(20111222,16,0,'MOZILLA',5.00,'Mac',1324567293,'/account/login.php',0),(20111222,16,0,'MOZILLA',5.00,'Mac',1324567298,'/account/login.php',0),(20111222,16,0,'MOZILLA',5.00,'Mac',1324567304,'/account/login.php',0),(20111222,16,0,'MOZILLA',5.00,'Mac',1324567304,'/my/index.php',0),(20111222,16,0,'MOZILLA',5.00,'Mac',1324567308,'/projects/codendi/',0),(20111222,16,0,'MOZILLA',5.00,'Mac',1324567310,'/my/index.php',0),(20111222,16,0,'MOZILLA',5.00,'Mac',1324567311,'/admin/index.php',0),(20111222,16,0,'MOZILLA',5.00,'Mac',1324567319,'/plugins/pluginsadministration/index.php',0),(20111222,16,0,'MOZILLA',5.00,'Mac',1324567333,'/plugins/pluginsadministration/index.php',0),(20111222,16,0,'MOZILLA',5.00,'Mac',1324567337,'/plugins/pluginsadministration/index.php',0),(20111222,16,0,'MOZILLA',5.00,'Mac',1324567341,'/plugins/pluginsadministration/index.php',0),(20111222,16,0,'MOZILLA',5.00,'Mac',1324567353,'/plugins/pluginsadministration/index.php',0),(20111222,16,0,'MOZILLA',5.00,'Mac',1324567361,'/plugins/pluginsadministration/index.php',0),(20111222,16,0,'MOZILLA',5.00,'Mac',1324567368,'/plugins/pluginsadministration/index.php',0),(20111222,16,0,'MOZILLA',5.00,'Mac',1324567370,'/plugins/pluginsadministration/index.php',0),(20111222,16,0,'MOZILLA',5.00,'Mac',1324567378,'/plugins/pluginsadministration/index.php',0),(20111222,16,0,'MOZILLA',5.00,'Mac',1324567390,'/account/logout.php',0),(20111222,16,0,'MOZILLA',5.00,'Mac',1324567390,'/index.php',0),(20111222,16,0,'MOZILLA',5.00,'Mac',1324567393,'/account/login.php',0),(20111222,16,0,'MOZILLA',5.00,'Mac',1324567400,'/account/login.php',0),(20111222,16,0,'MOZILLA',5.00,'Mac',1324567400,'/my/index.php',0),(20111222,16,0,'MOZILLA',5.00,'Mac',1324567404,'/projects/nty/',0),(20111222,16,101,'MOZILLA',5.00,'Mac',1324567410,'/project/admin/index.php',0),(20111222,16,101,'MOZILLA',5.00,'Mac',1324567416,'/project/admin/servicebar.php',0),(20111222,16,101,'MOZILLA',5.00,'Mac',1324567421,'/project/admin/editservice.php',0),(20111222,16,101,'MOZILLA',5.00,'Mac',1324567426,'/project/admin/servicebar.php',0),(20111222,16,101,'MOZILLA',5.00,'Mac',1324567429,'/plugins/tracker/index.php',0),(20111222,16,101,'MOZILLA',5.00,'Mac',1324567451,'/plugins/tracker/index.php',0),(20111222,16,101,'MOZILLA',5.00,'Mac',1324567507,'/plugins/tracker/index.php',0),(20111222,16,101,'MOZILLA',5.00,'Mac',1324567513,'/plugins/tracker/index.php',0),(20111222,16,101,'MOZILLA',5.00,'Mac',1324567549,'/plugins/tracker/index.php',0),(20111222,16,101,'MOZILLA',5.00,'Mac',1324567583,'/plugins/tracker/index.php',0),(20111222,16,101,'MOZILLA',5.00,'Mac',1324567593,'/plugins/tracker/index.php',0),(20111222,16,101,'MOZILLA',5.00,'Mac',1324567607,'/plugins/tracker/index.php',0),(20111222,16,101,'MOZILLA',5.00,'Mac',1324567613,'/plugins/tracker/index.php',0),(20111222,16,101,'MOZILLA',5.00,'Mac',1324567615,'/plugins/tracker/index.php',0),(20111222,16,101,'MOZILLA',5.00,'Mac',1324567633,'/plugins/tracker/index.php',0),(20111222,16,101,'MOZILLA',5.00,'Mac',1324567638,'/plugins/tracker/index.php',0),(20111222,16,101,'MOZILLA',5.00,'Mac',1324567656,'/plugins/tracker/index.php',0),(20111222,16,101,'MOZILLA',5.00,'Mac',1324567693,'/plugins/tracker/index.php',0),(20111222,16,101,'MOZILLA',5.00,'Mac',1324567719,'/plugins/tracker/index.php',0),(20111222,16,101,'MOZILLA',5.00,'Mac',1324567733,'/plugins/tracker/index.php',0),(20111222,16,101,'MOZILLA',5.00,'Mac',1324567763,'/plugins/tracker/index.php',0),(20111222,16,101,'MOZILLA',5.00,'Mac',1324567773,'/plugins/tracker/index.php',0),(20111222,16,101,'MOZILLA',5.00,'Mac',1324567796,'/plugins/tracker/index.php',0),(20111222,16,101,'MOZILLA',5.00,'Mac',1324567807,'/plugins/tracker/index.php',0),(20111222,16,101,'MOZILLA',5.00,'Mac',1324568110,'/plugins/tracker/index.php',0),(20111222,16,0,'MOZILLA',5.00,'Mac',1324568288,'/project/privacy.php',0),(20111222,16,101,'MOZILLA',5.00,'Mac',1324568298,'/plugins/tracker/index.php',0),(20111222,16,101,'MOZILLA',5.00,'Mac',1324568319,'/plugins/tracker/index.php',0),(20111222,16,0,'MOZILLA',5.00,'Mac',1324568414,'/index.php',0),(20111222,16,0,'MOZILLA',5.00,'Mac',1324568414,'/index.php',0),(20111222,17,101,'MOZILLA',5.00,'Mac',1324569710,'/plugins/tracker/index.php',0),(20111222,17,101,'MOZILLA',5.00,'Mac',1324569981,'/plugins/tracker/index.php',0),(20111222,17,101,'MOZILLA',5.00,'Mac',1324569983,'/plugins/tracker/index.php',0),(20111222,17,101,'MOZILLA',5.00,'Mac',1324570352,'/plugins/tracker/index.php',0),(20111222,17,0,'MOZILLA',5.00,'Mac',1324570373,'/plugins/tracker/index.php',0),(20111222,17,0,'MOZILLA',5.00,'Mac',1324570413,'/plugins/tracker/index.php',0),(20111222,17,0,'MOZILLA',5.00,'Mac',1324570414,'/plugins/tracker/index.php',0),(20111222,17,0,'MOZILLA',5.00,'Mac',1324570416,'/sparklines.php',0),(20111222,17,0,'MOZILLA',5.00,'Mac',1324570443,'/plugins/tracker/index.php',0),(20111222,17,0,'MOZILLA',5.00,'Mac',1324570444,'/plugins/tracker/index.php',0),(20111222,17,0,'MOZILLA',5.00,'Mac',1324570462,'/plugins/tracker/index.php',0),(20111222,17,0,'MOZILLA',5.00,'Mac',1324570463,'/sparklines.php',0),(20111222,17,0,'MOZILLA',5.00,'Mac',1324570472,'/plugins/tracker/index.php',0),(20111222,17,0,'MOZILLA',5.00,'Mac',1324570498,'/plugins/tracker/index.php',0),(20111222,17,0,'MOZILLA',5.00,'Mac',1324570551,'/plugins/tracker/index.php',0),(20111222,17,0,'MOZILLA',5.00,'Mac',1324570553,'/plugins/tracker/index.php',0),(20111222,17,0,'MOZILLA',5.00,'Mac',1324570554,'/sparklines.php',0),(20111222,17,0,'MOZILLA',5.00,'Mac',1324570558,'/plugins/tracker/index.php',0),(20111222,17,0,'MOZILLA',5.00,'Mac',1324570559,'/plugins/tracker/index.php',0),(20111222,17,0,'MOZILLA',5.00,'Mac',1324570560,'/plugins/tracker/index.php',0),(20111222,17,0,'MOZILLA',5.00,'Mac',1324570719,'/plugins/tracker/index.php',0),(20111222,17,0,'MOZILLA',5.00,'Mac',1324570721,'/plugins/tracker/index.php',0),(20111222,17,0,'MOZILLA',5.00,'Mac',1324570722,'/sparklines.php',0),(20111222,17,0,'MOZILLA',5.00,'Mac',1324570726,'/plugins/tracker/index.php',0),(20111222,17,0,'MOZILLA',5.00,'Mac',1324570726,'/plugins/tracker/index.php',0),(20111222,17,0,'MOZILLA',5.00,'Mac',1324570743,'/plugins/tracker/index.php',0),(20111222,17,0,'MOZILLA',5.00,'Mac',1324570744,'/sparklines.php',0),(20111222,17,0,'MOZILLA',5.00,'Mac',1324570761,'/plugins/tracker/index.php',0),(20111222,17,0,'MOZILLA',5.00,'Mac',1324570780,'/plugins/tracker/index.php',0),(20111222,17,0,'MOZILLA',5.00,'Mac',1324570842,'/plugins/tracker/index.php',0),(20111222,17,0,'MOZILLA',5.00,'Mac',1324570849,'/plugins/tracker/index.php',0),(20111222,19,0,'MOZILLA',5.00,'Mac',1324580221,'/plugins/tracker/index.php',0),(20111222,19,0,'MOZILLA',5.00,'Mac',1324580252,'/plugins/tracker/index.php',0),(20111222,19,0,'MOZILLA',5.00,'Mac',1324580253,'/plugins/tracker/index.php',0),(20111222,19,0,'MOZILLA',5.00,'Mac',1324580275,'/plugins/tracker/index.php',0),(20111222,19,0,'MOZILLA',5.00,'Mac',1324580282,'/plugins/tracker/index.php',0),(20111222,19,0,'MOZILLA',5.00,'Mac',1324580291,'/plugins/tracker/index.php',0),(20111222,20,0,'MOZILLA',5.00,'Mac',1324580543,'/plugins/tracker/index.php',0),(20111222,20,0,'MOZILLA',5.00,'Mac',1324580544,'/plugins/tracker/index.php',0),(20111222,20,0,'MOZILLA',5.00,'Mac',1324580581,'/plugins/tracker/index.php',0),(20111222,20,0,'MOZILLA',5.00,'Mac',1324580600,'/plugins/tracker/index.php',0),(20111222,20,0,'MOZILLA',5.00,'Mac',1324580601,'/plugins/tracker/index.php',0),(20111222,20,0,'MOZILLA',5.00,'Mac',1324580611,'/plugins/tracker/index.php',0),(20111222,20,0,'MOZILLA',5.00,'Mac',1324580628,'/plugins/tracker/index.php',0),(20111222,20,0,'MOZILLA',5.00,'Mac',1324580629,'/plugins/tracker/index.php',0),(20111222,20,0,'MOZILLA',5.00,'Mac',1324580644,'/plugins/tracker/index.php',0),(20111222,20,0,'MOZILLA',5.00,'Mac',1324580645,'/plugins/tracker/index.php',0),(20111222,20,0,'MOZILLA',5.00,'Mac',1324580649,'/plugins/tracker/index.php',0),(20111222,20,0,'MOZILLA',5.00,'Mac',1324580662,'/plugins/tracker/index.php',0),(20111222,20,0,'MOZILLA',5.00,'Mac',1324580681,'/plugins/tracker/index.php',0),(20111222,20,0,'MOZILLA',5.00,'Mac',1324580686,'/plugins/tracker/index.php',0),(20111222,20,0,'MOZILLA',5.00,'Mac',1324580694,'/plugins/tracker/index.php',0),(20111222,20,0,'MOZILLA',5.00,'Mac',1324580698,'/plugins/tracker/index.php',0),(20111222,20,0,'MOZILLA',5.00,'Mac',1324580707,'/plugins/tracker/index.php',0),(20111222,20,0,'MOZILLA',5.00,'Mac',1324580718,'/plugins/tracker/index.php',0),(20111222,20,0,'MOZILLA',5.00,'Mac',1324580725,'/plugins/tracker/index.php',0),(20111222,20,0,'MOZILLA',5.00,'Mac',1324580725,'/plugins/tracker/index.php',0),(20111222,20,0,'MOZILLA',5.00,'Mac',1324580759,'/plugins/tracker/index.php',0),(20111222,20,0,'MOZILLA',5.00,'Mac',1324580760,'/plugins/tracker/index.php',0),(20111222,20,0,'MOZILLA',5.00,'Mac',1324580806,'/plugins/tracker/index.php',0),(20111222,20,0,'MOZILLA',5.00,'Mac',1324580812,'/plugins/tracker/index.php',0),(20111222,20,0,'MOZILLA',5.00,'Mac',1324580813,'/plugins/tracker/index.php',0),(20111222,20,0,'MOZILLA',5.00,'Mac',1324580837,'/plugins/tracker/index.php',0),(20111222,20,0,'MOZILLA',5.00,'Mac',1324580838,'/plugins/tracker/index.php',0),(20111222,20,0,'MOZILLA',5.00,'Mac',1324580873,'/plugins/tracker/index.php',0),(20111222,20,0,'MOZILLA',5.00,'Mac',1324580878,'/plugins/tracker/index.php',0),(20111222,20,0,'MOZILLA',5.00,'Mac',1324580922,'/plugins/tracker/index.php',0),(20111222,20,0,'MOZILLA',5.00,'Mac',1324580923,'/plugins/tracker/index.php',0),(20111222,20,0,'MOZILLA',5.00,'Mac',1324580931,'/plugins/tracker/index.php',0),(20111222,20,0,'MOZILLA',5.00,'Mac',1324580932,'/plugins/tracker/index.php',0),(20111222,20,0,'MOZILLA',5.00,'Mac',1324580938,'/plugins/tracker/index.php',0),(20111222,20,0,'MOZILLA',5.00,'Mac',1324580944,'/plugins/tracker/index.php',0),(20111222,20,0,'MOZILLA',5.00,'Mac',1324580951,'/plugins/tracker/index.php',0),(20111222,20,0,'MOZILLA',5.00,'Mac',1324580952,'/plugins/tracker/index.php',0),(20111222,20,0,'MOZILLA',5.00,'Mac',1324580961,'/plugins/tracker/index.php',0),(20111222,20,0,'MOZILLA',5.00,'Mac',1324580962,'/plugins/tracker/index.php',0),(20111222,20,0,'MOZILLA',5.00,'Mac',1324581423,'/index.php',0),(20111222,20,0,'MOZILLA',5.00,'Mac',1324581423,'/index.php',0),(20111222,21,0,'MOZILLA',5.00,'Mac',1324587595,'/my/index.php',0),(20111222,21,0,'MOZILLA',5.00,'Mac',1324587598,'/projects/nty/',0),(20111222,22,101,'MOZILLA',5.00,'Mac',1324587611,'/project/admin/index.php',0),(20111222,22,101,'MOZILLA',5.00,'Mac',1324587615,'/project/admin/editgroupinfo.php',0),(20111222,22,101,'MOZILLA',5.00,'Mac',1324587665,'/project/admin/editgroupinfo.php',0),(20111222,22,101,'MOZILLA',5.00,'Mac',1324587686,'/project/admin/editgroupinfo.php',0),(20111222,22,101,'MOZILLA',5.00,'Mac',1324587690,'/project/admin/index.php',0),(20111222,22,0,'MOZILLA',5.00,'Mac',1324587699,'/users/johan/',0),(20111222,22,101,'MOZILLA',5.00,'Mac',1324587737,'/tracker/index.php',0),(20111222,22,101,'MOZILLA',5.00,'Mac',1324587747,'/project/admin/index.php',0),(20111222,22,101,'MOZILLA',5.00,'Mac',1324587752,'/project/admin/editgroupinfo.php',0),(20111222,22,101,'MOZILLA',5.00,'Mac',1324587769,'/project/admin/editgroupinfo.php',0),(20111222,22,101,'MOZILLA',5.00,'Mac',1324587774,'/project/admin/index.php',0),(20111222,22,0,'MOZILLA',5.00,'Mac',1324587937,'/projects/nty/',0),(20111222,22,101,'MOZILLA',5.00,'Mac',1324587959,'/project/admin/group_trove.php',0),(20111222,22,101,'MOZILLA',5.00,'Mac',1324587998,'/file/showfiles.php',0),(20111222,22,101,'MOZILLA',5.00,'Mac',1324588073,'/file/showfiles.php',0),(20111222,22,101,'MOZILLA',5.00,'Mac',1324588099,'/project/admin/index.php',0),(20111222,22,101,'MOZILLA',5.00,'Mac',1324588103,'/project/admin/servicebar.php',0),(20111222,22,101,'MOZILLA',5.00,'Mac',1324588175,'/project/admin/editservice.php',0),(20111222,22,101,'MOZILLA',5.00,'Mac',1324588277,'/project/admin/editservice.php',0),(20111222,22,101,'MOZILLA',5.00,'Mac',1324588286,'/tracker/index.php',0),(20111222,22,101,'MOZILLA',5.00,'Mac',1324588635,'/project/admin/index.php',0),(20111222,22,0,'MOZILLA',5.00,'Mac',1324588648,'/account/logout.php',0),(20111222,22,0,'MOZILLA',5.00,'Mac',1324588648,'/index.php',0),(20111222,22,0,'MOZILLA',5.00,'Mac',1324588651,'/account/login.php',0),(20111222,22,0,'MOZILLA',5.00,'Mac',1324588652,'/account/login.php',0),(20111222,22,0,'MOZILLA',5.00,'Mac',1324588658,'/account/login.php',0),(20111222,22,0,'MOZILLA',5.00,'Mac',1324588658,'/my/index.php',0),(20111222,22,0,'MOZILLA',5.00,'Mac',1324588659,'/widgets/widget.php',0),(20111222,22,0,'MOZILLA',5.00,'Mac',1324588660,'/widgets/widget.php',0),(20111222,22,0,'MOZILLA',5.00,'Mac',1324588660,'/widgets/widget.php',0),(20111222,22,0,'MOZILLA',5.00,'Mac',1324588661,'/widgets/widget.php',0),(20111222,22,0,'MOZILLA',5.00,'Mac',1324588662,'/projects/codendi/',0),(20111222,22,0,'MOZILLA',5.00,'Mac',1324588663,'/widgets/widget.php',0),(20111222,22,0,'MOZILLA',5.00,'Mac',1324588664,'/plugins/IM/index.php',0),(20111222,22,1,'MOZILLA',5.00,'Mac',1324588670,'/plugins/docman/index.php',0),(20111222,22,1,'MOZILLA',5.00,'Mac',1324588687,'/project/admin/index.php',0),(20111222,22,0,'MOZILLA',5.00,'Mac',1324588688,'/plugins/IM/index.php',0),(20111222,22,0,'MOZILLA',5.00,'Mac',1324588718,'/admin/index.php',0),(20111222,22,0,'MOZILLA',5.00,'Mac',1324588723,'/admin/grouplist.php',0),(20111222,22,101,'MOZILLA',5.00,'Mac',1324588728,'/admin/groupedit.php',0),(20111222,22,101,'MOZILLA',5.00,'Mac',1324588732,'/project/admin/index.php',0),(20111222,22,0,'MOZILLA',5.00,'Mac',1324588733,'/plugins/IM/index.php',0),(20111222,22,101,'MOZILLA',5.00,'Mac',1324588745,'/plugins/git/index.php',0),(20111222,22,101,'MOZILLA',5.00,'Mac',1324588748,'/project/admin/index.php',0),(20111222,22,0,'MOZILLA',5.00,'Mac',1324588749,'/plugins/IM/index.php',0),(20111222,22,0,'MOZILLA',5.00,'Mac',1324588750,'/account/logout.php',0),(20111222,22,0,'MOZILLA',5.00,'Mac',1324588750,'/index.php',0),(20111222,22,0,'MOZILLA',5.00,'Mac',1324588754,'/account/login.php',0),(20111222,22,0,'MOZILLA',5.00,'Mac',1324588762,'/account/login.php',0),(20111222,22,0,'MOZILLA',5.00,'Mac',1324588762,'/my/index.php',0),(20111222,22,0,'MOZILLA',5.00,'Mac',1324588764,'/widgets/widget.php',0),(20111222,22,0,'MOZILLA',5.00,'Mac',1324588764,'/widgets/widget.php',0),(20111222,22,0,'MOZILLA',5.00,'Mac',1324588765,'/widgets/widget.php',0),(20111222,22,0,'MOZILLA',5.00,'Mac',1324588765,'/widgets/widget.php',0),(20111222,22,0,'MOZILLA',5.00,'Mac',1324588768,'/my/index.php',0),(20111222,22,0,'MOZILLA',5.00,'Mac',1324588769,'/widgets/widget.php',0),(20111222,22,0,'MOZILLA',5.00,'Mac',1324588770,'/widgets/widget.php',0),(20111222,22,0,'MOZILLA',5.00,'Mac',1324588770,'/widgets/widget.php',0),(20111222,22,0,'MOZILLA',5.00,'Mac',1324588770,'/widgets/widget.php',0),(20111222,22,0,'MOZILLA',5.00,'Mac',1324588771,'/projects/nty/',0),(20111222,22,0,'MOZILLA',5.00,'Mac',1324588773,'/widgets/widget.php',0),(20111222,22,0,'MOZILLA',5.00,'Mac',1324588774,'/plugins/IM/index.php',0),(20111222,22,101,'MOZILLA',5.00,'Mac',1324588777,'/plugins/git/index.php',0),(20111222,22,101,'MOZILLA',5.00,'Mac',1324588777,'/plugins/git/index.php',0),(20111222,22,101,'MOZILLA',5.00,'Mac',1324588782,'/project/admin/index.php',0),(20111222,22,0,'MOZILLA',5.00,'Mac',1324588783,'/plugins/IM/index.php',0),(20111222,22,101,'MOZILLA',5.00,'Mac',1324588784,'/plugins/tracker/index.php',0),(20111222,22,101,'MOZILLA',5.00,'Mac',1324588787,'/project/admin/index.php',0),(20111222,22,0,'MOZILLA',5.00,'Mac',1324588788,'/plugins/IM/index.php',0),(20111222,22,101,'MOZILLA',5.00,'Mac',1324588792,'/project/admin/editgroupinfo.php',0),(20111222,22,101,'MOZILLA',5.00,'Mac',1324588804,'/project/admin/editgroupinfo.php',0),(20111222,22,101,'MOZILLA',5.00,'Mac',1324588807,'/plugins/tracker/index.php',0),(20111222,22,101,'MOZILLA',5.00,'Mac',1324588811,'/project/admin/index.php',0),(20111222,22,0,'MOZILLA',5.00,'Mac',1324588812,'/plugins/IM/index.php',0),(20111222,22,101,'MOZILLA',5.00,'Mac',1324588819,'/plugins/tracker/index.php',0),(20111222,22,0,'MOZILLA',5.00,'Mac',1324589329,'/plugins/tracker/index.php',0),(20111222,22,0,'MOZILLA',5.00,'Mac',1324589331,'/sparklines.php',0),(20111222,22,0,'MOZILLA',5.00,'Mac',1324589336,'/plugins/tracker/index.php',0),(20111222,22,0,'MOZILLA',5.00,'Mac',1324589338,'/plugins/tracker/index.php',0),(20111222,22,0,'MOZILLA',5.00,'Mac',1324589347,'/plugins/tracker/index.php',0),(20111222,22,0,'MOZILLA',5.00,'Mac',1324589442,'/plugins/tracker/index.php',0),(20111222,22,0,'MOZILLA',5.00,'Mac',1324589444,'/sparklines.php',0),(20111222,22,0,'MOZILLA',5.00,'Mac',1324589578,'/plugins/tracker/index.php',0),(20111222,22,0,'MOZILLA',5.00,'Mac',1324589603,'/plugins/tracker/index.php',0),(20111222,22,0,'MOZILLA',5.00,'Mac',1324589615,'/plugins/tracker/index.php',0),(20111222,22,0,'MOZILLA',5.00,'Mac',1324589645,'/plugins/tracker/index.php',0),(20111222,22,0,'MOZILLA',5.00,'Mac',1324589646,'/plugins/tracker/index.php',0),(20111222,22,0,'MOZILLA',5.00,'Mac',1324589654,'/plugins/tracker/index.php',0),(20111222,22,0,'MOZILLA',5.00,'Mac',1324589676,'/plugins/tracker/index.php',0),(20111222,22,0,'MOZILLA',5.00,'Mac',1324589677,'/plugins/tracker/index.php',0),(20111222,22,0,'MOZILLA',5.00,'Mac',1324589683,'/plugins/tracker/index.php',0),(20111222,22,0,'MOZILLA',5.00,'Mac',1324589697,'/plugins/tracker/index.php',0),(20111222,22,0,'MOZILLA',5.00,'Mac',1324589698,'/plugins/tracker/index.php',0),(20120116,14,0,'MOZILLA',5.00,'Linux',1326721983,'/index.php',0),(20120116,14,0,'MOZILLA',5.00,'Linux',1326721984,'/index.php',0),(20120116,14,0,'MOZILLA',5.00,'Linux',1326721985,'/index.php',0),(20120116,14,0,'MOZILLA',5.00,'Linux',1326721986,'/account/login.php',0),(20120116,14,0,'MOZILLA',5.00,'Linux',1326721986,'/account/login.php',0),(20120116,14,0,'MOZILLA',5.00,'Linux',1326721988,'/account/login.php',0),(20120116,14,0,'MOZILLA',5.00,'Mac',1326722140,'/my/index.php',0),(20120116,14,0,'MOZILLA',5.00,'Mac',1326722140,'/account/login.php',0),(20120116,14,0,'MOZILLA',5.00,'Mac',1326722149,'/account/login.php',0),(20120116,14,0,'MOZILLA',5.00,'Mac',1326722149,'/my/index.php',0),(20120116,14,0,'MOZILLA',5.00,'Mac',1326722151,'/widgets/widget.php',0),(20120116,14,0,'MOZILLA',5.00,'Mac',1326722152,'/widgets/widget.php',0),(20120116,14,0,'MOZILLA',5.00,'Mac',1326722152,'/widgets/widget.php',0),(20120116,14,0,'MOZILLA',5.00,'Mac',1326722153,'/widgets/widget.php',0),(20120116,14,0,'MOZILLA',5.00,'Mac',1326722153,'/project/privacy.php',0),(20120116,14,0,'MOZILLA',5.00,'Mac',1326722153,'/project/privacy.php',0),(20120116,15,0,'MOZILLA',5.00,'Mac',1326722461,'/index.php',0),(20120116,15,0,'MOZILLA',5.00,'Mac',1326722462,'/index.php',0),(20120116,15,0,'MOZILLA',5.00,'Mac',1326722466,'/account/login.php',0),(20120116,15,0,'MOZILLA',5.00,'Mac',1326722476,'/account/login.php',0),(20120116,15,0,'MOZILLA',5.00,'Mac',1326722483,'/account/login.php',0),(20120116,15,0,'MOZILLA',5.00,'Mac',1326722495,'/projects/codendi/',0),(20120116,15,0,'MOZILLA',5.00,'Mac',1326722498,'/plugins/IM/index.php',0),(20120116,15,0,'MOZILLA',5.00,'Mac',1326722498,'/widgets/widget.php',0),(20120116,15,0,'MOZILLA',5.00,'Mac',1326722502,'/admin/index.php',0),(20120116,15,0,'MOZILLA',5.00,'Mac',1326722504,'/admin/userlist.php',0),(20120116,15,0,'MOZILLA',5.00,'Mac',1326722594,'/index.php',0),(20120116,15,0,'MOZILLA',5.00,'Mac',1326722596,'/my/index.php',0),(20120116,15,0,'MOZILLA',5.00,'Mac',1326722598,'/widgets/widget.php',0),(20120116,15,0,'MOZILLA',5.00,'Mac',1326722598,'/widgets/widget.php',0),(20120116,15,0,'MOZILLA',5.00,'Mac',1326722599,'/widgets/widget.php',0),(20120116,15,0,'MOZILLA',5.00,'Mac',1326722599,'/widgets/widget.php',0),(20120116,15,0,'MOZILLA',5.00,'Mac',1326722605,'/projects/codendi/',0),(20120116,15,0,'MOZILLA',5.00,'Mac',1326722606,'/plugins/IM/index.php',0),(20120116,15,0,'MOZILLA',5.00,'Mac',1326722606,'/widgets/widget.php',0),(20120116,15,1,'MOZILLA',5.00,'Mac',1326722612,'/project/admin/index.php',0),(20120116,15,0,'MOZILLA',5.00,'Mac',1326722613,'/plugins/IM/index.php',0),(20120116,15,0,'MOZILLA',5.00,'Mac',1326722618,'/admin/index.php',0),(20120116,15,0,'MOZILLA',5.00,'Mac',1326722621,'/admin/userlist.php',0),(20120116,15,0,'MOZILLA',5.00,'Mac',1326722622,'/admin/index.php',0),(20120116,15,0,'MOZILLA',5.00,'Mac',1326722624,'/admin/register_admin.php',0),(20120116,15,0,'MOZILLA',5.00,'Mac',1326722624,'/scripts/check_pw.js.php',0),(20120116,15,0,'MOZILLA',5.00,'Mac',1326722625,'/include/check_pw.php',0),(20120116,15,0,'MOZILLA',5.00,'Mac',1326722632,'/include/check_pw.php',0),(20120116,15,0,'MOZILLA',5.00,'Mac',1326722633,'/include/check_pw.php',0),(20120116,15,0,'MOZILLA',5.00,'Mac',1326722633,'/include/check_pw.php',0),(20120116,15,0,'MOZILLA',5.00,'Mac',1326722634,'/include/check_pw.php',0),(20120116,15,0,'MOZILLA',5.00,'Mac',1326722634,'/include/check_pw.php',0),(20120116,15,0,'MOZILLA',5.00,'Mac',1326722635,'/include/check_pw.php',0),(20120116,15,0,'MOZILLA',5.00,'Mac',1326722635,'/include/check_pw.php',0),(20120116,15,0,'MOZILLA',5.00,'Mac',1326722635,'/include/check_pw.php',0),(20120116,15,0,'MOZILLA',5.00,'Mac',1326722665,'/admin/register_admin.php',0),(20120116,15,0,'MOZILLA',5.00,'Mac',1326722671,'/admin/index.php',0),(20120116,15,0,'MOZILLA',5.00,'Mac',1326722673,'/admin/grouplist.php',0),(20120116,15,101,'MOZILLA',5.00,'Mac',1326722676,'/admin/groupedit.php',0),(20120116,15,101,'MOZILLA',5.00,'Mac',1326722690,'/admin/userlist.php',0),(20120116,15,101,'MOZILLA',5.00,'Mac',1326722694,'/admin/groupedit.php',0),(20120116,15,101,'MOZILLA',5.00,'Mac',1326722697,'/project/admin/index.php',0),(20120116,15,0,'MOZILLA',5.00,'Mac',1326722698,'/plugins/IM/index.php',0),(20120116,15,0,'MOZILLA',5.00,'Mac',1326722707,'/user/autocomplete.php',0),(20120116,15,101,'MOZILLA',5.00,'Mac',1326722712,'/project/admin/index.php',0),(20120116,15,0,'MOZILLA',5.00,'Mac',1326722734,'/plugins/IM/index.php',0),(20120116,15,0,'MOZILLA',5.00,'Linux',1326722974,'/index.php',0),(20120116,15,0,'MOZILLA',5.00,'Linux',1326722974,'/index.php',0),(20120116,15,0,'MOZILLA',5.00,'Linux',1326722975,'/account/login.php',0),(20120116,15,0,'MOZILLA',5.00,'Linux',1326722976,'/account/login.php',0),(20120116,15,0,'MOZILLA',5.00,'Linux',1326722976,'/account/login.php',0),(20120116,15,0,'MOZILLA',5.00,'Linux',1326722978,'/account/login.php',0),(20120116,15,0,'MOZILLA',5.00,'Linux',1326722978,'/my/index.php',0),(20120116,15,0,'MOZILLA',5.00,'Linux',1326722979,'/my/index.php',0),(20120116,15,0,'MOZILLA',5.00,'Linux',1326722980,'/widgets/widget.php',0),(20120116,15,0,'MOZILLA',5.00,'Linux',1326722981,'/widgets/widget.php',0),(20120116,15,0,'MOZILLA',5.00,'Linux',1326722981,'/widgets/widget.php',0),(20120116,15,0,'MOZILLA',5.00,'Linux',1326722982,'/projects/nty/',0),(20120116,15,0,'MOZILLA',5.00,'Linux',1326722983,'/projects/nty/',0),(20120116,15,0,'MOZILLA',5.00,'Linux',1326722984,'/widgets/widget.php',0),(20120116,15,0,'MOZILLA',5.00,'Linux',1326722984,'/projects/nty/',0),(20120116,15,0,'MOZILLA',5.00,'Linux',1326722985,'/plugins/IM/index.php',0),(20120116,15,0,'MOZILLA',5.00,'Linux',1326722986,'/widgets/widget.php',0),(20120116,15,0,'MOZILLA',5.00,'Mac',1326724050,'/account/logout.php',0),(20120116,15,0,'MOZILLA',5.00,'Mac',1326724051,'/index.php',0),(20120116,15,0,'MOZILLA',5.00,'Mac',1326724054,'/account/login.php',0),(20120116,15,0,'MOZILLA',5.00,'Mac',1326724067,'/account/login.php',0),(20120116,15,0,'MOZILLA',5.00,'Mac',1326724067,'/my/index.php',0),(20120116,15,0,'MOZILLA',5.00,'Mac',1326724069,'/widgets/widget.php',0),(20120116,15,0,'MOZILLA',5.00,'Mac',1326724069,'/widgets/widget.php',0),(20120116,15,0,'MOZILLA',5.00,'Mac',1326724070,'/widgets/widget.php',0),(20120116,15,0,'MOZILLA',5.00,'Mac',1326724070,'/widgets/widget.php',0),(20120116,15,0,'MOZILLA',5.00,'Mac',1326724071,'/project/privacy.php',0),(20120116,15,0,'MOZILLA',5.00,'Mac',1326724071,'/project/privacy.php',0),(20120116,15,0,'MOZILLA',5.00,'Mac',1326724072,'/projects/nty/',0),(20120116,15,0,'MOZILLA',5.00,'Mac',1326724073,'/widgets/widget.php',0),(20120116,15,0,'MOZILLA',5.00,'Mac',1326724074,'/plugins/IM/index.php',0),(20120116,15,0,'MOZILLA',5.00,'Mac',1326724130,'/index.php',0),(20120116,15,0,'MOZILLA',5.00,'Mac',1326724135,'/account/login.php',0),(20120116,15,0,'MOZILLA',5.00,'Mac',1326724136,'/account/login.php',0),(20120116,15,0,'MOZILLA',5.00,'Mac',1326724140,'/account/login.php',0),(20120116,15,0,'MOZILLA',5.00,'Mac',1326724141,'/my/index.php',0),(20120116,15,0,'MOZILLA',5.00,'Mac',1326724142,'/widgets/widget.php',0),(20120116,15,0,'MOZILLA',5.00,'Mac',1326724142,'/widgets/widget.php',0),(20120116,15,0,'MOZILLA',5.00,'Mac',1326724143,'/widgets/widget.php',0),(20120116,15,0,'MOZILLA',5.00,'Mac',1326724143,'/widgets/widget.php',0),(20120116,15,0,'MOZILLA',5.00,'Mac',1326724145,'/admin/index.php',0),(20120116,15,0,'MOZILLA',5.00,'Mac',1326724148,'/plugins/pluginsadministration/index.php',0),(20120116,15,0,'MOZILLA',5.00,'Mac',1326724188,'/softwaremap/index.php',0),(20120116,15,0,'MOZILLA',5.00,'Mac',1326724189,'/softwaremap/trove_list.php',0),(20120116,15,0,'MOZILLA',5.00,'Mac',1326724194,'/softwaremap/trove_list.php',0),(20120116,15,0,'MOZILLA',5.00,'Mac',1326724197,'/projects/nty/',0),(20120116,15,0,'MOZILLA',5.00,'Mac',1326724198,'/plugins/IM/index.php',0),(20120116,15,0,'MOZILLA',5.00,'Mac',1326724199,'/widgets/widget.php',0),(20120116,15,101,'MOZILLA',5.00,'Mac',1326724202,'/project/admin/index.php',0),(20120116,15,0,'MOZILLA',5.00,'Mac',1326724203,'/plugins/IM/index.php',0),(20120116,15,101,'MOZILLA',5.00,'Mac',1326724211,'/project/admin/userperms.php',0),(20120116,15,101,'MOZILLA',5.00,'Mac',1326724218,'/project/admin/userperms.php',0),(20120116,15,0,'MOZILLA',5.00,'Mac',1326724501,'/index.php',0),(20120116,15,0,'MOZILLA',5.00,'Mac',1326724501,'/index.php',0),(20120116,15,0,'MOZILLA',5.00,'Mac',1326724503,'/account/login.php',0),(20120116,15,0,'MOZILLA',5.00,'Mac',1326724504,'/account/login.php',0),(20120116,15,0,'MOZILLA',5.00,'Mac',1326724504,'/my/index.php',0),(20120116,15,0,'MOZILLA',5.00,'Mac',1326724506,'/widgets/widget.php',0),(20120116,15,0,'MOZILLA',5.00,'Mac',1326724506,'/widgets/widget.php',0),(20120116,15,0,'MOZILLA',5.00,'Mac',1326724506,'/widgets/widget.php',0),(20120116,15,0,'MOZILLA',5.00,'Mac',1326724507,'/widgets/widget.php',0),(20120116,15,0,'MOZILLA',5.00,'Mac',1326724508,'/projects/nty/',0),(20120116,15,0,'MOZILLA',5.00,'Mac',1326724509,'/plugins/IM/index.php',0),(20120116,15,0,'MOZILLA',5.00,'Mac',1326724509,'/widgets/widget.php',0),(20120116,15,0,'MOZILLA',5.00,'Mac',1326724510,'/projects/nty/',0),(20111221,18,0,'MOZILLA',5.00,'Mac',1324487385,'/index.php',0),(20111221,18,0,'MOZILLA',5.00,'Mac',1324487385,'/index.php',0),(20111221,19,0,'MOZILLA',5.00,'Linux',1324490419,'/index.php',0),(20111221,19,0,'MOZILLA',5.00,'Linux',1324490419,'/index.php',0),(20111221,19,0,'MOZILLA',5.00,'Linux',1324490672,'/index.php',0),(20111221,19,0,'MOZILLA',5.00,'Linux',1324490673,'/index.php',0),(20111221,19,0,'MOZILLA',5.00,'Linux',1324490674,'/account/login.php',0),(20111221,19,0,'MOZILLA',5.00,'Linux',1324490675,'/account/login.php',0),(20111221,19,0,'MOZILLA',5.00,'Linux',1324490675,'/account/login.php',0),(20111221,19,0,'MOZILLA',5.00,'Linux',1324490676,'/my/index.php',0),(20111221,19,0,'MOZILLA',5.00,'Linux',1324490676,'/my/index.php',0),(20111221,19,0,'MOZILLA',5.00,'Linux',1324490677,'/account/login.php',0),(20111221,19,0,'MOZILLA',5.00,'Linux',1324490677,'/account/login.php',0),(20111221,19,0,'MOZILLA',5.00,'Linux',1324491828,'/index.php',0),(20111221,19,0,'MOZILLA',5.00,'Linux',1324491828,'/index.php',0),(20111221,19,0,'MOZILLA',5.00,'Linux',1324493192,'/index.php',0),(20111221,19,0,'MOZILLA',5.00,'Linux',1324493192,'/index.php',0),(20111221,19,0,'MOZILLA',5.00,'Linux',1324493229,'/index.php',0),(20111221,19,0,'MOZILLA',5.00,'Linux',1324493229,'/index.php',0),(20111221,19,0,'MOZILLA',5.00,'Linux',1324493991,'/projects',0),(20111221,19,0,'MOZILLA',5.00,'Linux',1324493991,'/projects',0),(20111221,20,0,'MOZILLA',5.00,'Linux',1324494510,'/index.php',0),(20111221,20,0,'MOZILLA',5.00,'Linux',1324494511,'/index.php',0),(20111221,20,0,'MOZILLA',5.00,'Linux',1324494512,'/index.php',0),(20111221,20,0,'MOZILLA',5.00,'Linux',1324495373,'/index.php',0),(20111221,20,0,'MOZILLA',5.00,'Linux',1324495374,'/index.php',0),(20111221,20,0,'MOZILLA',5.00,'Linux',1324495374,'/index.php',0),(20111221,20,0,'MOZILLA',5.00,'Mac',1324495576,'/index.php',0),(20111221,20,0,'MOZILLA',5.00,'Mac',1324495576,'/index.php',0),(20111221,20,0,'MOZILLA',5.00,'Linux',1324495770,'/index.php',0),(20111221,20,0,'MOZILLA',5.00,'Linux',1324495770,'/index.php',0),(20111221,20,0,'MOZILLA',5.00,'Linux',1324495771,'/my/index.php',0),(20111221,20,0,'MOZILLA',5.00,'Linux',1324495772,'/my/index.php',0),(20111221,20,0,'MOZILLA',5.00,'Linux',1324495772,'/account/login.php',0),(20111221,20,0,'MOZILLA',5.00,'Linux',1324495772,'/account/login.php',0),(20111221,20,0,'MOZILLA',5.00,'Linux',1324495845,'/index.php',0),(20111221,20,0,'MOZILLA',5.00,'Linux',1324495845,'/index.php',0),(20111221,20,0,'MOZILLA',5.00,'Linux',1324495846,'/my/index.php',0),(20111221,20,0,'MOZILLA',5.00,'Linux',1324495846,'/account/login.php',0),(20111221,20,0,'MOZILLA',5.00,'Linux',1324495847,'/my/index.php',0),(20111221,20,0,'MOZILLA',5.00,'Mac',1324495865,'/account/login.php',0),(20111221,20,0,'MOZILLA',5.00,'Mac',1324495870,'/account/login.php',0),(20111221,20,0,'MOZILLA',5.00,'Linux',1324495958,'/index.php',0),(20111221,20,0,'MOZILLA',5.00,'Linux',1324495958,'/index.php',0),(20111221,20,0,'MOZILLA',5.00,'Linux',1324495959,'/my/index.php',0),(20111221,20,0,'MOZILLA',5.00,'Linux',1324495959,'/my/index.php',0),(20111221,20,0,'MOZILLA',5.00,'Linux',1324495959,'/account/login.php',0),(20111221,20,0,'MOZILLA',5.00,'Linux',1324495960,'/account/login.php',0),(20111221,20,0,'MOZILLA',5.00,'Mac',1324496047,'/account/login.php',0),(20111221,21,0,'MOZILLA',5.00,'Linux',1324498433,'/index.php',0),(20111221,21,0,'MOZILLA',5.00,'Linux',1324498433,'/index.php',0),(20111221,21,0,'MOZILLA',5.00,'Linux',1324498433,'/index.php',0),(20111221,21,0,'MOZILLA',5.00,'Linux',1324498434,'/my/index.php',0),(20111221,21,0,'MOZILLA',5.00,'Linux',1324498434,'/my/index.php',0),(20111221,21,0,'MOZILLA',5.00,'Linux',1324498435,'/account/login.php',0),(20111221,21,0,'MOZILLA',5.00,'Linux',1324498615,'/index.php',0),(20111221,21,0,'MOZILLA',5.00,'Linux',1324498615,'/index.php',0),(20111221,21,0,'MOZILLA',5.00,'Linux',1324498616,'/index.php',0),(20111221,21,0,'MOZILLA',5.00,'Linux',1324498616,'/my/index.php',0),(20111221,21,0,'MOZILLA',5.00,'Linux',1324498617,'/my/index.php',0),(20111221,21,0,'MOZILLA',5.00,'Linux',1324498617,'/account/login.php',0),(20111221,21,0,'MOZILLA',5.00,'Linux',1324498679,'/index.php',0),(20111221,21,0,'MOZILLA',5.00,'Linux',1324498679,'/index.php',0),(20111221,21,0,'MOZILLA',5.00,'Linux',1324498680,'/my/index.php',0),(20111221,21,0,'MOZILLA',5.00,'Linux',1324498681,'/my/index.php',0),(20111221,21,0,'MOZILLA',5.00,'Linux',1324498681,'/account/login.php',0),(20111221,21,0,'MOZILLA',5.00,'Linux',1324498736,'/index.php',0),(20111221,21,0,'MOZILLA',5.00,'Linux',1324498736,'/index.php',0),(20111221,21,0,'MOZILLA',5.00,'Linux',1324498736,'/index.php',0),(20111221,21,0,'MOZILLA',5.00,'Linux',1324498737,'/my/index.php',0),(20111221,21,0,'MOZILLA',5.00,'Linux',1324498738,'/my/index.php',0),(20111221,21,0,'MOZILLA',5.00,'Linux',1324498738,'/account/login.php',0),(20111221,21,0,'MOZILLA',5.00,'Linux',1324498962,'/index.php',0),(20111221,21,0,'MOZILLA',5.00,'Linux',1324498962,'/index.php',0),(20111221,21,0,'MOZILLA',5.00,'Linux',1324498962,'/index.php',0),(20111221,21,0,'MOZILLA',5.00,'Linux',1324498963,'/my/index.php',0),(20111221,21,0,'MOZILLA',5.00,'Linux',1324498963,'/my/index.php',0),(20111221,21,0,'MOZILLA',5.00,'Linux',1324498964,'/account/login.php',0),(20111221,21,0,'MOZILLA',5.00,'Linux',1324498965,'/search/index.php',0),(20111221,21,0,'MOZILLA',5.00,'Mac',1324499608,'/account/login.php',0),(20111221,21,0,'MOZILLA',5.00,'Mac',1324499608,'/my/index.php',0),(20111221,21,0,'MOZILLA',5.00,'Linux',1324499692,'/index.php',0),(20111221,21,0,'MOZILLA',5.00,'Linux',1324499692,'/index.php',0),(20111221,21,0,'MOZILLA',5.00,'Linux',1324499693,'/my/index.php',0),(20111221,21,0,'MOZILLA',5.00,'Linux',1324499693,'/my/index.php',0),(20111221,21,0,'MOZILLA',5.00,'Linux',1324499693,'/account/login.php',0),(20111221,21,0,'MOZILLA',5.00,'Linux',1324499694,'/account/login.php',0),(20111221,21,0,'MOZILLA',5.00,'Linux',1324499695,'/search/index.php',0),(20111221,21,0,'MOZILLA',5.00,'Linux',1324499780,'/index.php',0),(20111221,21,0,'MOZILLA',5.00,'Linux',1324499781,'/index.php',0),(20111221,21,0,'MOZILLA',5.00,'Linux',1324499781,'/my/index.php',0),(20111221,21,0,'MOZILLA',5.00,'Linux',1324499782,'/my/index.php',0),(20111221,21,0,'MOZILLA',5.00,'Linux',1324499782,'/account/login.php',0),(20111221,21,0,'MOZILLA',5.00,'Linux',1324499783,'/search/index.php',0),(20111221,22,0,'MOZILLA',5.00,'Linux',1324501380,'/index.php',0),(20111221,22,0,'MOZILLA',5.00,'Linux',1324501380,'/index.php',0),(20111221,22,0,'MOZILLA',5.00,'Linux',1324501428,'/index.php',0),(20111221,22,0,'MOZILLA',5.00,'Linux',1324501428,'/index.php',0),(20111221,22,0,'MOZILLA',5.00,'Linux',1324501429,'/my/index.php',0),(20111221,22,0,'MOZILLA',5.00,'Linux',1324501429,'/my/index.php',0),(20111221,22,0,'MOZILLA',5.00,'Linux',1324501429,'/account/login.php',0),(20111221,22,0,'MOZILLA',5.00,'Linux',1324501430,'/account/login.php',0),(20111221,22,0,'MOZILLA',5.00,'Linux',1324501431,'/search/index.php',0),(20111221,22,0,'MOZILLA',5.00,'Linux',1324501772,'/index.php',0),(20111221,22,0,'MOZILLA',5.00,'Linux',1324501772,'/index.php',0),(20111221,22,0,'MOZILLA',5.00,'Linux',1324501773,'/my/index.php',0),(20111221,22,0,'MOZILLA',5.00,'Linux',1324501773,'/my/index.php',0),(20111221,22,0,'MOZILLA',5.00,'Linux',1324501774,'/account/login.php',0),(20111221,22,0,'MOZILLA',5.00,'Linux',1324501774,'/account/login.php',0),(20111221,22,0,'MOZILLA',5.00,'Linux',1324501775,'/search/index.php',0),(20111221,22,0,'MOZILLA',5.00,'Linux',1324501825,'/index.php',0),(20111221,22,0,'MOZILLA',5.00,'Linux',1324501825,'/index.php',0),(20111221,22,0,'MOZILLA',5.00,'Linux',1324501826,'/my/index.php',0),(20111221,22,0,'MOZILLA',5.00,'Linux',1324501826,'/my/index.php',0),(20111221,22,0,'MOZILLA',5.00,'Linux',1324501826,'/account/login.php',0),(20111221,22,0,'MOZILLA',5.00,'Linux',1324501827,'/search/index.php',0),(20111221,22,0,'MOZILLA',5.00,'Linux',1324501915,'/index.php',0),(20111221,22,0,'MOZILLA',5.00,'Linux',1324501915,'/index.php',0),(20111221,22,0,'MOZILLA',5.00,'Linux',1324501916,'/my/index.php',0),(20111221,22,0,'MOZILLA',5.00,'Linux',1324501916,'/my/index.php',0),(20111221,22,0,'MOZILLA',5.00,'Linux',1324501916,'/account/login.php',0),(20111221,22,0,'MOZILLA',5.00,'Linux',1324501918,'/search/index.php',0),(20111221,22,0,'MOZILLA',5.00,'Linux',1324501962,'/index.php',0),(20111221,22,0,'MOZILLA',5.00,'Linux',1324501962,'/index.php',0),(20111221,22,0,'MOZILLA',5.00,'Linux',1324501963,'/index.php',0),(20111221,22,0,'MOZILLA',5.00,'Linux',1324501963,'/my/index.php',0),(20111221,22,0,'MOZILLA',5.00,'Linux',1324501964,'/account/login.php',0),(20111221,22,0,'MOZILLA',5.00,'Linux',1324501964,'/my/index.php',0),(20111221,22,0,'MOZILLA',5.00,'Linux',1324501965,'/search/index.php',0),(20111221,22,0,'MOZILLA',5.00,'Linux',1324501997,'/index.php',0),(20111221,22,0,'MOZILLA',5.00,'Linux',1324501997,'/index.php',0),(20111221,22,0,'MOZILLA',5.00,'Linux',1324501998,'/my/index.php',0),(20111221,22,0,'MOZILLA',5.00,'Linux',1324501998,'/my/index.php',0),(20111221,22,0,'MOZILLA',5.00,'Linux',1324501999,'/account/login.php',0),(20111221,22,0,'MOZILLA',5.00,'Linux',1324502000,'/search/index.php',0),(20111221,22,0,'MOZILLA',5.00,'Linux',1324502318,'/index.php',0),(20111221,22,0,'MOZILLA',5.00,'Linux',1324502319,'/index.php',0),(20111221,22,0,'MOZILLA',5.00,'Linux',1324502319,'/my/index.php',0),(20111221,22,0,'MOZILLA',5.00,'Linux',1324502320,'/my/index.php',0),(20111221,22,0,'MOZILLA',5.00,'Linux',1324502320,'/account/login.php',0),(20111221,22,0,'MOZILLA',5.00,'Linux',1324502321,'/search/index.php',0),(20111221,22,0,'MOZILLA',5.00,'Linux',1324502365,'/index.php',0),(20111221,22,0,'MOZILLA',5.00,'Linux',1324502365,'/index.php',0),(20111221,22,0,'MOZILLA',5.00,'Linux',1324502366,'/my/index.php',0),(20111221,22,0,'MOZILLA',5.00,'Linux',1324502366,'/my/index.php',0),(20111221,22,0,'MOZILLA',5.00,'Linux',1324502366,'/account/login.php',0),(20111221,22,0,'MOZILLA',5.00,'Linux',1324502368,'/search/index.php',0),(20111221,22,0,'MOZILLA',5.00,'Linux',1324502587,'/index.php',0),(20111221,22,0,'MOZILLA',5.00,'Linux',1324502588,'/index.php',0),(20111221,22,0,'MOZILLA',5.00,'Linux',1324502589,'/my/index.php',0),(20111221,22,0,'MOZILLA',5.00,'Linux',1324502589,'/my/index.php',0),(20111221,22,0,'MOZILLA',5.00,'Linux',1324502589,'/account/login.php',0),(20111221,22,0,'MOZILLA',5.00,'Linux',1324502590,'/search/index.php',0),(20111221,22,0,'MOZILLA',5.00,'Linux',1324503036,'/index.php',0),(20111221,22,0,'MOZILLA',5.00,'Linux',1324503037,'/index.php',0),(20111221,22,0,'MOZILLA',5.00,'Linux',1324503298,'/index.php',0),(20111221,22,0,'MOZILLA',5.00,'Linux',1324503298,'/index.php',0),(20111221,22,0,'MOZILLA',5.00,'Linux',1324503330,'/index.php',0),(20111221,22,0,'MOZILLA',5.00,'Linux',1324503330,'/index.php',0),(20111221,22,0,'MOZILLA',5.00,'Linux',1324503345,'/index.php',0),(20111221,22,0,'MOZILLA',5.00,'Linux',1324503345,'/index.php',0),(20111221,22,0,'MOZILLA',5.00,'Linux',1324503346,'/index.php',0),(20111221,22,0,'MOZILLA',5.00,'Linux',1324503347,'/my/index.php',0),(20111221,22,0,'MOZILLA',5.00,'Linux',1324503347,'/my/index.php',0),(20111221,22,0,'MOZILLA',5.00,'Linux',1324503347,'/account/login.php',0),(20111221,22,0,'MOZILLA',5.00,'Linux',1324503348,'/search/index.php',0),(20111221,22,0,'MOZILLA',5.00,'Linux',1324503371,'/index.php',0),(20111221,22,0,'MOZILLA',5.00,'Linux',1324503372,'/index.php',0),(20111221,22,0,'MOZILLA',5.00,'Linux',1324503372,'/my/index.php',0),(20111221,22,0,'MOZILLA',5.00,'Linux',1324503373,'/my/index.php',0),(20111221,22,0,'MOZILLA',5.00,'Linux',1324503373,'/account/login.php',0),(20111221,22,0,'MOZILLA',5.00,'Linux',1324503373,'/account/login.php',0),(20111221,22,0,'MOZILLA',5.00,'Linux',1324503375,'/search/index.php',0),(20111221,22,0,'MOZILLA',5.00,'Mac',1324503467,'/account/preferences.php',0),(20111221,22,0,'MOZILLA',5.00,'Mac',1324503475,'/account/updateprefs.php',0),(20111221,22,0,'MOZILLA',5.00,'Mac',1324503475,'/account/preferences.php',0),(20111221,22,0,'MOZILLA',5.00,'Mac',1324503481,'/my/index.php',0),(20111221,22,0,'MOZILLA',5.00,'Linux',1324503510,'/index.php',0),(20111221,22,0,'MOZILLA',5.00,'Linux',1324503510,'/index.php',0),(20111221,22,0,'MOZILLA',5.00,'Linux',1324503511,'/my/index.php',0),(20111221,22,0,'MOZILLA',5.00,'Linux',1324503511,'/my/index.php',0),(20111221,22,0,'MOZILLA',5.00,'Linux',1324503511,'/account/login.php',0),(20111221,22,0,'MOZILLA',5.00,'Linux',1324503512,'/search/index.php',0),(20111221,22,0,'MOZILLA',5.00,'Linux',1324503621,'/index.php',0),(20111221,22,0,'MOZILLA',5.00,'Linux',1324503621,'/index.php',0),(20111221,22,0,'MOZILLA',5.00,'Linux',1324503622,'/my/index.php',0),(20111221,22,0,'MOZILLA',5.00,'Linux',1324503622,'/my/index.php',0),(20111221,22,0,'MOZILLA',5.00,'Linux',1324503623,'/account/login.php',0),(20111221,22,0,'MOZILLA',5.00,'Linux',1324503624,'/search/index.php',0),(20111221,22,0,'MOZILLA',5.00,'Linux',1324503706,'/index.php',0),(20111221,22,0,'MOZILLA',5.00,'Linux',1324503706,'/index.php',0),(20111221,22,0,'MOZILLA',5.00,'Linux',1324503707,'/my/index.php',0),(20111221,22,0,'MOZILLA',5.00,'Linux',1324503708,'/my/index.php',0),(20111221,22,0,'MOZILLA',5.00,'Linux',1324503708,'/account/login.php',0),(20111221,22,0,'MOZILLA',5.00,'Linux',1324503709,'/search/index.php',0),(20111221,22,0,'MOZILLA',5.00,'Mac',1324503756,'/account/logout.php',0),(20111221,22,0,'MOZILLA',5.00,'Mac',1324503756,'/index.php',0),(20111221,22,0,'MOZILLA',5.00,'Mac',1324503758,'/account/login.php',0),(20111221,22,0,'MOZILLA',5.00,'Linux',1324503909,'/index.php',0),(20111221,22,0,'MOZILLA',5.00,'Linux',1324503909,'/index.php',0),(20111221,22,0,'MOZILLA',5.00,'Linux',1324503910,'/my/index.php',0),(20111221,22,0,'MOZILLA',5.00,'Linux',1324503910,'/account/login.php',0),(20111221,22,0,'MOZILLA',5.00,'Linux',1324503910,'/my/index.php',0),(20111221,22,0,'MOZILLA',5.00,'Linux',1324503911,'/account/login.php',0),(20111221,22,0,'MOZILLA',5.00,'Linux',1324503912,'/my/index.php',0),(20111221,22,0,'MOZILLA',5.00,'Linux',1324503912,'/my/index.php',0),(20111221,22,0,'MOZILLA',5.00,'Linux',1324503936,'/index.php',0),(20111221,22,0,'MOZILLA',5.00,'Linux',1324503937,'/index.php',0),(20111221,22,0,'MOZILLA',5.00,'Linux',1324503937,'/my/index.php',0),(20111221,22,0,'MOZILLA',5.00,'Linux',1324503937,'/my/index.php',0),(20111221,22,0,'MOZILLA',5.00,'Linux',1324503938,'/account/login.php',0),(20111221,22,0,'MOZILLA',5.00,'Linux',1324503939,'/account/login.php',0),(20111221,22,0,'MOZILLA',5.00,'Linux',1324503939,'/my/index.php',0),(20111221,22,0,'MOZILLA',5.00,'Linux',1324504036,'/index.php',0),(20111221,22,0,'MOZILLA',5.00,'Linux',1324504036,'/index.php',0),(20111221,22,0,'MOZILLA',5.00,'Linux',1324504037,'/my/index.php',0),(20111221,22,0,'MOZILLA',5.00,'Linux',1324504037,'/my/index.php',0),(20111221,22,0,'MOZILLA',5.00,'Linux',1324504038,'/account/login.php',0),(20111221,22,0,'MOZILLA',5.00,'Linux',1324504039,'/account/login.php',0),(20111221,22,0,'MOZILLA',5.00,'Linux',1324504039,'/my/index.php',0),(20111221,22,0,'MOZILLA',5.00,'Linux',1324504040,'/my/index.php',0),(20111221,22,0,'MOZILLA',5.00,'Linux',1324504140,'/index.php',0),(20111221,22,0,'MOZILLA',5.00,'Linux',1324504141,'/index.php',0),(20111221,22,0,'MOZILLA',5.00,'Linux',1324504141,'/index.php',0),(20111221,22,0,'MOZILLA',5.00,'Linux',1324504142,'/my/index.php',0),(20111221,22,0,'MOZILLA',5.00,'Linux',1324504142,'/my/index.php',0),(20111221,22,0,'MOZILLA',5.00,'Linux',1324504142,'/account/login.php',0),(20111221,22,0,'MOZILLA',5.00,'Linux',1324504143,'/account/login.php',0),(20111221,22,0,'MOZILLA',5.00,'Linux',1324504144,'/account/login.php',0),(20111221,22,0,'MOZILLA',5.00,'Linux',1324504145,'/my/index.php',0),(20111221,22,0,'MOZILLA',5.00,'Linux',1324504145,'/my/index.php',0),(20111221,23,0,'MOZILLA',5.00,'Linux',1324505701,'/index.php',0),(20111221,23,0,'MOZILLA',5.00,'Linux',1324505702,'/index.php',0),(20111221,23,0,'MOZILLA',5.00,'Linux',1324505702,'/index.php',0),(20111221,23,0,'MOZILLA',5.00,'Linux',1324505703,'/my/index.php',0),(20111221,23,0,'MOZILLA',5.00,'Linux',1324505703,'/my/index.php',0),(20111221,23,0,'MOZILLA',5.00,'Linux',1324505704,'/account/login.php',0),(20111221,23,0,'MOZILLA',5.00,'Linux',1324505705,'/account/login.php',0),(20111221,23,0,'MOZILLA',5.00,'Linux',1324505706,'/my/index.php',0),(20111221,23,0,'MOZILLA',5.00,'Linux',1324505706,'/my/index.php',0),(20111221,23,0,'MOZILLA',5.00,'Linux',1324505728,'/index.php',0),(20111221,23,0,'MOZILLA',5.00,'Linux',1324505728,'/index.php',0),(20111221,23,0,'MOZILLA',5.00,'Linux',1324505729,'/my/index.php',0),(20111221,23,0,'MOZILLA',5.00,'Linux',1324505729,'/my/index.php',0),(20111221,23,0,'MOZILLA',5.00,'Linux',1324505729,'/account/login.php',0),(20111221,23,0,'MOZILLA',5.00,'Linux',1324505731,'/account/login.php',0),(20111221,23,0,'MOZILLA',5.00,'Linux',1324505731,'/my/index.php',0),(20111221,23,0,'MOZILLA',5.00,'Linux',1324505731,'/my/index.php',0),(20111221,23,0,'OTHER',0.00,'Other',1324506206,'/index.php',0),(20111221,23,0,'MOZILLA',5.00,'Mac',1324506219,'/index.php',0),(20111221,23,0,'MOZILLA',5.00,'Mac',1324506219,'/index.php',0),(20111221,23,0,'OTHER',0.00,'Other',1324506231,'/index.php',0),(20111221,23,0,'OTHER',0.00,'Other',1324506239,'/index.php',0),(20111221,23,0,'OTHER',0.00,'Other',1324506239,'/index.php',0),(20111221,23,0,'OTHER',0.00,'Other',1324506245,'/index.php',0),(20111221,23,0,'OTHER',0.00,'Other',1324506245,'/index.php',0),(20111221,23,0,'MOZILLA',5.00,'Mac',1324506272,'/index.php',0),(20111221,23,0,'MOZILLA',5.00,'Mac',1324506273,'/index.php',0),(20111221,23,0,'MOZILLA',5.00,'Mac',1324506273,'/my/index.php',0),(20111221,23,0,'MOZILLA',5.00,'Mac',1324506274,'/account/login.php',0),(20111221,23,0,'MOZILLA',5.00,'Linux',1324508060,'/index.php',0),(20111221,23,0,'MOZILLA',5.00,'Linux',1324508061,'/index.php',0),(20111221,23,0,'MOZILLA',5.00,'Linux',1324508062,'/my/index.php',0),(20111221,23,0,'MOZILLA',5.00,'Linux',1324508062,'/my/index.php',0),(20111221,23,0,'MOZILLA',5.00,'Linux',1324508062,'/account/login.php',0),(20111221,23,0,'MOZILLA',5.00,'Linux',1324508065,'/account/login.php',0),(20111221,23,0,'MOZILLA',5.00,'Linux',1324508065,'/my/index.php',0),(20111221,23,0,'MOZILLA',5.00,'Linux',1324508066,'/my/index.php',0),(20111222,1,0,'MOZILLA',5.00,'Mac',1324512329,'/index.php',0),(20111222,1,0,'MOZILLA',5.00,'Mac',1324512330,'/index.php',0),(20111222,1,0,'MOZILLA',5.00,'Mac',1324512330,'/my/index.php',0),(20111222,1,0,'MOZILLA',5.00,'Mac',1324512331,'/account/login.php',0),(20111222,1,0,'MOZILLA',5.00,'Mac',1324512331,'/account/login.php',0),(20111222,1,0,'MOZILLA',5.00,'Mac',1324512332,'/my/index.php',0),(20111222,1,0,'MOZILLA',5.00,'Mac',1324512549,'/index.php',0),(20111222,1,0,'MOZILLA',5.00,'Mac',1324512549,'/index.php',0),(20111222,1,0,'MOZILLA',5.00,'Mac',1324512550,'/my/index.php',0),(20111222,1,0,'MOZILLA',5.00,'Mac',1324512550,'/account/login.php',0),(20111222,1,0,'MOZILLA',5.00,'Mac',1324512551,'/account/login.php',0),(20111222,1,0,'MOZILLA',5.00,'Mac',1324512551,'/my/index.php',0),(20111222,1,0,'MOZILLA',5.00,'Mac',1324512552,'/index.php',0),(20111222,1,0,'MOZILLA',5.00,'Mac',1324512552,'/index.php',0),(20111222,1,0,'MOZILLA',5.00,'Mac',1324512553,'/my/index.php',0),(20111222,1,0,'MOZILLA',5.00,'Mac',1324512553,'/account/login.php',0),(20111222,1,0,'MOZILLA',5.00,'Mac',1324512553,'/account/login.php',0),(20111222,1,0,'MOZILLA',5.00,'Mac',1324512554,'/my/index.php',0),(20111222,1,0,'MOZILLA',5.00,'Mac',1324513501,'/index.php',0),(20111222,1,0,'MOZILLA',5.00,'Mac',1324513502,'/index.php',0),(20111222,1,0,'MOZILLA',5.00,'Mac',1324513502,'/my/index.php',0),(20111222,1,0,'MOZILLA',5.00,'Mac',1324513503,'/account/login.php',0),(20111222,1,0,'MOZILLA',5.00,'Mac',1324513503,'/account/login.php',0),(20111222,1,0,'MOZILLA',5.00,'Mac',1324513504,'/my/index.php',0),(20111222,1,0,'MOZILLA',5.00,'Mac',1324513571,'/index.php',0),(20111222,1,0,'MOZILLA',5.00,'Mac',1324513571,'/index.php',0),(20111222,1,0,'MOZILLA',5.00,'Mac',1324513575,'/account/login.php',0),(20111222,1,0,'MOZILLA',5.00,'Mac',1324513578,'/account/login.php',0),(20111222,1,0,'MOZILLA',5.00,'Mac',1324513584,'/account/login.php',0),(20111222,1,0,'MOZILLA',5.00,'Mac',1324513584,'/my/index.php',0),(20111222,1,0,'MOZILLA',5.00,'Mac',1324513623,'/admin/index.php',0),(20111222,1,0,'MOZILLA',5.00,'Mac',1324513722,'/index.php',0),(20111222,1,0,'MOZILLA',5.00,'Mac',1324513722,'/index.php',0),(20111222,1,0,'MOZILLA',5.00,'Mac',1324513723,'/my/index.php',0),(20111222,1,0,'MOZILLA',5.00,'Mac',1324513723,'/account/login.php',0),(20111222,1,0,'MOZILLA',5.00,'Mac',1324513724,'/account/login.php',0),(20111222,1,0,'MOZILLA',5.00,'Mac',1324513724,'/my/index.php',0),(20111222,1,0,'MOZILLA',5.00,'Mac',1324513725,'/admin/index.php',0),(20111222,1,0,'MOZILLA',5.00,'Mac',1324513725,'/admin/index.php',0),(20111222,1,0,'MOZILLA',5.00,'Mac',1324513759,'/index.php',0),(20111222,1,0,'MOZILLA',5.00,'Mac',1324513760,'/index.php',0),(20111222,1,0,'MOZILLA',5.00,'Mac',1324513761,'/my/index.php',0),(20111222,1,0,'MOZILLA',5.00,'Mac',1324513761,'/account/login.php',0),(20111222,1,0,'MOZILLA',5.00,'Mac',1324513761,'/account/login.php',0),(20111222,1,0,'MOZILLA',5.00,'Mac',1324513762,'/my/index.php',0),(20111222,1,0,'MOZILLA',5.00,'Mac',1324513762,'/admin/index.php',0),(20111222,1,0,'MOZILLA',5.00,'Mac',1324513762,'/admin/index.php',0),(20111222,1,0,'MOZILLA',5.00,'Mac',1324513833,'/index.php',0),(20111222,1,0,'MOZILLA',5.00,'Mac',1324513833,'/index.php',0),(20111222,1,0,'MOZILLA',5.00,'Mac',1324513834,'/my/index.php',0),(20111222,1,0,'MOZILLA',5.00,'Mac',1324513834,'/account/login.php',0),(20111222,1,0,'MOZILLA',5.00,'Mac',1324513835,'/account/login.php',0),(20111222,1,0,'MOZILLA',5.00,'Mac',1324513835,'/my/index.php',0),(20111222,1,0,'MOZILLA',5.00,'Mac',1324513836,'/admin/index.php',0),(20111222,1,0,'MOZILLA',5.00,'Mac',1324513836,'/admin/index.php',0),(20111222,1,0,'MOZILLA',5.00,'Mac',1324513905,'/admin/index.php',0),(20111222,1,0,'MOZILLA',5.00,'Mac',1324513984,'/index.php',0),(20111222,1,0,'MOZILLA',5.00,'Mac',1324513984,'/index.php',0),(20111222,1,0,'MOZILLA',5.00,'Mac',1324513985,'/my/index.php',0),(20111222,1,0,'MOZILLA',5.00,'Mac',1324513985,'/account/login.php',0),(20111222,1,0,'MOZILLA',5.00,'Mac',1324513985,'/account/login.php',0),(20111222,1,0,'MOZILLA',5.00,'Mac',1324513986,'/my/index.php',0),(20111222,1,0,'MOZILLA',5.00,'Mac',1324514025,'/my/index.php',0),(20111222,1,0,'MOZILLA',5.00,'Mac',1324514134,'/index.php',0),(20111222,1,0,'MOZILLA',5.00,'Mac',1324514134,'/index.php',0),(20111222,1,0,'MOZILLA',5.00,'Mac',1324514135,'/my/index.php',0),(20111222,1,0,'MOZILLA',5.00,'Mac',1324514135,'/account/login.php',0),(20111222,1,0,'MOZILLA',5.00,'Mac',1324514136,'/account/login.php',0),(20111222,1,0,'MOZILLA',5.00,'Mac',1324514136,'/my/index.php',0),(20111222,2,0,'MOZILLA',5.00,'Linux',1324516130,'/index.php',0),(20111222,2,0,'MOZILLA',5.00,'Linux',1324516130,'/index.php',0),(20111222,2,0,'MOZILLA',5.00,'Linux',1324516131,'/my/index.php',0),(20111222,2,0,'MOZILLA',5.00,'Linux',1324516131,'/my/index.php',0),(20111222,2,0,'MOZILLA',5.00,'Linux',1324516131,'/account/login.php',0),(20111222,2,0,'MOZILLA',5.00,'Linux',1324516132,'/account/login.php',0),(20111222,2,0,'MOZILLA',5.00,'Linux',1324516133,'/my/index.php',0),(20111222,2,0,'MOZILLA',5.00,'Linux',1324516133,'/my/index.php',0),(20111222,2,0,'MOZILLA',5.00,'Linux',1324516417,'/index.php',0),(20111222,2,0,'MOZILLA',5.00,'Linux',1324516417,'/index.php',0),(20111222,2,0,'MOZILLA',5.00,'Linux',1324516418,'/my/index.php',0),(20111222,2,0,'MOZILLA',5.00,'Linux',1324516418,'/my/index.php',0),(20111222,2,0,'MOZILLA',5.00,'Linux',1324516418,'/account/login.php',0),(20111222,2,0,'MOZILLA',5.00,'Linux',1324516419,'/account/login.php',0),(20111222,2,0,'MOZILLA',5.00,'Linux',1324516420,'/my/index.php',0),(20111222,2,0,'MOZILLA',5.00,'Linux',1324516420,'/my/index.php',0),(20111222,2,0,'MOZILLA',5.00,'Linux',1324516872,'/index.php',0),(20111222,2,0,'MOZILLA',5.00,'Linux',1324516873,'/index.php',0),(20111222,2,0,'MOZILLA',5.00,'Linux',1324516874,'/my/index.php',0),(20111222,2,0,'MOZILLA',5.00,'Linux',1324516874,'/my/index.php',0),(20111222,2,0,'MOZILLA',5.00,'Linux',1324516874,'/account/login.php',0),(20111222,2,0,'MOZILLA',5.00,'Linux',1324516875,'/account/login.php',0),(20111222,2,0,'MOZILLA',5.00,'Linux',1324516876,'/my/index.php',0),(20111222,2,0,'MOZILLA',5.00,'Linux',1324516876,'/my/index.php',0),(20111222,2,0,'MOZILLA',5.00,'Linux',1324516911,'/index.php',0),(20111222,2,0,'MOZILLA',5.00,'Linux',1324516912,'/index.php',0),(20111222,2,0,'MOZILLA',5.00,'Linux',1324516912,'/my/index.php',0),(20111222,2,0,'MOZILLA',5.00,'Linux',1324516913,'/my/index.php',0),(20111222,2,0,'MOZILLA',5.00,'Linux',1324516913,'/account/login.php',0),(20111222,2,0,'MOZILLA',5.00,'Linux',1324516914,'/account/login.php',0),(20111222,2,0,'MOZILLA',5.00,'Linux',1324516915,'/my/index.php',0),(20111222,2,0,'MOZILLA',5.00,'Linux',1324516915,'/my/index.php',0),(20111222,2,0,'MOZILLA',5.00,'Linux',1324517221,'/index.php',0),(20111222,2,0,'MOZILLA',5.00,'Linux',1324517221,'/index.php',0),(20111222,2,0,'MOZILLA',5.00,'Linux',1324517222,'/my/index.php',0),(20111222,2,0,'MOZILLA',5.00,'Linux',1324517222,'/my/index.php',0),(20111222,2,0,'MOZILLA',5.00,'Linux',1324517223,'/account/login.php',0),(20111222,2,0,'MOZILLA',5.00,'Linux',1324517224,'/account/login.php',0),(20111222,2,0,'MOZILLA',5.00,'Linux',1324517224,'/my/index.php',0),(20111222,2,0,'MOZILLA',5.00,'Linux',1324517289,'/index.php',0),(20111222,2,0,'MOZILLA',5.00,'Linux',1324517289,'/index.php',0),(20111222,2,0,'MOZILLA',5.00,'Linux',1324517290,'/my/index.php',0),(20111222,2,0,'MOZILLA',5.00,'Linux',1324517291,'/account/login.php',0),(20111222,2,0,'MOZILLA',5.00,'Linux',1324517291,'/my/index.php',0),(20111222,2,0,'MOZILLA',5.00,'Linux',1324517292,'/account/login.php',0),(20111222,2,0,'MOZILLA',5.00,'Linux',1324517292,'/my/index.php',0),(20111222,2,0,'MOZILLA',5.00,'Linux',1324517293,'/my/index.php',0),(20111222,2,0,'MOZILLA',5.00,'Linux',1324517333,'/index.php',0),(20111222,2,0,'MOZILLA',5.00,'Linux',1324517334,'/index.php',0),(20111222,2,0,'MOZILLA',5.00,'Linux',1324517334,'/my/index.php',0),(20111222,2,0,'MOZILLA',5.00,'Linux',1324517335,'/my/index.php',0),(20111222,2,0,'MOZILLA',5.00,'Linux',1324517335,'/account/login.php',0),(20111222,2,0,'MOZILLA',5.00,'Linux',1324517336,'/account/login.php',0),(20111222,2,0,'MOZILLA',5.00,'Linux',1324517337,'/my/index.php',0),(20111222,2,0,'MOZILLA',5.00,'Linux',1324517373,'/index.php',0),(20111222,2,0,'MOZILLA',5.00,'Linux',1324517373,'/index.php',0),(20111222,2,0,'MOZILLA',5.00,'Linux',1324517374,'/my/index.php',0),(20111222,2,0,'MOZILLA',5.00,'Linux',1324517374,'/my/index.php',0),(20111222,2,0,'MOZILLA',5.00,'Linux',1324517374,'/account/login.php',0),(20111222,2,0,'MOZILLA',5.00,'Linux',1324517378,'/account/login.php',0),(20111222,2,0,'MOZILLA',5.00,'Linux',1324517378,'/my/index.php',0),(20111222,2,0,'MOZILLA',5.00,'Linux',1324517793,'/index.php',0),(20111222,2,0,'MOZILLA',5.00,'Linux',1324517793,'/index.php',0),(20111222,2,0,'MOZILLA',5.00,'Linux',1324517793,'/index.php',0),(20111222,2,0,'MOZILLA',5.00,'Linux',1324517794,'/my/index.php',0),(20111222,2,0,'MOZILLA',5.00,'Linux',1324517794,'/my/index.php',0),(20111222,2,0,'MOZILLA',5.00,'Linux',1324517795,'/account/login.php',0),(20111222,2,0,'MOZILLA',5.00,'Linux',1324517795,'/account/login.php',0),(20111222,2,0,'MOZILLA',5.00,'Linux',1324517796,'/account/login.php',0),(20111222,2,0,'MOZILLA',5.00,'Linux',1324517797,'/my/index.php',0),(20111222,2,0,'MOZILLA',5.00,'Linux',1324517854,'/index.php',0),(20111222,2,0,'MOZILLA',5.00,'Linux',1324517854,'/index.php',0),(20111222,2,0,'MOZILLA',5.00,'Linux',1324517855,'/my/index.php',0),(20111222,2,0,'MOZILLA',5.00,'Linux',1324517855,'/my/index.php',0),(20111222,2,0,'MOZILLA',5.00,'Linux',1324517856,'/account/login.php',0),(20111222,2,0,'MOZILLA',5.00,'Linux',1324517857,'/account/login.php',0),(20111222,2,0,'MOZILLA',5.00,'Linux',1324517858,'/my/index.php',0),(20111222,2,0,'MOZILLA',5.00,'Linux',1324517886,'/index.php',0),(20111222,2,0,'MOZILLA',5.00,'Linux',1324517886,'/index.php',0),(20111222,2,0,'MOZILLA',5.00,'Linux',1324517887,'/index.php',0),(20111222,2,0,'MOZILLA',5.00,'Linux',1324517887,'/my/index.php',0),(20111222,2,0,'MOZILLA',5.00,'Linux',1324517888,'/my/index.php',0),(20111222,2,0,'MOZILLA',5.00,'Linux',1324517888,'/account/login.php',0),(20111222,2,0,'MOZILLA',5.00,'Linux',1324517889,'/account/login.php',0),(20111222,2,0,'MOZILLA',5.00,'Linux',1324517889,'/my/index.php',0),(20111222,2,0,'MOZILLA',5.00,'Linux',1324517890,'/my/index.php',0),(20111222,2,0,'MOZILLA',5.00,'Linux',1324517891,'/admin/index.php',0),(20111222,2,0,'MOZILLA',5.00,'Linux',1324517891,'/admin/index.php',0),(20111222,2,0,'MOZILLA',5.00,'Linux',1324517959,'/index.php',0),(20111222,2,0,'MOZILLA',5.00,'Linux',1324517960,'/index.php',0),(20111222,2,0,'MOZILLA',5.00,'Linux',1324517960,'/index.php',0),(20111222,2,0,'MOZILLA',5.00,'Linux',1324517961,'/my/index.php',0),(20111222,2,0,'MOZILLA',5.00,'Linux',1324517961,'/my/index.php',0),(20111222,2,0,'MOZILLA',5.00,'Linux',1324517961,'/account/login.php',0),(20111222,2,0,'MOZILLA',5.00,'Linux',1324517963,'/account/login.php',0),(20111222,2,0,'MOZILLA',5.00,'Linux',1324517963,'/my/index.php',0),(20111222,2,0,'MOZILLA',5.00,'Linux',1324517964,'/admin/index.php',0),(20111222,2,0,'MOZILLA',5.00,'Linux',1324517964,'/admin/index.php',0),(20111222,2,0,'MOZILLA',5.00,'Linux',1324518089,'/index.php',0),(20111222,2,0,'MOZILLA',5.00,'Linux',1324518089,'/index.php',0),(20111222,2,0,'MOZILLA',5.00,'Linux',1324518090,'/my/index.php',0),(20111222,2,0,'MOZILLA',5.00,'Linux',1324518090,'/my/index.php',0),(20111222,2,0,'MOZILLA',5.00,'Linux',1324518090,'/account/login.php',0),(20111222,2,0,'MOZILLA',5.00,'Linux',1324518092,'/account/login.php',0),(20111222,2,0,'MOZILLA',5.00,'Linux',1324518092,'/my/index.php',0),(20111222,2,0,'MOZILLA',5.00,'Linux',1324518092,'/my/index.php',0),(20111222,2,0,'MOZILLA',5.00,'Linux',1324518093,'/admin/index.php',0),(20111222,2,0,'MOZILLA',5.00,'Linux',1324518093,'/admin/index.php',0),(20111222,2,0,'MOZILLA',5.00,'Linux',1324518367,'/index.php',0),(20111222,2,0,'MOZILLA',5.00,'Linux',1324518368,'/index.php',0),(20111222,2,0,'MOZILLA',5.00,'Linux',1324518368,'/index.php',0),(20111222,2,0,'MOZILLA',5.00,'Linux',1324518369,'/my/index.php',0),(20111222,2,0,'MOZILLA',5.00,'Linux',1324518369,'/my/index.php',0),(20111222,2,0,'MOZILLA',5.00,'Linux',1324518369,'/account/login.php',0),(20111222,2,0,'MOZILLA',5.00,'Linux',1324518370,'/account/login.php',0),(20111222,2,0,'MOZILLA',5.00,'Linux',1324518371,'/account/login.php',0),(20111222,2,0,'MOZILLA',5.00,'Linux',1324518372,'/my/index.php',0),(20111222,2,0,'MOZILLA',5.00,'Linux',1324518372,'/my/index.php',0),(20111222,2,0,'MOZILLA',5.00,'Linux',1324518373,'/admin/index.php',0),(20111222,2,0,'MOZILLA',5.00,'Linux',1324518373,'/admin/index.php',0),(20111222,2,0,'MOZILLA',5.00,'Linux',1324518443,'/index.php',0),(20111222,2,0,'MOZILLA',5.00,'Linux',1324518443,'/index.php',0),(20111222,2,0,'MOZILLA',5.00,'Linux',1324518444,'/my/index.php',0),(20111222,2,0,'MOZILLA',5.00,'Linux',1324518444,'/my/index.php',0),(20111222,2,0,'MOZILLA',5.00,'Linux',1324518444,'/account/login.php',0),(20111222,2,0,'MOZILLA',5.00,'Linux',1324518445,'/account/login.php',0),(20111222,2,0,'MOZILLA',5.00,'Linux',1324518446,'/my/index.php',0),(20111222,2,0,'MOZILLA',5.00,'Linux',1324518446,'/my/index.php',0),(20111222,2,0,'MOZILLA',5.00,'Linux',1324518447,'/admin/index.php',0),(20111222,2,0,'MOZILLA',5.00,'Linux',1324518447,'/admin/index.php',0),(20111222,2,0,'MOZILLA',5.00,'Linux',1324519107,'/index.php',0),(20111222,2,0,'MOZILLA',5.00,'Linux',1324519108,'/index.php',0),(20111222,2,0,'MOZILLA',5.00,'Linux',1324519108,'/my/index.php',0),(20111222,2,0,'MOZILLA',5.00,'Linux',1324519109,'/my/index.php',0),(20111222,2,0,'MOZILLA',5.00,'Linux',1324519109,'/account/login.php',0),(20111222,2,0,'MOZILLA',5.00,'Linux',1324519110,'/account/login.php',0),(20111222,2,0,'MOZILLA',5.00,'Linux',1324519111,'/my/index.php',0),(20111222,2,0,'MOZILLA',5.00,'Linux',1324519111,'/my/index.php',0),(20111222,2,0,'MOZILLA',5.00,'Linux',1324519112,'/admin/index.php',0),(20111222,2,0,'MOZILLA',5.00,'Linux',1324519112,'/admin/index.php',0),(20111222,4,0,'MOZILLA',5.00,'Mac',1324523814,'/admin/index.php',0),(20111222,4,0,'MOZILLA',5.00,'Mac',1324523819,'/snippet/index.php',0),(20111222,4,0,'MOZILLA',5.00,'Mac',1324523822,'/softwaremap/index.php',0),(20111222,4,0,'MOZILLA',5.00,'Mac',1324523822,'/softwaremap/trove_list.php',0),(20111222,4,0,'MOZILLA',5.00,'Mac',1324523826,'/index.php',0),(20111222,4,0,'MOZILLA',5.00,'Mac',1324523835,'/my/index.php',0),(20111222,4,0,'MOZILLA',5.00,'Linux',1324524586,'/index.php',0),(20111222,4,0,'MOZILLA',5.00,'Linux',1324524586,'/index.php',0),(20111222,4,0,'MOZILLA',5.00,'Linux',1324524587,'/my/index.php',0),(20111222,4,0,'MOZILLA',5.00,'Linux',1324524587,'/my/index.php',0),(20111222,4,0,'MOZILLA',5.00,'Linux',1324524587,'/account/login.php',0),(20111222,4,0,'MOZILLA',5.00,'Linux',1324524588,'/account/login.php',0),(20111222,4,0,'MOZILLA',5.00,'Linux',1324524589,'/account/login.php',0),(20111222,4,0,'MOZILLA',5.00,'Linux',1324524589,'/my/index.php',0),(20111222,4,0,'MOZILLA',5.00,'Linux',1324524590,'/admin/index.php',0),(20111222,4,0,'MOZILLA',5.00,'Linux',1324524591,'/admin/index.php',0),(20111222,4,0,'MOZILLA',5.00,'Linux',1324525923,'/index.php',0),(20111222,4,0,'MOZILLA',5.00,'Linux',1324525923,'/index.php',0),(20111222,4,0,'MOZILLA',5.00,'Linux',1324525924,'/my/index.php',0),(20111222,4,0,'MOZILLA',5.00,'Linux',1324525924,'/my/index.php',0),(20111222,4,0,'MOZILLA',5.00,'Linux',1324525924,'/account/login.php',0),(20111222,4,0,'MOZILLA',5.00,'Linux',1324525925,'/account/login.php',0),(20111222,4,0,'MOZILLA',5.00,'Linux',1324525926,'/my/index.php',0),(20111222,4,0,'MOZILLA',5.00,'Linux',1324525926,'/my/index.php',0),(20111222,4,0,'MOZILLA',5.00,'Linux',1324525927,'/admin/index.php',0),(20111222,4,0,'MOZILLA',5.00,'Linux',1324525927,'/admin/index.php',0),(20111222,4,0,'MOZILLA',5.00,'Linux',1324525928,'/admin/index.php',0),(20111222,4,0,'MOZILLA',5.00,'Linux',1324525955,'/index.php',0),(20111222,4,0,'MOZILLA',5.00,'Linux',1324525955,'/index.php',0),(20111222,4,0,'MOZILLA',5.00,'Linux',1324525955,'/my/index.php',0),(20111222,4,0,'MOZILLA',5.00,'Linux',1324525956,'/account/login.php',0),(20111222,4,0,'MOZILLA',5.00,'Linux',1324525956,'/my/index.php',0),(20111222,4,0,'MOZILLA',5.00,'Linux',1324525957,'/account/login.php',0),(20111222,4,0,'MOZILLA',5.00,'Linux',1324525957,'/my/index.php',0),(20111222,4,0,'MOZILLA',5.00,'Linux',1324525958,'/my/index.php',0),(20111222,4,0,'MOZILLA',5.00,'Linux',1324525959,'/admin/index.php',0),(20111222,4,0,'MOZILLA',5.00,'Linux',1324525959,'/admin/index.php',0),(20111222,4,0,'MOZILLA',5.00,'Linux',1324525996,'/index.php',0),(20111222,4,0,'MOZILLA',5.00,'Linux',1324525996,'/index.php',0),(20111222,4,0,'MOZILLA',5.00,'Linux',1324525997,'/my/index.php',0),(20111222,4,0,'MOZILLA',5.00,'Linux',1324525997,'/account/login.php',0),(20111222,4,0,'MOZILLA',5.00,'Linux',1324525997,'/my/index.php',0),(20111222,4,0,'MOZILLA',5.00,'Linux',1324525998,'/account/login.php',0),(20111222,4,0,'MOZILLA',5.00,'Linux',1324525998,'/my/index.php',0),(20111222,4,0,'MOZILLA',5.00,'Linux',1324525999,'/my/index.php',0),(20111222,4,0,'MOZILLA',5.00,'Linux',1324526000,'/admin/index.php',0),(20111222,4,0,'MOZILLA',5.00,'Linux',1324526000,'/admin/index.php',0),(20111222,4,0,'MOZILLA',5.00,'Linux',1324526053,'/index.php',0),(20111222,4,0,'MOZILLA',5.00,'Linux',1324526053,'/index.php',0),(20111222,4,0,'MOZILLA',5.00,'Linux',1324526054,'/my/index.php',0),(20111222,4,0,'MOZILLA',5.00,'Linux',1324526054,'/my/index.php',0),(20111222,4,0,'MOZILLA',5.00,'Linux',1324526054,'/account/login.php',0),(20111222,4,0,'MOZILLA',5.00,'Linux',1324526055,'/account/login.php',0),(20111222,4,0,'MOZILLA',5.00,'Linux',1324526056,'/my/index.php',0),(20111222,4,0,'MOZILLA',5.00,'Linux',1324526056,'/my/index.php',0),(20111222,4,0,'MOZILLA',5.00,'Linux',1324526057,'/admin/index.php',0),(20111222,4,0,'MOZILLA',5.00,'Linux',1324526057,'/admin/index.php',0),(20111222,4,0,'MOZILLA',5.00,'Linux',1324526058,'/admin/index.php',0),(20111222,4,0,'MOZILLA',5.00,'Linux',1324526138,'/index.php',0),(20111222,4,0,'MOZILLA',5.00,'Linux',1324526139,'/index.php',0),(20111222,4,0,'MOZILLA',5.00,'Linux',1324526139,'/my/index.php',0),(20111222,4,0,'MOZILLA',5.00,'Linux',1324526140,'/my/index.php',0),(20111222,4,0,'MOZILLA',5.00,'Linux',1324526140,'/account/login.php',0),(20111222,4,0,'MOZILLA',5.00,'Linux',1324526141,'/account/login.php',0),(20111222,4,0,'MOZILLA',5.00,'Linux',1324526141,'/my/index.php',0),(20111222,4,0,'MOZILLA',5.00,'Linux',1324526142,'/admin/index.php',0),(20111222,4,0,'MOZILLA',5.00,'Linux',1324526142,'/admin/index.php',0),(20111222,4,0,'MOZILLA',5.00,'Linux',1324526143,'/admin/index.php',0),(20111222,4,0,'MOZILLA',5.00,'Linux',1324526221,'/index.php',0),(20111222,4,0,'MOZILLA',5.00,'Linux',1324526221,'/index.php',0),(20111222,4,0,'MOZILLA',5.00,'Linux',1324526222,'/my/index.php',0),(20111222,4,0,'MOZILLA',5.00,'Linux',1324526223,'/my/index.php',0),(20111222,4,0,'MOZILLA',5.00,'Linux',1324526223,'/account/login.php',0),(20111222,4,0,'MOZILLA',5.00,'Linux',1324526223,'/account/login.php',0),(20111222,4,0,'MOZILLA',5.00,'Linux',1324526224,'/account/login.php',0),(20111222,4,0,'MOZILLA',5.00,'Linux',1324526225,'/my/index.php',0),(20111222,4,0,'MOZILLA',5.00,'Linux',1324526226,'/admin/index.php',0),(20111222,4,0,'MOZILLA',5.00,'Linux',1324526226,'/admin/index.php',0),(20111222,4,0,'MOZILLA',5.00,'Linux',1324526226,'/admin/index.php',0),(20111222,5,0,'MOZILLA',5.00,'Linux',1324526404,'/index.php',0),(20111222,5,0,'MOZILLA',5.00,'Linux',1324526404,'/index.php',0),(20111222,5,0,'MOZILLA',5.00,'Linux',1324526405,'/my/index.php',0),(20111222,5,0,'MOZILLA',5.00,'Linux',1324526405,'/my/index.php',0),(20111222,5,0,'MOZILLA',5.00,'Linux',1324526405,'/account/login.php',0),(20111222,5,0,'MOZILLA',5.00,'Linux',1324526406,'/account/login.php',0),(20111222,5,0,'MOZILLA',5.00,'Linux',1324526406,'/my/index.php',0),(20111222,5,0,'MOZILLA',5.00,'Linux',1324526407,'/my/index.php',0),(20111222,5,0,'MOZILLA',5.00,'Linux',1324526408,'/admin/index.php',0),(20111222,5,0,'MOZILLA',5.00,'Linux',1324526408,'/admin/index.php',0),(20111222,5,0,'MOZILLA',5.00,'Linux',1324526409,'/admin/index.php',0),(20111222,5,0,'MOZILLA',5.00,'Linux',1324526431,'/index.php',0),(20111222,5,0,'MOZILLA',5.00,'Linux',1324526431,'/index.php',0),(20111222,5,0,'MOZILLA',5.00,'Linux',1324526432,'/my/index.php',0),(20111222,5,0,'MOZILLA',5.00,'Linux',1324526432,'/account/login.php',0),(20111222,5,0,'MOZILLA',5.00,'Linux',1324526432,'/my/index.php',0),(20111222,5,0,'MOZILLA',5.00,'Linux',1324526433,'/account/login.php',0),(20111222,5,0,'MOZILLA',5.00,'Linux',1324526433,'/my/index.php',0),(20111222,5,0,'MOZILLA',5.00,'Linux',1324526434,'/admin/index.php',0),(20111222,5,0,'MOZILLA',5.00,'Linux',1324526434,'/admin/index.php',0),(20111222,5,0,'MOZILLA',5.00,'Linux',1324526435,'/admin/index.php',0),(20111222,5,0,'MOZILLA',5.00,'Linux',1324526544,'/index.php',0),(20111222,5,0,'MOZILLA',5.00,'Linux',1324526544,'/index.php',0),(20111222,5,0,'MOZILLA',5.00,'Linux',1324526544,'/index.php',0),(20111222,5,0,'MOZILLA',5.00,'Linux',1324526545,'/my/index.php',0),(20111222,5,0,'MOZILLA',5.00,'Linux',1324526545,'/my/index.php',0),(20111222,5,0,'MOZILLA',5.00,'Linux',1324526545,'/account/login.php',0),(20111222,5,0,'MOZILLA',5.00,'Linux',1324526546,'/account/login.php',0),(20111222,5,0,'MOZILLA',5.00,'Linux',1324526547,'/account/login.php',0),(20111222,5,0,'MOZILLA',5.00,'Linux',1324526548,'/my/index.php',0),(20111222,5,0,'MOZILLA',5.00,'Linux',1324526548,'/my/index.php',0),(20111222,5,0,'MOZILLA',5.00,'Linux',1324526549,'/admin/index.php',0),(20111222,5,0,'MOZILLA',5.00,'Linux',1324526549,'/admin/index.php',0),(20111222,5,0,'MOZILLA',5.00,'Linux',1324526549,'/admin/index.php',0),(20111222,5,0,'MOZILLA',5.00,'Linux',1324526590,'/index.php',0),(20111222,5,0,'MOZILLA',5.00,'Linux',1324526591,'/index.php',0),(20111222,5,0,'MOZILLA',5.00,'Linux',1324526591,'/index.php',0),(20111222,5,0,'MOZILLA',5.00,'Linux',1324526592,'/my/index.php',0),(20111222,5,0,'MOZILLA',5.00,'Linux',1324526592,'/my/index.php',0),(20111222,5,0,'MOZILLA',5.00,'Linux',1324526592,'/account/login.php',0),(20111222,5,0,'MOZILLA',5.00,'Linux',1324526593,'/account/login.php',0),(20111222,5,0,'MOZILLA',5.00,'Linux',1324526594,'/account/login.php',0),(20111222,5,0,'MOZILLA',5.00,'Linux',1324526594,'/my/index.php',0),(20111222,5,0,'MOZILLA',5.00,'Linux',1324526594,'/my/index.php',0),(20111222,5,0,'MOZILLA',5.00,'Linux',1324526595,'/admin/index.php',0),(20111222,5,0,'MOZILLA',5.00,'Linux',1324526595,'/admin/index.php',0),(20111222,5,0,'MOZILLA',5.00,'Linux',1324526596,'/admin/index.php',0),(20111222,5,0,'MOZILLA',5.00,'Linux',1324527280,'/index.php',0),(20111222,5,0,'MOZILLA',5.00,'Linux',1324527280,'/index.php',0),(20111222,5,0,'MOZILLA',5.00,'Linux',1324527281,'/index.php',0),(20111222,5,0,'MOZILLA',5.00,'Linux',1324527282,'/my/index.php',0),(20111222,5,0,'MOZILLA',5.00,'Linux',1324527282,'/my/index.php',0),(20111222,5,0,'MOZILLA',5.00,'Linux',1324527282,'/account/login.php',0),(20111222,5,0,'MOZILLA',5.00,'Linux',1324527283,'/account/login.php',0),(20111222,5,0,'MOZILLA',5.00,'Linux',1324527284,'/my/index.php',0),(20111222,5,0,'MOZILLA',5.00,'Linux',1324527285,'/admin/index.php',0),(20111222,5,0,'MOZILLA',5.00,'Linux',1324527285,'/admin/index.php',0),(20111222,5,0,'MOZILLA',5.00,'Linux',1324527285,'/admin/index.php',0),(20111222,5,0,'MOZILLA',5.00,'Linux',1324527286,'/admin/index.php',0),(20111222,5,0,'MOZILLA',5.00,'Linux',1324527451,'/index.php',0),(20111222,5,0,'MOZILLA',5.00,'Linux',1324527451,'/index.php',0),(20111222,5,0,'MOZILLA',5.00,'Linux',1324527452,'/my/index.php',0),(20111222,5,0,'MOZILLA',5.00,'Linux',1324527452,'/my/index.php',0),(20111222,5,0,'MOZILLA',5.00,'Linux',1324527452,'/account/login.php',0),(20111222,5,0,'MOZILLA',5.00,'Linux',1324527454,'/account/login.php',0),(20111222,5,0,'MOZILLA',5.00,'Linux',1324527454,'/my/index.php',0),(20111222,5,0,'MOZILLA',5.00,'Linux',1324527454,'/my/index.php',0),(20111222,5,0,'MOZILLA',5.00,'Linux',1324527455,'/admin/index.php',0),(20111222,5,0,'MOZILLA',5.00,'Linux',1324527456,'/admin/index.php',0),(20111222,5,0,'MOZILLA',5.00,'Linux',1324527456,'/admin/index.php',0),(20111222,5,0,'MOZILLA',5.00,'Linux',1324527457,'/admin/index.php',0),(20111222,5,0,'MOZILLA',5.00,'Linux',1324527540,'/index.php',0),(20111222,5,0,'MOZILLA',5.00,'Linux',1324527541,'/index.php',0),(20111222,5,0,'MOZILLA',5.00,'Linux',1324527542,'/my/index.php',0),(20111222,5,0,'MOZILLA',5.00,'Linux',1324527542,'/my/index.php',0),(20111222,5,0,'MOZILLA',5.00,'Linux',1324527542,'/account/login.php',0),(20111222,5,0,'MOZILLA',5.00,'Linux',1324527543,'/account/login.php',0),(20111222,5,0,'MOZILLA',5.00,'Linux',1324527544,'/account/login.php',0),(20111222,5,0,'MOZILLA',5.00,'Linux',1324527544,'/my/index.php',0),(20111222,5,0,'MOZILLA',5.00,'Linux',1324527545,'/my/index.php',0),(20111222,5,0,'MOZILLA',5.00,'Linux',1324527545,'/admin/index.php',0),(20111222,5,0,'MOZILLA',5.00,'Linux',1324527546,'/admin/index.php',0),(20111222,5,0,'MOZILLA',5.00,'Linux',1324527546,'/admin/index.php',0),(20111222,5,0,'MOZILLA',5.00,'Linux',1324527547,'/admin/index.php',0),(20111222,5,0,'MOZILLA',5.00,'Linux',1324527593,'/index.php',0),(20111222,5,0,'MOZILLA',5.00,'Linux',1324527593,'/index.php',0),(20111222,5,0,'MOZILLA',5.00,'Linux',1324527594,'/my/index.php',0),(20111222,5,0,'MOZILLA',5.00,'Linux',1324527595,'/my/index.php',0),(20111222,5,0,'MOZILLA',5.00,'Linux',1324527595,'/account/login.php',0),(20111222,5,0,'MOZILLA',5.00,'Linux',1324527596,'/account/login.php',0),(20111222,5,0,'MOZILLA',5.00,'Linux',1324527597,'/my/index.php',0),(20111222,5,0,'MOZILLA',5.00,'Linux',1324527597,'/my/index.php',0),(20111222,5,0,'MOZILLA',5.00,'Linux',1324527598,'/admin/index.php',0),(20111222,5,0,'MOZILLA',5.00,'Linux',1324527598,'/admin/index.php',0),(20111222,5,0,'MOZILLA',5.00,'Linux',1324527599,'/admin/index.php',0),(20111222,5,0,'MOZILLA',5.00,'Linux',1324527667,'/index.php',0),(20111222,5,0,'MOZILLA',5.00,'Linux',1324527668,'/index.php',0),(20111222,5,0,'MOZILLA',5.00,'Linux',1324527668,'/my/index.php',0),(20111222,5,0,'MOZILLA',5.00,'Linux',1324527669,'/my/index.php',0),(20111222,5,0,'MOZILLA',5.00,'Linux',1324527669,'/account/login.php',0),(20111222,5,0,'MOZILLA',5.00,'Linux',1324527670,'/account/login.php',0),(20111222,5,0,'MOZILLA',5.00,'Linux',1324527671,'/my/index.php',0),(20111222,5,0,'MOZILLA',5.00,'Linux',1324527671,'/my/index.php',0),(20111222,5,0,'MOZILLA',5.00,'Linux',1324527672,'/admin/index.php',0),(20111222,5,0,'MOZILLA',5.00,'Linux',1324527673,'/admin/index.php',0),(20111222,5,0,'MOZILLA',5.00,'Linux',1324527673,'/admin/index.php',0),(20111222,5,0,'MOZILLA',5.00,'Linux',1324527674,'/admin/index.php',0),(20111222,5,0,'MOZILLA',5.00,'Linux',1324527758,'/index.php',0),(20111222,5,0,'MOZILLA',5.00,'Linux',1324527758,'/index.php',0),(20111222,5,0,'MOZILLA',5.00,'Linux',1324527759,'/my/index.php',0),(20111222,5,0,'MOZILLA',5.00,'Linux',1324527759,'/account/login.php',0),(20111222,5,0,'MOZILLA',5.00,'Linux',1324527759,'/my/index.php',0),(20111222,5,0,'MOZILLA',5.00,'Linux',1324527760,'/account/login.php',0),(20111222,5,0,'MOZILLA',5.00,'Linux',1324527761,'/my/index.php',0),(20111222,5,0,'MOZILLA',5.00,'Linux',1324527761,'/my/index.php',0),(20111222,5,0,'MOZILLA',5.00,'Linux',1324527762,'/admin/index.php',0),(20111222,5,0,'MOZILLA',5.00,'Linux',1324527763,'/admin/index.php',0),(20111222,5,0,'MOZILLA',5.00,'Linux',1324527763,'/admin/index.php',0),(20111222,5,0,'MOZILLA',5.00,'Linux',1324527782,'/index.php',0),(20111222,5,0,'MOZILLA',5.00,'Linux',1324527783,'/index.php',0),(20111222,5,0,'MOZILLA',5.00,'Linux',1324527783,'/index.php',0),(20111222,5,0,'MOZILLA',5.00,'Linux',1324527784,'/my/index.php',0),(20111222,5,0,'MOZILLA',5.00,'Linux',1324527784,'/my/index.php',0),(20111222,5,0,'MOZILLA',5.00,'Linux',1324527784,'/account/login.php',0),(20111222,5,0,'MOZILLA',5.00,'Linux',1324527785,'/account/login.php',0),(20111222,5,0,'MOZILLA',5.00,'Linux',1324527786,'/my/index.php',0),(20111222,5,0,'MOZILLA',5.00,'Linux',1324527787,'/admin/index.php',0),(20111222,5,0,'MOZILLA',5.00,'Linux',1324527787,'/admin/index.php',0),(20111222,5,0,'MOZILLA',5.00,'Linux',1324527788,'/admin/index.php',0),(20111222,5,0,'MOZILLA',5.00,'Linux',1324527788,'/admin/index.php',0),(20111222,5,0,'MOZILLA',5.00,'Linux',1324527923,'/index.php',0),(20111222,5,0,'MOZILLA',5.00,'Linux',1324527923,'/index.php',0),(20111222,5,0,'MOZILLA',5.00,'Linux',1324527924,'/my/index.php',0),(20111222,5,0,'MOZILLA',5.00,'Linux',1324527924,'/my/index.php',0),(20111222,5,0,'MOZILLA',5.00,'Linux',1324527924,'/account/login.php',0),(20111222,5,0,'MOZILLA',5.00,'Linux',1324527925,'/account/login.php',0),(20111222,5,0,'MOZILLA',5.00,'Linux',1324527926,'/account/login.php',0),(20111222,5,0,'MOZILLA',5.00,'Linux',1324527926,'/my/index.php',0),(20111222,5,0,'MOZILLA',5.00,'Linux',1324527927,'/my/index.php',0),(20111222,5,0,'MOZILLA',5.00,'Linux',1324527928,'/admin/index.php',0),(20111222,5,0,'MOZILLA',5.00,'Linux',1324527928,'/admin/index.php',0),(20111222,5,0,'MOZILLA',5.00,'Linux',1324527928,'/admin/index.php',0),(20111222,5,0,'MOZILLA',5.00,'Linux',1324527939,'/index.php',0),(20111222,5,0,'MOZILLA',5.00,'Linux',1324527939,'/index.php',0),(20111222,5,0,'MOZILLA',5.00,'Linux',1324527940,'/my/index.php',0),(20111222,5,0,'MOZILLA',5.00,'Linux',1324527940,'/my/index.php',0),(20111222,5,0,'MOZILLA',5.00,'Linux',1324527941,'/account/login.php',0),(20111222,5,0,'MOZILLA',5.00,'Linux',1324527942,'/account/login.php',0),(20111222,5,0,'MOZILLA',5.00,'Linux',1324527942,'/my/index.php',0),(20111222,5,0,'MOZILLA',5.00,'Linux',1324527943,'/my/index.php',0),(20111222,5,0,'MOZILLA',5.00,'Linux',1324527943,'/admin/index.php',0),(20111222,5,0,'MOZILLA',5.00,'Linux',1324527944,'/admin/index.php',0),(20111222,5,0,'MOZILLA',5.00,'Linux',1324527944,'/admin/index.php',0),(20111222,5,0,'MOZILLA',5.00,'Linux',1324527945,'/admin/index.php',0),(20111222,5,0,'MOZILLA',5.00,'Linux',1324528005,'/index.php',0),(20111222,5,0,'MOZILLA',5.00,'Linux',1324528005,'/index.php',0),(20111222,5,0,'MOZILLA',5.00,'Linux',1324528006,'/my/index.php',0),(20111222,5,0,'MOZILLA',5.00,'Linux',1324528006,'/my/index.php',0),(20111222,5,0,'MOZILLA',5.00,'Linux',1324528006,'/account/login.php',0),(20111222,5,0,'MOZILLA',5.00,'Linux',1324528007,'/account/login.php',0),(20111222,5,0,'MOZILLA',5.00,'Linux',1324528008,'/my/index.php',0),(20111222,5,0,'MOZILLA',5.00,'Linux',1324528008,'/my/index.php',0),(20111222,5,0,'MOZILLA',5.00,'Linux',1324528009,'/admin/index.php',0),(20111222,5,0,'MOZILLA',5.00,'Linux',1324528010,'/admin/index.php',0),(20111222,5,0,'MOZILLA',5.00,'Linux',1324528010,'/admin/index.php',0),(20111222,5,0,'MOZILLA',5.00,'Linux',1324528011,'/admin/index.php',0),(20111222,6,0,'MOZILLA',5.00,'Linux',1324531306,'/index.php',0),(20111222,6,0,'MOZILLA',5.00,'Linux',1324531306,'/index.php',0),(20111222,6,0,'MOZILLA',5.00,'Linux',1324531307,'/index.php',0),(20111222,6,0,'MOZILLA',5.00,'Linux',1324531308,'/my/index.php',0),(20111222,6,0,'MOZILLA',5.00,'Linux',1324531309,'/my/index.php',0),(20111222,6,0,'MOZILLA',5.00,'Linux',1324531309,'/account/login.php',0),(20111222,6,0,'MOZILLA',5.00,'Linux',1324531313,'/account/login.php',0),(20111222,6,0,'MOZILLA',5.00,'Linux',1324531313,'/my/index.php',0),(20111222,6,0,'MOZILLA',5.00,'Linux',1324531314,'/my/index.php',0),(20111222,6,0,'MOZILLA',5.00,'Linux',1324531314,'/index.php',0),(20111222,6,0,'MOZILLA',5.00,'Linux',1324531315,'/index.php',0),(20111222,6,0,'MOZILLA',5.00,'Linux',1324531315,'/my/index.php',0),(20111222,6,0,'MOZILLA',5.00,'Linux',1324531315,'/my/index.php',0),(20111222,6,0,'MOZILLA',5.00,'Linux',1324531316,'/account/login.php',0),(20111222,6,0,'MOZILLA',5.00,'Linux',1324531317,'/account/login.php',0),(20111222,6,0,'MOZILLA',5.00,'Linux',1324531317,'/my/index.php',0),(20111222,6,0,'MOZILLA',5.00,'Linux',1324531319,'/admin/index.php',0),(20111222,6,0,'MOZILLA',5.00,'Linux',1324531319,'/admin/index.php',0),(20111222,6,0,'MOZILLA',5.00,'Linux',1324531319,'/admin/index.php',0),(20111222,6,0,'MOZILLA',5.00,'Linux',1324531379,'/index.php',0),(20111222,6,0,'MOZILLA',5.00,'Linux',1324531379,'/index.php',0),(20111222,6,0,'MOZILLA',5.00,'Linux',1324531380,'/index.php',0),(20111222,6,0,'MOZILLA',5.00,'Linux',1324531381,'/my/index.php',0),(20111222,6,0,'MOZILLA',5.00,'Linux',1324531381,'/my/index.php',0),(20111222,6,0,'MOZILLA',5.00,'Linux',1324531381,'/account/login.php',0),(20111222,6,0,'MOZILLA',5.00,'Linux',1324531382,'/account/login.php',0),(20111222,6,0,'MOZILLA',5.00,'Linux',1324531383,'/my/index.php',0),(20111222,6,0,'MOZILLA',5.00,'Linux',1324531383,'/index.php',0),(20111222,6,0,'MOZILLA',5.00,'Linux',1324531384,'/index.php',0),(20111222,6,0,'MOZILLA',5.00,'Linux',1324531384,'/my/index.php',0),(20111222,6,0,'MOZILLA',5.00,'Linux',1324531385,'/my/index.php',0),(20111222,6,0,'MOZILLA',5.00,'Linux',1324531385,'/account/login.php',0),(20111222,6,0,'MOZILLA',5.00,'Linux',1324531387,'/account/login.php',0),(20111222,6,0,'MOZILLA',5.00,'Linux',1324531388,'/my/index.php',0),(20111222,6,0,'MOZILLA',5.00,'Linux',1324531389,'/admin/index.php',0),(20111222,6,0,'MOZILLA',5.00,'Linux',1324531389,'/admin/index.php',0),(20111222,6,0,'MOZILLA',5.00,'Linux',1324531390,'/admin/index.php',0),(20111222,6,0,'MOZILLA',5.00,'Linux',1324531532,'/index.php',0),(20111222,6,0,'MOZILLA',5.00,'Linux',1324531532,'/index.php',0),(20111222,6,0,'MOZILLA',5.00,'Linux',1324531533,'/index.php',0),(20111222,6,0,'MOZILLA',5.00,'Linux',1324531534,'/my/index.php',0),(20111222,6,0,'MOZILLA',5.00,'Linux',1324531534,'/my/index.php',0),(20111222,6,0,'MOZILLA',5.00,'Linux',1324531534,'/account/login.php',0),(20111222,6,0,'MOZILLA',5.00,'Linux',1324531535,'/account/login.php',0),(20111222,6,0,'MOZILLA',5.00,'Linux',1324531536,'/my/index.php',0),(20111222,6,0,'MOZILLA',5.00,'Linux',1324531536,'/my/index.php',0),(20111222,6,0,'MOZILLA',5.00,'Linux',1324531537,'/index.php',0),(20111222,6,0,'MOZILLA',5.00,'Linux',1324531537,'/index.php',0),(20111222,6,0,'MOZILLA',5.00,'Linux',1324531537,'/my/index.php',0),(20111222,6,0,'MOZILLA',5.00,'Linux',1324531538,'/my/index.php',0),(20111222,6,0,'MOZILLA',5.00,'Linux',1324531538,'/account/login.php',0),(20111222,6,0,'MOZILLA',5.00,'Linux',1324531539,'/account/login.php',0),(20111222,6,0,'MOZILLA',5.00,'Linux',1324531539,'/my/index.php',0),(20111222,6,0,'MOZILLA',5.00,'Linux',1324531540,'/admin/index.php',0),(20111222,6,0,'MOZILLA',5.00,'Linux',1324531540,'/admin/index.php',0),(20111222,6,0,'MOZILLA',5.00,'Linux',1324531541,'/admin/index.php',0),(20111222,6,0,'MOZILLA',5.00,'Linux',1324531697,'/index.php',0),(20111222,6,0,'MOZILLA',5.00,'Linux',1324531697,'/index.php',0),(20111222,6,0,'MOZILLA',5.00,'Linux',1324531698,'/my/index.php',0),(20111222,6,0,'MOZILLA',5.00,'Linux',1324531698,'/my/index.php',0),(20111222,6,0,'MOZILLA',5.00,'Linux',1324531698,'/account/login.php',0),(20111222,6,0,'MOZILLA',5.00,'Linux',1324531699,'/account/login.php',0),(20111222,6,0,'MOZILLA',5.00,'Linux',1324531700,'/account/login.php',0),(20111222,6,0,'MOZILLA',5.00,'Linux',1324531700,'/my/index.php',0),(20111222,6,0,'MOZILLA',5.00,'Linux',1324531701,'/index.php',0),(20111222,6,0,'MOZILLA',5.00,'Linux',1324531701,'/index.php',0),(20111222,6,0,'MOZILLA',5.00,'Linux',1324531702,'/my/index.php',0),(20111222,6,0,'MOZILLA',5.00,'Linux',1324531702,'/my/index.php',0),(20111222,6,0,'MOZILLA',5.00,'Linux',1324531702,'/account/login.php',0),(20111222,6,0,'MOZILLA',5.00,'Linux',1324531703,'/account/login.php',0),(20111222,6,0,'MOZILLA',5.00,'Linux',1324531704,'/my/index.php',0),(20111222,6,0,'MOZILLA',5.00,'Linux',1324531704,'/admin/index.php',0),(20111222,6,0,'MOZILLA',5.00,'Linux',1324531705,'/admin/index.php',0),(20111222,6,0,'MOZILLA',5.00,'Mac',1324532107,'/index.php',0),(20111222,6,0,'MOZILLA',5.00,'Mac',1324532107,'/index.php',0),(20111222,6,0,'MOZILLA',5.00,'Mac',1324532108,'/my/index.php',0),(20111222,6,0,'MOZILLA',5.00,'Mac',1324532108,'/account/login.php',0),(20111222,6,0,'MOZILLA',5.00,'Mac',1324532109,'/account/login.php',0),(20111222,6,0,'MOZILLA',5.00,'Mac',1324532109,'/my/index.php',0),(20111222,6,0,'MOZILLA',5.00,'Mac',1324532109,'/index.php',0),(20111222,6,0,'MOZILLA',5.00,'Mac',1324532110,'/index.php',0),(20111222,6,0,'MOZILLA',5.00,'Mac',1324532110,'/my/index.php',0),(20111222,6,0,'MOZILLA',5.00,'Mac',1324532110,'/account/login.php',0),(20111222,6,0,'MOZILLA',5.00,'Mac',1324532111,'/account/login.php',0),(20111222,6,0,'MOZILLA',5.00,'Mac',1324532111,'/my/index.php',0),(20111222,6,0,'MOZILLA',5.00,'Mac',1324532112,'/admin/index.php',0),(20111222,6,0,'MOZILLA',5.00,'Linux',1324532967,'/index.php',0),(20111222,6,0,'MOZILLA',5.00,'Linux',1324532967,'/index.php',0),(20111222,6,0,'MOZILLA',5.00,'Linux',1324532968,'/my/index.php',0),(20111222,6,0,'MOZILLA',5.00,'Linux',1324532968,'/my/index.php',0),(20111222,6,0,'MOZILLA',5.00,'Linux',1324532969,'/account/login.php',0),(20111222,6,0,'MOZILLA',5.00,'Linux',1324532969,'/account/login.php',0),(20111222,6,0,'MOZILLA',5.00,'Linux',1324532970,'/account/login.php',0),(20111222,6,0,'MOZILLA',5.00,'Linux',1324532971,'/my/index.php',0),(20111222,6,0,'MOZILLA',5.00,'Linux',1324532971,'/my/index.php',0),(20111222,6,0,'MOZILLA',5.00,'Linux',1324533162,'/index.php',0),(20111222,6,0,'MOZILLA',5.00,'Linux',1324533162,'/index.php',0),(20111222,6,0,'MOZILLA',5.00,'Linux',1324533163,'/my/index.php',0),(20111222,6,0,'MOZILLA',5.00,'Linux',1324533163,'/my/index.php',0),(20111222,6,0,'MOZILLA',5.00,'Linux',1324533163,'/account/login.php',0),(20111222,6,0,'MOZILLA',5.00,'Linux',1324533164,'/account/login.php',0),(20111222,6,0,'MOZILLA',5.00,'Linux',1324533165,'/my/index.php',0),(20111222,6,0,'MOZILLA',5.00,'Linux',1324533165,'/my/index.php',0),(20111222,6,0,'MOZILLA',5.00,'Linux',1324533166,'/index.php',0),(20111222,6,0,'MOZILLA',5.00,'Linux',1324533166,'/index.php',0),(20111222,6,0,'MOZILLA',5.00,'Linux',1324533167,'/my/index.php',0),(20111222,6,0,'MOZILLA',5.00,'Linux',1324533167,'/my/index.php',0),(20111222,6,0,'MOZILLA',5.00,'Linux',1324533167,'/account/login.php',0),(20111222,6,0,'MOZILLA',5.00,'Linux',1324533169,'/account/login.php',0),(20111222,6,0,'MOZILLA',5.00,'Linux',1324533169,'/my/index.php',0),(20111222,6,0,'MOZILLA',5.00,'Linux',1324533170,'/admin/index.php',0),(20111222,6,0,'MOZILLA',5.00,'Linux',1324533170,'/admin/index.php',0),(20111222,6,0,'MOZILLA',5.00,'Linux',1324533170,'/admin/index.php',0),(20111222,6,0,'MOZILLA',5.00,'Mac',1324533281,'/index.php',0),(20111222,6,0,'MOZILLA',5.00,'Mac',1324533282,'/index.php',0),(20111222,6,0,'MOZILLA',5.00,'Mac',1324533282,'/my/index.php',0),(20111222,6,0,'MOZILLA',5.00,'Mac',1324533283,'/account/login.php',0),(20111222,6,0,'MOZILLA',5.00,'Mac',1324533283,'/account/login.php',0),(20111222,6,0,'MOZILLA',5.00,'Mac',1324533283,'/my/index.php',0),(20111222,6,0,'MOZILLA',5.00,'Mac',1324533284,'/index.php',0),(20111222,6,0,'MOZILLA',5.00,'Mac',1324533284,'/index.php',0),(20111222,6,0,'MOZILLA',5.00,'Mac',1324533285,'/my/index.php',0),(20111222,6,0,'MOZILLA',5.00,'Mac',1324533285,'/account/login.php',0),(20111222,6,0,'MOZILLA',5.00,'Mac',1324533285,'/account/login.php',0),(20111222,6,0,'MOZILLA',5.00,'Mac',1324533286,'/my/index.php',0),(20111222,6,0,'MOZILLA',5.00,'Mac',1324533286,'/admin/index.php',0),(20111222,7,0,'MOZILLA',5.00,'Mac',1324533939,'/index.php',0),(20111222,7,0,'MOZILLA',5.00,'Mac',1324533939,'/index.php',0),(20111222,7,0,'MOZILLA',5.00,'Mac',1324533940,'/my/index.php',0),(20111222,7,0,'MOZILLA',5.00,'Mac',1324533940,'/account/login.php',0),(20111222,7,0,'MOZILLA',5.00,'Mac',1324533941,'/account/login.php',0),(20111222,7,0,'MOZILLA',5.00,'Mac',1324533941,'/my/index.php',0),(20111222,7,0,'MOZILLA',5.00,'Mac',1324533942,'/index.php',0),(20111222,7,0,'MOZILLA',5.00,'Mac',1324533942,'/index.php',0),(20111222,7,0,'MOZILLA',5.00,'Mac',1324533943,'/my/index.php',0),(20111222,7,0,'MOZILLA',5.00,'Mac',1324533943,'/account/login.php',0),(20111222,7,0,'MOZILLA',5.00,'Mac',1324533943,'/account/login.php',0),(20111222,7,0,'MOZILLA',5.00,'Mac',1324533944,'/my/index.php',0),(20111222,7,0,'MOZILLA',5.00,'Mac',1324533944,'/admin/index.php',0),(20111222,15,0,'MOZILLA',5.00,'Mac',1324564407,'/index.php',0),(20111222,15,0,'MOZILLA',5.00,'Mac',1324564407,'/index.php',0),(20111222,15,0,'MOZILLA',5.00,'Mac',1324564412,'/account/login.php',0),(20111222,15,0,'MOZILLA',5.00,'Mac',1324564416,'/account/login.php',0),(20111222,15,0,'MOZILLA',5.00,'Mac',1324564683,'/my/index.php',0),(20111222,15,0,'MOZILLA',5.00,'Mac',1324564683,'/account/login.php',0),(20111222,15,0,'MOZILLA',5.00,'Mac',1324564684,'/account/login.php',0),(20111222,15,0,'MOZILLA',5.00,'Mac',1324564700,'/index.php',0),(20111222,15,0,'MOZILLA',5.00,'Mac',1324564702,'/my/index.php',0),(20111222,15,0,'MOZILLA',5.00,'Mac',1324564702,'/account/login.php',0),(20111222,15,0,'MOZILLA',5.00,'Mac',1324564702,'/account/login.php',0),(20111222,15,0,'MOZILLA',5.00,'Mac',1324564960,'/index.php',0),(20111222,15,0,'MOZILLA',5.00,'Mac',1324564960,'/index.php',0),(20111222,15,0,'MOZILLA',5.00,'Mac',1324564961,'/my/index.php',0),(20111222,15,0,'MOZILLA',5.00,'Mac',1324564961,'/account/login.php',0),(20111222,15,0,'MOZILLA',5.00,'Mac',1324564962,'/account/login.php',0),(20111222,15,0,'MOZILLA',5.00,'Mac',1324564962,'/my/index.php',0),(20111222,15,0,'MOZILLA',5.00,'Mac',1324564963,'/index.php',0),(20111222,15,0,'MOZILLA',5.00,'Mac',1324564963,'/index.php',0),(20111222,15,0,'MOZILLA',5.00,'Mac',1324564964,'/my/index.php',0),(20111222,15,0,'MOZILLA',5.00,'Mac',1324564964,'/account/login.php',0),(20111222,15,0,'MOZILLA',5.00,'Mac',1324564965,'/account/login.php',0),(20111222,15,0,'MOZILLA',5.00,'Mac',1324564965,'/my/index.php',0),(20111222,15,0,'MOZILLA',5.00,'Mac',1324564966,'/admin/index.php',0),(20111222,15,0,'MOZILLA',5.00,'Linux',1324564988,'/index.php',0),(20111222,15,0,'MOZILLA',5.00,'Linux',1324564988,'/index.php',0),(20111222,15,0,'MOZILLA',5.00,'Linux',1324564989,'/my/index.php',0),(20111222,15,0,'MOZILLA',5.00,'Linux',1324564989,'/my/index.php',0),(20111222,15,0,'MOZILLA',5.00,'Linux',1324564990,'/account/login.php',0),(20111222,15,0,'MOZILLA',5.00,'Linux',1324564990,'/account/login.php',0),(20111222,15,0,'MOZILLA',5.00,'Linux',1324564991,'/account/login.php',0),(20111222,15,0,'MOZILLA',5.00,'Linux',1324564992,'/my/index.php',0),(20111222,15,0,'MOZILLA',5.00,'Linux',1324564992,'/my/index.php',0),(20111222,15,0,'MOZILLA',5.00,'Linux',1324564993,'/index.php',0),(20111222,15,0,'MOZILLA',5.00,'Linux',1324564993,'/index.php',0),(20111222,15,0,'MOZILLA',5.00,'Linux',1324564994,'/my/index.php',0),(20111222,15,0,'MOZILLA',5.00,'Linux',1324564994,'/my/index.php',0),(20111222,15,0,'MOZILLA',5.00,'Linux',1324564995,'/account/login.php',0),(20111222,15,0,'MOZILLA',5.00,'Linux',1324564996,'/account/login.php',0),(20111222,15,0,'MOZILLA',5.00,'Linux',1324564997,'/my/index.php',0),(20111222,15,0,'MOZILLA',5.00,'Linux',1324564998,'/admin/index.php',0),(20111222,15,0,'MOZILLA',5.00,'Linux',1324564998,'/admin/index.php',0),(20111222,15,0,'MOZILLA',5.00,'Linux',1324565350,'/index.php',0),(20111222,15,0,'MOZILLA',5.00,'Linux',1324565351,'/index.php',0),(20111222,15,0,'MOZILLA',5.00,'Linux',1324565352,'/my/index.php',0),(20111222,15,0,'MOZILLA',5.00,'Linux',1324565352,'/my/index.php',0),(20111222,15,0,'MOZILLA',5.00,'Linux',1324565352,'/account/login.php',0),(20111222,15,0,'MOZILLA',5.00,'Linux',1324565353,'/account/login.php',0),(20111222,15,0,'MOZILLA',5.00,'Linux',1324565354,'/my/index.php',0),(20111222,15,0,'MOZILLA',5.00,'Linux',1324565355,'/index.php',0),(20111222,15,0,'MOZILLA',5.00,'Linux',1324565355,'/index.php',0),(20111222,15,0,'MOZILLA',5.00,'Linux',1324565356,'/my/index.php',0),(20111222,15,0,'MOZILLA',5.00,'Linux',1324565356,'/my/index.php',0),(20111222,15,0,'MOZILLA',5.00,'Linux',1324565356,'/account/login.php',0),(20111222,15,0,'MOZILLA',5.00,'Linux',1324565358,'/account/login.php',0),(20111222,15,0,'MOZILLA',5.00,'Linux',1324565358,'/my/index.php',0),(20111222,15,0,'MOZILLA',5.00,'Linux',1324565359,'/admin/index.php',0),(20111222,15,0,'MOZILLA',5.00,'Linux',1324565359,'/admin/index.php',0),(20111222,15,0,'MOZILLA',5.00,'Mac',1324565400,'/index.php',0),(20111222,15,0,'MOZILLA',5.00,'Mac',1324565400,'/index.php',0),(20111222,15,0,'MOZILLA',5.00,'Mac',1324565401,'/my/index.php',0),(20111222,15,0,'MOZILLA',5.00,'Mac',1324565401,'/account/login.php',0),(20111222,15,0,'MOZILLA',5.00,'Mac',1324565401,'/account/login.php',0),(20111222,15,0,'MOZILLA',5.00,'Mac',1324565402,'/my/index.php',0),(20111222,15,0,'MOZILLA',5.00,'Mac',1324565403,'/index.php',0),(20111222,15,0,'MOZILLA',5.00,'Mac',1324565404,'/index.php',0),(20111222,15,0,'MOZILLA',5.00,'Mac',1324565404,'/my/index.php',0),(20111222,15,0,'MOZILLA',5.00,'Mac',1324565405,'/account/login.php',0),(20111222,15,0,'MOZILLA',5.00,'Mac',1324565405,'/account/login.php',0),(20111222,15,0,'MOZILLA',5.00,'Mac',1324565405,'/my/index.php',0),(20111222,15,0,'MOZILLA',5.00,'Mac',1324565406,'/admin/index.php',0),(20111222,15,0,'MOZILLA',5.00,'Linux',1324565826,'/index.php',0),(20111222,15,0,'MOZILLA',5.00,'Linux',1324565826,'/index.php',0),(20111222,15,0,'MOZILLA',5.00,'Linux',1324565827,'/my/index.php',0),(20111222,15,0,'MOZILLA',5.00,'Linux',1324565827,'/account/login.php',0),(20111222,15,0,'MOZILLA',5.00,'Linux',1324565828,'/my/index.php',0),(20111222,15,0,'MOZILLA',5.00,'Linux',1324565829,'/account/login.php',0),(20111222,15,0,'MOZILLA',5.00,'Linux',1324565829,'/my/index.php',0),(20111222,15,0,'MOZILLA',5.00,'Linux',1324565829,'/my/index.php',0),(20111222,15,0,'MOZILLA',5.00,'Linux',1324565830,'/index.php',0),(20111222,15,0,'MOZILLA',5.00,'Linux',1324565831,'/index.php',0),(20111222,15,0,'MOZILLA',5.00,'Linux',1324565831,'/my/index.php',0),(20111222,15,0,'MOZILLA',5.00,'Linux',1324565832,'/my/index.php',0),(20111222,15,0,'MOZILLA',5.00,'Linux',1324565832,'/account/login.php',0),(20111222,15,0,'MOZILLA',5.00,'Linux',1324565833,'/account/login.php',0),(20111222,15,0,'MOZILLA',5.00,'Linux',1324565833,'/my/index.php',0),(20111222,15,0,'MOZILLA',5.00,'Linux',1324565834,'/admin/index.php',0),(20111222,15,0,'MOZILLA',5.00,'Linux',1324565835,'/admin/index.php',0),(20111222,16,0,'MOZILLA',5.00,'Linux',1324566219,'/index.php',0),(20111222,16,0,'MOZILLA',5.00,'Linux',1324566220,'/index.php',0),(20111222,16,0,'MOZILLA',5.00,'Linux',1324566220,'/my/index.php',0),(20111222,16,0,'MOZILLA',5.00,'Linux',1324566221,'/my/index.php',0),(20111222,16,0,'MOZILLA',5.00,'Linux',1324566221,'/account/login.php',0),(20111222,16,0,'MOZILLA',5.00,'Linux',1324566221,'/account/login.php',0),(20111222,16,0,'MOZILLA',5.00,'Linux',1324566223,'/account/login.php',0),(20111222,16,0,'MOZILLA',5.00,'Linux',1324566223,'/my/index.php',0),(20111222,16,0,'MOZILLA',5.00,'Linux',1324566223,'/my/index.php',0),(20111222,16,0,'MOZILLA',5.00,'Linux',1324566622,'/index.php',0),(20111222,16,0,'MOZILLA',5.00,'Linux',1324566622,'/index.php',0),(20111222,16,0,'MOZILLA',5.00,'Linux',1324566623,'/index.php',0),(20111222,16,0,'MOZILLA',5.00,'Linux',1324566624,'/my/index.php',0),(20111222,16,0,'MOZILLA',5.00,'Linux',1324566624,'/my/index.php',0),(20111222,16,0,'MOZILLA',5.00,'Linux',1324566624,'/account/login.php',0),(20111222,16,0,'MOZILLA',5.00,'Linux',1324566625,'/account/login.php',0),(20111222,16,0,'MOZILLA',5.00,'Linux',1324566626,'/my/index.php',0),(20111222,16,0,'MOZILLA',5.00,'Linux',1324566626,'/my/index.php',0),(20111222,16,0,'MOZILLA',5.00,'Linux',1324566627,'/index.php',0),(20111222,16,0,'MOZILLA',5.00,'Linux',1324566627,'/index.php',0),(20111222,16,0,'MOZILLA',5.00,'Linux',1324566628,'/my/index.php',0),(20111222,16,0,'MOZILLA',5.00,'Linux',1324566628,'/my/index.php',0),(20111222,16,0,'MOZILLA',5.00,'Linux',1324566629,'/account/login.php',0),(20111222,16,0,'MOZILLA',5.00,'Linux',1324566630,'/account/login.php',0),(20111222,16,0,'MOZILLA',5.00,'Linux',1324566630,'/my/index.php',0),(20111222,16,0,'MOZILLA',5.00,'Linux',1324566631,'/admin/index.php',0),(20111222,16,0,'MOZILLA',5.00,'Linux',1324566631,'/admin/index.php',0),(20111222,16,0,'MOZILLA',5.00,'Mac',1324567085,'/index.php',0),(20111222,16,0,'MOZILLA',5.00,'Mac',1324567085,'/index.php',0),(20111222,16,0,'MOZILLA',5.00,'Mac',1324567092,'/account/login.php',0),(20111222,16,0,'MOZILLA',5.00,'Mac',1324567096,'/account/login.php',0),(20111222,16,0,'MOZILLA',5.00,'Mac',1324567103,'/account/login.php',0),(20111222,16,0,'MOZILLA',5.00,'Mac',1324567103,'/my/index.php',0),(20111222,16,0,'MOZILLA',5.00,'Mac',1324567108,'/projects/nty/',0),(20111222,16,101,'MOZILLA',5.00,'Mac',1324567112,'/tracker/index.php',0),(20111222,16,0,'MOZILLA',5.00,'Mac',1324567145,'/my/index.php',0),(20111222,16,0,'MOZILLA',5.00,'Mac',1324567151,'/projects/nty/',0),(20111222,16,101,'MOZILLA',5.00,'Mac',1324567158,'/project/admin/index.php',0),(20111222,16,0,'MOZILLA',5.00,'Mac',1324567176,'/projects/nty/',0),(20111222,16,101,'MOZILLA',5.00,'Mac',1324567178,'/project/admin/index.php',0),(20111222,16,101,'MOZILLA',5.00,'Mac',1324567180,'/project/admin/servicebar.php',0),(20111222,16,101,'MOZILLA',5.00,'Mac',1324567181,'/project/admin/servicebar.php',0),(20111222,16,101,'MOZILLA',5.00,'Mac',1324567190,'/project/admin/editservice.php',0),(20111222,16,101,'MOZILLA',5.00,'Mac',1324567210,'/project/admin/index.php',0),(20111222,16,0,'MOZILLA',5.00,'Mac',1324567217,'/projects/nty/',0),(20111222,16,101,'MOZILLA',5.00,'Mac',1324567231,'/tracker/index.php',0),(20111222,16,101,'MOZILLA',5.00,'Mac',1324567257,'/project/admin/index.php',0),(20111222,16,101,'MOZILLA',5.00,'Mac',1324567262,'/project/admin/servicebar.php',0),(20111222,16,0,'MOZILLA',5.00,'Mac',1324567288,'/account/logout.php',0),(20111222,16,0,'MOZILLA',5.00,'Mac',1324567288,'/index.php',0),(20111222,16,0,'MOZILLA',5.00,'Mac',1324567293,'/account/login.php',0),(20111222,16,0,'MOZILLA',5.00,'Mac',1324567298,'/account/login.php',0),(20111222,16,0,'MOZILLA',5.00,'Mac',1324567304,'/account/login.php',0),(20111222,16,0,'MOZILLA',5.00,'Mac',1324567304,'/my/index.php',0),(20111222,16,0,'MOZILLA',5.00,'Mac',1324567308,'/projects/codendi/',0),(20111222,16,0,'MOZILLA',5.00,'Mac',1324567310,'/my/index.php',0),(20111222,16,0,'MOZILLA',5.00,'Mac',1324567311,'/admin/index.php',0),(20111222,16,0,'MOZILLA',5.00,'Mac',1324567319,'/plugins/pluginsadministration/index.php',0),(20111222,16,0,'MOZILLA',5.00,'Mac',1324567333,'/plugins/pluginsadministration/index.php',0),(20111222,16,0,'MOZILLA',5.00,'Mac',1324567337,'/plugins/pluginsadministration/index.php',0),(20111222,16,0,'MOZILLA',5.00,'Mac',1324567341,'/plugins/pluginsadministration/index.php',0),(20111222,16,0,'MOZILLA',5.00,'Mac',1324567353,'/plugins/pluginsadministration/index.php',0),(20111222,16,0,'MOZILLA',5.00,'Mac',1324567361,'/plugins/pluginsadministration/index.php',0),(20111222,16,0,'MOZILLA',5.00,'Mac',1324567368,'/plugins/pluginsadministration/index.php',0),(20111222,16,0,'MOZILLA',5.00,'Mac',1324567370,'/plugins/pluginsadministration/index.php',0),(20111222,16,0,'MOZILLA',5.00,'Mac',1324567378,'/plugins/pluginsadministration/index.php',0),(20111222,16,0,'MOZILLA',5.00,'Mac',1324567390,'/account/logout.php',0),(20111222,16,0,'MOZILLA',5.00,'Mac',1324567390,'/index.php',0),(20111222,16,0,'MOZILLA',5.00,'Mac',1324567393,'/account/login.php',0),(20111222,16,0,'MOZILLA',5.00,'Mac',1324567400,'/account/login.php',0),(20111222,16,0,'MOZILLA',5.00,'Mac',1324567400,'/my/index.php',0),(20111222,16,0,'MOZILLA',5.00,'Mac',1324567404,'/projects/nty/',0),(20111222,16,101,'MOZILLA',5.00,'Mac',1324567410,'/project/admin/index.php',0),(20111222,16,101,'MOZILLA',5.00,'Mac',1324567416,'/project/admin/servicebar.php',0),(20111222,16,101,'MOZILLA',5.00,'Mac',1324567421,'/project/admin/editservice.php',0),(20111222,16,101,'MOZILLA',5.00,'Mac',1324567426,'/project/admin/servicebar.php',0),(20111222,16,101,'MOZILLA',5.00,'Mac',1324567429,'/plugins/tracker/index.php',0),(20111222,16,101,'MOZILLA',5.00,'Mac',1324567451,'/plugins/tracker/index.php',0),(20111222,16,101,'MOZILLA',5.00,'Mac',1324567507,'/plugins/tracker/index.php',0),(20111222,16,101,'MOZILLA',5.00,'Mac',1324567513,'/plugins/tracker/index.php',0),(20111222,16,101,'MOZILLA',5.00,'Mac',1324567549,'/plugins/tracker/index.php',0),(20111222,16,101,'MOZILLA',5.00,'Mac',1324567583,'/plugins/tracker/index.php',0),(20111222,16,101,'MOZILLA',5.00,'Mac',1324567593,'/plugins/tracker/index.php',0),(20111222,16,101,'MOZILLA',5.00,'Mac',1324567607,'/plugins/tracker/index.php',0),(20111222,16,101,'MOZILLA',5.00,'Mac',1324567613,'/plugins/tracker/index.php',0),(20111222,16,101,'MOZILLA',5.00,'Mac',1324567615,'/plugins/tracker/index.php',0),(20111222,16,101,'MOZILLA',5.00,'Mac',1324567633,'/plugins/tracker/index.php',0),(20111222,16,101,'MOZILLA',5.00,'Mac',1324567638,'/plugins/tracker/index.php',0),(20111222,16,101,'MOZILLA',5.00,'Mac',1324567656,'/plugins/tracker/index.php',0),(20111222,16,101,'MOZILLA',5.00,'Mac',1324567693,'/plugins/tracker/index.php',0),(20111222,16,101,'MOZILLA',5.00,'Mac',1324567719,'/plugins/tracker/index.php',0),(20111222,16,101,'MOZILLA',5.00,'Mac',1324567733,'/plugins/tracker/index.php',0),(20111222,16,101,'MOZILLA',5.00,'Mac',1324567763,'/plugins/tracker/index.php',0),(20111222,16,101,'MOZILLA',5.00,'Mac',1324567773,'/plugins/tracker/index.php',0),(20111222,16,101,'MOZILLA',5.00,'Mac',1324567796,'/plugins/tracker/index.php',0),(20111222,16,101,'MOZILLA',5.00,'Mac',1324567807,'/plugins/tracker/index.php',0),(20111222,16,101,'MOZILLA',5.00,'Mac',1324568110,'/plugins/tracker/index.php',0),(20111222,16,0,'MOZILLA',5.00,'Mac',1324568288,'/project/privacy.php',0),(20111222,16,101,'MOZILLA',5.00,'Mac',1324568298,'/plugins/tracker/index.php',0),(20111222,16,101,'MOZILLA',5.00,'Mac',1324568319,'/plugins/tracker/index.php',0),(20111222,16,0,'MOZILLA',5.00,'Mac',1324568414,'/index.php',0),(20111222,16,0,'MOZILLA',5.00,'Mac',1324568414,'/index.php',0),(20111222,17,101,'MOZILLA',5.00,'Mac',1324569710,'/plugins/tracker/index.php',0),(20111222,17,101,'MOZILLA',5.00,'Mac',1324569981,'/plugins/tracker/index.php',0),(20111222,17,101,'MOZILLA',5.00,'Mac',1324569983,'/plugins/tracker/index.php',0),(20111222,17,101,'MOZILLA',5.00,'Mac',1324570352,'/plugins/tracker/index.php',0),(20111222,17,0,'MOZILLA',5.00,'Mac',1324570373,'/plugins/tracker/index.php',0),(20111222,17,0,'MOZILLA',5.00,'Mac',1324570413,'/plugins/tracker/index.php',0),(20111222,17,0,'MOZILLA',5.00,'Mac',1324570414,'/plugins/tracker/index.php',0),(20111222,17,0,'MOZILLA',5.00,'Mac',1324570416,'/sparklines.php',0),(20111222,17,0,'MOZILLA',5.00,'Mac',1324570443,'/plugins/tracker/index.php',0),(20111222,17,0,'MOZILLA',5.00,'Mac',1324570444,'/plugins/tracker/index.php',0),(20111222,17,0,'MOZILLA',5.00,'Mac',1324570462,'/plugins/tracker/index.php',0),(20111222,17,0,'MOZILLA',5.00,'Mac',1324570463,'/sparklines.php',0),(20111222,17,0,'MOZILLA',5.00,'Mac',1324570472,'/plugins/tracker/index.php',0),(20111222,17,0,'MOZILLA',5.00,'Mac',1324570498,'/plugins/tracker/index.php',0),(20111222,17,0,'MOZILLA',5.00,'Mac',1324570551,'/plugins/tracker/index.php',0),(20111222,17,0,'MOZILLA',5.00,'Mac',1324570553,'/plugins/tracker/index.php',0),(20111222,17,0,'MOZILLA',5.00,'Mac',1324570554,'/sparklines.php',0),(20111222,17,0,'MOZILLA',5.00,'Mac',1324570558,'/plugins/tracker/index.php',0),(20111222,17,0,'MOZILLA',5.00,'Mac',1324570559,'/plugins/tracker/index.php',0),(20111222,17,0,'MOZILLA',5.00,'Mac',1324570560,'/plugins/tracker/index.php',0),(20111222,17,0,'MOZILLA',5.00,'Mac',1324570719,'/plugins/tracker/index.php',0),(20111222,17,0,'MOZILLA',5.00,'Mac',1324570721,'/plugins/tracker/index.php',0),(20111222,17,0,'MOZILLA',5.00,'Mac',1324570722,'/sparklines.php',0),(20111222,17,0,'MOZILLA',5.00,'Mac',1324570726,'/plugins/tracker/index.php',0),(20111222,17,0,'MOZILLA',5.00,'Mac',1324570726,'/plugins/tracker/index.php',0),(20111222,17,0,'MOZILLA',5.00,'Mac',1324570743,'/plugins/tracker/index.php',0),(20111222,17,0,'MOZILLA',5.00,'Mac',1324570744,'/sparklines.php',0),(20111222,17,0,'MOZILLA',5.00,'Mac',1324570761,'/plugins/tracker/index.php',0),(20111222,17,0,'MOZILLA',5.00,'Mac',1324570780,'/plugins/tracker/index.php',0),(20111222,17,0,'MOZILLA',5.00,'Mac',1324570842,'/plugins/tracker/index.php',0),(20111222,17,0,'MOZILLA',5.00,'Mac',1324570849,'/plugins/tracker/index.php',0),(20111222,19,0,'MOZILLA',5.00,'Mac',1324580221,'/plugins/tracker/index.php',0),(20111222,19,0,'MOZILLA',5.00,'Mac',1324580252,'/plugins/tracker/index.php',0),(20111222,19,0,'MOZILLA',5.00,'Mac',1324580253,'/plugins/tracker/index.php',0),(20111222,19,0,'MOZILLA',5.00,'Mac',1324580275,'/plugins/tracker/index.php',0),(20111222,19,0,'MOZILLA',5.00,'Mac',1324580282,'/plugins/tracker/index.php',0),(20111222,19,0,'MOZILLA',5.00,'Mac',1324580291,'/plugins/tracker/index.php',0),(20111222,20,0,'MOZILLA',5.00,'Mac',1324580543,'/plugins/tracker/index.php',0),(20111222,20,0,'MOZILLA',5.00,'Mac',1324580544,'/plugins/tracker/index.php',0),(20111222,20,0,'MOZILLA',5.00,'Mac',1324580581,'/plugins/tracker/index.php',0),(20111222,20,0,'MOZILLA',5.00,'Mac',1324580600,'/plugins/tracker/index.php',0),(20111222,20,0,'MOZILLA',5.00,'Mac',1324580601,'/plugins/tracker/index.php',0),(20111222,20,0,'MOZILLA',5.00,'Mac',1324580611,'/plugins/tracker/index.php',0),(20111222,20,0,'MOZILLA',5.00,'Mac',1324580628,'/plugins/tracker/index.php',0),(20111222,20,0,'MOZILLA',5.00,'Mac',1324580629,'/plugins/tracker/index.php',0),(20111222,20,0,'MOZILLA',5.00,'Mac',1324580644,'/plugins/tracker/index.php',0),(20111222,20,0,'MOZILLA',5.00,'Mac',1324580645,'/plugins/tracker/index.php',0),(20111222,20,0,'MOZILLA',5.00,'Mac',1324580649,'/plugins/tracker/index.php',0),(20111222,20,0,'MOZILLA',5.00,'Mac',1324580662,'/plugins/tracker/index.php',0),(20111222,20,0,'MOZILLA',5.00,'Mac',1324580681,'/plugins/tracker/index.php',0),(20111222,20,0,'MOZILLA',5.00,'Mac',1324580686,'/plugins/tracker/index.php',0),(20111222,20,0,'MOZILLA',5.00,'Mac',1324580694,'/plugins/tracker/index.php',0),(20111222,20,0,'MOZILLA',5.00,'Mac',1324580698,'/plugins/tracker/index.php',0),(20111222,20,0,'MOZILLA',5.00,'Mac',1324580707,'/plugins/tracker/index.php',0),(20111222,20,0,'MOZILLA',5.00,'Mac',1324580718,'/plugins/tracker/index.php',0),(20111222,20,0,'MOZILLA',5.00,'Mac',1324580725,'/plugins/tracker/index.php',0),(20111222,20,0,'MOZILLA',5.00,'Mac',1324580725,'/plugins/tracker/index.php',0),(20111222,20,0,'MOZILLA',5.00,'Mac',1324580759,'/plugins/tracker/index.php',0),(20111222,20,0,'MOZILLA',5.00,'Mac',1324580760,'/plugins/tracker/index.php',0),(20111222,20,0,'MOZILLA',5.00,'Mac',1324580806,'/plugins/tracker/index.php',0),(20111222,20,0,'MOZILLA',5.00,'Mac',1324580812,'/plugins/tracker/index.php',0),(20111222,20,0,'MOZILLA',5.00,'Mac',1324580813,'/plugins/tracker/index.php',0),(20111222,20,0,'MOZILLA',5.00,'Mac',1324580837,'/plugins/tracker/index.php',0),(20111222,20,0,'MOZILLA',5.00,'Mac',1324580838,'/plugins/tracker/index.php',0),(20111222,20,0,'MOZILLA',5.00,'Mac',1324580873,'/plugins/tracker/index.php',0),(20111222,20,0,'MOZILLA',5.00,'Mac',1324580878,'/plugins/tracker/index.php',0),(20111222,20,0,'MOZILLA',5.00,'Mac',1324580922,'/plugins/tracker/index.php',0),(20111222,20,0,'MOZILLA',5.00,'Mac',1324580923,'/plugins/tracker/index.php',0),(20111222,20,0,'MOZILLA',5.00,'Mac',1324580931,'/plugins/tracker/index.php',0),(20111222,20,0,'MOZILLA',5.00,'Mac',1324580932,'/plugins/tracker/index.php',0),(20111222,20,0,'MOZILLA',5.00,'Mac',1324580938,'/plugins/tracker/index.php',0),(20111222,20,0,'MOZILLA',5.00,'Mac',1324580944,'/plugins/tracker/index.php',0),(20111222,20,0,'MOZILLA',5.00,'Mac',1324580951,'/plugins/tracker/index.php',0),(20111222,20,0,'MOZILLA',5.00,'Mac',1324580952,'/plugins/tracker/index.php',0),(20111222,20,0,'MOZILLA',5.00,'Mac',1324580961,'/plugins/tracker/index.php',0),(20111222,20,0,'MOZILLA',5.00,'Mac',1324580962,'/plugins/tracker/index.php',0),(20111222,20,0,'MOZILLA',5.00,'Mac',1324581423,'/index.php',0),(20111222,20,0,'MOZILLA',5.00,'Mac',1324581423,'/index.php',0),(20111222,21,0,'MOZILLA',5.00,'Mac',1324587595,'/my/index.php',0),(20111222,21,0,'MOZILLA',5.00,'Mac',1324587598,'/projects/nty/',0),(20111222,22,101,'MOZILLA',5.00,'Mac',1324587611,'/project/admin/index.php',0),(20111222,22,101,'MOZILLA',5.00,'Mac',1324587615,'/project/admin/editgroupinfo.php',0),(20111222,22,101,'MOZILLA',5.00,'Mac',1324587665,'/project/admin/editgroupinfo.php',0),(20111222,22,101,'MOZILLA',5.00,'Mac',1324587686,'/project/admin/editgroupinfo.php',0),(20111222,22,101,'MOZILLA',5.00,'Mac',1324587690,'/project/admin/index.php',0),(20111222,22,0,'MOZILLA',5.00,'Mac',1324587699,'/users/johan/',0),(20111222,22,101,'MOZILLA',5.00,'Mac',1324587737,'/tracker/index.php',0),(20111222,22,101,'MOZILLA',5.00,'Mac',1324587747,'/project/admin/index.php',0),(20111222,22,101,'MOZILLA',5.00,'Mac',1324587752,'/project/admin/editgroupinfo.php',0),(20111222,22,101,'MOZILLA',5.00,'Mac',1324587769,'/project/admin/editgroupinfo.php',0),(20111222,22,101,'MOZILLA',5.00,'Mac',1324587774,'/project/admin/index.php',0),(20111222,22,0,'MOZILLA',5.00,'Mac',1324587937,'/projects/nty/',0),(20111222,22,101,'MOZILLA',5.00,'Mac',1324587959,'/project/admin/group_trove.php',0),(20111222,22,101,'MOZILLA',5.00,'Mac',1324587998,'/file/showfiles.php',0),(20111222,22,101,'MOZILLA',5.00,'Mac',1324588073,'/file/showfiles.php',0),(20111222,22,101,'MOZILLA',5.00,'Mac',1324588099,'/project/admin/index.php',0),(20111222,22,101,'MOZILLA',5.00,'Mac',1324588103,'/project/admin/servicebar.php',0),(20111222,22,101,'MOZILLA',5.00,'Mac',1324588175,'/project/admin/editservice.php',0),(20111222,22,101,'MOZILLA',5.00,'Mac',1324588277,'/project/admin/editservice.php',0),(20111222,22,101,'MOZILLA',5.00,'Mac',1324588286,'/tracker/index.php',0),(20111222,22,101,'MOZILLA',5.00,'Mac',1324588635,'/project/admin/index.php',0),(20111222,22,0,'MOZILLA',5.00,'Mac',1324588648,'/account/logout.php',0),(20111222,22,0,'MOZILLA',5.00,'Mac',1324588648,'/index.php',0),(20111222,22,0,'MOZILLA',5.00,'Mac',1324588651,'/account/login.php',0),(20111222,22,0,'MOZILLA',5.00,'Mac',1324588652,'/account/login.php',0),(20111222,22,0,'MOZILLA',5.00,'Mac',1324588658,'/account/login.php',0),(20111222,22,0,'MOZILLA',5.00,'Mac',1324588658,'/my/index.php',0),(20111222,22,0,'MOZILLA',5.00,'Mac',1324588659,'/widgets/widget.php',0),(20111222,22,0,'MOZILLA',5.00,'Mac',1324588660,'/widgets/widget.php',0),(20111222,22,0,'MOZILLA',5.00,'Mac',1324588660,'/widgets/widget.php',0),(20111222,22,0,'MOZILLA',5.00,'Mac',1324588661,'/widgets/widget.php',0),(20111222,22,0,'MOZILLA',5.00,'Mac',1324588662,'/projects/codendi/',0),(20111222,22,0,'MOZILLA',5.00,'Mac',1324588663,'/widgets/widget.php',0),(20111222,22,0,'MOZILLA',5.00,'Mac',1324588664,'/plugins/IM/index.php',0),(20111222,22,1,'MOZILLA',5.00,'Mac',1324588670,'/plugins/docman/index.php',0),(20111222,22,1,'MOZILLA',5.00,'Mac',1324588687,'/project/admin/index.php',0),(20111222,22,0,'MOZILLA',5.00,'Mac',1324588688,'/plugins/IM/index.php',0),(20111222,22,0,'MOZILLA',5.00,'Mac',1324588718,'/admin/index.php',0),(20111222,22,0,'MOZILLA',5.00,'Mac',1324588723,'/admin/grouplist.php',0),(20111222,22,101,'MOZILLA',5.00,'Mac',1324588728,'/admin/groupedit.php',0),(20111222,22,101,'MOZILLA',5.00,'Mac',1324588732,'/project/admin/index.php',0),(20111222,22,0,'MOZILLA',5.00,'Mac',1324588733,'/plugins/IM/index.php',0),(20111222,22,101,'MOZILLA',5.00,'Mac',1324588745,'/plugins/git/index.php',0),(20111222,22,101,'MOZILLA',5.00,'Mac',1324588748,'/project/admin/index.php',0),(20111222,22,0,'MOZILLA',5.00,'Mac',1324588749,'/plugins/IM/index.php',0),(20111222,22,0,'MOZILLA',5.00,'Mac',1324588750,'/account/logout.php',0),(20111222,22,0,'MOZILLA',5.00,'Mac',1324588750,'/index.php',0),(20111222,22,0,'MOZILLA',5.00,'Mac',1324588754,'/account/login.php',0),(20111222,22,0,'MOZILLA',5.00,'Mac',1324588762,'/account/login.php',0),(20111222,22,0,'MOZILLA',5.00,'Mac',1324588762,'/my/index.php',0),(20111222,22,0,'MOZILLA',5.00,'Mac',1324588764,'/widgets/widget.php',0),(20111222,22,0,'MOZILLA',5.00,'Mac',1324588764,'/widgets/widget.php',0),(20111222,22,0,'MOZILLA',5.00,'Mac',1324588765,'/widgets/widget.php',0),(20111222,22,0,'MOZILLA',5.00,'Mac',1324588765,'/widgets/widget.php',0),(20111222,22,0,'MOZILLA',5.00,'Mac',1324588768,'/my/index.php',0),(20111222,22,0,'MOZILLA',5.00,'Mac',1324588769,'/widgets/widget.php',0),(20111222,22,0,'MOZILLA',5.00,'Mac',1324588770,'/widgets/widget.php',0),(20111222,22,0,'MOZILLA',5.00,'Mac',1324588770,'/widgets/widget.php',0),(20111222,22,0,'MOZILLA',5.00,'Mac',1324588770,'/widgets/widget.php',0),(20111222,22,0,'MOZILLA',5.00,'Mac',1324588771,'/projects/nty/',0),(20111222,22,0,'MOZILLA',5.00,'Mac',1324588773,'/widgets/widget.php',0),(20111222,22,0,'MOZILLA',5.00,'Mac',1324588774,'/plugins/IM/index.php',0),(20111222,22,101,'MOZILLA',5.00,'Mac',1324588777,'/plugins/git/index.php',0),(20111222,22,101,'MOZILLA',5.00,'Mac',1324588777,'/plugins/git/index.php',0),(20111222,22,101,'MOZILLA',5.00,'Mac',1324588782,'/project/admin/index.php',0),(20111222,22,0,'MOZILLA',5.00,'Mac',1324588783,'/plugins/IM/index.php',0),(20111222,22,101,'MOZILLA',5.00,'Mac',1324588784,'/plugins/tracker/index.php',0),(20111222,22,101,'MOZILLA',5.00,'Mac',1324588787,'/project/admin/index.php',0),(20111222,22,0,'MOZILLA',5.00,'Mac',1324588788,'/plugins/IM/index.php',0),(20111222,22,101,'MOZILLA',5.00,'Mac',1324588792,'/project/admin/editgroupinfo.php',0),(20111222,22,101,'MOZILLA',5.00,'Mac',1324588804,'/project/admin/editgroupinfo.php',0),(20111222,22,101,'MOZILLA',5.00,'Mac',1324588807,'/plugins/tracker/index.php',0),(20111222,22,101,'MOZILLA',5.00,'Mac',1324588811,'/project/admin/index.php',0),(20111222,22,0,'MOZILLA',5.00,'Mac',1324588812,'/plugins/IM/index.php',0),(20111222,22,101,'MOZILLA',5.00,'Mac',1324588819,'/plugins/tracker/index.php',0),(20111222,22,0,'MOZILLA',5.00,'Mac',1324589329,'/plugins/tracker/index.php',0),(20111222,22,0,'MOZILLA',5.00,'Mac',1324589331,'/sparklines.php',0),(20111222,22,0,'MOZILLA',5.00,'Mac',1324589336,'/plugins/tracker/index.php',0),(20111222,22,0,'MOZILLA',5.00,'Mac',1324589338,'/plugins/tracker/index.php',0),(20111222,22,0,'MOZILLA',5.00,'Mac',1324589347,'/plugins/tracker/index.php',0),(20111222,22,0,'MOZILLA',5.00,'Mac',1324589442,'/plugins/tracker/index.php',0),(20111222,22,0,'MOZILLA',5.00,'Mac',1324589444,'/sparklines.php',0),(20111222,22,0,'MOZILLA',5.00,'Mac',1324589578,'/plugins/tracker/index.php',0),(20111222,22,0,'MOZILLA',5.00,'Mac',1324589603,'/plugins/tracker/index.php',0),(20111222,22,0,'MOZILLA',5.00,'Mac',1324589615,'/plugins/tracker/index.php',0),(20111222,22,0,'MOZILLA',5.00,'Mac',1324589645,'/plugins/tracker/index.php',0),(20111222,22,0,'MOZILLA',5.00,'Mac',1324589646,'/plugins/tracker/index.php',0),(20111222,22,0,'MOZILLA',5.00,'Mac',1324589654,'/plugins/tracker/index.php',0),(20111222,22,0,'MOZILLA',5.00,'Mac',1324589676,'/plugins/tracker/index.php',0),(20111222,22,0,'MOZILLA',5.00,'Mac',1324589677,'/plugins/tracker/index.php',0),(20111222,22,0,'MOZILLA',5.00,'Mac',1324589683,'/plugins/tracker/index.php',0),(20111222,22,0,'MOZILLA',5.00,'Mac',1324589697,'/plugins/tracker/index.php',0),(20111222,22,0,'MOZILLA',5.00,'Mac',1324589698,'/plugins/tracker/index.php',0),(20120116,14,0,'MOZILLA',5.00,'Linux',1326721983,'/index.php',0),(20120116,14,0,'MOZILLA',5.00,'Linux',1326721984,'/index.php',0),(20120116,14,0,'MOZILLA',5.00,'Linux',1326721985,'/index.php',0),(20120116,14,0,'MOZILLA',5.00,'Linux',1326721986,'/account/login.php',0),(20120116,14,0,'MOZILLA',5.00,'Linux',1326721986,'/account/login.php',0),(20120116,14,0,'MOZILLA',5.00,'Linux',1326721988,'/account/login.php',0),(20120116,14,0,'MOZILLA',5.00,'Mac',1326722140,'/my/index.php',0),(20120116,14,0,'MOZILLA',5.00,'Mac',1326722140,'/account/login.php',0),(20120116,14,0,'MOZILLA',5.00,'Mac',1326722149,'/account/login.php',0),(20120116,14,0,'MOZILLA',5.00,'Mac',1326722149,'/my/index.php',0),(20120116,14,0,'MOZILLA',5.00,'Mac',1326722151,'/widgets/widget.php',0),(20120116,14,0,'MOZILLA',5.00,'Mac',1326722152,'/widgets/widget.php',0),(20120116,14,0,'MOZILLA',5.00,'Mac',1326722152,'/widgets/widget.php',0),(20120116,14,0,'MOZILLA',5.00,'Mac',1326722153,'/widgets/widget.php',0),(20120116,14,0,'MOZILLA',5.00,'Mac',1326722153,'/project/privacy.php',0),(20120116,14,0,'MOZILLA',5.00,'Mac',1326722153,'/project/privacy.php',0),(20120116,15,0,'MOZILLA',5.00,'Mac',1326722461,'/index.php',0),(20120116,15,0,'MOZILLA',5.00,'Mac',1326722462,'/index.php',0),(20120116,15,0,'MOZILLA',5.00,'Mac',1326722466,'/account/login.php',0),(20120116,15,0,'MOZILLA',5.00,'Mac',1326722476,'/account/login.php',0),(20120116,15,0,'MOZILLA',5.00,'Mac',1326722483,'/account/login.php',0),(20120116,15,0,'MOZILLA',5.00,'Mac',1326722495,'/projects/codendi/',0),(20120116,15,0,'MOZILLA',5.00,'Mac',1326722498,'/plugins/IM/index.php',0),(20120116,15,0,'MOZILLA',5.00,'Mac',1326722498,'/widgets/widget.php',0),(20120116,15,0,'MOZILLA',5.00,'Mac',1326722502,'/admin/index.php',0),(20120116,15,0,'MOZILLA',5.00,'Mac',1326722504,'/admin/userlist.php',0),(20120116,15,0,'MOZILLA',5.00,'Mac',1326722594,'/index.php',0),(20120116,15,0,'MOZILLA',5.00,'Mac',1326722596,'/my/index.php',0),(20120116,15,0,'MOZILLA',5.00,'Mac',1326722598,'/widgets/widget.php',0),(20120116,15,0,'MOZILLA',5.00,'Mac',1326722598,'/widgets/widget.php',0),(20120116,15,0,'MOZILLA',5.00,'Mac',1326722599,'/widgets/widget.php',0),(20120116,15,0,'MOZILLA',5.00,'Mac',1326722599,'/widgets/widget.php',0),(20120116,15,0,'MOZILLA',5.00,'Mac',1326722605,'/projects/codendi/',0),(20120116,15,0,'MOZILLA',5.00,'Mac',1326722606,'/plugins/IM/index.php',0),(20120116,15,0,'MOZILLA',5.00,'Mac',1326722606,'/widgets/widget.php',0),(20120116,15,1,'MOZILLA',5.00,'Mac',1326722612,'/project/admin/index.php',0),(20120116,15,0,'MOZILLA',5.00,'Mac',1326722613,'/plugins/IM/index.php',0),(20120116,15,0,'MOZILLA',5.00,'Mac',1326722618,'/admin/index.php',0),(20120116,15,0,'MOZILLA',5.00,'Mac',1326722621,'/admin/userlist.php',0),(20120116,15,0,'MOZILLA',5.00,'Mac',1326722622,'/admin/index.php',0),(20120116,15,0,'MOZILLA',5.00,'Mac',1326722624,'/admin/register_admin.php',0),(20120116,15,0,'MOZILLA',5.00,'Mac',1326722624,'/scripts/check_pw.js.php',0),(20120116,15,0,'MOZILLA',5.00,'Mac',1326722625,'/include/check_pw.php',0),(20120116,15,0,'MOZILLA',5.00,'Mac',1326722632,'/include/check_pw.php',0),(20120116,15,0,'MOZILLA',5.00,'Mac',1326722633,'/include/check_pw.php',0),(20120116,15,0,'MOZILLA',5.00,'Mac',1326722633,'/include/check_pw.php',0),(20120116,15,0,'MOZILLA',5.00,'Mac',1326722634,'/include/check_pw.php',0),(20120116,15,0,'MOZILLA',5.00,'Mac',1326722634,'/include/check_pw.php',0),(20120116,15,0,'MOZILLA',5.00,'Mac',1326722635,'/include/check_pw.php',0),(20120116,15,0,'MOZILLA',5.00,'Mac',1326722635,'/include/check_pw.php',0),(20120116,15,0,'MOZILLA',5.00,'Mac',1326722635,'/include/check_pw.php',0),(20120116,15,0,'MOZILLA',5.00,'Mac',1326722665,'/admin/register_admin.php',0),(20120116,15,0,'MOZILLA',5.00,'Mac',1326722671,'/admin/index.php',0),(20120116,15,0,'MOZILLA',5.00,'Mac',1326722673,'/admin/grouplist.php',0),(20120116,15,101,'MOZILLA',5.00,'Mac',1326722676,'/admin/groupedit.php',0),(20120116,15,101,'MOZILLA',5.00,'Mac',1326722690,'/admin/userlist.php',0),(20120116,15,101,'MOZILLA',5.00,'Mac',1326722694,'/admin/groupedit.php',0),(20120116,15,101,'MOZILLA',5.00,'Mac',1326722697,'/project/admin/index.php',0),(20120116,15,0,'MOZILLA',5.00,'Mac',1326722698,'/plugins/IM/index.php',0),(20120116,15,0,'MOZILLA',5.00,'Mac',1326722707,'/user/autocomplete.php',0),(20120116,15,101,'MOZILLA',5.00,'Mac',1326722712,'/project/admin/index.php',0),(20120116,15,0,'MOZILLA',5.00,'Mac',1326722734,'/plugins/IM/index.php',0),(20120116,15,0,'MOZILLA',5.00,'Linux',1326722974,'/index.php',0),(20120116,15,0,'MOZILLA',5.00,'Linux',1326722974,'/index.php',0),(20120116,15,0,'MOZILLA',5.00,'Linux',1326722975,'/account/login.php',0),(20120116,15,0,'MOZILLA',5.00,'Linux',1326722976,'/account/login.php',0),(20120116,15,0,'MOZILLA',5.00,'Linux',1326722976,'/account/login.php',0),(20120116,15,0,'MOZILLA',5.00,'Linux',1326722978,'/account/login.php',0),(20120116,15,0,'MOZILLA',5.00,'Linux',1326722978,'/my/index.php',0),(20120116,15,0,'MOZILLA',5.00,'Linux',1326722979,'/my/index.php',0),(20120116,15,0,'MOZILLA',5.00,'Linux',1326722980,'/widgets/widget.php',0),(20120116,15,0,'MOZILLA',5.00,'Linux',1326722981,'/widgets/widget.php',0),(20120116,15,0,'MOZILLA',5.00,'Linux',1326722981,'/widgets/widget.php',0),(20120116,15,0,'MOZILLA',5.00,'Linux',1326722982,'/projects/nty/',0),(20120116,15,0,'MOZILLA',5.00,'Linux',1326722983,'/projects/nty/',0),(20120116,15,0,'MOZILLA',5.00,'Linux',1326722984,'/widgets/widget.php',0),(20120116,15,0,'MOZILLA',5.00,'Linux',1326722984,'/projects/nty/',0),(20120116,15,0,'MOZILLA',5.00,'Linux',1326722985,'/plugins/IM/index.php',0),(20120116,15,0,'MOZILLA',5.00,'Linux',1326722986,'/widgets/widget.php',0),(20120116,15,0,'MOZILLA',5.00,'Mac',1326724050,'/account/logout.php',0),(20120116,15,0,'MOZILLA',5.00,'Mac',1326724051,'/index.php',0),(20120116,15,0,'MOZILLA',5.00,'Mac',1326724054,'/account/login.php',0),(20120116,15,0,'MOZILLA',5.00,'Mac',1326724067,'/account/login.php',0),(20120116,15,0,'MOZILLA',5.00,'Mac',1326724067,'/my/index.php',0),(20120116,15,0,'MOZILLA',5.00,'Mac',1326724069,'/widgets/widget.php',0),(20120116,15,0,'MOZILLA',5.00,'Mac',1326724069,'/widgets/widget.php',0),(20120116,15,0,'MOZILLA',5.00,'Mac',1326724070,'/widgets/widget.php',0),(20120116,15,0,'MOZILLA',5.00,'Mac',1326724070,'/widgets/widget.php',0),(20120116,15,0,'MOZILLA',5.00,'Mac',1326724071,'/project/privacy.php',0),(20120116,15,0,'MOZILLA',5.00,'Mac',1326724071,'/project/privacy.php',0),(20120116,15,0,'MOZILLA',5.00,'Mac',1326724072,'/projects/nty/',0),(20120116,15,0,'MOZILLA',5.00,'Mac',1326724073,'/widgets/widget.php',0),(20120116,15,0,'MOZILLA',5.00,'Mac',1326724074,'/plugins/IM/index.php',0),(20120116,15,0,'MOZILLA',5.00,'Mac',1326724130,'/index.php',0),(20120116,15,0,'MOZILLA',5.00,'Mac',1326724135,'/account/login.php',0),(20120116,15,0,'MOZILLA',5.00,'Mac',1326724136,'/account/login.php',0),(20120116,15,0,'MOZILLA',5.00,'Mac',1326724140,'/account/login.php',0),(20120116,15,0,'MOZILLA',5.00,'Mac',1326724141,'/my/index.php',0),(20120116,15,0,'MOZILLA',5.00,'Mac',1326724142,'/widgets/widget.php',0),(20120116,15,0,'MOZILLA',5.00,'Mac',1326724142,'/widgets/widget.php',0),(20120116,15,0,'MOZILLA',5.00,'Mac',1326724143,'/widgets/widget.php',0),(20120116,15,0,'MOZILLA',5.00,'Mac',1326724143,'/widgets/widget.php',0),(20120116,15,0,'MOZILLA',5.00,'Mac',1326724145,'/admin/index.php',0),(20120116,15,0,'MOZILLA',5.00,'Mac',1326724148,'/plugins/pluginsadministration/index.php',0),(20120116,15,0,'MOZILLA',5.00,'Mac',1326724188,'/softwaremap/index.php',0),(20120116,15,0,'MOZILLA',5.00,'Mac',1326724189,'/softwaremap/trove_list.php',0),(20120116,15,0,'MOZILLA',5.00,'Mac',1326724194,'/softwaremap/trove_list.php',0),(20120116,15,0,'MOZILLA',5.00,'Mac',1326724197,'/projects/nty/',0),(20120116,15,0,'MOZILLA',5.00,'Mac',1326724198,'/plugins/IM/index.php',0),(20120116,15,0,'MOZILLA',5.00,'Mac',1326724199,'/widgets/widget.php',0),(20120116,15,101,'MOZILLA',5.00,'Mac',1326724202,'/project/admin/index.php',0),(20120116,15,0,'MOZILLA',5.00,'Mac',1326724203,'/plugins/IM/index.php',0),(20120116,15,101,'MOZILLA',5.00,'Mac',1326724211,'/project/admin/userperms.php',0),(20120116,15,101,'MOZILLA',5.00,'Mac',1326724218,'/project/admin/userperms.php',0),(20120116,15,0,'MOZILLA',5.00,'Mac',1326724717,'/index.php',0),(20120116,15,0,'MOZILLA',5.00,'Mac',1326724717,'/index.php',0),(20120116,15,0,'MOZILLA',5.00,'Mac',1326724718,'/account/login.php',0),(20120116,15,0,'MOZILLA',5.00,'Mac',1326724719,'/account/login.php',0),(20120116,15,0,'MOZILLA',5.00,'Mac',1326724720,'/my/index.php',0),(20120116,15,0,'MOZILLA',5.00,'Mac',1326724721,'/widgets/widget.php',0),(20120116,15,0,'MOZILLA',5.00,'Mac',1326724722,'/widgets/widget.php',0),(20120116,15,0,'MOZILLA',5.00,'Mac',1326724722,'/widgets/widget.php',0),(20120116,15,0,'MOZILLA',5.00,'Mac',1326724723,'/widgets/widget.php',0),(20120116,15,0,'MOZILLA',5.00,'Mac',1326724723,'/projects/nty/',0),(20120116,15,0,'MOZILLA',5.00,'Mac',1326724725,'/widgets/widget.php',0),(20120116,15,0,'MOZILLA',5.00,'Mac',1326724725,'/plugins/IM/index.php',0),(20120116,15,0,'MOZILLA',5.00,'Mac',1326724726,'/projects/nty/',0),(20120116,15,101,'MOZILLA',5.00,'Mac',1326724727,'/plugins/tracker/index.php',0),(20120116,15,101,'MOZILLA',5.00,'Mac',1326724736,'/plugins/tracker/index.php',0),(20120116,15,0,'MOZILLA',5.00,'Mac',1326724745,'/projects/nty/',0),(20120116,15,0,'MOZILLA',5.00,'Mac',1326724746,'/plugins/IM/index.php',0),(20120116,15,0,'MOZILLA',5.00,'Mac',1326724746,'/widgets/widget.php',0),(20120116,15,0,'MOZILLA',5.00,'Mac',1326724751,'/plugins/tracker/index.php',0),(20120116,15,0,'MOZILLA',5.00,'Mac',1326724752,'/sparklines.php',0),(20120116,15,0,'MOZILLA',5.00,'Mac',1326724822,'/plugins/tracker/index.php',0),(20111221,18,0,'MOZILLA',5.00,'Mac',1324487385,'/index.php',0),(20111221,18,0,'MOZILLA',5.00,'Mac',1324487385,'/index.php',0),(20111221,19,0,'MOZILLA',5.00,'Linux',1324490419,'/index.php',0),(20111221,19,0,'MOZILLA',5.00,'Linux',1324490419,'/index.php',0),(20111221,19,0,'MOZILLA',5.00,'Linux',1324490672,'/index.php',0),(20111221,19,0,'MOZILLA',5.00,'Linux',1324490673,'/index.php',0),(20111221,19,0,'MOZILLA',5.00,'Linux',1324490674,'/account/login.php',0),(20111221,19,0,'MOZILLA',5.00,'Linux',1324490675,'/account/login.php',0),(20111221,19,0,'MOZILLA',5.00,'Linux',1324490675,'/account/login.php',0),(20111221,19,0,'MOZILLA',5.00,'Linux',1324490676,'/my/index.php',0),(20111221,19,0,'MOZILLA',5.00,'Linux',1324490676,'/my/index.php',0),(20111221,19,0,'MOZILLA',5.00,'Linux',1324490677,'/account/login.php',0),(20111221,19,0,'MOZILLA',5.00,'Linux',1324490677,'/account/login.php',0),(20111221,19,0,'MOZILLA',5.00,'Linux',1324491828,'/index.php',0),(20111221,19,0,'MOZILLA',5.00,'Linux',1324491828,'/index.php',0),(20111221,19,0,'MOZILLA',5.00,'Linux',1324493192,'/index.php',0),(20111221,19,0,'MOZILLA',5.00,'Linux',1324493192,'/index.php',0),(20111221,19,0,'MOZILLA',5.00,'Linux',1324493229,'/index.php',0),(20111221,19,0,'MOZILLA',5.00,'Linux',1324493229,'/index.php',0),(20111221,19,0,'MOZILLA',5.00,'Linux',1324493991,'/projects',0),(20111221,19,0,'MOZILLA',5.00,'Linux',1324493991,'/projects',0),(20111221,20,0,'MOZILLA',5.00,'Linux',1324494510,'/index.php',0),(20111221,20,0,'MOZILLA',5.00,'Linux',1324494511,'/index.php',0),(20111221,20,0,'MOZILLA',5.00,'Linux',1324494512,'/index.php',0),(20111221,20,0,'MOZILLA',5.00,'Linux',1324495373,'/index.php',0),(20111221,20,0,'MOZILLA',5.00,'Linux',1324495374,'/index.php',0),(20111221,20,0,'MOZILLA',5.00,'Linux',1324495374,'/index.php',0),(20111221,20,0,'MOZILLA',5.00,'Mac',1324495576,'/index.php',0),(20111221,20,0,'MOZILLA',5.00,'Mac',1324495576,'/index.php',0),(20111221,20,0,'MOZILLA',5.00,'Linux',1324495770,'/index.php',0),(20111221,20,0,'MOZILLA',5.00,'Linux',1324495770,'/index.php',0),(20111221,20,0,'MOZILLA',5.00,'Linux',1324495771,'/my/index.php',0),(20111221,20,0,'MOZILLA',5.00,'Linux',1324495772,'/my/index.php',0),(20111221,20,0,'MOZILLA',5.00,'Linux',1324495772,'/account/login.php',0),(20111221,20,0,'MOZILLA',5.00,'Linux',1324495772,'/account/login.php',0),(20111221,20,0,'MOZILLA',5.00,'Linux',1324495845,'/index.php',0),(20111221,20,0,'MOZILLA',5.00,'Linux',1324495845,'/index.php',0),(20111221,20,0,'MOZILLA',5.00,'Linux',1324495846,'/my/index.php',0),(20111221,20,0,'MOZILLA',5.00,'Linux',1324495846,'/account/login.php',0),(20111221,20,0,'MOZILLA',5.00,'Linux',1324495847,'/my/index.php',0),(20111221,20,0,'MOZILLA',5.00,'Mac',1324495865,'/account/login.php',0),(20111221,20,0,'MOZILLA',5.00,'Mac',1324495870,'/account/login.php',0),(20111221,20,0,'MOZILLA',5.00,'Linux',1324495958,'/index.php',0),(20111221,20,0,'MOZILLA',5.00,'Linux',1324495958,'/index.php',0),(20111221,20,0,'MOZILLA',5.00,'Linux',1324495959,'/my/index.php',0),(20111221,20,0,'MOZILLA',5.00,'Linux',1324495959,'/my/index.php',0),(20111221,20,0,'MOZILLA',5.00,'Linux',1324495959,'/account/login.php',0),(20111221,20,0,'MOZILLA',5.00,'Linux',1324495960,'/account/login.php',0),(20111221,20,0,'MOZILLA',5.00,'Mac',1324496047,'/account/login.php',0),(20111221,21,0,'MOZILLA',5.00,'Linux',1324498433,'/index.php',0),(20111221,21,0,'MOZILLA',5.00,'Linux',1324498433,'/index.php',0),(20111221,21,0,'MOZILLA',5.00,'Linux',1324498433,'/index.php',0),(20111221,21,0,'MOZILLA',5.00,'Linux',1324498434,'/my/index.php',0),(20111221,21,0,'MOZILLA',5.00,'Linux',1324498434,'/my/index.php',0),(20111221,21,0,'MOZILLA',5.00,'Linux',1324498435,'/account/login.php',0),(20111221,21,0,'MOZILLA',5.00,'Linux',1324498615,'/index.php',0),(20111221,21,0,'MOZILLA',5.00,'Linux',1324498615,'/index.php',0),(20111221,21,0,'MOZILLA',5.00,'Linux',1324498616,'/index.php',0),(20111221,21,0,'MOZILLA',5.00,'Linux',1324498616,'/my/index.php',0),(20111221,21,0,'MOZILLA',5.00,'Linux',1324498617,'/my/index.php',0),(20111221,21,0,'MOZILLA',5.00,'Linux',1324498617,'/account/login.php',0),(20111221,21,0,'MOZILLA',5.00,'Linux',1324498679,'/index.php',0),(20111221,21,0,'MOZILLA',5.00,'Linux',1324498679,'/index.php',0),(20111221,21,0,'MOZILLA',5.00,'Linux',1324498680,'/my/index.php',0),(20111221,21,0,'MOZILLA',5.00,'Linux',1324498681,'/my/index.php',0),(20111221,21,0,'MOZILLA',5.00,'Linux',1324498681,'/account/login.php',0),(20111221,21,0,'MOZILLA',5.00,'Linux',1324498736,'/index.php',0),(20111221,21,0,'MOZILLA',5.00,'Linux',1324498736,'/index.php',0),(20111221,21,0,'MOZILLA',5.00,'Linux',1324498736,'/index.php',0),(20111221,21,0,'MOZILLA',5.00,'Linux',1324498737,'/my/index.php',0),(20111221,21,0,'MOZILLA',5.00,'Linux',1324498738,'/my/index.php',0),(20111221,21,0,'MOZILLA',5.00,'Linux',1324498738,'/account/login.php',0),(20111221,21,0,'MOZILLA',5.00,'Linux',1324498962,'/index.php',0),(20111221,21,0,'MOZILLA',5.00,'Linux',1324498962,'/index.php',0),(20111221,21,0,'MOZILLA',5.00,'Linux',1324498962,'/index.php',0),(20111221,21,0,'MOZILLA',5.00,'Linux',1324498963,'/my/index.php',0),(20111221,21,0,'MOZILLA',5.00,'Linux',1324498963,'/my/index.php',0),(20111221,21,0,'MOZILLA',5.00,'Linux',1324498964,'/account/login.php',0),(20111221,21,0,'MOZILLA',5.00,'Linux',1324498965,'/search/index.php',0),(20111221,21,0,'MOZILLA',5.00,'Mac',1324499608,'/account/login.php',0),(20111221,21,0,'MOZILLA',5.00,'Mac',1324499608,'/my/index.php',0),(20111221,21,0,'MOZILLA',5.00,'Linux',1324499692,'/index.php',0),(20111221,21,0,'MOZILLA',5.00,'Linux',1324499692,'/index.php',0),(20111221,21,0,'MOZILLA',5.00,'Linux',1324499693,'/my/index.php',0),(20111221,21,0,'MOZILLA',5.00,'Linux',1324499693,'/my/index.php',0),(20111221,21,0,'MOZILLA',5.00,'Linux',1324499693,'/account/login.php',0),(20111221,21,0,'MOZILLA',5.00,'Linux',1324499694,'/account/login.php',0),(20111221,21,0,'MOZILLA',5.00,'Linux',1324499695,'/search/index.php',0),(20111221,21,0,'MOZILLA',5.00,'Linux',1324499780,'/index.php',0),(20111221,21,0,'MOZILLA',5.00,'Linux',1324499781,'/index.php',0),(20111221,21,0,'MOZILLA',5.00,'Linux',1324499781,'/my/index.php',0),(20111221,21,0,'MOZILLA',5.00,'Linux',1324499782,'/my/index.php',0),(20111221,21,0,'MOZILLA',5.00,'Linux',1324499782,'/account/login.php',0),(20111221,21,0,'MOZILLA',5.00,'Linux',1324499783,'/search/index.php',0),(20111221,22,0,'MOZILLA',5.00,'Linux',1324501380,'/index.php',0),(20111221,22,0,'MOZILLA',5.00,'Linux',1324501380,'/index.php',0),(20111221,22,0,'MOZILLA',5.00,'Linux',1324501428,'/index.php',0),(20111221,22,0,'MOZILLA',5.00,'Linux',1324501428,'/index.php',0),(20111221,22,0,'MOZILLA',5.00,'Linux',1324501429,'/my/index.php',0),(20111221,22,0,'MOZILLA',5.00,'Linux',1324501429,'/my/index.php',0),(20111221,22,0,'MOZILLA',5.00,'Linux',1324501429,'/account/login.php',0),(20111221,22,0,'MOZILLA',5.00,'Linux',1324501430,'/account/login.php',0),(20111221,22,0,'MOZILLA',5.00,'Linux',1324501431,'/search/index.php',0),(20111221,22,0,'MOZILLA',5.00,'Linux',1324501772,'/index.php',0),(20111221,22,0,'MOZILLA',5.00,'Linux',1324501772,'/index.php',0),(20111221,22,0,'MOZILLA',5.00,'Linux',1324501773,'/my/index.php',0),(20111221,22,0,'MOZILLA',5.00,'Linux',1324501773,'/my/index.php',0),(20111221,22,0,'MOZILLA',5.00,'Linux',1324501774,'/account/login.php',0),(20111221,22,0,'MOZILLA',5.00,'Linux',1324501774,'/account/login.php',0),(20111221,22,0,'MOZILLA',5.00,'Linux',1324501775,'/search/index.php',0),(20111221,22,0,'MOZILLA',5.00,'Linux',1324501825,'/index.php',0),(20111221,22,0,'MOZILLA',5.00,'Linux',1324501825,'/index.php',0),(20111221,22,0,'MOZILLA',5.00,'Linux',1324501826,'/my/index.php',0),(20111221,22,0,'MOZILLA',5.00,'Linux',1324501826,'/my/index.php',0),(20111221,22,0,'MOZILLA',5.00,'Linux',1324501826,'/account/login.php',0),(20111221,22,0,'MOZILLA',5.00,'Linux',1324501827,'/search/index.php',0),(20111221,22,0,'MOZILLA',5.00,'Linux',1324501915,'/index.php',0),(20111221,22,0,'MOZILLA',5.00,'Linux',1324501915,'/index.php',0),(20111221,22,0,'MOZILLA',5.00,'Linux',1324501916,'/my/index.php',0),(20111221,22,0,'MOZILLA',5.00,'Linux',1324501916,'/my/index.php',0),(20111221,22,0,'MOZILLA',5.00,'Linux',1324501916,'/account/login.php',0),(20111221,22,0,'MOZILLA',5.00,'Linux',1324501918,'/search/index.php',0),(20111221,22,0,'MOZILLA',5.00,'Linux',1324501962,'/index.php',0),(20111221,22,0,'MOZILLA',5.00,'Linux',1324501962,'/index.php',0),(20111221,22,0,'MOZILLA',5.00,'Linux',1324501963,'/index.php',0),(20111221,22,0,'MOZILLA',5.00,'Linux',1324501963,'/my/index.php',0),(20111221,22,0,'MOZILLA',5.00,'Linux',1324501964,'/account/login.php',0),(20111221,22,0,'MOZILLA',5.00,'Linux',1324501964,'/my/index.php',0),(20111221,22,0,'MOZILLA',5.00,'Linux',1324501965,'/search/index.php',0),(20111221,22,0,'MOZILLA',5.00,'Linux',1324501997,'/index.php',0),(20111221,22,0,'MOZILLA',5.00,'Linux',1324501997,'/index.php',0),(20111221,22,0,'MOZILLA',5.00,'Linux',1324501998,'/my/index.php',0),(20111221,22,0,'MOZILLA',5.00,'Linux',1324501998,'/my/index.php',0),(20111221,22,0,'MOZILLA',5.00,'Linux',1324501999,'/account/login.php',0),(20111221,22,0,'MOZILLA',5.00,'Linux',1324502000,'/search/index.php',0),(20111221,22,0,'MOZILLA',5.00,'Linux',1324502318,'/index.php',0),(20111221,22,0,'MOZILLA',5.00,'Linux',1324502319,'/index.php',0),(20111221,22,0,'MOZILLA',5.00,'Linux',1324502319,'/my/index.php',0),(20111221,22,0,'MOZILLA',5.00,'Linux',1324502320,'/my/index.php',0),(20111221,22,0,'MOZILLA',5.00,'Linux',1324502320,'/account/login.php',0),(20111221,22,0,'MOZILLA',5.00,'Linux',1324502321,'/search/index.php',0),(20111221,22,0,'MOZILLA',5.00,'Linux',1324502365,'/index.php',0),(20111221,22,0,'MOZILLA',5.00,'Linux',1324502365,'/index.php',0),(20111221,22,0,'MOZILLA',5.00,'Linux',1324502366,'/my/index.php',0),(20111221,22,0,'MOZILLA',5.00,'Linux',1324502366,'/my/index.php',0),(20111221,22,0,'MOZILLA',5.00,'Linux',1324502366,'/account/login.php',0),(20111221,22,0,'MOZILLA',5.00,'Linux',1324502368,'/search/index.php',0),(20111221,22,0,'MOZILLA',5.00,'Linux',1324502587,'/index.php',0),(20111221,22,0,'MOZILLA',5.00,'Linux',1324502588,'/index.php',0),(20111221,22,0,'MOZILLA',5.00,'Linux',1324502589,'/my/index.php',0),(20111221,22,0,'MOZILLA',5.00,'Linux',1324502589,'/my/index.php',0),(20111221,22,0,'MOZILLA',5.00,'Linux',1324502589,'/account/login.php',0),(20111221,22,0,'MOZILLA',5.00,'Linux',1324502590,'/search/index.php',0),(20111221,22,0,'MOZILLA',5.00,'Linux',1324503036,'/index.php',0),(20111221,22,0,'MOZILLA',5.00,'Linux',1324503037,'/index.php',0),(20111221,22,0,'MOZILLA',5.00,'Linux',1324503298,'/index.php',0),(20111221,22,0,'MOZILLA',5.00,'Linux',1324503298,'/index.php',0),(20111221,22,0,'MOZILLA',5.00,'Linux',1324503330,'/index.php',0),(20111221,22,0,'MOZILLA',5.00,'Linux',1324503330,'/index.php',0),(20111221,22,0,'MOZILLA',5.00,'Linux',1324503345,'/index.php',0),(20111221,22,0,'MOZILLA',5.00,'Linux',1324503345,'/index.php',0),(20111221,22,0,'MOZILLA',5.00,'Linux',1324503346,'/index.php',0),(20111221,22,0,'MOZILLA',5.00,'Linux',1324503347,'/my/index.php',0),(20111221,22,0,'MOZILLA',5.00,'Linux',1324503347,'/my/index.php',0),(20111221,22,0,'MOZILLA',5.00,'Linux',1324503347,'/account/login.php',0),(20111221,22,0,'MOZILLA',5.00,'Linux',1324503348,'/search/index.php',0),(20111221,22,0,'MOZILLA',5.00,'Linux',1324503371,'/index.php',0),(20111221,22,0,'MOZILLA',5.00,'Linux',1324503372,'/index.php',0),(20111221,22,0,'MOZILLA',5.00,'Linux',1324503372,'/my/index.php',0),(20111221,22,0,'MOZILLA',5.00,'Linux',1324503373,'/my/index.php',0),(20111221,22,0,'MOZILLA',5.00,'Linux',1324503373,'/account/login.php',0),(20111221,22,0,'MOZILLA',5.00,'Linux',1324503373,'/account/login.php',0),(20111221,22,0,'MOZILLA',5.00,'Linux',1324503375,'/search/index.php',0),(20111221,22,0,'MOZILLA',5.00,'Mac',1324503467,'/account/preferences.php',0),(20111221,22,0,'MOZILLA',5.00,'Mac',1324503475,'/account/updateprefs.php',0),(20111221,22,0,'MOZILLA',5.00,'Mac',1324503475,'/account/preferences.php',0),(20111221,22,0,'MOZILLA',5.00,'Mac',1324503481,'/my/index.php',0),(20111221,22,0,'MOZILLA',5.00,'Linux',1324503510,'/index.php',0),(20111221,22,0,'MOZILLA',5.00,'Linux',1324503510,'/index.php',0),(20111221,22,0,'MOZILLA',5.00,'Linux',1324503511,'/my/index.php',0),(20111221,22,0,'MOZILLA',5.00,'Linux',1324503511,'/my/index.php',0),(20111221,22,0,'MOZILLA',5.00,'Linux',1324503511,'/account/login.php',0),(20111221,22,0,'MOZILLA',5.00,'Linux',1324503512,'/search/index.php',0),(20111221,22,0,'MOZILLA',5.00,'Linux',1324503621,'/index.php',0),(20111221,22,0,'MOZILLA',5.00,'Linux',1324503621,'/index.php',0),(20111221,22,0,'MOZILLA',5.00,'Linux',1324503622,'/my/index.php',0),(20111221,22,0,'MOZILLA',5.00,'Linux',1324503622,'/my/index.php',0),(20111221,22,0,'MOZILLA',5.00,'Linux',1324503623,'/account/login.php',0),(20111221,22,0,'MOZILLA',5.00,'Linux',1324503624,'/search/index.php',0),(20111221,22,0,'MOZILLA',5.00,'Linux',1324503706,'/index.php',0),(20111221,22,0,'MOZILLA',5.00,'Linux',1324503706,'/index.php',0),(20111221,22,0,'MOZILLA',5.00,'Linux',1324503707,'/my/index.php',0),(20111221,22,0,'MOZILLA',5.00,'Linux',1324503708,'/my/index.php',0),(20111221,22,0,'MOZILLA',5.00,'Linux',1324503708,'/account/login.php',0),(20111221,22,0,'MOZILLA',5.00,'Linux',1324503709,'/search/index.php',0),(20111221,22,0,'MOZILLA',5.00,'Mac',1324503756,'/account/logout.php',0),(20111221,22,0,'MOZILLA',5.00,'Mac',1324503756,'/index.php',0),(20111221,22,0,'MOZILLA',5.00,'Mac',1324503758,'/account/login.php',0),(20111221,22,0,'MOZILLA',5.00,'Linux',1324503909,'/index.php',0),(20111221,22,0,'MOZILLA',5.00,'Linux',1324503909,'/index.php',0),(20111221,22,0,'MOZILLA',5.00,'Linux',1324503910,'/my/index.php',0),(20111221,22,0,'MOZILLA',5.00,'Linux',1324503910,'/account/login.php',0),(20111221,22,0,'MOZILLA',5.00,'Linux',1324503910,'/my/index.php',0),(20111221,22,0,'MOZILLA',5.00,'Linux',1324503911,'/account/login.php',0),(20111221,22,0,'MOZILLA',5.00,'Linux',1324503912,'/my/index.php',0),(20111221,22,0,'MOZILLA',5.00,'Linux',1324503912,'/my/index.php',0),(20111221,22,0,'MOZILLA',5.00,'Linux',1324503936,'/index.php',0),(20111221,22,0,'MOZILLA',5.00,'Linux',1324503937,'/index.php',0),(20111221,22,0,'MOZILLA',5.00,'Linux',1324503937,'/my/index.php',0),(20111221,22,0,'MOZILLA',5.00,'Linux',1324503937,'/my/index.php',0),(20111221,22,0,'MOZILLA',5.00,'Linux',1324503938,'/account/login.php',0),(20111221,22,0,'MOZILLA',5.00,'Linux',1324503939,'/account/login.php',0),(20111221,22,0,'MOZILLA',5.00,'Linux',1324503939,'/my/index.php',0),(20111221,22,0,'MOZILLA',5.00,'Linux',1324504036,'/index.php',0),(20111221,22,0,'MOZILLA',5.00,'Linux',1324504036,'/index.php',0),(20111221,22,0,'MOZILLA',5.00,'Linux',1324504037,'/my/index.php',0),(20111221,22,0,'MOZILLA',5.00,'Linux',1324504037,'/my/index.php',0),(20111221,22,0,'MOZILLA',5.00,'Linux',1324504038,'/account/login.php',0),(20111221,22,0,'MOZILLA',5.00,'Linux',1324504039,'/account/login.php',0),(20111221,22,0,'MOZILLA',5.00,'Linux',1324504039,'/my/index.php',0),(20111221,22,0,'MOZILLA',5.00,'Linux',1324504040,'/my/index.php',0),(20111221,22,0,'MOZILLA',5.00,'Linux',1324504140,'/index.php',0),(20111221,22,0,'MOZILLA',5.00,'Linux',1324504141,'/index.php',0),(20111221,22,0,'MOZILLA',5.00,'Linux',1324504141,'/index.php',0),(20111221,22,0,'MOZILLA',5.00,'Linux',1324504142,'/my/index.php',0),(20111221,22,0,'MOZILLA',5.00,'Linux',1324504142,'/my/index.php',0),(20111221,22,0,'MOZILLA',5.00,'Linux',1324504142,'/account/login.php',0),(20111221,22,0,'MOZILLA',5.00,'Linux',1324504143,'/account/login.php',0),(20111221,22,0,'MOZILLA',5.00,'Linux',1324504144,'/account/login.php',0),(20111221,22,0,'MOZILLA',5.00,'Linux',1324504145,'/my/index.php',0),(20111221,22,0,'MOZILLA',5.00,'Linux',1324504145,'/my/index.php',0),(20111221,23,0,'MOZILLA',5.00,'Linux',1324505701,'/index.php',0),(20111221,23,0,'MOZILLA',5.00,'Linux',1324505702,'/index.php',0),(20111221,23,0,'MOZILLA',5.00,'Linux',1324505702,'/index.php',0),(20111221,23,0,'MOZILLA',5.00,'Linux',1324505703,'/my/index.php',0),(20111221,23,0,'MOZILLA',5.00,'Linux',1324505703,'/my/index.php',0),(20111221,23,0,'MOZILLA',5.00,'Linux',1324505704,'/account/login.php',0),(20111221,23,0,'MOZILLA',5.00,'Linux',1324505705,'/account/login.php',0),(20111221,23,0,'MOZILLA',5.00,'Linux',1324505706,'/my/index.php',0),(20111221,23,0,'MOZILLA',5.00,'Linux',1324505706,'/my/index.php',0),(20111221,23,0,'MOZILLA',5.00,'Linux',1324505728,'/index.php',0),(20111221,23,0,'MOZILLA',5.00,'Linux',1324505728,'/index.php',0),(20111221,23,0,'MOZILLA',5.00,'Linux',1324505729,'/my/index.php',0),(20111221,23,0,'MOZILLA',5.00,'Linux',1324505729,'/my/index.php',0),(20111221,23,0,'MOZILLA',5.00,'Linux',1324505729,'/account/login.php',0),(20111221,23,0,'MOZILLA',5.00,'Linux',1324505731,'/account/login.php',0),(20111221,23,0,'MOZILLA',5.00,'Linux',1324505731,'/my/index.php',0),(20111221,23,0,'MOZILLA',5.00,'Linux',1324505731,'/my/index.php',0),(20111221,23,0,'OTHER',0.00,'Other',1324506206,'/index.php',0),(20111221,23,0,'MOZILLA',5.00,'Mac',1324506219,'/index.php',0),(20111221,23,0,'MOZILLA',5.00,'Mac',1324506219,'/index.php',0),(20111221,23,0,'OTHER',0.00,'Other',1324506231,'/index.php',0),(20111221,23,0,'OTHER',0.00,'Other',1324506239,'/index.php',0),(20111221,23,0,'OTHER',0.00,'Other',1324506239,'/index.php',0),(20111221,23,0,'OTHER',0.00,'Other',1324506245,'/index.php',0),(20111221,23,0,'OTHER',0.00,'Other',1324506245,'/index.php',0),(20111221,23,0,'MOZILLA',5.00,'Mac',1324506272,'/index.php',0),(20111221,23,0,'MOZILLA',5.00,'Mac',1324506273,'/index.php',0),(20111221,23,0,'MOZILLA',5.00,'Mac',1324506273,'/my/index.php',0),(20111221,23,0,'MOZILLA',5.00,'Mac',1324506274,'/account/login.php',0),(20111221,23,0,'MOZILLA',5.00,'Linux',1324508060,'/index.php',0),(20111221,23,0,'MOZILLA',5.00,'Linux',1324508061,'/index.php',0),(20111221,23,0,'MOZILLA',5.00,'Linux',1324508062,'/my/index.php',0),(20111221,23,0,'MOZILLA',5.00,'Linux',1324508062,'/my/index.php',0),(20111221,23,0,'MOZILLA',5.00,'Linux',1324508062,'/account/login.php',0),(20111221,23,0,'MOZILLA',5.00,'Linux',1324508065,'/account/login.php',0),(20111221,23,0,'MOZILLA',5.00,'Linux',1324508065,'/my/index.php',0),(20111221,23,0,'MOZILLA',5.00,'Linux',1324508066,'/my/index.php',0),(20111222,1,0,'MOZILLA',5.00,'Mac',1324512329,'/index.php',0),(20111222,1,0,'MOZILLA',5.00,'Mac',1324512330,'/index.php',0),(20111222,1,0,'MOZILLA',5.00,'Mac',1324512330,'/my/index.php',0),(20111222,1,0,'MOZILLA',5.00,'Mac',1324512331,'/account/login.php',0),(20111222,1,0,'MOZILLA',5.00,'Mac',1324512331,'/account/login.php',0),(20111222,1,0,'MOZILLA',5.00,'Mac',1324512332,'/my/index.php',0),(20111222,1,0,'MOZILLA',5.00,'Mac',1324512549,'/index.php',0),(20111222,1,0,'MOZILLA',5.00,'Mac',1324512549,'/index.php',0),(20111222,1,0,'MOZILLA',5.00,'Mac',1324512550,'/my/index.php',0),(20111222,1,0,'MOZILLA',5.00,'Mac',1324512550,'/account/login.php',0),(20111222,1,0,'MOZILLA',5.00,'Mac',1324512551,'/account/login.php',0),(20111222,1,0,'MOZILLA',5.00,'Mac',1324512551,'/my/index.php',0),(20111222,1,0,'MOZILLA',5.00,'Mac',1324512552,'/index.php',0),(20111222,1,0,'MOZILLA',5.00,'Mac',1324512552,'/index.php',0),(20111222,1,0,'MOZILLA',5.00,'Mac',1324512553,'/my/index.php',0),(20111222,1,0,'MOZILLA',5.00,'Mac',1324512553,'/account/login.php',0),(20111222,1,0,'MOZILLA',5.00,'Mac',1324512553,'/account/login.php',0),(20111222,1,0,'MOZILLA',5.00,'Mac',1324512554,'/my/index.php',0),(20111222,1,0,'MOZILLA',5.00,'Mac',1324513501,'/index.php',0),(20111222,1,0,'MOZILLA',5.00,'Mac',1324513502,'/index.php',0),(20111222,1,0,'MOZILLA',5.00,'Mac',1324513502,'/my/index.php',0),(20111222,1,0,'MOZILLA',5.00,'Mac',1324513503,'/account/login.php',0),(20111222,1,0,'MOZILLA',5.00,'Mac',1324513503,'/account/login.php',0),(20111222,1,0,'MOZILLA',5.00,'Mac',1324513504,'/my/index.php',0),(20111222,1,0,'MOZILLA',5.00,'Mac',1324513571,'/index.php',0),(20111222,1,0,'MOZILLA',5.00,'Mac',1324513571,'/index.php',0),(20111222,1,0,'MOZILLA',5.00,'Mac',1324513575,'/account/login.php',0),(20111222,1,0,'MOZILLA',5.00,'Mac',1324513578,'/account/login.php',0),(20111222,1,0,'MOZILLA',5.00,'Mac',1324513584,'/account/login.php',0),(20111222,1,0,'MOZILLA',5.00,'Mac',1324513584,'/my/index.php',0),(20111222,1,0,'MOZILLA',5.00,'Mac',1324513623,'/admin/index.php',0),(20111222,1,0,'MOZILLA',5.00,'Mac',1324513722,'/index.php',0),(20111222,1,0,'MOZILLA',5.00,'Mac',1324513722,'/index.php',0),(20111222,1,0,'MOZILLA',5.00,'Mac',1324513723,'/my/index.php',0),(20111222,1,0,'MOZILLA',5.00,'Mac',1324513723,'/account/login.php',0),(20111222,1,0,'MOZILLA',5.00,'Mac',1324513724,'/account/login.php',0),(20111222,1,0,'MOZILLA',5.00,'Mac',1324513724,'/my/index.php',0),(20111222,1,0,'MOZILLA',5.00,'Mac',1324513725,'/admin/index.php',0),(20111222,1,0,'MOZILLA',5.00,'Mac',1324513725,'/admin/index.php',0),(20111222,1,0,'MOZILLA',5.00,'Mac',1324513759,'/index.php',0),(20111222,1,0,'MOZILLA',5.00,'Mac',1324513760,'/index.php',0),(20111222,1,0,'MOZILLA',5.00,'Mac',1324513761,'/my/index.php',0),(20111222,1,0,'MOZILLA',5.00,'Mac',1324513761,'/account/login.php',0),(20111222,1,0,'MOZILLA',5.00,'Mac',1324513761,'/account/login.php',0),(20111222,1,0,'MOZILLA',5.00,'Mac',1324513762,'/my/index.php',0),(20111222,1,0,'MOZILLA',5.00,'Mac',1324513762,'/admin/index.php',0),(20111222,1,0,'MOZILLA',5.00,'Mac',1324513762,'/admin/index.php',0),(20111222,1,0,'MOZILLA',5.00,'Mac',1324513833,'/index.php',0),(20111222,1,0,'MOZILLA',5.00,'Mac',1324513833,'/index.php',0),(20111222,1,0,'MOZILLA',5.00,'Mac',1324513834,'/my/index.php',0),(20111222,1,0,'MOZILLA',5.00,'Mac',1324513834,'/account/login.php',0),(20111222,1,0,'MOZILLA',5.00,'Mac',1324513835,'/account/login.php',0),(20111222,1,0,'MOZILLA',5.00,'Mac',1324513835,'/my/index.php',0),(20111222,1,0,'MOZILLA',5.00,'Mac',1324513836,'/admin/index.php',0),(20111222,1,0,'MOZILLA',5.00,'Mac',1324513836,'/admin/index.php',0),(20111222,1,0,'MOZILLA',5.00,'Mac',1324513905,'/admin/index.php',0),(20111222,1,0,'MOZILLA',5.00,'Mac',1324513984,'/index.php',0),(20111222,1,0,'MOZILLA',5.00,'Mac',1324513984,'/index.php',0),(20111222,1,0,'MOZILLA',5.00,'Mac',1324513985,'/my/index.php',0),(20111222,1,0,'MOZILLA',5.00,'Mac',1324513985,'/account/login.php',0),(20111222,1,0,'MOZILLA',5.00,'Mac',1324513985,'/account/login.php',0),(20111222,1,0,'MOZILLA',5.00,'Mac',1324513986,'/my/index.php',0),(20111222,1,0,'MOZILLA',5.00,'Mac',1324514025,'/my/index.php',0),(20111222,1,0,'MOZILLA',5.00,'Mac',1324514134,'/index.php',0),(20111222,1,0,'MOZILLA',5.00,'Mac',1324514134,'/index.php',0),(20111222,1,0,'MOZILLA',5.00,'Mac',1324514135,'/my/index.php',0),(20111222,1,0,'MOZILLA',5.00,'Mac',1324514135,'/account/login.php',0),(20111222,1,0,'MOZILLA',5.00,'Mac',1324514136,'/account/login.php',0),(20111222,1,0,'MOZILLA',5.00,'Mac',1324514136,'/my/index.php',0),(20111222,2,0,'MOZILLA',5.00,'Linux',1324516130,'/index.php',0),(20111222,2,0,'MOZILLA',5.00,'Linux',1324516130,'/index.php',0),(20111222,2,0,'MOZILLA',5.00,'Linux',1324516131,'/my/index.php',0),(20111222,2,0,'MOZILLA',5.00,'Linux',1324516131,'/my/index.php',0),(20111222,2,0,'MOZILLA',5.00,'Linux',1324516131,'/account/login.php',0),(20111222,2,0,'MOZILLA',5.00,'Linux',1324516132,'/account/login.php',0),(20111222,2,0,'MOZILLA',5.00,'Linux',1324516133,'/my/index.php',0),(20111222,2,0,'MOZILLA',5.00,'Linux',1324516133,'/my/index.php',0),(20111222,2,0,'MOZILLA',5.00,'Linux',1324516417,'/index.php',0),(20111222,2,0,'MOZILLA',5.00,'Linux',1324516417,'/index.php',0),(20111222,2,0,'MOZILLA',5.00,'Linux',1324516418,'/my/index.php',0),(20111222,2,0,'MOZILLA',5.00,'Linux',1324516418,'/my/index.php',0),(20111222,2,0,'MOZILLA',5.00,'Linux',1324516418,'/account/login.php',0),(20111222,2,0,'MOZILLA',5.00,'Linux',1324516419,'/account/login.php',0),(20111222,2,0,'MOZILLA',5.00,'Linux',1324516420,'/my/index.php',0),(20111222,2,0,'MOZILLA',5.00,'Linux',1324516420,'/my/index.php',0),(20111222,2,0,'MOZILLA',5.00,'Linux',1324516872,'/index.php',0),(20111222,2,0,'MOZILLA',5.00,'Linux',1324516873,'/index.php',0),(20111222,2,0,'MOZILLA',5.00,'Linux',1324516874,'/my/index.php',0),(20111222,2,0,'MOZILLA',5.00,'Linux',1324516874,'/my/index.php',0),(20111222,2,0,'MOZILLA',5.00,'Linux',1324516874,'/account/login.php',0),(20111222,2,0,'MOZILLA',5.00,'Linux',1324516875,'/account/login.php',0),(20111222,2,0,'MOZILLA',5.00,'Linux',1324516876,'/my/index.php',0),(20111222,2,0,'MOZILLA',5.00,'Linux',1324516876,'/my/index.php',0),(20111222,2,0,'MOZILLA',5.00,'Linux',1324516911,'/index.php',0),(20111222,2,0,'MOZILLA',5.00,'Linux',1324516912,'/index.php',0),(20111222,2,0,'MOZILLA',5.00,'Linux',1324516912,'/my/index.php',0),(20111222,2,0,'MOZILLA',5.00,'Linux',1324516913,'/my/index.php',0),(20111222,2,0,'MOZILLA',5.00,'Linux',1324516913,'/account/login.php',0),(20111222,2,0,'MOZILLA',5.00,'Linux',1324516914,'/account/login.php',0),(20111222,2,0,'MOZILLA',5.00,'Linux',1324516915,'/my/index.php',0),(20111222,2,0,'MOZILLA',5.00,'Linux',1324516915,'/my/index.php',0),(20111222,2,0,'MOZILLA',5.00,'Linux',1324517221,'/index.php',0),(20111222,2,0,'MOZILLA',5.00,'Linux',1324517221,'/index.php',0),(20111222,2,0,'MOZILLA',5.00,'Linux',1324517222,'/my/index.php',0),(20111222,2,0,'MOZILLA',5.00,'Linux',1324517222,'/my/index.php',0),(20111222,2,0,'MOZILLA',5.00,'Linux',1324517223,'/account/login.php',0),(20111222,2,0,'MOZILLA',5.00,'Linux',1324517224,'/account/login.php',0),(20111222,2,0,'MOZILLA',5.00,'Linux',1324517224,'/my/index.php',0),(20111222,2,0,'MOZILLA',5.00,'Linux',1324517289,'/index.php',0),(20111222,2,0,'MOZILLA',5.00,'Linux',1324517289,'/index.php',0),(20111222,2,0,'MOZILLA',5.00,'Linux',1324517290,'/my/index.php',0),(20111222,2,0,'MOZILLA',5.00,'Linux',1324517291,'/account/login.php',0),(20111222,2,0,'MOZILLA',5.00,'Linux',1324517291,'/my/index.php',0),(20111222,2,0,'MOZILLA',5.00,'Linux',1324517292,'/account/login.php',0),(20111222,2,0,'MOZILLA',5.00,'Linux',1324517292,'/my/index.php',0),(20111222,2,0,'MOZILLA',5.00,'Linux',1324517293,'/my/index.php',0),(20111222,2,0,'MOZILLA',5.00,'Linux',1324517333,'/index.php',0),(20111222,2,0,'MOZILLA',5.00,'Linux',1324517334,'/index.php',0),(20111222,2,0,'MOZILLA',5.00,'Linux',1324517334,'/my/index.php',0),(20111222,2,0,'MOZILLA',5.00,'Linux',1324517335,'/my/index.php',0),(20111222,2,0,'MOZILLA',5.00,'Linux',1324517335,'/account/login.php',0),(20111222,2,0,'MOZILLA',5.00,'Linux',1324517336,'/account/login.php',0),(20111222,2,0,'MOZILLA',5.00,'Linux',1324517337,'/my/index.php',0),(20111222,2,0,'MOZILLA',5.00,'Linux',1324517373,'/index.php',0),(20111222,2,0,'MOZILLA',5.00,'Linux',1324517373,'/index.php',0),(20111222,2,0,'MOZILLA',5.00,'Linux',1324517374,'/my/index.php',0),(20111222,2,0,'MOZILLA',5.00,'Linux',1324517374,'/my/index.php',0),(20111222,2,0,'MOZILLA',5.00,'Linux',1324517374,'/account/login.php',0),(20111222,2,0,'MOZILLA',5.00,'Linux',1324517378,'/account/login.php',0),(20111222,2,0,'MOZILLA',5.00,'Linux',1324517378,'/my/index.php',0),(20111222,2,0,'MOZILLA',5.00,'Linux',1324517793,'/index.php',0),(20111222,2,0,'MOZILLA',5.00,'Linux',1324517793,'/index.php',0),(20111222,2,0,'MOZILLA',5.00,'Linux',1324517793,'/index.php',0),(20111222,2,0,'MOZILLA',5.00,'Linux',1324517794,'/my/index.php',0),(20111222,2,0,'MOZILLA',5.00,'Linux',1324517794,'/my/index.php',0),(20111222,2,0,'MOZILLA',5.00,'Linux',1324517795,'/account/login.php',0),(20111222,2,0,'MOZILLA',5.00,'Linux',1324517795,'/account/login.php',0),(20111222,2,0,'MOZILLA',5.00,'Linux',1324517796,'/account/login.php',0),(20111222,2,0,'MOZILLA',5.00,'Linux',1324517797,'/my/index.php',0),(20111222,2,0,'MOZILLA',5.00,'Linux',1324517854,'/index.php',0),(20111222,2,0,'MOZILLA',5.00,'Linux',1324517854,'/index.php',0),(20111222,2,0,'MOZILLA',5.00,'Linux',1324517855,'/my/index.php',0),(20111222,2,0,'MOZILLA',5.00,'Linux',1324517855,'/my/index.php',0),(20111222,2,0,'MOZILLA',5.00,'Linux',1324517856,'/account/login.php',0),(20111222,2,0,'MOZILLA',5.00,'Linux',1324517857,'/account/login.php',0),(20111222,2,0,'MOZILLA',5.00,'Linux',1324517858,'/my/index.php',0),(20111222,2,0,'MOZILLA',5.00,'Linux',1324517886,'/index.php',0),(20111222,2,0,'MOZILLA',5.00,'Linux',1324517886,'/index.php',0),(20111222,2,0,'MOZILLA',5.00,'Linux',1324517887,'/index.php',0),(20111222,2,0,'MOZILLA',5.00,'Linux',1324517887,'/my/index.php',0),(20111222,2,0,'MOZILLA',5.00,'Linux',1324517888,'/my/index.php',0),(20111222,2,0,'MOZILLA',5.00,'Linux',1324517888,'/account/login.php',0),(20111222,2,0,'MOZILLA',5.00,'Linux',1324517889,'/account/login.php',0),(20111222,2,0,'MOZILLA',5.00,'Linux',1324517889,'/my/index.php',0),(20111222,2,0,'MOZILLA',5.00,'Linux',1324517890,'/my/index.php',0),(20111222,2,0,'MOZILLA',5.00,'Linux',1324517891,'/admin/index.php',0),(20111222,2,0,'MOZILLA',5.00,'Linux',1324517891,'/admin/index.php',0),(20111222,2,0,'MOZILLA',5.00,'Linux',1324517959,'/index.php',0),(20111222,2,0,'MOZILLA',5.00,'Linux',1324517960,'/index.php',0),(20111222,2,0,'MOZILLA',5.00,'Linux',1324517960,'/index.php',0),(20111222,2,0,'MOZILLA',5.00,'Linux',1324517961,'/my/index.php',0),(20111222,2,0,'MOZILLA',5.00,'Linux',1324517961,'/my/index.php',0),(20111222,2,0,'MOZILLA',5.00,'Linux',1324517961,'/account/login.php',0),(20111222,2,0,'MOZILLA',5.00,'Linux',1324517963,'/account/login.php',0),(20111222,2,0,'MOZILLA',5.00,'Linux',1324517963,'/my/index.php',0),(20111222,2,0,'MOZILLA',5.00,'Linux',1324517964,'/admin/index.php',0),(20111222,2,0,'MOZILLA',5.00,'Linux',1324517964,'/admin/index.php',0),(20111222,2,0,'MOZILLA',5.00,'Linux',1324518089,'/index.php',0),(20111222,2,0,'MOZILLA',5.00,'Linux',1324518089,'/index.php',0),(20111222,2,0,'MOZILLA',5.00,'Linux',1324518090,'/my/index.php',0),(20111222,2,0,'MOZILLA',5.00,'Linux',1324518090,'/my/index.php',0),(20111222,2,0,'MOZILLA',5.00,'Linux',1324518090,'/account/login.php',0),(20111222,2,0,'MOZILLA',5.00,'Linux',1324518092,'/account/login.php',0),(20111222,2,0,'MOZILLA',5.00,'Linux',1324518092,'/my/index.php',0),(20111222,2,0,'MOZILLA',5.00,'Linux',1324518092,'/my/index.php',0),(20111222,2,0,'MOZILLA',5.00,'Linux',1324518093,'/admin/index.php',0),(20111222,2,0,'MOZILLA',5.00,'Linux',1324518093,'/admin/index.php',0),(20111222,2,0,'MOZILLA',5.00,'Linux',1324518367,'/index.php',0),(20111222,2,0,'MOZILLA',5.00,'Linux',1324518368,'/index.php',0),(20111222,2,0,'MOZILLA',5.00,'Linux',1324518368,'/index.php',0),(20111222,2,0,'MOZILLA',5.00,'Linux',1324518369,'/my/index.php',0),(20111222,2,0,'MOZILLA',5.00,'Linux',1324518369,'/my/index.php',0),(20111222,2,0,'MOZILLA',5.00,'Linux',1324518369,'/account/login.php',0),(20111222,2,0,'MOZILLA',5.00,'Linux',1324518370,'/account/login.php',0),(20111222,2,0,'MOZILLA',5.00,'Linux',1324518371,'/account/login.php',0),(20111222,2,0,'MOZILLA',5.00,'Linux',1324518372,'/my/index.php',0),(20111222,2,0,'MOZILLA',5.00,'Linux',1324518372,'/my/index.php',0),(20111222,2,0,'MOZILLA',5.00,'Linux',1324518373,'/admin/index.php',0),(20111222,2,0,'MOZILLA',5.00,'Linux',1324518373,'/admin/index.php',0),(20111222,2,0,'MOZILLA',5.00,'Linux',1324518443,'/index.php',0),(20111222,2,0,'MOZILLA',5.00,'Linux',1324518443,'/index.php',0),(20111222,2,0,'MOZILLA',5.00,'Linux',1324518444,'/my/index.php',0),(20111222,2,0,'MOZILLA',5.00,'Linux',1324518444,'/my/index.php',0),(20111222,2,0,'MOZILLA',5.00,'Linux',1324518444,'/account/login.php',0),(20111222,2,0,'MOZILLA',5.00,'Linux',1324518445,'/account/login.php',0),(20111222,2,0,'MOZILLA',5.00,'Linux',1324518446,'/my/index.php',0),(20111222,2,0,'MOZILLA',5.00,'Linux',1324518446,'/my/index.php',0),(20111222,2,0,'MOZILLA',5.00,'Linux',1324518447,'/admin/index.php',0),(20111222,2,0,'MOZILLA',5.00,'Linux',1324518447,'/admin/index.php',0),(20111222,2,0,'MOZILLA',5.00,'Linux',1324519107,'/index.php',0),(20111222,2,0,'MOZILLA',5.00,'Linux',1324519108,'/index.php',0),(20111222,2,0,'MOZILLA',5.00,'Linux',1324519108,'/my/index.php',0),(20111222,2,0,'MOZILLA',5.00,'Linux',1324519109,'/my/index.php',0),(20111222,2,0,'MOZILLA',5.00,'Linux',1324519109,'/account/login.php',0),(20111222,2,0,'MOZILLA',5.00,'Linux',1324519110,'/account/login.php',0),(20111222,2,0,'MOZILLA',5.00,'Linux',1324519111,'/my/index.php',0),(20111222,2,0,'MOZILLA',5.00,'Linux',1324519111,'/my/index.php',0),(20111222,2,0,'MOZILLA',5.00,'Linux',1324519112,'/admin/index.php',0),(20111222,2,0,'MOZILLA',5.00,'Linux',1324519112,'/admin/index.php',0),(20111222,4,0,'MOZILLA',5.00,'Mac',1324523814,'/admin/index.php',0),(20111222,4,0,'MOZILLA',5.00,'Mac',1324523819,'/snippet/index.php',0),(20111222,4,0,'MOZILLA',5.00,'Mac',1324523822,'/softwaremap/index.php',0),(20111222,4,0,'MOZILLA',5.00,'Mac',1324523822,'/softwaremap/trove_list.php',0),(20111222,4,0,'MOZILLA',5.00,'Mac',1324523826,'/index.php',0),(20111222,4,0,'MOZILLA',5.00,'Mac',1324523835,'/my/index.php',0),(20111222,4,0,'MOZILLA',5.00,'Linux',1324524586,'/index.php',0),(20111222,4,0,'MOZILLA',5.00,'Linux',1324524586,'/index.php',0),(20111222,4,0,'MOZILLA',5.00,'Linux',1324524587,'/my/index.php',0),(20111222,4,0,'MOZILLA',5.00,'Linux',1324524587,'/my/index.php',0),(20111222,4,0,'MOZILLA',5.00,'Linux',1324524587,'/account/login.php',0),(20111222,4,0,'MOZILLA',5.00,'Linux',1324524588,'/account/login.php',0),(20111222,4,0,'MOZILLA',5.00,'Linux',1324524589,'/account/login.php',0),(20111222,4,0,'MOZILLA',5.00,'Linux',1324524589,'/my/index.php',0),(20111222,4,0,'MOZILLA',5.00,'Linux',1324524590,'/admin/index.php',0),(20111222,4,0,'MOZILLA',5.00,'Linux',1324524591,'/admin/index.php',0),(20111222,4,0,'MOZILLA',5.00,'Linux',1324525923,'/index.php',0),(20111222,4,0,'MOZILLA',5.00,'Linux',1324525923,'/index.php',0),(20111222,4,0,'MOZILLA',5.00,'Linux',1324525924,'/my/index.php',0),(20111222,4,0,'MOZILLA',5.00,'Linux',1324525924,'/my/index.php',0),(20111222,4,0,'MOZILLA',5.00,'Linux',1324525924,'/account/login.php',0),(20111222,4,0,'MOZILLA',5.00,'Linux',1324525925,'/account/login.php',0),(20111222,4,0,'MOZILLA',5.00,'Linux',1324525926,'/my/index.php',0),(20111222,4,0,'MOZILLA',5.00,'Linux',1324525926,'/my/index.php',0),(20111222,4,0,'MOZILLA',5.00,'Linux',1324525927,'/admin/index.php',0),(20111222,4,0,'MOZILLA',5.00,'Linux',1324525927,'/admin/index.php',0),(20111222,4,0,'MOZILLA',5.00,'Linux',1324525928,'/admin/index.php',0),(20111222,4,0,'MOZILLA',5.00,'Linux',1324525955,'/index.php',0),(20111222,4,0,'MOZILLA',5.00,'Linux',1324525955,'/index.php',0),(20111222,4,0,'MOZILLA',5.00,'Linux',1324525955,'/my/index.php',0),(20111222,4,0,'MOZILLA',5.00,'Linux',1324525956,'/account/login.php',0),(20111222,4,0,'MOZILLA',5.00,'Linux',1324525956,'/my/index.php',0),(20111222,4,0,'MOZILLA',5.00,'Linux',1324525957,'/account/login.php',0),(20111222,4,0,'MOZILLA',5.00,'Linux',1324525957,'/my/index.php',0),(20111222,4,0,'MOZILLA',5.00,'Linux',1324525958,'/my/index.php',0),(20111222,4,0,'MOZILLA',5.00,'Linux',1324525959,'/admin/index.php',0),(20111222,4,0,'MOZILLA',5.00,'Linux',1324525959,'/admin/index.php',0),(20111222,4,0,'MOZILLA',5.00,'Linux',1324525996,'/index.php',0),(20111222,4,0,'MOZILLA',5.00,'Linux',1324525996,'/index.php',0),(20111222,4,0,'MOZILLA',5.00,'Linux',1324525997,'/my/index.php',0),(20111222,4,0,'MOZILLA',5.00,'Linux',1324525997,'/account/login.php',0),(20111222,4,0,'MOZILLA',5.00,'Linux',1324525997,'/my/index.php',0),(20111222,4,0,'MOZILLA',5.00,'Linux',1324525998,'/account/login.php',0),(20111222,4,0,'MOZILLA',5.00,'Linux',1324525998,'/my/index.php',0),(20111222,4,0,'MOZILLA',5.00,'Linux',1324525999,'/my/index.php',0),(20111222,4,0,'MOZILLA',5.00,'Linux',1324526000,'/admin/index.php',0),(20111222,4,0,'MOZILLA',5.00,'Linux',1324526000,'/admin/index.php',0),(20111222,4,0,'MOZILLA',5.00,'Linux',1324526053,'/index.php',0),(20111222,4,0,'MOZILLA',5.00,'Linux',1324526053,'/index.php',0),(20111222,4,0,'MOZILLA',5.00,'Linux',1324526054,'/my/index.php',0),(20111222,4,0,'MOZILLA',5.00,'Linux',1324526054,'/my/index.php',0),(20111222,4,0,'MOZILLA',5.00,'Linux',1324526054,'/account/login.php',0),(20111222,4,0,'MOZILLA',5.00,'Linux',1324526055,'/account/login.php',0),(20111222,4,0,'MOZILLA',5.00,'Linux',1324526056,'/my/index.php',0),(20111222,4,0,'MOZILLA',5.00,'Linux',1324526056,'/my/index.php',0),(20111222,4,0,'MOZILLA',5.00,'Linux',1324526057,'/admin/index.php',0),(20111222,4,0,'MOZILLA',5.00,'Linux',1324526057,'/admin/index.php',0),(20111222,4,0,'MOZILLA',5.00,'Linux',1324526058,'/admin/index.php',0),(20111222,4,0,'MOZILLA',5.00,'Linux',1324526138,'/index.php',0),(20111222,4,0,'MOZILLA',5.00,'Linux',1324526139,'/index.php',0),(20111222,4,0,'MOZILLA',5.00,'Linux',1324526139,'/my/index.php',0),(20111222,4,0,'MOZILLA',5.00,'Linux',1324526140,'/my/index.php',0),(20111222,4,0,'MOZILLA',5.00,'Linux',1324526140,'/account/login.php',0),(20111222,4,0,'MOZILLA',5.00,'Linux',1324526141,'/account/login.php',0),(20111222,4,0,'MOZILLA',5.00,'Linux',1324526141,'/my/index.php',0),(20111222,4,0,'MOZILLA',5.00,'Linux',1324526142,'/admin/index.php',0),(20111222,4,0,'MOZILLA',5.00,'Linux',1324526142,'/admin/index.php',0),(20111222,4,0,'MOZILLA',5.00,'Linux',1324526143,'/admin/index.php',0),(20111222,4,0,'MOZILLA',5.00,'Linux',1324526221,'/index.php',0),(20111222,4,0,'MOZILLA',5.00,'Linux',1324526221,'/index.php',0),(20111222,4,0,'MOZILLA',5.00,'Linux',1324526222,'/my/index.php',0),(20111222,4,0,'MOZILLA',5.00,'Linux',1324526223,'/my/index.php',0),(20111222,4,0,'MOZILLA',5.00,'Linux',1324526223,'/account/login.php',0),(20111222,4,0,'MOZILLA',5.00,'Linux',1324526223,'/account/login.php',0),(20111222,4,0,'MOZILLA',5.00,'Linux',1324526224,'/account/login.php',0),(20111222,4,0,'MOZILLA',5.00,'Linux',1324526225,'/my/index.php',0),(20111222,4,0,'MOZILLA',5.00,'Linux',1324526226,'/admin/index.php',0),(20111222,4,0,'MOZILLA',5.00,'Linux',1324526226,'/admin/index.php',0),(20111222,4,0,'MOZILLA',5.00,'Linux',1324526226,'/admin/index.php',0),(20111222,5,0,'MOZILLA',5.00,'Linux',1324526404,'/index.php',0),(20111222,5,0,'MOZILLA',5.00,'Linux',1324526404,'/index.php',0),(20111222,5,0,'MOZILLA',5.00,'Linux',1324526405,'/my/index.php',0),(20111222,5,0,'MOZILLA',5.00,'Linux',1324526405,'/my/index.php',0),(20111222,5,0,'MOZILLA',5.00,'Linux',1324526405,'/account/login.php',0),(20111222,5,0,'MOZILLA',5.00,'Linux',1324526406,'/account/login.php',0),(20111222,5,0,'MOZILLA',5.00,'Linux',1324526406,'/my/index.php',0),(20111222,5,0,'MOZILLA',5.00,'Linux',1324526407,'/my/index.php',0),(20111222,5,0,'MOZILLA',5.00,'Linux',1324526408,'/admin/index.php',0),(20111222,5,0,'MOZILLA',5.00,'Linux',1324526408,'/admin/index.php',0),(20111222,5,0,'MOZILLA',5.00,'Linux',1324526409,'/admin/index.php',0),(20111222,5,0,'MOZILLA',5.00,'Linux',1324526431,'/index.php',0),(20111222,5,0,'MOZILLA',5.00,'Linux',1324526431,'/index.php',0),(20111222,5,0,'MOZILLA',5.00,'Linux',1324526432,'/my/index.php',0),(20111222,5,0,'MOZILLA',5.00,'Linux',1324526432,'/account/login.php',0),(20111222,5,0,'MOZILLA',5.00,'Linux',1324526432,'/my/index.php',0),(20111222,5,0,'MOZILLA',5.00,'Linux',1324526433,'/account/login.php',0),(20111222,5,0,'MOZILLA',5.00,'Linux',1324526433,'/my/index.php',0),(20111222,5,0,'MOZILLA',5.00,'Linux',1324526434,'/admin/index.php',0),(20111222,5,0,'MOZILLA',5.00,'Linux',1324526434,'/admin/index.php',0),(20111222,5,0,'MOZILLA',5.00,'Linux',1324526435,'/admin/index.php',0),(20111222,5,0,'MOZILLA',5.00,'Linux',1324526544,'/index.php',0),(20111222,5,0,'MOZILLA',5.00,'Linux',1324526544,'/index.php',0),(20111222,5,0,'MOZILLA',5.00,'Linux',1324526544,'/index.php',0),(20111222,5,0,'MOZILLA',5.00,'Linux',1324526545,'/my/index.php',0),(20111222,5,0,'MOZILLA',5.00,'Linux',1324526545,'/my/index.php',0),(20111222,5,0,'MOZILLA',5.00,'Linux',1324526545,'/account/login.php',0),(20111222,5,0,'MOZILLA',5.00,'Linux',1324526546,'/account/login.php',0),(20111222,5,0,'MOZILLA',5.00,'Linux',1324526547,'/account/login.php',0),(20111222,5,0,'MOZILLA',5.00,'Linux',1324526548,'/my/index.php',0),(20111222,5,0,'MOZILLA',5.00,'Linux',1324526548,'/my/index.php',0),(20111222,5,0,'MOZILLA',5.00,'Linux',1324526549,'/admin/index.php',0),(20111222,5,0,'MOZILLA',5.00,'Linux',1324526549,'/admin/index.php',0),(20111222,5,0,'MOZILLA',5.00,'Linux',1324526549,'/admin/index.php',0),(20111222,5,0,'MOZILLA',5.00,'Linux',1324526590,'/index.php',0),(20111222,5,0,'MOZILLA',5.00,'Linux',1324526591,'/index.php',0),(20111222,5,0,'MOZILLA',5.00,'Linux',1324526591,'/index.php',0),(20111222,5,0,'MOZILLA',5.00,'Linux',1324526592,'/my/index.php',0),(20111222,5,0,'MOZILLA',5.00,'Linux',1324526592,'/my/index.php',0),(20111222,5,0,'MOZILLA',5.00,'Linux',1324526592,'/account/login.php',0),(20111222,5,0,'MOZILLA',5.00,'Linux',1324526593,'/account/login.php',0),(20111222,5,0,'MOZILLA',5.00,'Linux',1324526594,'/account/login.php',0),(20111222,5,0,'MOZILLA',5.00,'Linux',1324526594,'/my/index.php',0),(20111222,5,0,'MOZILLA',5.00,'Linux',1324526594,'/my/index.php',0),(20111222,5,0,'MOZILLA',5.00,'Linux',1324526595,'/admin/index.php',0),(20111222,5,0,'MOZILLA',5.00,'Linux',1324526595,'/admin/index.php',0),(20111222,5,0,'MOZILLA',5.00,'Linux',1324526596,'/admin/index.php',0),(20111222,5,0,'MOZILLA',5.00,'Linux',1324527280,'/index.php',0),(20111222,5,0,'MOZILLA',5.00,'Linux',1324527280,'/index.php',0),(20111222,5,0,'MOZILLA',5.00,'Linux',1324527281,'/index.php',0),(20111222,5,0,'MOZILLA',5.00,'Linux',1324527282,'/my/index.php',0),(20111222,5,0,'MOZILLA',5.00,'Linux',1324527282,'/my/index.php',0),(20111222,5,0,'MOZILLA',5.00,'Linux',1324527282,'/account/login.php',0),(20111222,5,0,'MOZILLA',5.00,'Linux',1324527283,'/account/login.php',0),(20111222,5,0,'MOZILLA',5.00,'Linux',1324527284,'/my/index.php',0),(20111222,5,0,'MOZILLA',5.00,'Linux',1324527285,'/admin/index.php',0),(20111222,5,0,'MOZILLA',5.00,'Linux',1324527285,'/admin/index.php',0),(20111222,5,0,'MOZILLA',5.00,'Linux',1324527285,'/admin/index.php',0),(20111222,5,0,'MOZILLA',5.00,'Linux',1324527286,'/admin/index.php',0),(20111222,5,0,'MOZILLA',5.00,'Linux',1324527451,'/index.php',0),(20111222,5,0,'MOZILLA',5.00,'Linux',1324527451,'/index.php',0),(20111222,5,0,'MOZILLA',5.00,'Linux',1324527452,'/my/index.php',0),(20111222,5,0,'MOZILLA',5.00,'Linux',1324527452,'/my/index.php',0),(20111222,5,0,'MOZILLA',5.00,'Linux',1324527452,'/account/login.php',0),(20111222,5,0,'MOZILLA',5.00,'Linux',1324527454,'/account/login.php',0),(20111222,5,0,'MOZILLA',5.00,'Linux',1324527454,'/my/index.php',0),(20111222,5,0,'MOZILLA',5.00,'Linux',1324527454,'/my/index.php',0),(20111222,5,0,'MOZILLA',5.00,'Linux',1324527455,'/admin/index.php',0),(20111222,5,0,'MOZILLA',5.00,'Linux',1324527456,'/admin/index.php',0),(20111222,5,0,'MOZILLA',5.00,'Linux',1324527456,'/admin/index.php',0),(20111222,5,0,'MOZILLA',5.00,'Linux',1324527457,'/admin/index.php',0),(20111222,5,0,'MOZILLA',5.00,'Linux',1324527540,'/index.php',0),(20111222,5,0,'MOZILLA',5.00,'Linux',1324527541,'/index.php',0),(20111222,5,0,'MOZILLA',5.00,'Linux',1324527542,'/my/index.php',0),(20111222,5,0,'MOZILLA',5.00,'Linux',1324527542,'/my/index.php',0),(20111222,5,0,'MOZILLA',5.00,'Linux',1324527542,'/account/login.php',0),(20111222,5,0,'MOZILLA',5.00,'Linux',1324527543,'/account/login.php',0),(20111222,5,0,'MOZILLA',5.00,'Linux',1324527544,'/account/login.php',0),(20111222,5,0,'MOZILLA',5.00,'Linux',1324527544,'/my/index.php',0),(20111222,5,0,'MOZILLA',5.00,'Linux',1324527545,'/my/index.php',0),(20111222,5,0,'MOZILLA',5.00,'Linux',1324527545,'/admin/index.php',0),(20111222,5,0,'MOZILLA',5.00,'Linux',1324527546,'/admin/index.php',0),(20111222,5,0,'MOZILLA',5.00,'Linux',1324527546,'/admin/index.php',0),(20111222,5,0,'MOZILLA',5.00,'Linux',1324527547,'/admin/index.php',0),(20111222,5,0,'MOZILLA',5.00,'Linux',1324527593,'/index.php',0),(20111222,5,0,'MOZILLA',5.00,'Linux',1324527593,'/index.php',0),(20111222,5,0,'MOZILLA',5.00,'Linux',1324527594,'/my/index.php',0),(20111222,5,0,'MOZILLA',5.00,'Linux',1324527595,'/my/index.php',0),(20111222,5,0,'MOZILLA',5.00,'Linux',1324527595,'/account/login.php',0),(20111222,5,0,'MOZILLA',5.00,'Linux',1324527596,'/account/login.php',0),(20111222,5,0,'MOZILLA',5.00,'Linux',1324527597,'/my/index.php',0),(20111222,5,0,'MOZILLA',5.00,'Linux',1324527597,'/my/index.php',0),(20111222,5,0,'MOZILLA',5.00,'Linux',1324527598,'/admin/index.php',0),(20111222,5,0,'MOZILLA',5.00,'Linux',1324527598,'/admin/index.php',0),(20111222,5,0,'MOZILLA',5.00,'Linux',1324527599,'/admin/index.php',0),(20111222,5,0,'MOZILLA',5.00,'Linux',1324527667,'/index.php',0),(20111222,5,0,'MOZILLA',5.00,'Linux',1324527668,'/index.php',0),(20111222,5,0,'MOZILLA',5.00,'Linux',1324527668,'/my/index.php',0),(20111222,5,0,'MOZILLA',5.00,'Linux',1324527669,'/my/index.php',0),(20111222,5,0,'MOZILLA',5.00,'Linux',1324527669,'/account/login.php',0),(20111222,5,0,'MOZILLA',5.00,'Linux',1324527670,'/account/login.php',0),(20111222,5,0,'MOZILLA',5.00,'Linux',1324527671,'/my/index.php',0),(20111222,5,0,'MOZILLA',5.00,'Linux',1324527671,'/my/index.php',0),(20111222,5,0,'MOZILLA',5.00,'Linux',1324527672,'/admin/index.php',0),(20111222,5,0,'MOZILLA',5.00,'Linux',1324527673,'/admin/index.php',0),(20111222,5,0,'MOZILLA',5.00,'Linux',1324527673,'/admin/index.php',0),(20111222,5,0,'MOZILLA',5.00,'Linux',1324527674,'/admin/index.php',0),(20111222,5,0,'MOZILLA',5.00,'Linux',1324527758,'/index.php',0),(20111222,5,0,'MOZILLA',5.00,'Linux',1324527758,'/index.php',0),(20111222,5,0,'MOZILLA',5.00,'Linux',1324527759,'/my/index.php',0),(20111222,5,0,'MOZILLA',5.00,'Linux',1324527759,'/account/login.php',0),(20111222,5,0,'MOZILLA',5.00,'Linux',1324527759,'/my/index.php',0),(20111222,5,0,'MOZILLA',5.00,'Linux',1324527760,'/account/login.php',0),(20111222,5,0,'MOZILLA',5.00,'Linux',1324527761,'/my/index.php',0),(20111222,5,0,'MOZILLA',5.00,'Linux',1324527761,'/my/index.php',0),(20111222,5,0,'MOZILLA',5.00,'Linux',1324527762,'/admin/index.php',0),(20111222,5,0,'MOZILLA',5.00,'Linux',1324527763,'/admin/index.php',0),(20111222,5,0,'MOZILLA',5.00,'Linux',1324527763,'/admin/index.php',0),(20111222,5,0,'MOZILLA',5.00,'Linux',1324527782,'/index.php',0),(20111222,5,0,'MOZILLA',5.00,'Linux',1324527783,'/index.php',0),(20111222,5,0,'MOZILLA',5.00,'Linux',1324527783,'/index.php',0),(20111222,5,0,'MOZILLA',5.00,'Linux',1324527784,'/my/index.php',0),(20111222,5,0,'MOZILLA',5.00,'Linux',1324527784,'/my/index.php',0),(20111222,5,0,'MOZILLA',5.00,'Linux',1324527784,'/account/login.php',0),(20111222,5,0,'MOZILLA',5.00,'Linux',1324527785,'/account/login.php',0),(20111222,5,0,'MOZILLA',5.00,'Linux',1324527786,'/my/index.php',0),(20111222,5,0,'MOZILLA',5.00,'Linux',1324527787,'/admin/index.php',0),(20111222,5,0,'MOZILLA',5.00,'Linux',1324527787,'/admin/index.php',0),(20111222,5,0,'MOZILLA',5.00,'Linux',1324527788,'/admin/index.php',0),(20111222,5,0,'MOZILLA',5.00,'Linux',1324527788,'/admin/index.php',0),(20111222,5,0,'MOZILLA',5.00,'Linux',1324527923,'/index.php',0),(20111222,5,0,'MOZILLA',5.00,'Linux',1324527923,'/index.php',0),(20111222,5,0,'MOZILLA',5.00,'Linux',1324527924,'/my/index.php',0),(20111222,5,0,'MOZILLA',5.00,'Linux',1324527924,'/my/index.php',0),(20111222,5,0,'MOZILLA',5.00,'Linux',1324527924,'/account/login.php',0),(20111222,5,0,'MOZILLA',5.00,'Linux',1324527925,'/account/login.php',0),(20111222,5,0,'MOZILLA',5.00,'Linux',1324527926,'/account/login.php',0),(20111222,5,0,'MOZILLA',5.00,'Linux',1324527926,'/my/index.php',0),(20111222,5,0,'MOZILLA',5.00,'Linux',1324527927,'/my/index.php',0),(20111222,5,0,'MOZILLA',5.00,'Linux',1324527928,'/admin/index.php',0),(20111222,5,0,'MOZILLA',5.00,'Linux',1324527928,'/admin/index.php',0),(20111222,5,0,'MOZILLA',5.00,'Linux',1324527928,'/admin/index.php',0),(20111222,5,0,'MOZILLA',5.00,'Linux',1324527939,'/index.php',0),(20111222,5,0,'MOZILLA',5.00,'Linux',1324527939,'/index.php',0),(20111222,5,0,'MOZILLA',5.00,'Linux',1324527940,'/my/index.php',0),(20111222,5,0,'MOZILLA',5.00,'Linux',1324527940,'/my/index.php',0),(20111222,5,0,'MOZILLA',5.00,'Linux',1324527941,'/account/login.php',0),(20111222,5,0,'MOZILLA',5.00,'Linux',1324527942,'/account/login.php',0),(20111222,5,0,'MOZILLA',5.00,'Linux',1324527942,'/my/index.php',0),(20111222,5,0,'MOZILLA',5.00,'Linux',1324527943,'/my/index.php',0),(20111222,5,0,'MOZILLA',5.00,'Linux',1324527943,'/admin/index.php',0),(20111222,5,0,'MOZILLA',5.00,'Linux',1324527944,'/admin/index.php',0),(20111222,5,0,'MOZILLA',5.00,'Linux',1324527944,'/admin/index.php',0),(20111222,5,0,'MOZILLA',5.00,'Linux',1324527945,'/admin/index.php',0),(20111222,5,0,'MOZILLA',5.00,'Linux',1324528005,'/index.php',0),(20111222,5,0,'MOZILLA',5.00,'Linux',1324528005,'/index.php',0),(20111222,5,0,'MOZILLA',5.00,'Linux',1324528006,'/my/index.php',0),(20111222,5,0,'MOZILLA',5.00,'Linux',1324528006,'/my/index.php',0),(20111222,5,0,'MOZILLA',5.00,'Linux',1324528006,'/account/login.php',0),(20111222,5,0,'MOZILLA',5.00,'Linux',1324528007,'/account/login.php',0),(20111222,5,0,'MOZILLA',5.00,'Linux',1324528008,'/my/index.php',0),(20111222,5,0,'MOZILLA',5.00,'Linux',1324528008,'/my/index.php',0),(20111222,5,0,'MOZILLA',5.00,'Linux',1324528009,'/admin/index.php',0),(20111222,5,0,'MOZILLA',5.00,'Linux',1324528010,'/admin/index.php',0),(20111222,5,0,'MOZILLA',5.00,'Linux',1324528010,'/admin/index.php',0),(20111222,5,0,'MOZILLA',5.00,'Linux',1324528011,'/admin/index.php',0),(20111222,6,0,'MOZILLA',5.00,'Linux',1324531306,'/index.php',0),(20111222,6,0,'MOZILLA',5.00,'Linux',1324531306,'/index.php',0),(20111222,6,0,'MOZILLA',5.00,'Linux',1324531307,'/index.php',0),(20111222,6,0,'MOZILLA',5.00,'Linux',1324531308,'/my/index.php',0),(20111222,6,0,'MOZILLA',5.00,'Linux',1324531309,'/my/index.php',0),(20111222,6,0,'MOZILLA',5.00,'Linux',1324531309,'/account/login.php',0),(20111222,6,0,'MOZILLA',5.00,'Linux',1324531313,'/account/login.php',0),(20111222,6,0,'MOZILLA',5.00,'Linux',1324531313,'/my/index.php',0),(20111222,6,0,'MOZILLA',5.00,'Linux',1324531314,'/my/index.php',0),(20111222,6,0,'MOZILLA',5.00,'Linux',1324531314,'/index.php',0),(20111222,6,0,'MOZILLA',5.00,'Linux',1324531315,'/index.php',0),(20111222,6,0,'MOZILLA',5.00,'Linux',1324531315,'/my/index.php',0),(20111222,6,0,'MOZILLA',5.00,'Linux',1324531315,'/my/index.php',0),(20111222,6,0,'MOZILLA',5.00,'Linux',1324531316,'/account/login.php',0),(20111222,6,0,'MOZILLA',5.00,'Linux',1324531317,'/account/login.php',0),(20111222,6,0,'MOZILLA',5.00,'Linux',1324531317,'/my/index.php',0),(20111222,6,0,'MOZILLA',5.00,'Linux',1324531319,'/admin/index.php',0),(20111222,6,0,'MOZILLA',5.00,'Linux',1324531319,'/admin/index.php',0),(20111222,6,0,'MOZILLA',5.00,'Linux',1324531319,'/admin/index.php',0),(20111222,6,0,'MOZILLA',5.00,'Linux',1324531379,'/index.php',0),(20111222,6,0,'MOZILLA',5.00,'Linux',1324531379,'/index.php',0),(20111222,6,0,'MOZILLA',5.00,'Linux',1324531380,'/index.php',0),(20111222,6,0,'MOZILLA',5.00,'Linux',1324531381,'/my/index.php',0),(20111222,6,0,'MOZILLA',5.00,'Linux',1324531381,'/my/index.php',0),(20111222,6,0,'MOZILLA',5.00,'Linux',1324531381,'/account/login.php',0),(20111222,6,0,'MOZILLA',5.00,'Linux',1324531382,'/account/login.php',0),(20111222,6,0,'MOZILLA',5.00,'Linux',1324531383,'/my/index.php',0),(20111222,6,0,'MOZILLA',5.00,'Linux',1324531383,'/index.php',0),(20111222,6,0,'MOZILLA',5.00,'Linux',1324531384,'/index.php',0),(20111222,6,0,'MOZILLA',5.00,'Linux',1324531384,'/my/index.php',0),(20111222,6,0,'MOZILLA',5.00,'Linux',1324531385,'/my/index.php',0),(20111222,6,0,'MOZILLA',5.00,'Linux',1324531385,'/account/login.php',0),(20111222,6,0,'MOZILLA',5.00,'Linux',1324531387,'/account/login.php',0),(20111222,6,0,'MOZILLA',5.00,'Linux',1324531388,'/my/index.php',0),(20111222,6,0,'MOZILLA',5.00,'Linux',1324531389,'/admin/index.php',0),(20111222,6,0,'MOZILLA',5.00,'Linux',1324531389,'/admin/index.php',0),(20111222,6,0,'MOZILLA',5.00,'Linux',1324531390,'/admin/index.php',0),(20111222,6,0,'MOZILLA',5.00,'Linux',1324531532,'/index.php',0),(20111222,6,0,'MOZILLA',5.00,'Linux',1324531532,'/index.php',0),(20111222,6,0,'MOZILLA',5.00,'Linux',1324531533,'/index.php',0),(20111222,6,0,'MOZILLA',5.00,'Linux',1324531534,'/my/index.php',0),(20111222,6,0,'MOZILLA',5.00,'Linux',1324531534,'/my/index.php',0),(20111222,6,0,'MOZILLA',5.00,'Linux',1324531534,'/account/login.php',0),(20111222,6,0,'MOZILLA',5.00,'Linux',1324531535,'/account/login.php',0),(20111222,6,0,'MOZILLA',5.00,'Linux',1324531536,'/my/index.php',0),(20111222,6,0,'MOZILLA',5.00,'Linux',1324531536,'/my/index.php',0),(20111222,6,0,'MOZILLA',5.00,'Linux',1324531537,'/index.php',0),(20111222,6,0,'MOZILLA',5.00,'Linux',1324531537,'/index.php',0),(20111222,6,0,'MOZILLA',5.00,'Linux',1324531537,'/my/index.php',0),(20111222,6,0,'MOZILLA',5.00,'Linux',1324531538,'/my/index.php',0),(20111222,6,0,'MOZILLA',5.00,'Linux',1324531538,'/account/login.php',0),(20111222,6,0,'MOZILLA',5.00,'Linux',1324531539,'/account/login.php',0),(20111222,6,0,'MOZILLA',5.00,'Linux',1324531539,'/my/index.php',0),(20111222,6,0,'MOZILLA',5.00,'Linux',1324531540,'/admin/index.php',0),(20111222,6,0,'MOZILLA',5.00,'Linux',1324531540,'/admin/index.php',0),(20111222,6,0,'MOZILLA',5.00,'Linux',1324531541,'/admin/index.php',0),(20111222,6,0,'MOZILLA',5.00,'Linux',1324531697,'/index.php',0),(20111222,6,0,'MOZILLA',5.00,'Linux',1324531697,'/index.php',0),(20111222,6,0,'MOZILLA',5.00,'Linux',1324531698,'/my/index.php',0),(20111222,6,0,'MOZILLA',5.00,'Linux',1324531698,'/my/index.php',0),(20111222,6,0,'MOZILLA',5.00,'Linux',1324531698,'/account/login.php',0),(20111222,6,0,'MOZILLA',5.00,'Linux',1324531699,'/account/login.php',0),(20111222,6,0,'MOZILLA',5.00,'Linux',1324531700,'/account/login.php',0),(20111222,6,0,'MOZILLA',5.00,'Linux',1324531700,'/my/index.php',0),(20111222,6,0,'MOZILLA',5.00,'Linux',1324531701,'/index.php',0),(20111222,6,0,'MOZILLA',5.00,'Linux',1324531701,'/index.php',0),(20111222,6,0,'MOZILLA',5.00,'Linux',1324531702,'/my/index.php',0),(20111222,6,0,'MOZILLA',5.00,'Linux',1324531702,'/my/index.php',0),(20111222,6,0,'MOZILLA',5.00,'Linux',1324531702,'/account/login.php',0),(20111222,6,0,'MOZILLA',5.00,'Linux',1324531703,'/account/login.php',0),(20111222,6,0,'MOZILLA',5.00,'Linux',1324531704,'/my/index.php',0),(20111222,6,0,'MOZILLA',5.00,'Linux',1324531704,'/admin/index.php',0),(20111222,6,0,'MOZILLA',5.00,'Linux',1324531705,'/admin/index.php',0),(20111222,6,0,'MOZILLA',5.00,'Mac',1324532107,'/index.php',0),(20111222,6,0,'MOZILLA',5.00,'Mac',1324532107,'/index.php',0),(20111222,6,0,'MOZILLA',5.00,'Mac',1324532108,'/my/index.php',0),(20111222,6,0,'MOZILLA',5.00,'Mac',1324532108,'/account/login.php',0),(20111222,6,0,'MOZILLA',5.00,'Mac',1324532109,'/account/login.php',0),(20111222,6,0,'MOZILLA',5.00,'Mac',1324532109,'/my/index.php',0),(20111222,6,0,'MOZILLA',5.00,'Mac',1324532109,'/index.php',0),(20111222,6,0,'MOZILLA',5.00,'Mac',1324532110,'/index.php',0),(20111222,6,0,'MOZILLA',5.00,'Mac',1324532110,'/my/index.php',0),(20111222,6,0,'MOZILLA',5.00,'Mac',1324532110,'/account/login.php',0),(20111222,6,0,'MOZILLA',5.00,'Mac',1324532111,'/account/login.php',0),(20111222,6,0,'MOZILLA',5.00,'Mac',1324532111,'/my/index.php',0),(20111222,6,0,'MOZILLA',5.00,'Mac',1324532112,'/admin/index.php',0),(20111222,6,0,'MOZILLA',5.00,'Linux',1324532967,'/index.php',0),(20111222,6,0,'MOZILLA',5.00,'Linux',1324532967,'/index.php',0),(20111222,6,0,'MOZILLA',5.00,'Linux',1324532968,'/my/index.php',0),(20111222,6,0,'MOZILLA',5.00,'Linux',1324532968,'/my/index.php',0),(20111222,6,0,'MOZILLA',5.00,'Linux',1324532969,'/account/login.php',0),(20111222,6,0,'MOZILLA',5.00,'Linux',1324532969,'/account/login.php',0),(20111222,6,0,'MOZILLA',5.00,'Linux',1324532970,'/account/login.php',0),(20111222,6,0,'MOZILLA',5.00,'Linux',1324532971,'/my/index.php',0),(20111222,6,0,'MOZILLA',5.00,'Linux',1324532971,'/my/index.php',0),(20111222,6,0,'MOZILLA',5.00,'Linux',1324533162,'/index.php',0),(20111222,6,0,'MOZILLA',5.00,'Linux',1324533162,'/index.php',0),(20111222,6,0,'MOZILLA',5.00,'Linux',1324533163,'/my/index.php',0),(20111222,6,0,'MOZILLA',5.00,'Linux',1324533163,'/my/index.php',0),(20111222,6,0,'MOZILLA',5.00,'Linux',1324533163,'/account/login.php',0),(20111222,6,0,'MOZILLA',5.00,'Linux',1324533164,'/account/login.php',0),(20111222,6,0,'MOZILLA',5.00,'Linux',1324533165,'/my/index.php',0),(20111222,6,0,'MOZILLA',5.00,'Linux',1324533165,'/my/index.php',0),(20111222,6,0,'MOZILLA',5.00,'Linux',1324533166,'/index.php',0),(20111222,6,0,'MOZILLA',5.00,'Linux',1324533166,'/index.php',0),(20111222,6,0,'MOZILLA',5.00,'Linux',1324533167,'/my/index.php',0),(20111222,6,0,'MOZILLA',5.00,'Linux',1324533167,'/my/index.php',0),(20111222,6,0,'MOZILLA',5.00,'Linux',1324533167,'/account/login.php',0),(20111222,6,0,'MOZILLA',5.00,'Linux',1324533169,'/account/login.php',0),(20111222,6,0,'MOZILLA',5.00,'Linux',1324533169,'/my/index.php',0),(20111222,6,0,'MOZILLA',5.00,'Linux',1324533170,'/admin/index.php',0),(20111222,6,0,'MOZILLA',5.00,'Linux',1324533170,'/admin/index.php',0),(20111222,6,0,'MOZILLA',5.00,'Linux',1324533170,'/admin/index.php',0),(20111222,6,0,'MOZILLA',5.00,'Mac',1324533281,'/index.php',0),(20111222,6,0,'MOZILLA',5.00,'Mac',1324533282,'/index.php',0),(20111222,6,0,'MOZILLA',5.00,'Mac',1324533282,'/my/index.php',0),(20111222,6,0,'MOZILLA',5.00,'Mac',1324533283,'/account/login.php',0),(20111222,6,0,'MOZILLA',5.00,'Mac',1324533283,'/account/login.php',0),(20111222,6,0,'MOZILLA',5.00,'Mac',1324533283,'/my/index.php',0),(20111222,6,0,'MOZILLA',5.00,'Mac',1324533284,'/index.php',0),(20111222,6,0,'MOZILLA',5.00,'Mac',1324533284,'/index.php',0),(20111222,6,0,'MOZILLA',5.00,'Mac',1324533285,'/my/index.php',0),(20111222,6,0,'MOZILLA',5.00,'Mac',1324533285,'/account/login.php',0),(20111222,6,0,'MOZILLA',5.00,'Mac',1324533285,'/account/login.php',0),(20111222,6,0,'MOZILLA',5.00,'Mac',1324533286,'/my/index.php',0),(20111222,6,0,'MOZILLA',5.00,'Mac',1324533286,'/admin/index.php',0),(20111222,7,0,'MOZILLA',5.00,'Mac',1324533939,'/index.php',0),(20111222,7,0,'MOZILLA',5.00,'Mac',1324533939,'/index.php',0),(20111222,7,0,'MOZILLA',5.00,'Mac',1324533940,'/my/index.php',0),(20111222,7,0,'MOZILLA',5.00,'Mac',1324533940,'/account/login.php',0),(20111222,7,0,'MOZILLA',5.00,'Mac',1324533941,'/account/login.php',0),(20111222,7,0,'MOZILLA',5.00,'Mac',1324533941,'/my/index.php',0),(20111222,7,0,'MOZILLA',5.00,'Mac',1324533942,'/index.php',0),(20111222,7,0,'MOZILLA',5.00,'Mac',1324533942,'/index.php',0),(20111222,7,0,'MOZILLA',5.00,'Mac',1324533943,'/my/index.php',0),(20111222,7,0,'MOZILLA',5.00,'Mac',1324533943,'/account/login.php',0),(20111222,7,0,'MOZILLA',5.00,'Mac',1324533943,'/account/login.php',0),(20111222,7,0,'MOZILLA',5.00,'Mac',1324533944,'/my/index.php',0),(20111222,7,0,'MOZILLA',5.00,'Mac',1324533944,'/admin/index.php',0),(20111222,15,0,'MOZILLA',5.00,'Mac',1324564407,'/index.php',0),(20111222,15,0,'MOZILLA',5.00,'Mac',1324564407,'/index.php',0),(20111222,15,0,'MOZILLA',5.00,'Mac',1324564412,'/account/login.php',0),(20111222,15,0,'MOZILLA',5.00,'Mac',1324564416,'/account/login.php',0),(20111222,15,0,'MOZILLA',5.00,'Mac',1324564683,'/my/index.php',0),(20111222,15,0,'MOZILLA',5.00,'Mac',1324564683,'/account/login.php',0),(20111222,15,0,'MOZILLA',5.00,'Mac',1324564684,'/account/login.php',0),(20111222,15,0,'MOZILLA',5.00,'Mac',1324564700,'/index.php',0),(20111222,15,0,'MOZILLA',5.00,'Mac',1324564702,'/my/index.php',0),(20111222,15,0,'MOZILLA',5.00,'Mac',1324564702,'/account/login.php',0),(20111222,15,0,'MOZILLA',5.00,'Mac',1324564702,'/account/login.php',0),(20111222,15,0,'MOZILLA',5.00,'Mac',1324564960,'/index.php',0),(20111222,15,0,'MOZILLA',5.00,'Mac',1324564960,'/index.php',0),(20111222,15,0,'MOZILLA',5.00,'Mac',1324564961,'/my/index.php',0),(20111222,15,0,'MOZILLA',5.00,'Mac',1324564961,'/account/login.php',0),(20111222,15,0,'MOZILLA',5.00,'Mac',1324564962,'/account/login.php',0),(20111222,15,0,'MOZILLA',5.00,'Mac',1324564962,'/my/index.php',0),(20111222,15,0,'MOZILLA',5.00,'Mac',1324564963,'/index.php',0),(20111222,15,0,'MOZILLA',5.00,'Mac',1324564963,'/index.php',0),(20111222,15,0,'MOZILLA',5.00,'Mac',1324564964,'/my/index.php',0),(20111222,15,0,'MOZILLA',5.00,'Mac',1324564964,'/account/login.php',0),(20111222,15,0,'MOZILLA',5.00,'Mac',1324564965,'/account/login.php',0),(20111222,15,0,'MOZILLA',5.00,'Mac',1324564965,'/my/index.php',0),(20111222,15,0,'MOZILLA',5.00,'Mac',1324564966,'/admin/index.php',0),(20111222,15,0,'MOZILLA',5.00,'Linux',1324564988,'/index.php',0),(20111222,15,0,'MOZILLA',5.00,'Linux',1324564988,'/index.php',0),(20111222,15,0,'MOZILLA',5.00,'Linux',1324564989,'/my/index.php',0),(20111222,15,0,'MOZILLA',5.00,'Linux',1324564989,'/my/index.php',0),(20111222,15,0,'MOZILLA',5.00,'Linux',1324564990,'/account/login.php',0),(20111222,15,0,'MOZILLA',5.00,'Linux',1324564990,'/account/login.php',0),(20111222,15,0,'MOZILLA',5.00,'Linux',1324564991,'/account/login.php',0),(20111222,15,0,'MOZILLA',5.00,'Linux',1324564992,'/my/index.php',0),(20111222,15,0,'MOZILLA',5.00,'Linux',1324564992,'/my/index.php',0),(20111222,15,0,'MOZILLA',5.00,'Linux',1324564993,'/index.php',0),(20111222,15,0,'MOZILLA',5.00,'Linux',1324564993,'/index.php',0),(20111222,15,0,'MOZILLA',5.00,'Linux',1324564994,'/my/index.php',0),(20111222,15,0,'MOZILLA',5.00,'Linux',1324564994,'/my/index.php',0),(20111222,15,0,'MOZILLA',5.00,'Linux',1324564995,'/account/login.php',0),(20111222,15,0,'MOZILLA',5.00,'Linux',1324564996,'/account/login.php',0),(20111222,15,0,'MOZILLA',5.00,'Linux',1324564997,'/my/index.php',0),(20111222,15,0,'MOZILLA',5.00,'Linux',1324564998,'/admin/index.php',0),(20111222,15,0,'MOZILLA',5.00,'Linux',1324564998,'/admin/index.php',0),(20111222,15,0,'MOZILLA',5.00,'Linux',1324565350,'/index.php',0),(20111222,15,0,'MOZILLA',5.00,'Linux',1324565351,'/index.php',0),(20111222,15,0,'MOZILLA',5.00,'Linux',1324565352,'/my/index.php',0),(20111222,15,0,'MOZILLA',5.00,'Linux',1324565352,'/my/index.php',0),(20111222,15,0,'MOZILLA',5.00,'Linux',1324565352,'/account/login.php',0),(20111222,15,0,'MOZILLA',5.00,'Linux',1324565353,'/account/login.php',0),(20111222,15,0,'MOZILLA',5.00,'Linux',1324565354,'/my/index.php',0),(20111222,15,0,'MOZILLA',5.00,'Linux',1324565355,'/index.php',0),(20111222,15,0,'MOZILLA',5.00,'Linux',1324565355,'/index.php',0),(20111222,15,0,'MOZILLA',5.00,'Linux',1324565356,'/my/index.php',0),(20111222,15,0,'MOZILLA',5.00,'Linux',1324565356,'/my/index.php',0),(20111222,15,0,'MOZILLA',5.00,'Linux',1324565356,'/account/login.php',0),(20111222,15,0,'MOZILLA',5.00,'Linux',1324565358,'/account/login.php',0),(20111222,15,0,'MOZILLA',5.00,'Linux',1324565358,'/my/index.php',0),(20111222,15,0,'MOZILLA',5.00,'Linux',1324565359,'/admin/index.php',0),(20111222,15,0,'MOZILLA',5.00,'Linux',1324565359,'/admin/index.php',0),(20111222,15,0,'MOZILLA',5.00,'Mac',1324565400,'/index.php',0),(20111222,15,0,'MOZILLA',5.00,'Mac',1324565400,'/index.php',0),(20111222,15,0,'MOZILLA',5.00,'Mac',1324565401,'/my/index.php',0),(20111222,15,0,'MOZILLA',5.00,'Mac',1324565401,'/account/login.php',0),(20111222,15,0,'MOZILLA',5.00,'Mac',1324565401,'/account/login.php',0),(20111222,15,0,'MOZILLA',5.00,'Mac',1324565402,'/my/index.php',0),(20111222,15,0,'MOZILLA',5.00,'Mac',1324565403,'/index.php',0),(20111222,15,0,'MOZILLA',5.00,'Mac',1324565404,'/index.php',0),(20111222,15,0,'MOZILLA',5.00,'Mac',1324565404,'/my/index.php',0),(20111222,15,0,'MOZILLA',5.00,'Mac',1324565405,'/account/login.php',0),(20111222,15,0,'MOZILLA',5.00,'Mac',1324565405,'/account/login.php',0),(20111222,15,0,'MOZILLA',5.00,'Mac',1324565405,'/my/index.php',0),(20111222,15,0,'MOZILLA',5.00,'Mac',1324565406,'/admin/index.php',0),(20111222,15,0,'MOZILLA',5.00,'Linux',1324565826,'/index.php',0),(20111222,15,0,'MOZILLA',5.00,'Linux',1324565826,'/index.php',0),(20111222,15,0,'MOZILLA',5.00,'Linux',1324565827,'/my/index.php',0),(20111222,15,0,'MOZILLA',5.00,'Linux',1324565827,'/account/login.php',0),(20111222,15,0,'MOZILLA',5.00,'Linux',1324565828,'/my/index.php',0),(20111222,15,0,'MOZILLA',5.00,'Linux',1324565829,'/account/login.php',0),(20111222,15,0,'MOZILLA',5.00,'Linux',1324565829,'/my/index.php',0),(20111222,15,0,'MOZILLA',5.00,'Linux',1324565829,'/my/index.php',0),(20111222,15,0,'MOZILLA',5.00,'Linux',1324565830,'/index.php',0),(20111222,15,0,'MOZILLA',5.00,'Linux',1324565831,'/index.php',0),(20111222,15,0,'MOZILLA',5.00,'Linux',1324565831,'/my/index.php',0),(20111222,15,0,'MOZILLA',5.00,'Linux',1324565832,'/my/index.php',0),(20111222,15,0,'MOZILLA',5.00,'Linux',1324565832,'/account/login.php',0),(20111222,15,0,'MOZILLA',5.00,'Linux',1324565833,'/account/login.php',0),(20111222,15,0,'MOZILLA',5.00,'Linux',1324565833,'/my/index.php',0),(20111222,15,0,'MOZILLA',5.00,'Linux',1324565834,'/admin/index.php',0),(20111222,15,0,'MOZILLA',5.00,'Linux',1324565835,'/admin/index.php',0),(20111222,16,0,'MOZILLA',5.00,'Linux',1324566219,'/index.php',0),(20111222,16,0,'MOZILLA',5.00,'Linux',1324566220,'/index.php',0),(20111222,16,0,'MOZILLA',5.00,'Linux',1324566220,'/my/index.php',0),(20111222,16,0,'MOZILLA',5.00,'Linux',1324566221,'/my/index.php',0),(20111222,16,0,'MOZILLA',5.00,'Linux',1324566221,'/account/login.php',0),(20111222,16,0,'MOZILLA',5.00,'Linux',1324566221,'/account/login.php',0),(20111222,16,0,'MOZILLA',5.00,'Linux',1324566223,'/account/login.php',0),(20111222,16,0,'MOZILLA',5.00,'Linux',1324566223,'/my/index.php',0),(20111222,16,0,'MOZILLA',5.00,'Linux',1324566223,'/my/index.php',0),(20111222,16,0,'MOZILLA',5.00,'Linux',1324566622,'/index.php',0),(20111222,16,0,'MOZILLA',5.00,'Linux',1324566622,'/index.php',0),(20111222,16,0,'MOZILLA',5.00,'Linux',1324566623,'/index.php',0),(20111222,16,0,'MOZILLA',5.00,'Linux',1324566624,'/my/index.php',0),(20111222,16,0,'MOZILLA',5.00,'Linux',1324566624,'/my/index.php',0),(20111222,16,0,'MOZILLA',5.00,'Linux',1324566624,'/account/login.php',0),(20111222,16,0,'MOZILLA',5.00,'Linux',1324566625,'/account/login.php',0),(20111222,16,0,'MOZILLA',5.00,'Linux',1324566626,'/my/index.php',0),(20111222,16,0,'MOZILLA',5.00,'Linux',1324566626,'/my/index.php',0),(20111222,16,0,'MOZILLA',5.00,'Linux',1324566627,'/index.php',0),(20111222,16,0,'MOZILLA',5.00,'Linux',1324566627,'/index.php',0),(20111222,16,0,'MOZILLA',5.00,'Linux',1324566628,'/my/index.php',0),(20111222,16,0,'MOZILLA',5.00,'Linux',1324566628,'/my/index.php',0),(20111222,16,0,'MOZILLA',5.00,'Linux',1324566629,'/account/login.php',0),(20111222,16,0,'MOZILLA',5.00,'Linux',1324566630,'/account/login.php',0),(20111222,16,0,'MOZILLA',5.00,'Linux',1324566630,'/my/index.php',0),(20111222,16,0,'MOZILLA',5.00,'Linux',1324566631,'/admin/index.php',0),(20111222,16,0,'MOZILLA',5.00,'Linux',1324566631,'/admin/index.php',0),(20111222,16,0,'MOZILLA',5.00,'Mac',1324567085,'/index.php',0),(20111222,16,0,'MOZILLA',5.00,'Mac',1324567085,'/index.php',0),(20111222,16,0,'MOZILLA',5.00,'Mac',1324567092,'/account/login.php',0),(20111222,16,0,'MOZILLA',5.00,'Mac',1324567096,'/account/login.php',0),(20111222,16,0,'MOZILLA',5.00,'Mac',1324567103,'/account/login.php',0),(20111222,16,0,'MOZILLA',5.00,'Mac',1324567103,'/my/index.php',0),(20111222,16,0,'MOZILLA',5.00,'Mac',1324567108,'/projects/nty/',0),(20111222,16,101,'MOZILLA',5.00,'Mac',1324567112,'/tracker/index.php',0),(20111222,16,0,'MOZILLA',5.00,'Mac',1324567145,'/my/index.php',0),(20111222,16,0,'MOZILLA',5.00,'Mac',1324567151,'/projects/nty/',0),(20111222,16,101,'MOZILLA',5.00,'Mac',1324567158,'/project/admin/index.php',0),(20111222,16,0,'MOZILLA',5.00,'Mac',1324567176,'/projects/nty/',0),(20111222,16,101,'MOZILLA',5.00,'Mac',1324567178,'/project/admin/index.php',0),(20111222,16,101,'MOZILLA',5.00,'Mac',1324567180,'/project/admin/servicebar.php',0),(20111222,16,101,'MOZILLA',5.00,'Mac',1324567181,'/project/admin/servicebar.php',0),(20111222,16,101,'MOZILLA',5.00,'Mac',1324567190,'/project/admin/editservice.php',0),(20111222,16,101,'MOZILLA',5.00,'Mac',1324567210,'/project/admin/index.php',0),(20111222,16,0,'MOZILLA',5.00,'Mac',1324567217,'/projects/nty/',0),(20111222,16,101,'MOZILLA',5.00,'Mac',1324567231,'/tracker/index.php',0),(20111222,16,101,'MOZILLA',5.00,'Mac',1324567257,'/project/admin/index.php',0),(20111222,16,101,'MOZILLA',5.00,'Mac',1324567262,'/project/admin/servicebar.php',0),(20111222,16,0,'MOZILLA',5.00,'Mac',1324567288,'/account/logout.php',0),(20111222,16,0,'MOZILLA',5.00,'Mac',1324567288,'/index.php',0),(20111222,16,0,'MOZILLA',5.00,'Mac',1324567293,'/account/login.php',0),(20111222,16,0,'MOZILLA',5.00,'Mac',1324567298,'/account/login.php',0),(20111222,16,0,'MOZILLA',5.00,'Mac',1324567304,'/account/login.php',0),(20111222,16,0,'MOZILLA',5.00,'Mac',1324567304,'/my/index.php',0),(20111222,16,0,'MOZILLA',5.00,'Mac',1324567308,'/projects/codendi/',0),(20111222,16,0,'MOZILLA',5.00,'Mac',1324567310,'/my/index.php',0),(20111222,16,0,'MOZILLA',5.00,'Mac',1324567311,'/admin/index.php',0),(20111222,16,0,'MOZILLA',5.00,'Mac',1324567319,'/plugins/pluginsadministration/index.php',0),(20111222,16,0,'MOZILLA',5.00,'Mac',1324567333,'/plugins/pluginsadministration/index.php',0),(20111222,16,0,'MOZILLA',5.00,'Mac',1324567337,'/plugins/pluginsadministration/index.php',0),(20111222,16,0,'MOZILLA',5.00,'Mac',1324567341,'/plugins/pluginsadministration/index.php',0),(20111222,16,0,'MOZILLA',5.00,'Mac',1324567353,'/plugins/pluginsadministration/index.php',0),(20111222,16,0,'MOZILLA',5.00,'Mac',1324567361,'/plugins/pluginsadministration/index.php',0),(20111222,16,0,'MOZILLA',5.00,'Mac',1324567368,'/plugins/pluginsadministration/index.php',0),(20111222,16,0,'MOZILLA',5.00,'Mac',1324567370,'/plugins/pluginsadministration/index.php',0),(20111222,16,0,'MOZILLA',5.00,'Mac',1324567378,'/plugins/pluginsadministration/index.php',0),(20111222,16,0,'MOZILLA',5.00,'Mac',1324567390,'/account/logout.php',0),(20111222,16,0,'MOZILLA',5.00,'Mac',1324567390,'/index.php',0),(20111222,16,0,'MOZILLA',5.00,'Mac',1324567393,'/account/login.php',0),(20111222,16,0,'MOZILLA',5.00,'Mac',1324567400,'/account/login.php',0),(20111222,16,0,'MOZILLA',5.00,'Mac',1324567400,'/my/index.php',0),(20111222,16,0,'MOZILLA',5.00,'Mac',1324567404,'/projects/nty/',0),(20111222,16,101,'MOZILLA',5.00,'Mac',1324567410,'/project/admin/index.php',0),(20111222,16,101,'MOZILLA',5.00,'Mac',1324567416,'/project/admin/servicebar.php',0),(20111222,16,101,'MOZILLA',5.00,'Mac',1324567421,'/project/admin/editservice.php',0),(20111222,16,101,'MOZILLA',5.00,'Mac',1324567426,'/project/admin/servicebar.php',0),(20111222,16,101,'MOZILLA',5.00,'Mac',1324567429,'/plugins/tracker/index.php',0),(20111222,16,101,'MOZILLA',5.00,'Mac',1324567451,'/plugins/tracker/index.php',0),(20111222,16,101,'MOZILLA',5.00,'Mac',1324567507,'/plugins/tracker/index.php',0),(20111222,16,101,'MOZILLA',5.00,'Mac',1324567513,'/plugins/tracker/index.php',0),(20111222,16,101,'MOZILLA',5.00,'Mac',1324567549,'/plugins/tracker/index.php',0),(20111222,16,101,'MOZILLA',5.00,'Mac',1324567583,'/plugins/tracker/index.php',0),(20111222,16,101,'MOZILLA',5.00,'Mac',1324567593,'/plugins/tracker/index.php',0),(20111222,16,101,'MOZILLA',5.00,'Mac',1324567607,'/plugins/tracker/index.php',0),(20111222,16,101,'MOZILLA',5.00,'Mac',1324567613,'/plugins/tracker/index.php',0),(20111222,16,101,'MOZILLA',5.00,'Mac',1324567615,'/plugins/tracker/index.php',0),(20111222,16,101,'MOZILLA',5.00,'Mac',1324567633,'/plugins/tracker/index.php',0),(20111222,16,101,'MOZILLA',5.00,'Mac',1324567638,'/plugins/tracker/index.php',0),(20111222,16,101,'MOZILLA',5.00,'Mac',1324567656,'/plugins/tracker/index.php',0),(20111222,16,101,'MOZILLA',5.00,'Mac',1324567693,'/plugins/tracker/index.php',0),(20111222,16,101,'MOZILLA',5.00,'Mac',1324567719,'/plugins/tracker/index.php',0),(20111222,16,101,'MOZILLA',5.00,'Mac',1324567733,'/plugins/tracker/index.php',0),(20111222,16,101,'MOZILLA',5.00,'Mac',1324567763,'/plugins/tracker/index.php',0),(20111222,16,101,'MOZILLA',5.00,'Mac',1324567773,'/plugins/tracker/index.php',0),(20111222,16,101,'MOZILLA',5.00,'Mac',1324567796,'/plugins/tracker/index.php',0),(20111222,16,101,'MOZILLA',5.00,'Mac',1324567807,'/plugins/tracker/index.php',0),(20111222,16,101,'MOZILLA',5.00,'Mac',1324568110,'/plugins/tracker/index.php',0),(20111222,16,0,'MOZILLA',5.00,'Mac',1324568288,'/project/privacy.php',0),(20111222,16,101,'MOZILLA',5.00,'Mac',1324568298,'/plugins/tracker/index.php',0),(20111222,16,101,'MOZILLA',5.00,'Mac',1324568319,'/plugins/tracker/index.php',0),(20111222,16,0,'MOZILLA',5.00,'Mac',1324568414,'/index.php',0),(20111222,16,0,'MOZILLA',5.00,'Mac',1324568414,'/index.php',0),(20111222,17,101,'MOZILLA',5.00,'Mac',1324569710,'/plugins/tracker/index.php',0),(20111222,17,101,'MOZILLA',5.00,'Mac',1324569981,'/plugins/tracker/index.php',0),(20111222,17,101,'MOZILLA',5.00,'Mac',1324569983,'/plugins/tracker/index.php',0),(20111222,17,101,'MOZILLA',5.00,'Mac',1324570352,'/plugins/tracker/index.php',0),(20111222,17,0,'MOZILLA',5.00,'Mac',1324570373,'/plugins/tracker/index.php',0),(20111222,17,0,'MOZILLA',5.00,'Mac',1324570413,'/plugins/tracker/index.php',0),(20111222,17,0,'MOZILLA',5.00,'Mac',1324570414,'/plugins/tracker/index.php',0),(20111222,17,0,'MOZILLA',5.00,'Mac',1324570416,'/sparklines.php',0),(20111222,17,0,'MOZILLA',5.00,'Mac',1324570443,'/plugins/tracker/index.php',0),(20111222,17,0,'MOZILLA',5.00,'Mac',1324570444,'/plugins/tracker/index.php',0),(20111222,17,0,'MOZILLA',5.00,'Mac',1324570462,'/plugins/tracker/index.php',0),(20111222,17,0,'MOZILLA',5.00,'Mac',1324570463,'/sparklines.php',0),(20111222,17,0,'MOZILLA',5.00,'Mac',1324570472,'/plugins/tracker/index.php',0),(20111222,17,0,'MOZILLA',5.00,'Mac',1324570498,'/plugins/tracker/index.php',0),(20111222,17,0,'MOZILLA',5.00,'Mac',1324570551,'/plugins/tracker/index.php',0),(20111222,17,0,'MOZILLA',5.00,'Mac',1324570553,'/plugins/tracker/index.php',0),(20111222,17,0,'MOZILLA',5.00,'Mac',1324570554,'/sparklines.php',0),(20111222,17,0,'MOZILLA',5.00,'Mac',1324570558,'/plugins/tracker/index.php',0),(20111222,17,0,'MOZILLA',5.00,'Mac',1324570559,'/plugins/tracker/index.php',0),(20111222,17,0,'MOZILLA',5.00,'Mac',1324570560,'/plugins/tracker/index.php',0),(20111222,17,0,'MOZILLA',5.00,'Mac',1324570719,'/plugins/tracker/index.php',0),(20111222,17,0,'MOZILLA',5.00,'Mac',1324570721,'/plugins/tracker/index.php',0),(20111222,17,0,'MOZILLA',5.00,'Mac',1324570722,'/sparklines.php',0),(20111222,17,0,'MOZILLA',5.00,'Mac',1324570726,'/plugins/tracker/index.php',0),(20111222,17,0,'MOZILLA',5.00,'Mac',1324570726,'/plugins/tracker/index.php',0),(20111222,17,0,'MOZILLA',5.00,'Mac',1324570743,'/plugins/tracker/index.php',0),(20111222,17,0,'MOZILLA',5.00,'Mac',1324570744,'/sparklines.php',0),(20111222,17,0,'MOZILLA',5.00,'Mac',1324570761,'/plugins/tracker/index.php',0),(20111222,17,0,'MOZILLA',5.00,'Mac',1324570780,'/plugins/tracker/index.php',0),(20111222,17,0,'MOZILLA',5.00,'Mac',1324570842,'/plugins/tracker/index.php',0),(20111222,17,0,'MOZILLA',5.00,'Mac',1324570849,'/plugins/tracker/index.php',0),(20111222,19,0,'MOZILLA',5.00,'Mac',1324580221,'/plugins/tracker/index.php',0),(20111222,19,0,'MOZILLA',5.00,'Mac',1324580252,'/plugins/tracker/index.php',0),(20111222,19,0,'MOZILLA',5.00,'Mac',1324580253,'/plugins/tracker/index.php',0),(20111222,19,0,'MOZILLA',5.00,'Mac',1324580275,'/plugins/tracker/index.php',0),(20111222,19,0,'MOZILLA',5.00,'Mac',1324580282,'/plugins/tracker/index.php',0),(20111222,19,0,'MOZILLA',5.00,'Mac',1324580291,'/plugins/tracker/index.php',0),(20111222,20,0,'MOZILLA',5.00,'Mac',1324580543,'/plugins/tracker/index.php',0),(20111222,20,0,'MOZILLA',5.00,'Mac',1324580544,'/plugins/tracker/index.php',0),(20111222,20,0,'MOZILLA',5.00,'Mac',1324580581,'/plugins/tracker/index.php',0),(20111222,20,0,'MOZILLA',5.00,'Mac',1324580600,'/plugins/tracker/index.php',0),(20111222,20,0,'MOZILLA',5.00,'Mac',1324580601,'/plugins/tracker/index.php',0),(20111222,20,0,'MOZILLA',5.00,'Mac',1324580611,'/plugins/tracker/index.php',0),(20111222,20,0,'MOZILLA',5.00,'Mac',1324580628,'/plugins/tracker/index.php',0),(20111222,20,0,'MOZILLA',5.00,'Mac',1324580629,'/plugins/tracker/index.php',0),(20111222,20,0,'MOZILLA',5.00,'Mac',1324580644,'/plugins/tracker/index.php',0),(20111222,20,0,'MOZILLA',5.00,'Mac',1324580645,'/plugins/tracker/index.php',0),(20111222,20,0,'MOZILLA',5.00,'Mac',1324580649,'/plugins/tracker/index.php',0),(20111222,20,0,'MOZILLA',5.00,'Mac',1324580662,'/plugins/tracker/index.php',0),(20111222,20,0,'MOZILLA',5.00,'Mac',1324580681,'/plugins/tracker/index.php',0),(20111222,20,0,'MOZILLA',5.00,'Mac',1324580686,'/plugins/tracker/index.php',0),(20111222,20,0,'MOZILLA',5.00,'Mac',1324580694,'/plugins/tracker/index.php',0),(20111222,20,0,'MOZILLA',5.00,'Mac',1324580698,'/plugins/tracker/index.php',0),(20111222,20,0,'MOZILLA',5.00,'Mac',1324580707,'/plugins/tracker/index.php',0),(20111222,20,0,'MOZILLA',5.00,'Mac',1324580718,'/plugins/tracker/index.php',0),(20111222,20,0,'MOZILLA',5.00,'Mac',1324580725,'/plugins/tracker/index.php',0),(20111222,20,0,'MOZILLA',5.00,'Mac',1324580725,'/plugins/tracker/index.php',0),(20111222,20,0,'MOZILLA',5.00,'Mac',1324580759,'/plugins/tracker/index.php',0),(20111222,20,0,'MOZILLA',5.00,'Mac',1324580760,'/plugins/tracker/index.php',0),(20111222,20,0,'MOZILLA',5.00,'Mac',1324580806,'/plugins/tracker/index.php',0),(20111222,20,0,'MOZILLA',5.00,'Mac',1324580812,'/plugins/tracker/index.php',0),(20111222,20,0,'MOZILLA',5.00,'Mac',1324580813,'/plugins/tracker/index.php',0),(20111222,20,0,'MOZILLA',5.00,'Mac',1324580837,'/plugins/tracker/index.php',0),(20111222,20,0,'MOZILLA',5.00,'Mac',1324580838,'/plugins/tracker/index.php',0),(20111222,20,0,'MOZILLA',5.00,'Mac',1324580873,'/plugins/tracker/index.php',0),(20111222,20,0,'MOZILLA',5.00,'Mac',1324580878,'/plugins/tracker/index.php',0),(20111222,20,0,'MOZILLA',5.00,'Mac',1324580922,'/plugins/tracker/index.php',0),(20111222,20,0,'MOZILLA',5.00,'Mac',1324580923,'/plugins/tracker/index.php',0),(20111222,20,0,'MOZILLA',5.00,'Mac',1324580931,'/plugins/tracker/index.php',0),(20111222,20,0,'MOZILLA',5.00,'Mac',1324580932,'/plugins/tracker/index.php',0),(20111222,20,0,'MOZILLA',5.00,'Mac',1324580938,'/plugins/tracker/index.php',0),(20111222,20,0,'MOZILLA',5.00,'Mac',1324580944,'/plugins/tracker/index.php',0),(20111222,20,0,'MOZILLA',5.00,'Mac',1324580951,'/plugins/tracker/index.php',0),(20111222,20,0,'MOZILLA',5.00,'Mac',1324580952,'/plugins/tracker/index.php',0),(20111222,20,0,'MOZILLA',5.00,'Mac',1324580961,'/plugins/tracker/index.php',0),(20111222,20,0,'MOZILLA',5.00,'Mac',1324580962,'/plugins/tracker/index.php',0),(20111222,20,0,'MOZILLA',5.00,'Mac',1324581423,'/index.php',0),(20111222,20,0,'MOZILLA',5.00,'Mac',1324581423,'/index.php',0),(20111222,21,0,'MOZILLA',5.00,'Mac',1324587595,'/my/index.php',0),(20111222,21,0,'MOZILLA',5.00,'Mac',1324587598,'/projects/nty/',0),(20111222,22,101,'MOZILLA',5.00,'Mac',1324587611,'/project/admin/index.php',0),(20111222,22,101,'MOZILLA',5.00,'Mac',1324587615,'/project/admin/editgroupinfo.php',0),(20111222,22,101,'MOZILLA',5.00,'Mac',1324587665,'/project/admin/editgroupinfo.php',0),(20111222,22,101,'MOZILLA',5.00,'Mac',1324587686,'/project/admin/editgroupinfo.php',0),(20111222,22,101,'MOZILLA',5.00,'Mac',1324587690,'/project/admin/index.php',0),(20111222,22,0,'MOZILLA',5.00,'Mac',1324587699,'/users/johan/',0),(20111222,22,101,'MOZILLA',5.00,'Mac',1324587737,'/tracker/index.php',0),(20111222,22,101,'MOZILLA',5.00,'Mac',1324587747,'/project/admin/index.php',0),(20111222,22,101,'MOZILLA',5.00,'Mac',1324587752,'/project/admin/editgroupinfo.php',0),(20111222,22,101,'MOZILLA',5.00,'Mac',1324587769,'/project/admin/editgroupinfo.php',0),(20111222,22,101,'MOZILLA',5.00,'Mac',1324587774,'/project/admin/index.php',0),(20111222,22,0,'MOZILLA',5.00,'Mac',1324587937,'/projects/nty/',0),(20111222,22,101,'MOZILLA',5.00,'Mac',1324587959,'/project/admin/group_trove.php',0),(20111222,22,101,'MOZILLA',5.00,'Mac',1324587998,'/file/showfiles.php',0),(20111222,22,101,'MOZILLA',5.00,'Mac',1324588073,'/file/showfiles.php',0),(20111222,22,101,'MOZILLA',5.00,'Mac',1324588099,'/project/admin/index.php',0),(20111222,22,101,'MOZILLA',5.00,'Mac',1324588103,'/project/admin/servicebar.php',0),(20111222,22,101,'MOZILLA',5.00,'Mac',1324588175,'/project/admin/editservice.php',0),(20111222,22,101,'MOZILLA',5.00,'Mac',1324588277,'/project/admin/editservice.php',0),(20111222,22,101,'MOZILLA',5.00,'Mac',1324588286,'/tracker/index.php',0),(20111222,22,101,'MOZILLA',5.00,'Mac',1324588635,'/project/admin/index.php',0),(20111222,22,0,'MOZILLA',5.00,'Mac',1324588648,'/account/logout.php',0),(20111222,22,0,'MOZILLA',5.00,'Mac',1324588648,'/index.php',0),(20111222,22,0,'MOZILLA',5.00,'Mac',1324588651,'/account/login.php',0),(20111222,22,0,'MOZILLA',5.00,'Mac',1324588652,'/account/login.php',0),(20111222,22,0,'MOZILLA',5.00,'Mac',1324588658,'/account/login.php',0),(20111222,22,0,'MOZILLA',5.00,'Mac',1324588658,'/my/index.php',0),(20111222,22,0,'MOZILLA',5.00,'Mac',1324588659,'/widgets/widget.php',0),(20111222,22,0,'MOZILLA',5.00,'Mac',1324588660,'/widgets/widget.php',0),(20111222,22,0,'MOZILLA',5.00,'Mac',1324588660,'/widgets/widget.php',0),(20111222,22,0,'MOZILLA',5.00,'Mac',1324588661,'/widgets/widget.php',0),(20111222,22,0,'MOZILLA',5.00,'Mac',1324588662,'/projects/codendi/',0),(20111222,22,0,'MOZILLA',5.00,'Mac',1324588663,'/widgets/widget.php',0),(20111222,22,0,'MOZILLA',5.00,'Mac',1324588664,'/plugins/IM/index.php',0),(20111222,22,1,'MOZILLA',5.00,'Mac',1324588670,'/plugins/docman/index.php',0),(20111222,22,1,'MOZILLA',5.00,'Mac',1324588687,'/project/admin/index.php',0),(20111222,22,0,'MOZILLA',5.00,'Mac',1324588688,'/plugins/IM/index.php',0),(20111222,22,0,'MOZILLA',5.00,'Mac',1324588718,'/admin/index.php',0),(20111222,22,0,'MOZILLA',5.00,'Mac',1324588723,'/admin/grouplist.php',0),(20111222,22,101,'MOZILLA',5.00,'Mac',1324588728,'/admin/groupedit.php',0),(20111222,22,101,'MOZILLA',5.00,'Mac',1324588732,'/project/admin/index.php',0),(20111222,22,0,'MOZILLA',5.00,'Mac',1324588733,'/plugins/IM/index.php',0),(20111222,22,101,'MOZILLA',5.00,'Mac',1324588745,'/plugins/git/index.php',0),(20111222,22,101,'MOZILLA',5.00,'Mac',1324588748,'/project/admin/index.php',0),(20111222,22,0,'MOZILLA',5.00,'Mac',1324588749,'/plugins/IM/index.php',0),(20111222,22,0,'MOZILLA',5.00,'Mac',1324588750,'/account/logout.php',0),(20111222,22,0,'MOZILLA',5.00,'Mac',1324588750,'/index.php',0),(20111222,22,0,'MOZILLA',5.00,'Mac',1324588754,'/account/login.php',0),(20111222,22,0,'MOZILLA',5.00,'Mac',1324588762,'/account/login.php',0),(20111222,22,0,'MOZILLA',5.00,'Mac',1324588762,'/my/index.php',0),(20111222,22,0,'MOZILLA',5.00,'Mac',1324588764,'/widgets/widget.php',0),(20111222,22,0,'MOZILLA',5.00,'Mac',1324588764,'/widgets/widget.php',0),(20111222,22,0,'MOZILLA',5.00,'Mac',1324588765,'/widgets/widget.php',0),(20111222,22,0,'MOZILLA',5.00,'Mac',1324588765,'/widgets/widget.php',0),(20111222,22,0,'MOZILLA',5.00,'Mac',1324588768,'/my/index.php',0),(20111222,22,0,'MOZILLA',5.00,'Mac',1324588769,'/widgets/widget.php',0),(20111222,22,0,'MOZILLA',5.00,'Mac',1324588770,'/widgets/widget.php',0),(20111222,22,0,'MOZILLA',5.00,'Mac',1324588770,'/widgets/widget.php',0),(20111222,22,0,'MOZILLA',5.00,'Mac',1324588770,'/widgets/widget.php',0),(20111222,22,0,'MOZILLA',5.00,'Mac',1324588771,'/projects/nty/',0),(20111222,22,0,'MOZILLA',5.00,'Mac',1324588773,'/widgets/widget.php',0),(20111222,22,0,'MOZILLA',5.00,'Mac',1324588774,'/plugins/IM/index.php',0),(20111222,22,101,'MOZILLA',5.00,'Mac',1324588777,'/plugins/git/index.php',0),(20111222,22,101,'MOZILLA',5.00,'Mac',1324588777,'/plugins/git/index.php',0),(20111222,22,101,'MOZILLA',5.00,'Mac',1324588782,'/project/admin/index.php',0),(20111222,22,0,'MOZILLA',5.00,'Mac',1324588783,'/plugins/IM/index.php',0),(20111222,22,101,'MOZILLA',5.00,'Mac',1324588784,'/plugins/tracker/index.php',0),(20111222,22,101,'MOZILLA',5.00,'Mac',1324588787,'/project/admin/index.php',0),(20111222,22,0,'MOZILLA',5.00,'Mac',1324588788,'/plugins/IM/index.php',0),(20111222,22,101,'MOZILLA',5.00,'Mac',1324588792,'/project/admin/editgroupinfo.php',0),(20111222,22,101,'MOZILLA',5.00,'Mac',1324588804,'/project/admin/editgroupinfo.php',0),(20111222,22,101,'MOZILLA',5.00,'Mac',1324588807,'/plugins/tracker/index.php',0),(20111222,22,101,'MOZILLA',5.00,'Mac',1324588811,'/project/admin/index.php',0),(20111222,22,0,'MOZILLA',5.00,'Mac',1324588812,'/plugins/IM/index.php',0),(20111222,22,101,'MOZILLA',5.00,'Mac',1324588819,'/plugins/tracker/index.php',0),(20111222,22,0,'MOZILLA',5.00,'Mac',1324589329,'/plugins/tracker/index.php',0),(20111222,22,0,'MOZILLA',5.00,'Mac',1324589331,'/sparklines.php',0),(20111222,22,0,'MOZILLA',5.00,'Mac',1324589336,'/plugins/tracker/index.php',0),(20111222,22,0,'MOZILLA',5.00,'Mac',1324589338,'/plugins/tracker/index.php',0),(20111222,22,0,'MOZILLA',5.00,'Mac',1324589347,'/plugins/tracker/index.php',0),(20111222,22,0,'MOZILLA',5.00,'Mac',1324589442,'/plugins/tracker/index.php',0),(20111222,22,0,'MOZILLA',5.00,'Mac',1324589444,'/sparklines.php',0),(20111222,22,0,'MOZILLA',5.00,'Mac',1324589578,'/plugins/tracker/index.php',0),(20111222,22,0,'MOZILLA',5.00,'Mac',1324589603,'/plugins/tracker/index.php',0),(20111222,22,0,'MOZILLA',5.00,'Mac',1324589615,'/plugins/tracker/index.php',0),(20111222,22,0,'MOZILLA',5.00,'Mac',1324589645,'/plugins/tracker/index.php',0),(20111222,22,0,'MOZILLA',5.00,'Mac',1324589646,'/plugins/tracker/index.php',0),(20111222,22,0,'MOZILLA',5.00,'Mac',1324589654,'/plugins/tracker/index.php',0),(20111222,22,0,'MOZILLA',5.00,'Mac',1324589676,'/plugins/tracker/index.php',0),(20111222,22,0,'MOZILLA',5.00,'Mac',1324589677,'/plugins/tracker/index.php',0),(20111222,22,0,'MOZILLA',5.00,'Mac',1324589683,'/plugins/tracker/index.php',0),(20111222,22,0,'MOZILLA',5.00,'Mac',1324589697,'/plugins/tracker/index.php',0),(20111222,22,0,'MOZILLA',5.00,'Mac',1324589698,'/plugins/tracker/index.php',0),(20120116,14,0,'MOZILLA',5.00,'Linux',1326721983,'/index.php',0),(20120116,14,0,'MOZILLA',5.00,'Linux',1326721984,'/index.php',0),(20120116,14,0,'MOZILLA',5.00,'Linux',1326721985,'/index.php',0),(20120116,14,0,'MOZILLA',5.00,'Linux',1326721986,'/account/login.php',0),(20120116,14,0,'MOZILLA',5.00,'Linux',1326721986,'/account/login.php',0),(20120116,14,0,'MOZILLA',5.00,'Linux',1326721988,'/account/login.php',0),(20120116,14,0,'MOZILLA',5.00,'Mac',1326722140,'/my/index.php',0),(20120116,14,0,'MOZILLA',5.00,'Mac',1326722140,'/account/login.php',0),(20120116,14,0,'MOZILLA',5.00,'Mac',1326722149,'/account/login.php',0),(20120116,14,0,'MOZILLA',5.00,'Mac',1326722149,'/my/index.php',0),(20120116,14,0,'MOZILLA',5.00,'Mac',1326722151,'/widgets/widget.php',0),(20120116,14,0,'MOZILLA',5.00,'Mac',1326722152,'/widgets/widget.php',0),(20120116,14,0,'MOZILLA',5.00,'Mac',1326722152,'/widgets/widget.php',0),(20120116,14,0,'MOZILLA',5.00,'Mac',1326722153,'/widgets/widget.php',0),(20120116,14,0,'MOZILLA',5.00,'Mac',1326722153,'/project/privacy.php',0),(20120116,14,0,'MOZILLA',5.00,'Mac',1326722153,'/project/privacy.php',0),(20120116,15,0,'MOZILLA',5.00,'Mac',1326722461,'/index.php',0),(20120116,15,0,'MOZILLA',5.00,'Mac',1326722462,'/index.php',0),(20120116,15,0,'MOZILLA',5.00,'Mac',1326722466,'/account/login.php',0),(20120116,15,0,'MOZILLA',5.00,'Mac',1326722476,'/account/login.php',0),(20120116,15,0,'MOZILLA',5.00,'Mac',1326722483,'/account/login.php',0),(20120116,15,0,'MOZILLA',5.00,'Mac',1326722495,'/projects/codendi/',0),(20120116,15,0,'MOZILLA',5.00,'Mac',1326722498,'/plugins/IM/index.php',0),(20120116,15,0,'MOZILLA',5.00,'Mac',1326722498,'/widgets/widget.php',0),(20120116,15,0,'MOZILLA',5.00,'Mac',1326722502,'/admin/index.php',0),(20120116,15,0,'MOZILLA',5.00,'Mac',1326722504,'/admin/userlist.php',0),(20120116,15,0,'MOZILLA',5.00,'Mac',1326722594,'/index.php',0),(20120116,15,0,'MOZILLA',5.00,'Mac',1326722596,'/my/index.php',0),(20120116,15,0,'MOZILLA',5.00,'Mac',1326722598,'/widgets/widget.php',0),(20120116,15,0,'MOZILLA',5.00,'Mac',1326722598,'/widgets/widget.php',0),(20120116,15,0,'MOZILLA',5.00,'Mac',1326722599,'/widgets/widget.php',0),(20120116,15,0,'MOZILLA',5.00,'Mac',1326722599,'/widgets/widget.php',0),(20120116,15,0,'MOZILLA',5.00,'Mac',1326722605,'/projects/codendi/',0),(20120116,15,0,'MOZILLA',5.00,'Mac',1326722606,'/plugins/IM/index.php',0),(20120116,15,0,'MOZILLA',5.00,'Mac',1326722606,'/widgets/widget.php',0),(20120116,15,1,'MOZILLA',5.00,'Mac',1326722612,'/project/admin/index.php',0),(20120116,15,0,'MOZILLA',5.00,'Mac',1326722613,'/plugins/IM/index.php',0),(20120116,15,0,'MOZILLA',5.00,'Mac',1326722618,'/admin/index.php',0),(20120116,15,0,'MOZILLA',5.00,'Mac',1326722621,'/admin/userlist.php',0),(20120116,15,0,'MOZILLA',5.00,'Mac',1326722622,'/admin/index.php',0),(20120116,15,0,'MOZILLA',5.00,'Mac',1326722624,'/admin/register_admin.php',0),(20120116,15,0,'MOZILLA',5.00,'Mac',1326722624,'/scripts/check_pw.js.php',0),(20120116,15,0,'MOZILLA',5.00,'Mac',1326722625,'/include/check_pw.php',0),(20120116,15,0,'MOZILLA',5.00,'Mac',1326722632,'/include/check_pw.php',0),(20120116,15,0,'MOZILLA',5.00,'Mac',1326722633,'/include/check_pw.php',0),(20120116,15,0,'MOZILLA',5.00,'Mac',1326722633,'/include/check_pw.php',0),(20120116,15,0,'MOZILLA',5.00,'Mac',1326722634,'/include/check_pw.php',0),(20120116,15,0,'MOZILLA',5.00,'Mac',1326722634,'/include/check_pw.php',0),(20120116,15,0,'MOZILLA',5.00,'Mac',1326722635,'/include/check_pw.php',0),(20120116,15,0,'MOZILLA',5.00,'Mac',1326722635,'/include/check_pw.php',0),(20120116,15,0,'MOZILLA',5.00,'Mac',1326722635,'/include/check_pw.php',0),(20120116,15,0,'MOZILLA',5.00,'Mac',1326722665,'/admin/register_admin.php',0),(20120116,15,0,'MOZILLA',5.00,'Mac',1326722671,'/admin/index.php',0),(20120116,15,0,'MOZILLA',5.00,'Mac',1326722673,'/admin/grouplist.php',0),(20120116,15,101,'MOZILLA',5.00,'Mac',1326722676,'/admin/groupedit.php',0),(20120116,15,101,'MOZILLA',5.00,'Mac',1326722690,'/admin/userlist.php',0),(20120116,15,101,'MOZILLA',5.00,'Mac',1326722694,'/admin/groupedit.php',0),(20120116,15,101,'MOZILLA',5.00,'Mac',1326722697,'/project/admin/index.php',0),(20120116,15,0,'MOZILLA',5.00,'Mac',1326722698,'/plugins/IM/index.php',0),(20120116,15,0,'MOZILLA',5.00,'Mac',1326722707,'/user/autocomplete.php',0),(20120116,15,101,'MOZILLA',5.00,'Mac',1326722712,'/project/admin/index.php',0),(20120116,15,0,'MOZILLA',5.00,'Mac',1326722734,'/plugins/IM/index.php',0),(20120116,15,0,'MOZILLA',5.00,'Linux',1326722974,'/index.php',0),(20120116,15,0,'MOZILLA',5.00,'Linux',1326722974,'/index.php',0),(20120116,15,0,'MOZILLA',5.00,'Linux',1326722975,'/account/login.php',0),(20120116,15,0,'MOZILLA',5.00,'Linux',1326722976,'/account/login.php',0),(20120116,15,0,'MOZILLA',5.00,'Linux',1326722976,'/account/login.php',0),(20120116,15,0,'MOZILLA',5.00,'Linux',1326722978,'/account/login.php',0),(20120116,15,0,'MOZILLA',5.00,'Linux',1326722978,'/my/index.php',0),(20120116,15,0,'MOZILLA',5.00,'Linux',1326722979,'/my/index.php',0),(20120116,15,0,'MOZILLA',5.00,'Linux',1326722980,'/widgets/widget.php',0),(20120116,15,0,'MOZILLA',5.00,'Linux',1326722981,'/widgets/widget.php',0),(20120116,15,0,'MOZILLA',5.00,'Linux',1326722981,'/widgets/widget.php',0),(20120116,15,0,'MOZILLA',5.00,'Linux',1326722982,'/projects/nty/',0),(20120116,15,0,'MOZILLA',5.00,'Linux',1326722983,'/projects/nty/',0),(20120116,15,0,'MOZILLA',5.00,'Linux',1326722984,'/widgets/widget.php',0),(20120116,15,0,'MOZILLA',5.00,'Linux',1326722984,'/projects/nty/',0),(20120116,15,0,'MOZILLA',5.00,'Linux',1326722985,'/plugins/IM/index.php',0),(20120116,15,0,'MOZILLA',5.00,'Linux',1326722986,'/widgets/widget.php',0),(20120116,15,0,'MOZILLA',5.00,'Mac',1326724050,'/account/logout.php',0),(20120116,15,0,'MOZILLA',5.00,'Mac',1326724051,'/index.php',0),(20120116,15,0,'MOZILLA',5.00,'Mac',1326724054,'/account/login.php',0),(20120116,15,0,'MOZILLA',5.00,'Mac',1326724067,'/account/login.php',0),(20120116,15,0,'MOZILLA',5.00,'Mac',1326724067,'/my/index.php',0),(20120116,15,0,'MOZILLA',5.00,'Mac',1326724069,'/widgets/widget.php',0),(20120116,15,0,'MOZILLA',5.00,'Mac',1326724069,'/widgets/widget.php',0),(20120116,15,0,'MOZILLA',5.00,'Mac',1326724070,'/widgets/widget.php',0),(20120116,15,0,'MOZILLA',5.00,'Mac',1326724070,'/widgets/widget.php',0),(20120116,15,0,'MOZILLA',5.00,'Mac',1326724071,'/project/privacy.php',0),(20120116,15,0,'MOZILLA',5.00,'Mac',1326724071,'/project/privacy.php',0),(20120116,15,0,'MOZILLA',5.00,'Mac',1326724072,'/projects/nty/',0),(20120116,15,0,'MOZILLA',5.00,'Mac',1326724073,'/widgets/widget.php',0),(20120116,15,0,'MOZILLA',5.00,'Mac',1326724074,'/plugins/IM/index.php',0),(20120116,15,0,'MOZILLA',5.00,'Mac',1326724130,'/index.php',0),(20120116,15,0,'MOZILLA',5.00,'Mac',1326724135,'/account/login.php',0),(20120116,15,0,'MOZILLA',5.00,'Mac',1326724136,'/account/login.php',0),(20120116,15,0,'MOZILLA',5.00,'Mac',1326724140,'/account/login.php',0),(20120116,15,0,'MOZILLA',5.00,'Mac',1326724141,'/my/index.php',0),(20120116,15,0,'MOZILLA',5.00,'Mac',1326724142,'/widgets/widget.php',0),(20120116,15,0,'MOZILLA',5.00,'Mac',1326724142,'/widgets/widget.php',0),(20120116,15,0,'MOZILLA',5.00,'Mac',1326724143,'/widgets/widget.php',0),(20120116,15,0,'MOZILLA',5.00,'Mac',1326724143,'/widgets/widget.php',0),(20120116,15,0,'MOZILLA',5.00,'Mac',1326724145,'/admin/index.php',0),(20120116,15,0,'MOZILLA',5.00,'Mac',1326724148,'/plugins/pluginsadministration/index.php',0),(20120116,15,0,'MOZILLA',5.00,'Mac',1326724188,'/softwaremap/index.php',0),(20120116,15,0,'MOZILLA',5.00,'Mac',1326724189,'/softwaremap/trove_list.php',0),(20120116,15,0,'MOZILLA',5.00,'Mac',1326724194,'/softwaremap/trove_list.php',0),(20120116,15,0,'MOZILLA',5.00,'Mac',1326724197,'/projects/nty/',0),(20120116,15,0,'MOZILLA',5.00,'Mac',1326724198,'/plugins/IM/index.php',0),(20120116,15,0,'MOZILLA',5.00,'Mac',1326724199,'/widgets/widget.php',0),(20120116,15,101,'MOZILLA',5.00,'Mac',1326724202,'/project/admin/index.php',0),(20120116,15,0,'MOZILLA',5.00,'Mac',1326724203,'/plugins/IM/index.php',0),(20120116,15,101,'MOZILLA',5.00,'Mac',1326724211,'/project/admin/userperms.php',0),(20120116,15,101,'MOZILLA',5.00,'Mac',1326724218,'/project/admin/userperms.php',0),(20120116,15,0,'MOZILLA',5.00,'Mac',1326724947,'/index.php',0),(20120116,15,0,'MOZILLA',5.00,'Mac',1326724947,'/index.php',0),(20120116,15,0,'MOZILLA',5.00,'Mac',1326724949,'/account/login.php',0),(20120116,15,0,'MOZILLA',5.00,'Mac',1326724950,'/account/login.php',0),(20120116,15,0,'MOZILLA',5.00,'Mac',1326724950,'/my/index.php',0),(20120116,15,0,'MOZILLA',5.00,'Mac',1326724952,'/widgets/widget.php',0),(20120116,15,0,'MOZILLA',5.00,'Mac',1326724952,'/widgets/widget.php',0),(20120116,15,0,'MOZILLA',5.00,'Mac',1326724953,'/widgets/widget.php',0),(20120116,15,0,'MOZILLA',5.00,'Mac',1326724953,'/widgets/widget.php',0),(20120116,15,0,'MOZILLA',5.00,'Mac',1326724954,'/projects/nty/',0),(20120116,15,0,'MOZILLA',5.00,'Mac',1326724955,'/widgets/widget.php',0),(20120116,15,0,'MOZILLA',5.00,'Mac',1326724956,'/plugins/IM/index.php',0),(20120116,15,0,'MOZILLA',5.00,'Mac',1326724956,'/projects/nty/',0),(20120116,15,101,'MOZILLA',5.00,'Mac',1326724957,'/tracker/index.php',0),(20120118,10,0,'MOZILLA',5.00,'Mac',1326878340,'/index.php',0),(20120118,10,0,'MOZILLA',5.00,'Mac',1326878340,'/index.php',0),(20120118,10,0,'MOZILLA',5.00,'Mac',1326878341,'/account/login.php',0),(20120118,10,0,'MOZILLA',5.00,'Mac',1326878342,'/account/login.php',0),(20120118,10,0,'MOZILLA',5.00,'Mac',1326878343,'/my/index.php',0),(20120118,10,0,'MOZILLA',5.00,'Mac',1326878345,'/widgets/widget.php',0),(20120118,10,0,'MOZILLA',5.00,'Mac',1326878345,'/widgets/widget.php',0),(20120118,10,0,'MOZILLA',5.00,'Mac',1326878346,'/widgets/widget.php',0),(20120118,10,0,'MOZILLA',5.00,'Mac',1326878346,'/widgets/widget.php',0),(20120118,10,0,'MOZILLA',5.00,'Mac',1326878347,'/plugins/tracker/index.php',0),(20120118,10,0,'MOZILLA',5.00,'Mac',1326878347,'/projects/nty/',0),(20120118,10,0,'MOZILLA',5.00,'Mac',1326878349,'/widgets/widget.php',0),(20120118,10,0,'MOZILLA',5.00,'Mac',1326878350,'/plugins/IM/index.php',0),(20120118,10,0,'MOZILLA',5.00,'Mac',1326878350,'/projects/nty/',0),(20120118,10,101,'MOZILLA',5.00,'Mac',1326878351,'/plugins/tracker/index.php',0),(20120118,10,0,'MOZILLA',5.00,'Mac',1326878353,'/plugins/tracker/index.php',0),(20120118,10,0,'MOZILLA',5.00,'Mac',1326878354,'/plugins/tracker/index.php',0),(20120118,10,0,'MOZILLA',5.00,'Mac',1326878355,'/sparklines.php',0),(20120118,10,0,'MOZILLA',5.00,'Mac',1326878355,'/plugins/tracker/index.php',0),(20120118,10,0,'MOZILLA',5.00,'Mac',1326878356,'/sparklines.php',0),(20120118,10,0,'MOZILLA',5.00,'Mac',1326878357,'/plugins/tracker/index.php',0),(20120118,10,0,'MOZILLA',5.00,'Mac',1326878359,'/plugins/tracker/index.php',0),(20120118,10,0,'MOZILLA',5.00,'Mac',1326878392,'/account/login.php',0),(20120118,10,0,'MOZILLA',5.00,'Mac',1326878397,'/account/login.php',0),(20120118,10,0,'MOZILLA',5.00,'Mac',1326878398,'/my/index.php',0),(20120118,10,0,'MOZILLA',5.00,'Mac',1326878400,'/widgets/widget.php',0),(20120118,10,0,'MOZILLA',5.00,'Mac',1326878400,'/widgets/widget.php',0),(20120118,10,0,'MOZILLA',5.00,'Mac',1326878400,'/widgets/widget.php',0),(20120118,10,0,'MOZILLA',5.00,'Mac',1326878401,'/widgets/widget.php',0),(20120118,10,0,'MOZILLA',5.00,'Mac',1326878401,'/project/privacy.php',0),(20120118,10,0,'MOZILLA',5.00,'Mac',1326878537,'/plugins/tracker/index.php',0),(20120118,10,0,'MOZILLA',5.00,'Mac',1326878545,'/plugins/tracker/index.php',0),(20120118,10,0,'MOZILLA',5.00,'Mac',1326878552,'/account/login.php',0),(20120118,10,0,'MOZILLA',5.00,'Mac',1326878572,'/account/login.php',0),(20120118,10,0,'MOZILLA',5.00,'Mac',1326878572,'/my/redirect.php',0),(20120118,10,0,'MOZILLA',5.00,'Mac',1326878574,'/plugins/tracker/index.php',0),(20120118,10,0,'MOZILLA',5.00,'Mac',1326878583,'/plugins/tracker/index.php',0),(20120118,10,0,'MOZILLA',5.00,'Mac',1326878585,'/plugins/tracker/index.php',0),(20120118,10,0,'MOZILLA',5.00,'Mac',1326878607,'/softwaremap/index.php',0),(20120118,10,0,'MOZILLA',5.00,'Mac',1326878608,'/softwaremap/trove_list.php',0),(20120118,10,0,'MOZILLA',5.00,'Mac',1326878610,'/softwaremap/trove_list.php',0),(20120118,10,0,'MOZILLA',5.00,'Mac',1326878613,'/projects/nty/',0),(20120118,10,0,'MOZILLA',5.00,'Mac',1326878614,'/plugins/IM/index.php',0),(20120118,10,0,'MOZILLA',5.00,'Mac',1326878615,'/widgets/widget.php',0),(20120118,10,0,'MOZILLA',5.00,'Mac',1326878617,'/plugins/tracker/index.php',0),(20120118,10,0,'MOZILLA',5.00,'Mac',1326878618,'/sparklines.php',0),(20120118,10,0,'MOZILLA',5.00,'Mac',1326878621,'/plugins/tracker/index.php',0),(20120118,10,0,'MOZILLA',5.00,'Mac',1326878623,'/plugins/tracker/index.php',0),(20120118,10,0,'MOZILLA',5.00,'Mac',1326878633,'/plugins/tracker/index.php',0),(20120118,10,0,'MOZILLA',5.00,'Mac',1326878675,'/plugins/tracker/index.php',0),(20120118,10,0,'MOZILLA',5.00,'Mac',1326878676,'/plugins/tracker/index.php',0),(20120131,17,0,'MOZILLA',5.00,'Mac',1328027111,'/admin/index.php',0),(20120131,17,0,'MOZILLA',5.00,'Mac',1328027113,'/account/login.php',0),(20120131,17,0,'MOZILLA',5.00,'Mac',1328027118,'/account/login.php',0),(20120131,17,0,'MOZILLA',5.00,'Mac',1328027118,'/my/index.php',0),(20120131,17,0,'MOZILLA',5.00,'Mac',1328027119,'/widgets/widget.php',0),(20120131,17,0,'MOZILLA',5.00,'Mac',1328027119,'/widgets/widget.php',0),(20120131,17,0,'MOZILLA',5.00,'Mac',1328027120,'/widgets/widget.php',0),(20120131,17,0,'MOZILLA',5.00,'Mac',1328027120,'/widgets/widget.php',0),(20120131,17,0,'MOZILLA',5.00,'Mac',1328027126,'/admin/index.php',0),(20120131,17,0,'MOZILLA',5.00,'Mac',1328027130,'/plugins/pluginsadministration/index.php',0),(20120131,17,0,'MOZILLA',5.00,'Mac',1328027134,'/plugins/pluginsadministration/index.php',0),(20120131,17,0,'MOZILLA',5.00,'Mac',1328027726,'/account/login.php',0),(20120131,17,0,'MOZILLA',5.00,'Mac',1328027726,'/my/index.php',0),(20120131,17,0,'MOZILLA',5.00,'Mac',1328027728,'/widgets/widget.php',0),(20120131,17,0,'MOZILLA',5.00,'Mac',1328027728,'/widgets/widget.php',0),(20120131,17,0,'MOZILLA',5.00,'Mac',1328027728,'/widgets/widget.php',0),(20120131,17,0,'MOZILLA',5.00,'Mac',1328027729,'/widgets/widget.php',0),(20120131,17,0,'MOZILLA',5.00,'Mac',1328027733,'/project/register.php',0),(20120131,17,0,'MOZILLA',5.00,'Mac',1328027740,'/my/index.php',0),(20120131,17,0,'MOZILLA',5.00,'Mac',1328027741,'/widgets/widget.php',0),(20120131,17,0,'MOZILLA',5.00,'Mac',1328027741,'/widgets/widget.php',0),(20120131,17,0,'MOZILLA',5.00,'Mac',1328027742,'/widgets/widget.php',0),(20120131,17,0,'MOZILLA',5.00,'Mac',1328027742,'/project/privacy.php',0),(20120131,17,0,'MOZILLA',5.00,'Mac',1328027742,'/widgets/widget.php',0),(20120131,17,0,'MOZILLA',5.00,'Mac',1328027744,'/project/privacy.php',0),(20120131,17,0,'MOZILLA',5.00,'Mac',1328027747,'/admin/index.php',0),(20120131,17,0,'MOZILLA',5.00,'Linux',1328027747,'/index.php',0),(20120131,17,0,'MOZILLA',5.00,'Linux',1328027750,'/account/login.php',0),(20120131,17,0,'MOZILLA',5.00,'Mac',1328027751,'/admin/register_admin.php',0),(20120131,17,0,'MOZILLA',5.00,'Mac',1328027751,'/scripts/check_pw.js.php',0),(20120131,17,0,'MOZILLA',5.00,'Mac',1328027751,'/include/check_pw.php',0),(20120131,17,0,'MOZILLA',5.00,'Linux',1328027755,'/account/login.php',0),(20120131,17,0,'MOZILLA',5.00,'Mac',1328027766,'/include/check_pw.php',0),(20120131,17,0,'MOZILLA',5.00,'Mac',1328027766,'/include/check_pw.php',0),(20120131,17,0,'MOZILLA',5.00,'Mac',1328027766,'/include/check_pw.php',0),(20120131,17,0,'MOZILLA',5.00,'Mac',1328027767,'/include/check_pw.php',0),(20120131,17,0,'MOZILLA',5.00,'Mac',1328027767,'/include/check_pw.php',0),(20120131,17,0,'MOZILLA',5.00,'Mac',1328027767,'/include/check_pw.php',0),(20120131,17,0,'MOZILLA',5.00,'Mac',1328027767,'/include/check_pw.php',0),(20120131,17,0,'MOZILLA',5.00,'Mac',1328027768,'/include/check_pw.php',0),(20120131,17,0,'MOZILLA',5.00,'Mac',1328027768,'/include/check_pw.php',0),(20120131,17,0,'MOZILLA',5.00,'Mac',1328027768,'/include/check_pw.php',0),(20120131,17,0,'MOZILLA',5.00,'Mac',1328027768,'/include/check_pw.php',0),(20120131,17,0,'MOZILLA',5.00,'Mac',1328027769,'/include/check_pw.php',0),(20120131,17,0,'MOZILLA',5.00,'Linux',1328027769,'/account/login.php',0),(20120131,17,0,'MOZILLA',5.00,'Mac',1328027769,'/include/check_pw.php',0),(20120131,17,0,'MOZILLA',5.00,'Mac',1328027769,'/include/check_pw.php',0),(20120131,17,0,'MOZILLA',5.00,'Linux',1328027770,'/my/index.php',0),(20120131,17,0,'MOZILLA',5.00,'Linux',1328027771,'/widgets/widget.php',0),(20120131,17,0,'MOZILLA',5.00,'Linux',1328027771,'/widgets/widget.php',0),(20120131,17,0,'MOZILLA',5.00,'Linux',1328027771,'/widgets/widget.php',0),(20120131,17,0,'MOZILLA',5.00,'Linux',1328027772,'/widgets/widget.php',0),(20120131,17,0,'MOZILLA',5.00,'Linux',1328027774,'/admin/index.php',0),(20120131,17,0,'MOZILLA',5.00,'Linux',1328027787,'/admin/register_admin.php',0),(20120131,17,0,'MOZILLA',5.00,'Linux',1328027788,'/scripts/check_pw.js.php',0),(20120131,17,0,'MOZILLA',5.00,'Linux',1328027789,'/include/check_pw.php',0),(20120131,17,0,'MOZILLA',5.00,'Linux',1328027799,'/include/check_pw.php',0),(20120131,17,0,'MOZILLA',5.00,'Linux',1328027841,'/admin/register_admin.php',0),(20120131,17,0,'MOZILLA',5.00,'Mac',1328027844,'/admin/register_admin.php',0),(20120131,17,0,'MOZILLA',5.00,'Mac',1328027850,'/admin/index.php',0),(20120131,17,0,'MOZILLA',5.00,'Mac',1328027852,'/admin/register_admin.php',0),(20120131,17,0,'MOZILLA',5.00,'Mac',1328027853,'/scripts/check_pw.js.php',0),(20120131,17,0,'MOZILLA',5.00,'Mac',1328027853,'/include/check_pw.php',0),(20120131,17,0,'MOZILLA',5.00,'Mac',1328027855,'/admin/index.php',0),(20120131,17,0,'MOZILLA',5.00,'Mac',1328027859,'/project/register.php',0),(20120131,17,0,'MOZILLA',5.00,'Mac',1328027863,'/account/logout.php',0),(20120131,17,0,'MOZILLA',5.00,'Mac',1328027863,'/index.php',0),(20120131,17,0,'MOZILLA',5.00,'Mac',1328027866,'/account/login.php',0),(20120131,17,0,'MOZILLA',5.00,'Mac',1328027877,'/account/login.php',0),(20120131,17,0,'MOZILLA',5.00,'Mac',1328027878,'/my/index.php',0),(20120131,17,0,'MOZILLA',5.00,'Mac',1328027879,'/widgets/widget.php',0),(20120131,17,0,'MOZILLA',5.00,'Mac',1328027879,'/widgets/widget.php',0),(20120131,17,0,'MOZILLA',5.00,'Mac',1328027880,'/widgets/widget.php',0),(20120131,17,0,'MOZILLA',5.00,'Mac',1328027881,'/widgets/widget.php',0),(20120131,17,0,'MOZILLA',5.00,'Mac',1328027885,'/project/register.php',0),(20120131,17,0,'MOZILLA',5.00,'Mac',1328027891,'/project/register.php',0),(20120131,17,0,'MOZILLA',5.00,'Mac',1328027927,'/project/register.php',0),(20120131,17,0,'MOZILLA',5.00,'Mac',1328027934,'/project/register.php',0),(20120131,17,0,'MOZILLA',5.00,'Mac',1328027936,'/project/register.php',0),(20120131,17,0,'MOZILLA',5.00,'Mac',1328027965,'/project/register.php',0),(20120131,17,0,'MOZILLA',5.00,'Mac',1328027969,'/project/register.php',0),(20120131,17,0,'MOZILLA',5.00,'Mac',1328027973,'/project/register.php',0),(20120131,17,0,'MOZILLA',5.00,'Mac',1328027976,'/project/register.php',0),(20120131,17,0,'MOZILLA',5.00,'Mac',1328027981,'/project/register.php',0),(20120131,17,0,'MOZILLA',5.00,'Mac',1328027986,'/account/logout.php',0),(20120131,17,0,'MOZILLA',5.00,'Mac',1328027986,'/index.php',0),(20120131,17,0,'MOZILLA',5.00,'Mac',1328027989,'/account/login.php',0),(20120131,17,0,'MOZILLA',5.00,'Mac',1328027996,'/account/login.php',0),(20120131,17,0,'MOZILLA',5.00,'Mac',1328027996,'/my/index.php',0),(20120131,17,0,'MOZILLA',5.00,'Mac',1328027997,'/widgets/widget.php',0),(20120131,17,0,'MOZILLA',5.00,'Mac',1328027997,'/widgets/widget.php',0),(20120131,17,0,'MOZILLA',5.00,'Mac',1328027998,'/widgets/widget.php',0),(20120131,17,0,'MOZILLA',5.00,'Mac',1328027998,'/widgets/widget.php',0),(20120131,17,0,'MOZILLA',5.00,'Mac',1328028006,'/admin/approve-pending.php',0),(20120131,17,0,'MOZILLA',5.00,'Mac',1328028047,'/admin/approve-pending.php',0),(20120131,17,0,'MOZILLA',5.00,'Mac',1328028048,'/admin/index.php',0),(20120131,18,0,'MOZILLA',5.00,'Mac',1328031244,'/account/logout.php',0),(20120131,18,0,'MOZILLA',5.00,'Mac',1328031245,'/index.php',0),(20120131,18,0,'MOZILLA',5.00,'Mac',1328031248,'/account/login.php',0),(20120131,18,0,'MOZILLA',5.00,'Mac',1328031260,'/account/login.php',0),(20120131,18,0,'MOZILLA',5.00,'Mac',1328031261,'/my/index.php',0),(20120131,18,0,'MOZILLA',5.00,'Mac',1328031262,'/widgets/widget.php',0),(20120131,18,0,'MOZILLA',5.00,'Mac',1328031262,'/widgets/widget.php',0),(20120131,18,0,'MOZILLA',5.00,'Mac',1328031263,'/widgets/widget.php',0),(20120131,18,0,'MOZILLA',5.00,'Mac',1328031263,'/project/privacy.php',0),(20120131,18,0,'MOZILLA',5.00,'Mac',1328031264,'/widgets/widget.php',0),(20120131,18,0,'MOZILLA',5.00,'Mac',1328031265,'/projects/garden/',0),(20120131,18,0,'MOZILLA',5.00,'Mac',1328031266,'/widgets/widget.php',0),(20120131,18,102,'MOZILLA',5.00,'Mac',1328031270,'/wiki/index.php',0),(20120131,18,102,'MOZILLA',5.00,'Mac',1328031274,'/wiki/index.php',0),(20120131,18,0,'MOZILLA',5.00,'Mac',1328031763,'/index.php',0),(20120131,18,0,'MOZILLA',5.00,'Mac',1328031763,'/index.php',0),(20120131,18,0,'MOZILLA',5.00,'Mac',1328031764,'/account/login.php',0),(20120131,18,0,'MOZILLA',5.00,'Mac',1328031765,'/account/login.php',0),(20120131,18,0,'MOZILLA',5.00,'Mac',1328031766,'/my/index.php',0),(20120131,18,0,'MOZILLA',5.00,'Mac',1328031767,'/widgets/widget.php',0),(20120131,18,0,'MOZILLA',5.00,'Mac',1328031768,'/widgets/widget.php',0),(20120131,18,0,'MOZILLA',5.00,'Mac',1328031768,'/widgets/widget.php',0),(20120131,18,0,'MOZILLA',5.00,'Mac',1328031768,'/widgets/widget.php',0),(20120131,18,0,'MOZILLA',5.00,'Mac',1328031811,'/account/logout.php',0),(20120131,18,0,'MOZILLA',5.00,'Mac',1328031811,'/index.php',0),(20120131,18,0,'MOZILLA',5.00,'Mac',1328031813,'/account/login.php',0),(20120131,18,0,'MOZILLA',5.00,'Mac',1328031830,'/account/login.php',0),(20120131,18,0,'MOZILLA',5.00,'Mac',1328031831,'/my/index.php',0),(20120131,18,0,'MOZILLA',5.00,'Mac',1328031832,'/widgets/widget.php',0),(20120131,18,0,'MOZILLA',5.00,'Mac',1328031833,'/widgets/widget.php',0),(20120131,18,0,'MOZILLA',5.00,'Mac',1328031833,'/widgets/widget.php',0),(20120131,18,0,'MOZILLA',5.00,'Mac',1328031834,'/widgets/widget.php',0),(20120131,18,0,'MOZILLA',5.00,'Mac',1328031835,'/project/privacy.php',0),(20120131,18,0,'MOZILLA',5.00,'Mac',1328031836,'/projects/garden/',0),(20120131,18,0,'MOZILLA',5.00,'Mac',1328031837,'/widgets/widget.php',0),(20120131,18,102,'MOZILLA',5.00,'Mac',1328031840,'/project/admin/index.php',0),(20120131,18,102,'MOZILLA',5.00,'Mac',1328031847,'/project/admin/userperms.php',0),(20120131,18,102,'MOZILLA',5.00,'Mac',1328031871,'/project/admin/index.php',0),(20120131,18,0,'MOZILLA',5.00,'Mac',1328031876,'/user/autocomplete.php',0),(20120131,18,0,'MOZILLA',5.00,'Mac',1328031879,'/user/autocomplete.php',0),(20120131,18,102,'MOZILLA',5.00,'Mac',1328031879,'/project/admin/index.php',0),(20120201,5,101,'MOZILLA',5.00,'Mac',1328069293,'/plugins/tracker/index.php',0),(20120201,5,101,'MOZILLA',5.00,'Mac',1328069299,'/plugins/tracker/index.php',0),(20120201,5,0,'MOZILLA',5.00,'Mac',1328069307,'/account/login.php',0),(20120201,5,0,'MOZILLA',5.00,'Mac',1328069321,'/account/login.php',0),(20120201,5,0,'MOZILLA',5.00,'Mac',1328069326,'/account/login.php',0),(20120201,5,0,'MOZILLA',5.00,'Mac',1328069327,'/my/index.php',0),(20120201,5,0,'MOZILLA',5.00,'Mac',1328069328,'/widgets/widget.php',0),(20120201,5,0,'MOZILLA',5.00,'Mac',1328069329,'/widgets/widget.php',0),(20120201,5,0,'MOZILLA',5.00,'Mac',1328069330,'/widgets/widget.php',0),(20120201,5,0,'MOZILLA',5.00,'Mac',1328069330,'/widgets/widget.php',0),(20120201,5,0,'MOZILLA',5.00,'Mac',1328069334,'/projects/nty/',0),(20120201,5,0,'MOZILLA',5.00,'Mac',1328069335,'/widgets/widget.php',0),(20120201,5,101,'MOZILLA',5.00,'Mac',1328069336,'/plugins/tracker/index.php',0),(20120201,5,101,'MOZILLA',5.00,'Mac',1328069339,'/plugins/tracker/index.php',0),(20120201,5,101,'MOZILLA',5.00,'Mac',1328069343,'/plugins/tracker/index.php',0),(20120201,5,101,'MOZILLA',5.00,'Mac',1328069350,'/plugins/tracker/index.php',0),(20120201,5,101,'MOZILLA',5.00,'Mac',1328069368,'/plugins/tracker/index.php',0),(20120201,5,101,'MOZILLA',5.00,'Mac',1328069370,'/plugins/tracker/index.php',0);
/*!40000 ALTER TABLE `activity_log` ENABLE KEYS */;
UNLOCK TABLES;

--
-- Table structure for table `activity_log_old`
--

DROP TABLE IF EXISTS `activity_log_old`;
/*!40101 SET @saved_cs_client     = @@character_set_client */;
/*!40101 SET character_set_client = utf8 */;
CREATE TABLE `activity_log_old` (
  `day` int(11) NOT NULL default '0',
  `hour` int(11) NOT NULL default '0',
  `group_id` int(11) NOT NULL default '0',
  `browser` varchar(8) NOT NULL default 'OTHER',
  `ver` float(10,2) NOT NULL default '0.00',
  `platform` varchar(8) NOT NULL default 'OTHER',
  `time` int(11) NOT NULL default '0',
  `page` text,
  `type` int(11) NOT NULL default '0',
  KEY `idx_activity_log_day` (`day`),
  KEY `idx_activity_log_group` (`group_id`),
  KEY `type_idx` (`type`)
) ENGINE=MyISAM DEFAULT CHARSET=utf8;
/*!40101 SET character_set_client = @saved_cs_client */;

--
-- Dumping data for table `activity_log_old`
--

LOCK TABLES `activity_log_old` WRITE;
/*!40000 ALTER TABLE `activity_log_old` DISABLE KEYS */;
INSERT INTO `activity_log_old` VALUES (20111020,13,101,'MOZILLA',5.00,'Linux',1319109947,'/plugins/docman/index.php',0),(20111020,13,0,'MOZILLA',5.00,'Linux',1319109948,'/sparklines.php',0),(20111020,13,101,'MOZILLA',5.00,'Linux',1319109952,'/plugins/docman/index.php',0),(20111020,13,0,'MOZILLA',5.00,'Linux',1319109952,'/sparklines.php',0),(20111020,13,101,'MOZILLA',5.00,'Linux',1319109966,'/plugins/docman/index.php',0),(20111020,13,101,'MOZILLA',5.00,'Linux',1319109967,'/plugins/docman/index.php',0),(20111020,13,0,'MOZILLA',5.00,'Linux',1319109967,'/sparklines.php',0),(20111020,13,101,'MOZILLA',5.00,'Linux',1319109971,'/plugins/docman/index.php',0),(20111020,13,0,'MOZILLA',5.00,'Linux',1319109972,'/sparklines.php',0),(20111020,13,101,'MOZILLA',5.00,'Linux',1319109981,'/plugins/docman/index.php',0),(20111020,13,101,'MOZILLA',5.00,'Linux',1319109981,'/plugins/docman/index.php',0),(20111020,13,0,'MOZILLA',5.00,'Linux',1319109981,'/sparklines.php',0),(20111020,13,101,'MOZILLA',5.00,'Linux',1319109992,'/plugins/docman/index.php',0),(20111020,13,0,'MOZILLA',5.00,'Linux',1319109993,'/sparklines.php',0),(20111020,13,101,'MOZILLA',5.00,'Linux',1319109995,'/plugins/docman/index.php',0),(20111020,13,0,'MOZILLA',5.00,'Linux',1319109995,'/sparklines.php',0),(20111020,13,101,'MOZILLA',5.00,'Linux',1319109998,'/plugins/docman/index.php',0),(20111020,13,0,'MOZILLA',5.00,'Linux',1319109998,'/sparklines.php',0),(20111020,13,101,'MOZILLA',5.00,'Linux',1319110002,'/plugins/docman/index.php',0),(20111020,13,101,'MOZILLA',5.00,'Linux',1319110002,'/plugins/docman/index.php',0),(20111020,13,0,'MOZILLA',5.00,'Linux',1319110002,'/sparklines.php',0),(20111020,13,0,'MOZILLA',5.00,'Linux',1319110005,'/account/logout.php',0),(20111020,13,0,'MOZILLA',5.00,'Linux',1319110006,'/index.php',0),(20111020,13,0,'MOZILLA',5.00,'Linux',1319110006,'/sparklines.php',0),(20111020,13,0,'MOZILLA',5.00,'Linux',1319110008,'/account/login.php',0),(20111020,13,0,'MOZILLA',5.00,'Linux',1319110008,'/sparklines.php',0),(20111020,13,0,'MOZILLA',5.00,'Linux',1319110013,'/account/login.php',0),(20111020,13,0,'MOZILLA',5.00,'Linux',1319110013,'/my/index.php',0),(20111020,13,0,'MOZILLA',5.00,'Linux',1319110013,'/sparklines.php',0),(20111020,13,0,'MOZILLA',5.00,'Linux',1319110013,'/widgets/widget.php',0),(20111020,13,0,'MOZILLA',5.00,'Linux',1319110014,'/sparklines.php',0),(20111020,13,0,'MOZILLA',5.00,'Linux',1319110014,'/widgets/widget.php',0),(20111020,13,0,'MOZILLA',5.00,'Linux',1319110014,'/widgets/widget.php',0),(20111020,13,0,'MOZILLA',5.00,'Linux',1319110014,'/widgets/widget.php',0),(20111020,13,0,'MOZILLA',5.00,'Linux',1319110014,'/sparklines.php',0),(20111020,13,0,'MOZILLA',5.00,'Linux',1319110014,'/sparklines.php',0),(20111020,13,0,'MOZILLA',5.00,'Linux',1319110014,'/sparklines.php',0),(20111020,13,0,'MOZILLA',5.00,'Linux',1319110016,'/admin/index.php',0),(20111020,13,0,'MOZILLA',5.00,'Linux',1319110016,'/sparklines.php',0),(20111020,13,0,'MOZILLA',5.00,'Linux',1319110060,'/admin/grouplist.php',0),(20111020,13,0,'MOZILLA',5.00,'Linux',1319110060,'/sparklines.php',0),(20111020,13,101,'MOZILLA',5.00,'Linux',1319110072,'/admin/groupedit.php',0),(20111020,13,0,'MOZILLA',5.00,'Linux',1319110072,'/sparklines.php',0),(20111020,13,101,'MOZILLA',5.00,'Linux',1319110087,'/admin/show_pending_documents.php',0),(20111020,13,0,'MOZILLA',5.00,'Linux',1319110087,'/sparklines.php',0),(20111021,9,0,'MOZILLA',5.00,'Linux',1319182000,'/index.php',0),(20111021,9,0,'MOZILLA',5.00,'Linux',1319182000,'/index.php',0),(20111021,9,0,'MOZILLA',5.00,'Linux',1319182000,'/sparklines.php',0),(20111021,9,0,'MOZILLA',5.00,'Linux',1319182005,'/my/index.php',0),(20111021,9,0,'MOZILLA',5.00,'Linux',1319182005,'/sparklines.php',0),(20111021,9,0,'MOZILLA',5.00,'Linux',1319182005,'/widgets/widget.php',0),(20111021,9,0,'MOZILLA',5.00,'Linux',1319182006,'/widgets/widget.php',0),(20111021,9,0,'MOZILLA',5.00,'Linux',1319182006,'/widgets/widget.php',0),(20111021,9,0,'MOZILLA',5.00,'Linux',1319182006,'/widgets/widget.php',0),(20111021,9,0,'MOZILLA',5.00,'Linux',1319182006,'/sparklines.php',0),(20111021,9,0,'MOZILLA',5.00,'Linux',1319182006,'/sparklines.php',0),(20111021,9,0,'MOZILLA',5.00,'Linux',1319182006,'/sparklines.php',0),(20111021,9,0,'MOZILLA',5.00,'Linux',1319182006,'/sparklines.php',0),(20111021,9,0,'MOZILLA',5.00,'Linux',1319182008,'/account/logout.php',0),(20111021,9,0,'MOZILLA',5.00,'Linux',1319182008,'/index.php',0),(20111021,9,0,'MOZILLA',5.00,'Linux',1319182008,'/sparklines.php',0),(20111021,9,0,'MOZILLA',5.00,'Linux',1319182010,'/sparklines.php',0),(20111021,9,0,'MOZILLA',5.00,'Linux',1319182010,'/widgets/widget.php',0),(20111021,9,0,'MOZILLA',5.00,'Linux',1319182010,'/widgets/widget.php',0),(20111021,9,0,'MOZILLA',5.00,'Linux',1319182010,'/widgets/widget.php',0),(20111021,9,0,'MOZILLA',5.00,'Linux',1319182010,'/widgets/widget.php',0),(20111021,9,0,'MOZILLA',5.00,'Linux',1319182010,'/sparklines.php',0),(20111021,9,0,'MOZILLA',5.00,'Linux',1319182010,'/sparklines.php',0),(20111021,9,0,'MOZILLA',5.00,'Linux',1319182010,'/sparklines.php',0),(20111021,9,0,'MOZILLA',5.00,'Linux',1319182011,'/sparklines.php',0),(20111021,9,0,'MOZILLA',5.00,'Linux',1319182012,'/projects/codendi/',0),(20111021,9,0,'MOZILLA',5.00,'Linux',1319182013,'/sparklines.php',0),(20111021,9,0,'MOZILLA',5.00,'Linux',1319182016,'/account/login.php',0),(20111021,9,0,'MOZILLA',5.00,'Linux',1319182017,'/account/login.php',0),(20111021,9,0,'MOZILLA',5.00,'Linux',1319182017,'/sparklines.php',0),(20111021,9,0,'MOZILLA',5.00,'Linux',1319182021,'/account/login.php',0),(20111021,9,0,'MOZILLA',5.00,'Linux',1319182021,'/my/index.php',0),(20111021,9,0,'MOZILLA',5.00,'Linux',1319182022,'/widgets/widget.php',0),(20111021,9,0,'MOZILLA',5.00,'Linux',1319182022,'/widgets/widget.php',0),(20111021,9,0,'MOZILLA',5.00,'Linux',1319182022,'/widgets/widget.php',0),(20111021,9,0,'MOZILLA',5.00,'Linux',1319182022,'/widgets/widget.php',0),(20111021,9,0,'MOZILLA',5.00,'Linux',1319182022,'/sparklines.php',0),(20111021,9,0,'MOZILLA',5.00,'Linux',1319182022,'/sparklines.php',0),(20111021,9,0,'MOZILLA',5.00,'Linux',1319182022,'/sparklines.php',0),(20111021,9,0,'MOZILLA',5.00,'Linux',1319182022,'/sparklines.php',0),(20111021,9,0,'MOZILLA',5.00,'Linux',1319182022,'/sparklines.php',0),(20111021,9,0,'MOZILLA',5.00,'Linux',1319182024,'/projects/codendi/',0),(20111021,9,0,'MOZILLA',5.00,'Linux',1319182025,'/sparklines.php',0),(20111021,9,0,'MOZILLA',5.00,'Linux',1319182025,'/plugins/IM/index.php',0),(20111021,9,0,'MOZILLA',5.00,'Linux',1319182025,'/widgets/widget.php',0),(20111021,9,0,'MOZILLA',5.00,'Linux',1319182025,'/sparklines.php',0),(20111021,9,1,'MOZILLA',5.00,'Linux',1319182066,'/project/admin/index.php',0),(20111021,9,0,'MOZILLA',5.00,'Linux',1319182067,'/sparklines.php',0),(20111021,9,0,'MOZILLA',5.00,'Linux',1319182067,'/plugins/IM/index.php',0),(20111021,9,1,'MOZILLA',5.00,'Linux',1319182073,'/project/admin/servicebar.php',0),(20111021,9,0,'MOZILLA',5.00,'Linux',1319182073,'/sparklines.php',0),(20111021,9,1,'MOZILLA',5.00,'Linux',1319182075,'/project/admin/editservice.php',0),(20111021,9,0,'MOZILLA',5.00,'Linux',1319182075,'/sparklines.php',0),(20111021,9,1,'MOZILLA',5.00,'Linux',1319182077,'/project/admin/servicebar.php',0),(20111021,9,0,'MOZILLA',5.00,'Linux',1319182077,'/sparklines.php',0),(20111021,9,1,'MOZILLA',5.00,'Linux',1319182079,'/cvs/index.php',0),(20111021,9,0,'MOZILLA',5.00,'Linux',1319182079,'/sparklines.php',0),(20111021,9,0,'MOZILLA',5.00,'Linux',1319182098,'/project/privacy.php',0),(20111021,9,1,'MOZILLA',5.00,'Linux',1319182268,'/cvs/index.php',0),(20111021,11,0,'MOZILLA',5.00,'Linux',1319188413,'/index.php',0),(20111021,11,0,'MOZILLA',5.00,'Linux',1319188417,'/projects/nty/',0),(20111021,11,0,'MOZILLA',5.00,'Linux',1319188418,'/plugins/IM/index.php',0),(20111021,11,0,'MOZILLA',5.00,'Linux',1319188418,'/widgets/widget.php',0),(20111021,11,101,'MOZILLA',5.00,'Linux',1319188421,'/tracker/index.php',0),(20111021,11,10100,'MOZILLA',5.00,'Linux',1319188425,'/tracker/index.php',0),(20111021,14,0,'MOZILLA',5.00,'Linux',1319198752,'/my/index.php',0),(20111021,14,0,'MOZILLA',5.00,'Linux',1319198753,'/widgets/widget.php',0),(20111021,14,0,'MOZILLA',5.00,'Linux',1319198753,'/widgets/widget.php',0),(20111021,14,0,'MOZILLA',5.00,'Linux',1319198753,'/widgets/widget.php',0),(20111021,14,0,'MOZILLA',5.00,'Linux',1319198753,'/widgets/widget.php',0),(20111021,14,0,'MOZILLA',5.00,'Linux',1319198756,'/account/logout.php',0),(20111021,14,0,'MOZILLA',5.00,'Linux',1319198756,'/index.php',0),(20111021,14,0,'MOZILLA',5.00,'Linux',1319198759,'/account/login.php',0),(20111021,14,0,'MOZILLA',5.00,'Linux',1319198763,'/account/login.php',0),(20111021,14,0,'MOZILLA',5.00,'Linux',1319198763,'/my/index.php',0),(20111021,14,0,'MOZILLA',5.00,'Linux',1319198764,'/widgets/widget.php',0),(20111021,14,0,'MOZILLA',5.00,'Linux',1319198764,'/widgets/widget.php',0),(20111021,14,0,'MOZILLA',5.00,'Linux',1319198764,'/widgets/widget.php',0),(20111021,14,0,'MOZILLA',5.00,'Linux',1319198764,'/widgets/widget.php',0),(20111021,14,0,'MOZILLA',5.00,'Linux',1319198766,'/projects/nty/',0),(20111021,14,0,'MOZILLA',5.00,'Linux',1319198767,'/plugins/IM/index.php',0),(20111021,14,0,'MOZILLA',5.00,'Linux',1319198767,'/widgets/widget.php',0),(20111021,14,101,'MOZILLA',5.00,'Linux',1319198768,'/mail/index.php',0),(20111021,14,101,'MOZILLA',5.00,'Linux',1319198771,'/mail/admin/index.php',0),(20111021,14,101,'MOZILLA',5.00,'Linux',1319198773,'/mail/admin/index.php',0),(20111021,14,101,'MOZILLA',5.00,'Linux',1319198782,'/mail/admin/index.php',0),(20111021,14,101,'MOZILLA',5.00,'Linux',1319198785,'/mail/index.php',0),(20111021,14,101,'MOZILLA',5.00,'Linux',1319198815,'/plugins/forumml/message.php',0),(20111021,14,101,'MOZILLA',5.00,'Linux',1319198820,'/plugins/forumml/message.php',0),(20111021,14,0,'MOZILLA',5.00,'Linux',1319199179,'/project/privacy.php',0),(20111021,14,101,'MOZILLA',5.00,'Linux',1319199184,'/plugins/forumml/message.php',0),(20111021,14,0,'MOZILLA',5.00,'Linux',1319199184,'/sparklines.php',0),(20111021,14,101,'MOZILLA',5.00,'Linux',1319199186,'/mail/admin/index.php',0),(20111021,14,0,'MOZILLA',5.00,'Linux',1319199187,'/sparklines.php',0),(20111021,14,101,'MOZILLA',5.00,'Linux',1319199188,'/mail/admin/index.php',0),(20111021,14,0,'MOZILLA',5.00,'Linux',1319199189,'/sparklines.php',0),(20111021,14,101,'MOZILLA',5.00,'Linux',1319199200,'/mail/admin/index.php',0),(20111021,14,0,'MOZILLA',5.00,'Linux',1319199200,'/sparklines.php',0),(20111021,14,101,'MOZILLA',5.00,'Linux',1319199249,'/mail/admin/index.php',0),(20111021,14,0,'MOZILLA',5.00,'Linux',1319199250,'/sparklines.php',0),(20111021,14,101,'MOZILLA',5.00,'Linux',1319199252,'/mail/index.php',0),(20111021,14,0,'MOZILLA',5.00,'Linux',1319199252,'/sparklines.php',0),(20111021,14,101,'MOZILLA',5.00,'Linux',1319199414,'/mail/index.php',0),(20111021,14,0,'MOZILLA',5.00,'Linux',1319199414,'/sparklines.php',0),(20111021,14,0,'MOZILLA',5.00,'Linux',1319199416,'/project/privacy.php',0),(20111021,14,0,'MOZILLA',5.00,'Linux',1319199462,'/my/index.php',0),(20111021,14,0,'MOZILLA',5.00,'Linux',1319199462,'/sparklines.php',0),(20111021,14,0,'MOZILLA',5.00,'Linux',1319199463,'/widgets/widget.php',0),(20111021,14,0,'MOZILLA',5.00,'Linux',1319199463,'/widgets/widget.php',0),(20111021,14,0,'MOZILLA',5.00,'Linux',1319199463,'/widgets/widget.php',0),(20111021,14,0,'MOZILLA',5.00,'Linux',1319199463,'/widgets/widget.php',0),(20111021,14,0,'MOZILLA',5.00,'Linux',1319199463,'/sparklines.php',0),(20111021,14,0,'MOZILLA',5.00,'Linux',1319199463,'/sparklines.php',0),(20111021,14,0,'MOZILLA',5.00,'Linux',1319199463,'/sparklines.php',0),(20111021,14,0,'MOZILLA',5.00,'Linux',1319199463,'/sparklines.php',0),(20111021,14,0,'MOZILLA',5.00,'Linux',1319199464,'/projects/codendi/',0),(20111021,14,0,'MOZILLA',5.00,'Linux',1319199465,'/sparklines.php',0),(20111021,14,0,'MOZILLA',5.00,'Linux',1319199465,'/widgets/widget.php',0),(20111021,14,0,'MOZILLA',5.00,'Linux',1319199465,'/plugins/IM/index.php',0),(20111021,14,0,'MOZILLA',5.00,'Linux',1319199465,'/sparklines.php',0),(20111021,14,1,'MOZILLA',5.00,'Linux',1319199466,'/mail/index.php',0),(20111021,14,0,'MOZILLA',5.00,'Linux',1319199467,'/sparklines.php',0),(20111021,14,101,'MOZILLA',5.00,'Linux',1319199572,'/mail/index.php',0),(20111021,14,0,'MOZILLA',5.00,'Linux',1319199572,'/sparklines.php',0),(20111021,14,0,'MOZILLA',5.00,'Linux',1319199867,'/project/privacy.php',0),(20111021,14,101,'MOZILLA',5.00,'Linux',1319199868,'/mail/index.php',0),(20111021,14,0,'MOZILLA',5.00,'Linux',1319199868,'/sparklines.php',0),(20111021,14,0,'MOZILLA',5.00,'Linux',1319199912,'/my/index.php',0),(20111021,14,0,'MOZILLA',5.00,'Linux',1319199912,'/sparklines.php',0),(20111021,14,0,'MOZILLA',5.00,'Linux',1319199913,'/widgets/widget.php',0),(20111021,14,0,'MOZILLA',5.00,'Linux',1319199913,'/widgets/widget.php',0),(20111021,14,0,'MOZILLA',5.00,'Linux',1319199913,'/widgets/widget.php',0),(20111021,14,0,'MOZILLA',5.00,'Linux',1319199913,'/widgets/widget.php',0),(20111021,14,0,'MOZILLA',5.00,'Linux',1319199913,'/sparklines.php',0),(20111021,14,0,'MOZILLA',5.00,'Linux',1319199913,'/sparklines.php',0),(20111021,14,0,'MOZILLA',5.00,'Linux',1319199913,'/sparklines.php',0),(20111021,14,0,'MOZILLA',5.00,'Linux',1319199913,'/sparklines.php',0),(20111021,14,0,'MOZILLA',5.00,'Linux',1319199915,'/account/preferences.php',0),(20111021,14,0,'MOZILLA',5.00,'Linux',1319199915,'/sparklines.php',0),(20111021,14,101,'MOZILLA',5.00,'Linux',1319200126,'/mail/index.php',0),(20111021,14,0,'MOZILLA',5.00,'Linux',1319200127,'/sparklines.php',0),(20111021,14,101,'MOZILLA',5.00,'Linux',1319200248,'/mail/index.php',0),(20111021,14,0,'MOZILLA',5.00,'Linux',1319200249,'/sparklines.php',0),(20111021,14,101,'MOZILLA',5.00,'Linux',1319200260,'/mail/index.php',0),(20111021,14,0,'MOZILLA',5.00,'Linux',1319200260,'/sparklines.php',0),(20111021,14,101,'MOZILLA',5.00,'Linux',1319200269,'/mail/index.php',0),(20111021,14,0,'MOZILLA',5.00,'Linux',1319200269,'/sparklines.php',0),(20111021,14,101,'MOZILLA',5.00,'Linux',1319200582,'/mail/index.php',0),(20111021,14,0,'MOZILLA',5.00,'Linux',1319200583,'/sparklines.php',0),(20111021,14,101,'MOZILLA',5.00,'Linux',1319200592,'/mail/index.php',0),(20111021,14,0,'MOZILLA',5.00,'Linux',1319200593,'/sparklines.php',0),(20111021,14,101,'MOZILLA',5.00,'Linux',1319200778,'/mail/index.php',0),(20111021,14,0,'MOZILLA',5.00,'Linux',1319200779,'/sparklines.php',0),(20111021,14,101,'MOZILLA',5.00,'Linux',1319200780,'/mail/index.php',0),(20111021,14,0,'MOZILLA',5.00,'Linux',1319200780,'/sparklines.php',0),(20111021,14,101,'MOZILLA',5.00,'Linux',1319200786,'/mail/index.php',0),(20111021,14,0,'MOZILLA',5.00,'Linux',1319200786,'/sparklines.php',0),(20111021,14,101,'MOZILLA',5.00,'Linux',1319200789,'/mail/index.php',0),(20111021,14,0,'MOZILLA',5.00,'Linux',1319200789,'/sparklines.php',0),(20111021,14,0,'MOZILLA',5.00,'Linux',1319200794,'/project/privacy.php',0),(20111021,14,101,'MOZILLA',5.00,'Linux',1319200798,'/mail/index.php',0),(20111021,14,0,'MOZILLA',5.00,'Linux',1319200798,'/sparklines.php',0),(20111021,14,101,'MOZILLA',5.00,'Linux',1319200801,'/mail/index.php',0),(20111021,14,0,'MOZILLA',5.00,'Linux',1319200801,'/sparklines.php',0),(20111021,14,101,'MOZILLA',5.00,'Linux',1319200803,'/mail/index.php',0),(20111021,14,0,'MOZILLA',5.00,'Linux',1319200803,'/sparklines.php',0),(20111021,14,101,'MOZILLA',5.00,'Linux',1319200841,'/mail/index.php',0),(20111021,14,0,'MOZILLA',5.00,'Linux',1319200842,'/sparklines.php',0),(20111021,14,101,'MOZILLA',5.00,'Linux',1319201047,'/mail/index.php',0),(20111021,14,0,'MOZILLA',5.00,'Linux',1319201048,'/sparklines.php',0),(20111021,14,101,'MOZILLA',5.00,'Linux',1319201271,'/mail/index.php',0),(20111021,14,0,'MOZILLA',5.00,'Linux',1319201272,'/sparklines.php',0),(20111021,14,101,'MOZILLA',5.00,'Linux',1319201280,'/mail/index.php',0),(20111021,14,0,'MOZILLA',5.00,'Linux',1319201280,'/sparklines.php',0),(20111021,14,101,'MOZILLA',5.00,'Linux',1319201289,'/plugins/forumml/message.php',0),(20111021,14,0,'MOZILLA',5.00,'Linux',1319201289,'/sparklines.php',0),(20111021,14,101,'MOZILLA',5.00,'Linux',1319201293,'/mail/index.php',0),(20111021,14,0,'MOZILLA',5.00,'Linux',1319201293,'/sparklines.php',0),(20111021,14,101,'MOZILLA',5.00,'Linux',1319201358,'/mail/index.php',0),(20111021,14,0,'MOZILLA',5.00,'Linux',1319201358,'/sparklines.php',0),(20111021,14,101,'MOZILLA',5.00,'Linux',1319201372,'/mail/index.php',0),(20111021,14,0,'MOZILLA',5.00,'Linux',1319201373,'/sparklines.php',0),(20111021,14,101,'MOZILLA',5.00,'Linux',1319201511,'/mail/index.php',0),(20111021,14,0,'MOZILLA',5.00,'Linux',1319201511,'/sparklines.php',0),(20111021,14,101,'MOZILLA',5.00,'Linux',1319201561,'/mail/index.php',0),(20111021,14,0,'MOZILLA',5.00,'Linux',1319201562,'/sparklines.php',0),(20111021,14,101,'MOZILLA',5.00,'Linux',1319201567,'/mail/index.php',0),(20111021,14,0,'MOZILLA',5.00,'Linux',1319201568,'/sparklines.php',0),(20111021,14,101,'MOZILLA',5.00,'Linux',1319201587,'/mail/index.php',0),(20111021,14,0,'MOZILLA',5.00,'Linux',1319201587,'/sparklines.php',0),(20111021,14,101,'MOZILLA',5.00,'Linux',1319201619,'/mail/index.php',0),(20111021,14,0,'MOZILLA',5.00,'Linux',1319201619,'/sparklines.php',0),(20111021,14,101,'MOZILLA',5.00,'Linux',1319201640,'/mail/index.php',0),(20111021,14,0,'MOZILLA',5.00,'Linux',1319201641,'/sparklines.php',0),(20111021,14,101,'MOZILLA',5.00,'Linux',1319201650,'/mail/index.php',0),(20111021,14,0,'MOZILLA',5.00,'Linux',1319201650,'/sparklines.php',0),(20111021,14,101,'MOZILLA',5.00,'Linux',1319201653,'/mail/index.php',0),(20111021,14,0,'MOZILLA',5.00,'Linux',1319201653,'/sparklines.php',0),(20111021,14,101,'MOZILLA',5.00,'Linux',1319201659,'/mail/index.php',0),(20111021,14,0,'MOZILLA',5.00,'Linux',1319201659,'/sparklines.php',0),(20111021,14,101,'MOZILLA',5.00,'Linux',1319201668,'/mail/index.php',0),(20111021,14,0,'MOZILLA',5.00,'Linux',1319201668,'/sparklines.php',0),(20111021,14,101,'MOZILLA',5.00,'Linux',1319201749,'/plugins/forumml/message.php',0),(20111021,14,0,'MOZILLA',5.00,'Linux',1319201750,'/sparklines.php',0),(20111021,15,101,'MOZILLA',5.00,'Linux',1319202157,'/mail/index.php',0),(20111021,15,0,'MOZILLA',5.00,'Linux',1319202158,'/sparklines.php',0),(20111021,15,101,'MOZILLA',5.00,'Linux',1319202225,'/mail/index.php',0),(20111021,15,0,'MOZILLA',5.00,'Linux',1319202226,'/sparklines.php',0),(20111021,15,101,'MOZILLA',5.00,'Linux',1319202345,'/mail/index.php',0),(20111021,15,0,'MOZILLA',5.00,'Linux',1319202345,'/sparklines.php',0),(20111021,15,101,'MOZILLA',5.00,'Linux',1319202354,'/mail/index.php',0),(20111021,15,0,'MOZILLA',5.00,'Linux',1319202354,'/sparklines.php',0),(20111021,15,101,'MOZILLA',5.00,'Linux',1319202778,'/mail/index.php',0),(20111021,15,0,'MOZILLA',5.00,'Linux',1319202778,'/sparklines.php',0),(20111021,15,101,'MOZILLA',5.00,'Linux',1319202792,'/mail/index.php',0),(20111021,15,0,'MOZILLA',5.00,'Linux',1319202793,'/sparklines.php',0),(20111021,15,101,'MOZILLA',5.00,'Linux',1319202854,'/mail/index.php',0),(20111021,15,0,'MOZILLA',5.00,'Linux',1319202855,'/sparklines.php',0),(20111021,15,101,'MOZILLA',5.00,'Linux',1319202976,'/mail/index.php',0),(20111021,15,0,'MOZILLA',5.00,'Linux',1319202976,'/sparklines.php',0),(20111021,15,101,'MOZILLA',5.00,'Linux',1319202991,'/mail/index.php',0),(20111021,15,0,'MOZILLA',5.00,'Linux',1319202992,'/sparklines.php',0),(20111021,15,101,'MOZILLA',5.00,'Linux',1319203005,'/mail/index.php',0),(20111021,15,0,'MOZILLA',5.00,'Linux',1319203006,'/sparklines.php',0),(20111021,15,101,'MOZILLA',5.00,'Linux',1319203026,'/mail/index.php',0),(20111021,15,0,'MOZILLA',5.00,'Linux',1319203026,'/sparklines.php',0),(20111021,15,101,'MOZILLA',5.00,'Linux',1319203065,'/mail/index.php',0),(20111021,15,0,'MOZILLA',5.00,'Linux',1319203065,'/sparklines.php',0),(20111021,15,101,'MOZILLA',5.00,'Linux',1319203527,'/mail/index.php',0),(20111021,15,0,'MOZILLA',5.00,'Linux',1319203528,'/sparklines.php',0),(20111021,15,101,'MOZILLA',5.00,'Linux',1319203790,'/mail/index.php',0),(20111021,15,0,'MOZILLA',5.00,'Linux',1319203791,'/sparklines.php',0),(20111021,15,101,'MOZILLA',5.00,'Linux',1319204086,'/mail/index.php',0),(20111021,15,0,'MOZILLA',5.00,'Linux',1319204087,'/sparklines.php',0),(20111021,15,101,'MOZILLA',5.00,'Linux',1319204110,'/mail/index.php',0),(20111021,15,0,'MOZILLA',5.00,'Linux',1319204110,'/sparklines.php',0),(20111021,15,101,'MOZILLA',5.00,'Linux',1319204131,'/plugins/forumml/message.php',0),(20111021,15,0,'MOZILLA',5.00,'Linux',1319204132,'/sparklines.php',0),(20111021,15,101,'MOZILLA',5.00,'Linux',1319204136,'/mail/index.php',0),(20111021,15,0,'MOZILLA',5.00,'Linux',1319204136,'/sparklines.php',0),(20111021,15,101,'MOZILLA',5.00,'Linux',1319204144,'/mail/index.php',0),(20111021,15,0,'MOZILLA',5.00,'Linux',1319204145,'/sparklines.php',0),(20111021,15,101,'MOZILLA',5.00,'Linux',1319204148,'/mail/admin/index.php',0),(20111021,15,0,'MOZILLA',5.00,'Linux',1319204148,'/sparklines.php',0),(20111021,15,101,'MOZILLA',5.00,'Linux',1319204151,'/mail/index.php',0),(20111021,15,0,'MOZILLA',5.00,'Linux',1319204152,'/sparklines.php',0),(20111021,15,0,'MOZILLA',5.00,'Linux',1319204183,'/mail/index.php',0),(20111021,15,0,'MOZILLA',5.00,'Linux',1319204183,'/sparklines.php',0),(20111021,15,101,'MOZILLA',5.00,'Linux',1319204229,'/mail/index.php',0),(20111021,15,0,'MOZILLA',5.00,'Linux',1319204229,'/sparklines.php',0),(20111021,15,101,'MOZILLA',5.00,'Linux',1319204232,'/mail/index.php',0),(20111021,15,0,'MOZILLA',5.00,'Linux',1319204232,'/sparklines.php',0),(20111021,15,0,'MOZILLA',5.00,'Linux',1319204809,'/project/privacy.php',0),(20111021,15,101,'MOZILLA',5.00,'Linux',1319204829,'/mail/index.php',0),(20111021,15,0,'MOZILLA',5.00,'Linux',1319204830,'/sparklines.php',0),(20111021,15,101,'MOZILLA',5.00,'Linux',1319204871,'/plugins/forumml/message.php',0),(20111021,15,0,'MOZILLA',5.00,'Linux',1319204871,'/sparklines.php',0),(20111021,15,101,'MOZILLA',5.00,'Linux',1319204942,'/plugins/forumml/message.php',0),(20111021,15,0,'MOZILLA',5.00,'Linux',1319204943,'/sparklines.php',0),(20111021,15,0,'MOZILLA',5.00,'Linux',1319204945,'/sparklines.php',0),(20111021,15,0,'MOZILLA',5.00,'Linux',1319204945,'/project/privacy.php',0),(20111021,15,101,'MOZILLA',5.00,'Linux',1319204952,'/plugins/forumml/message.php',0),(20111021,15,0,'MOZILLA',5.00,'Linux',1319204952,'/sparklines.php',0),(20111021,15,0,'MOZILLA',5.00,'Linux',1319204956,'/sparklines.php',0),(20111021,15,101,'MOZILLA',5.00,'Linux',1319205012,'/plugins/forumml/message.php',0),(20111021,15,0,'MOZILLA',5.00,'Linux',1319205012,'/sparklines.php',0),(20111021,15,0,'MOZILLA',5.00,'Linux',1319205015,'/sparklines.php',0),(20111021,15,0,'MOZILLA',5.00,'Linux',1319205016,'/project/privacy.php',0),(20111021,15,0,'MOZILLA',5.00,'Linux',1319205024,'/account/login.php',0),(20111021,15,0,'MOZILLA',5.00,'Linux',1319205024,'/sparklines.php',0),(20111021,15,0,'MOZILLA',5.00,'Linux',1319205033,'/account/login.php',0),(20111021,15,0,'MOZILLA',5.00,'Linux',1319205033,'/my/index.php',0),(20111021,15,0,'MOZILLA',5.00,'Linux',1319205034,'/sparklines.php',0),(20111021,15,0,'MOZILLA',5.00,'Linux',1319205034,'/widgets/widget.php',0),(20111021,15,0,'MOZILLA',5.00,'Linux',1319205034,'/widgets/widget.php',0),(20111021,15,0,'MOZILLA',5.00,'Linux',1319205034,'/widgets/widget.php',0),(20111021,15,0,'MOZILLA',5.00,'Linux',1319205034,'/widgets/widget.php',0),(20111021,15,0,'MOZILLA',5.00,'Linux',1319205034,'/sparklines.php',0),(20111021,15,0,'MOZILLA',5.00,'Linux',1319205035,'/sparklines.php',0),(20111021,15,0,'MOZILLA',5.00,'Linux',1319205035,'/sparklines.php',0),(20111021,15,0,'MOZILLA',5.00,'Linux',1319205035,'/sparklines.php',0),(20111021,15,0,'MOZILLA',5.00,'Linux',1319205037,'/projects/nty/',0),(20111021,15,0,'MOZILLA',5.00,'Linux',1319205038,'/sparklines.php',0),(20111021,15,0,'MOZILLA',5.00,'Linux',1319205038,'/plugins/IM/index.php',0),(20111021,15,0,'MOZILLA',5.00,'Linux',1319205039,'/widgets/widget.php',0),(20111021,15,0,'MOZILLA',5.00,'Linux',1319205039,'/sparklines.php',0),(20111021,15,101,'MOZILLA',5.00,'Linux',1319205042,'/mail/index.php',0),(20111021,15,0,'MOZILLA',5.00,'Linux',1319205043,'/sparklines.php',0),(20111021,15,101,'MOZILLA',5.00,'Linux',1319205044,'/plugins/forumml/message.php',0),(20111021,15,0,'MOZILLA',5.00,'Linux',1319205045,'/sparklines.php',0),(20111021,15,101,'MOZILLA',5.00,'Win',1319205047,'/mail/index.php',0),(20111021,15,0,'MOZILLA',5.00,'Win',1319205048,'/sparklines.php',0),(20111021,15,101,'MOZILLA',5.00,'Win',1319205052,'/plugins/forumml/message.php',0),(20111021,15,0,'MOZILLA',5.00,'Win',1319205053,'/sparklines.php',0),(20111021,15,0,'MOZILLA',5.00,'Linux',1319205056,'/sparklines.php',0),(20111021,15,0,'MOZILLA',5.00,'Win',1319205059,'/account/login.php',0),(20111021,15,0,'MOZILLA',5.00,'Win',1319205060,'/sparklines.php',0),(20111021,15,0,'MOZILLA',5.00,'Win',1319205068,'/account/login.php',0),(20111021,15,0,'MOZILLA',5.00,'Win',1319205068,'/my/index.php',0),(20111021,15,0,'MOZILLA',5.00,'Win',1319205069,'/sparklines.php',0),(20111021,15,0,'MOZILLA',5.00,'Win',1319205069,'/widgets/widget.php',0),(20111021,15,0,'MOZILLA',5.00,'Win',1319205069,'/widgets/widget.php',0),(20111021,15,0,'MOZILLA',5.00,'Win',1319205069,'/widgets/widget.php',0),(20111021,15,0,'MOZILLA',5.00,'Win',1319205069,'/widgets/widget.php',0),(20111021,15,0,'MOZILLA',5.00,'Win',1319205069,'/sparklines.php',0),(20111021,15,0,'MOZILLA',5.00,'Win',1319205069,'/sparklines.php',0),(20111021,15,0,'MOZILLA',5.00,'Win',1319205069,'/sparklines.php',0),(20111021,15,0,'MOZILLA',5.00,'Win',1319205069,'/sparklines.php',0),(20111021,15,0,'MOZILLA',5.00,'Win',1319205074,'/projects/nty/',0),(20111021,15,0,'MOZILLA',5.00,'Win',1319205075,'/plugins/IM/index.php',0),(20111021,15,0,'MOZILLA',5.00,'Win',1319205075,'/widgets/widget.php',0),(20111021,15,0,'MOZILLA',5.00,'Win',1319205075,'/sparklines.php',0),(20111021,15,0,'MOZILLA',5.00,'Win',1319205075,'/sparklines.php',0),(20111021,15,101,'MOZILLA',5.00,'Linux',1319205077,'/plugins/forumml/message.php',0),(20111021,15,0,'MOZILLA',5.00,'Linux',1319205077,'/sparklines.php',0),(20111021,15,101,'MOZILLA',5.00,'Win',1319205083,'/mail/index.php',0),(20111021,15,0,'MOZILLA',5.00,'Linux',1319205083,'/sparklines.php',0),(20111021,15,0,'MOZILLA',5.00,'Win',1319205083,'/sparklines.php',0),(20111021,15,101,'MOZILLA',5.00,'Linux',1319205085,'/plugins/forumml/message.php',0),(20111021,15,0,'MOZILLA',5.00,'Linux',1319205086,'/sparklines.php',0),(20111021,15,0,'MOZILLA',5.00,'Linux',1319205089,'/sparklines.php',0),(20111021,15,101,'MOZILLA',5.00,'Linux',1319205096,'/mail/index.php',0),(20111021,15,0,'MOZILLA',5.00,'Linux',1319205096,'/sparklines.php',0),(20111021,15,0,'MOZILLA',5.00,'Linux',1319205104,'/sparklines.php',0),(20111021,15,101,'MOZILLA',5.00,'Linux',1319205113,'/mail/index.php',0),(20111021,15,0,'MOZILLA',5.00,'Linux',1319205113,'/sparklines.php',0),(20111021,15,101,'MOZILLA',5.00,'Win',1319205113,'/plugins/forumml/message.php',0),(20111021,15,0,'MOZILLA',5.00,'Win',1319205114,'/sparklines.php',0),(20111021,15,0,'MOZILLA',5.00,'Win',1319205124,'/project/privacy.php',0),(20111021,15,101,'MOZILLA',5.00,'Win',1319205133,'/plugins/forumml/message.php',0),(20111021,15,0,'MOZILLA',5.00,'Win',1319205134,'/sparklines.php',0),(20111021,15,101,'MOZILLA',5.00,'Win',1319205145,'/plugins/forumml/message.php',0),(20111021,15,0,'MOZILLA',5.00,'Win',1319205146,'/sparklines.php',0),(20111021,15,101,'MOZILLA',5.00,'Linux',1319205171,'/plugins/forumml/message.php',0),(20111021,15,0,'MOZILLA',5.00,'Linux',1319205172,'/sparklines.php',0),(20111021,15,101,'MOZILLA',5.00,'Linux',1319205460,'/mail/index.php',0),(20111021,15,0,'MOZILLA',5.00,'Linux',1319205461,'/sparklines.php',0),(20111021,15,101,'MOZILLA',5.00,'Linux',1319205548,'/mail/index.php',0),(20111021,15,0,'MOZILLA',5.00,'Linux',1319205548,'/sparklines.php',0),(20111021,16,0,'MOZILLA',5.00,'Linux',1319205777,'/project/privacy.php',0),(20111021,16,101,'MOZILLA',5.00,'Linux',1319205779,'/plugins/forumml/message.php',0),(20111021,16,101,'MOZILLA',5.00,'Linux',1319205798,'/plugins/forumml/message.php',0),(20111021,16,0,'MOZILLA',5.00,'Linux',1319205799,'/sparklines.php',0),(20111021,16,101,'MOZILLA',5.00,'Linux',1319206047,'/plugins/forumml/message.php',0),(20111021,16,0,'MOZILLA',5.00,'Linux',1319206048,'/sparklines.php',0),(20111021,16,101,'MOZILLA',5.00,'Linux',1319206052,'/plugins/forumml/message.php',0),(20111021,16,0,'MOZILLA',5.00,'Linux',1319206053,'/plugins/forumml/scripts/cc_attach_js.php',0),(20111021,16,0,'MOZILLA',5.00,'Linux',1319206053,'/sparklines.php',0),(20111021,16,101,'MOZILLA',5.00,'Linux',1319206057,'/plugins/forumml/message.php',0),(20111021,16,0,'MOZILLA',5.00,'Linux',1319206058,'/sparklines.php',0),(20111021,16,101,'MOZILLA',5.00,'Linux',1319206060,'/mail/index.php',0),(20111021,16,0,'MOZILLA',5.00,'Linux',1319206060,'/sparklines.php',0),(20111021,16,101,'MOZILLA',5.00,'Linux',1319206061,'/plugins/forumml/message.php',0),(20111021,16,0,'MOZILLA',5.00,'Linux',1319206062,'/sparklines.php',0),(20111021,16,101,'MOZILLA',5.00,'Linux',1319206195,'/plugins/forumml/message.php',0),(20111021,16,0,'MOZILLA',5.00,'Linux',1319206195,'/sparklines.php',0),(20111021,16,101,'MOZILLA',5.00,'Linux',1319206562,'/mail/index.php',0),(20111021,16,0,'MOZILLA',5.00,'Linux',1319206563,'/sparklines.php',0),(20111021,16,101,'MOZILLA',5.00,'Linux',1319206601,'/mail/index.php',0),(20111021,16,0,'MOZILLA',5.00,'Linux',1319206601,'/sparklines.php',0),(20111021,16,101,'MOZILLA',5.00,'Linux',1319206612,'/plugins/forumml/message.php',0),(20111021,16,0,'MOZILLA',5.00,'Linux',1319206613,'/sparklines.php',0),(20111021,16,101,'MOZILLA',5.00,'Linux',1319206620,'/plugins/forumml/message.php',0),(20111021,16,0,'MOZILLA',5.00,'Linux',1319206621,'/sparklines.php',0),(20111021,16,0,'MOZILLA',5.00,'Linux',1319206636,'/project/privacy.php',0),(20111021,16,101,'MOZILLA',5.00,'Linux',1319206637,'/plugins/forumml/message.php',0),(20111021,16,0,'MOZILLA',5.00,'Linux',1319206638,'/sparklines.php',0),(20111021,16,101,'MOZILLA',5.00,'Linux',1319206642,'/plugins/forumml/message.php',0),(20111021,16,0,'MOZILLA',5.00,'Linux',1319206642,'/sparklines.php',0),(20111021,16,0,'MOZILLA',5.00,'Linux',1319206644,'/project/privacy.php',0),(20111021,16,101,'MOZILLA',5.00,'Linux',1319206646,'/plugins/forumml/message.php',0),(20111021,16,0,'MOZILLA',5.00,'Linux',1319206646,'/sparklines.php',0),(20111021,16,0,'MOZILLA',5.00,'Linux',1319206647,'/project/privacy.php',0),(20111021,16,101,'MOZILLA',5.00,'Linux',1319206650,'/plugins/forumml/message.php',0),(20111021,16,0,'MOZILLA',5.00,'Linux',1319206651,'/sparklines.php',0),(20111021,16,101,'MOZILLA',5.00,'Linux',1319206686,'/plugins/forumml/message.php',0),(20111021,16,0,'MOZILLA',5.00,'Linux',1319206687,'/sparklines.php',0),(20111021,16,101,'MOZILLA',5.00,'Linux',1319206735,'/plugins/forumml/message.php',0),(20111021,16,0,'MOZILLA',5.00,'Linux',1319206736,'/sparklines.php',0),(20111021,16,0,'MOZILLA',5.00,'Linux',1319206743,'/project/privacy.php',0),(20111021,16,101,'MOZILLA',5.00,'Linux',1319206754,'/plugins/forumml/message.php',0),(20111021,16,0,'MOZILLA',5.00,'Linux',1319206754,'/sparklines.php',0),(20111021,16,101,'MOZILLA',5.00,'Linux',1319206883,'/mail/index.php',0),(20111021,16,0,'MOZILLA',5.00,'Linux',1319206883,'/sparklines.php',0),(20111021,16,101,'MOZILLA',5.00,'Linux',1319206885,'/plugins/forumml/message.php',0),(20111021,16,0,'MOZILLA',5.00,'Linux',1319206885,'/sparklines.php',0),(20111021,16,101,'MOZILLA',5.00,'Linux',1319206918,'/plugins/forumml/message.php',0),(20111021,16,0,'MOZILLA',5.00,'Linux',1319206919,'/sparklines.php',0),(20111021,16,101,'MOZILLA',5.00,'Linux',1319206921,'/plugins/forumml/message.php',0),(20111021,16,0,'MOZILLA',5.00,'Linux',1319206922,'/sparklines.php',0),(20111021,16,101,'MOZILLA',5.00,'Linux',1319207076,'/plugins/forumml/message.php',0),(20111021,16,0,'MOZILLA',5.00,'Linux',1319207076,'/sparklines.php',0),(20111021,16,101,'MOZILLA',5.00,'Linux',1319207134,'/plugins/forumml/message.php',0),(20111021,16,0,'MOZILLA',5.00,'Linux',1319207135,'/sparklines.php',0),(20111021,16,0,'MOZILLA',5.00,'Linux',1319207146,'/project/privacy.php',0),(20111021,16,101,'MOZILLA',5.00,'Linux',1319207376,'/mail/index.php',0),(20111021,16,0,'MOZILLA',5.00,'Linux',1319207376,'/sparklines.php',0),(20111021,16,101,'MOZILLA',5.00,'Linux',1319207384,'/mail/index.php',0),(20111021,16,0,'MOZILLA',5.00,'Linux',1319207385,'/sparklines.php',0),(20111021,16,101,'MOZILLA',5.00,'Linux',1319207404,'/mail/index.php',0),(20111021,16,0,'MOZILLA',5.00,'Linux',1319207404,'/sparklines.php',0),(20111021,16,101,'MOZILLA',5.00,'Linux',1319207408,'/plugins/forumml/message.php',0),(20111021,16,0,'MOZILLA',5.00,'Linux',1319207409,'/sparklines.php',0),(20111021,16,101,'MOZILLA',5.00,'Linux',1319207456,'/mail/index.php',0),(20111021,16,0,'MOZILLA',5.00,'Linux',1319207456,'/sparklines.php',0),(20111021,16,101,'MOZILLA',5.00,'Linux',1319207465,'/mail/index.php',0),(20111021,16,0,'MOZILLA',5.00,'Linux',1319207466,'/sparklines.php',0),(20111021,16,101,'MOZILLA',5.00,'Linux',1319207494,'/mail/index.php',0),(20111021,16,0,'MOZILLA',5.00,'Linux',1319207494,'/sparklines.php',0),(20111021,16,101,'MOZILLA',5.00,'Linux',1319207500,'/plugins/forumml/message.php',0),(20111021,16,0,'MOZILLA',5.00,'Linux',1319207500,'/sparklines.php',0),(20111021,16,101,'MOZILLA',5.00,'Linux',1319207510,'/mail/index.php',0),(20111021,16,0,'MOZILLA',5.00,'Linux',1319207510,'/sparklines.php',0),(20111021,16,101,'MOZILLA',5.00,'Linux',1319207562,'/mail/index.php',0),(20111021,16,0,'MOZILLA',5.00,'Linux',1319207563,'/sparklines.php',0),(20111021,16,101,'MOZILLA',5.00,'Linux',1319207579,'/mail/index.php',0),(20111021,16,0,'MOZILLA',5.00,'Linux',1319207579,'/sparklines.php',0),(20111021,16,101,'MOZILLA',5.00,'Linux',1319207592,'/mail/index.php',0),(20111021,16,0,'MOZILLA',5.00,'Linux',1319207592,'/sparklines.php',0),(20111021,16,101,'MOZILLA',5.00,'Linux',1319207612,'/mail/index.php',0),(20111021,16,0,'MOZILLA',5.00,'Linux',1319207613,'/sparklines.php',0),(20111021,16,101,'MOZILLA',5.00,'Linux',1319207623,'/mail/index.php',0),(20111021,16,0,'MOZILLA',5.00,'Linux',1319207624,'/sparklines.php',0),(20111021,16,101,'MOZILLA',5.00,'Linux',1319207646,'/mail/index.php',0),(20111021,16,0,'MOZILLA',5.00,'Linux',1319207646,'/sparklines.php',0),(20111021,16,101,'MOZILLA',5.00,'Linux',1319207662,'/mail/index.php',0),(20111021,16,0,'MOZILLA',5.00,'Linux',1319207663,'/sparklines.php',0),(20111021,16,101,'MOZILLA',5.00,'Linux',1319207668,'/mail/index.php',0),(20111021,16,0,'MOZILLA',5.00,'Linux',1319207668,'/sparklines.php',0),(20111021,16,101,'MOZILLA',5.00,'Linux',1319207672,'/mail/index.php',0),(20111021,16,0,'MOZILLA',5.00,'Linux',1319207672,'/sparklines.php',0),(20111021,16,101,'MOZILLA',5.00,'Linux',1319207680,'/plugins/forumml/message.php',0),(20111021,16,0,'MOZILLA',5.00,'Linux',1319207680,'/sparklines.php',0),(20111021,16,0,'MOZILLA',5.00,'Linux',1319207683,'/project/privacy.php',0),(20111021,16,0,'MOZILLA',5.00,'Linux',1319207684,'/project/privacy.php',0),(20111021,16,101,'MOZILLA',5.00,'Linux',1319207690,'/plugins/forumml/message.php',0),(20111021,16,0,'MOZILLA',5.00,'Linux',1319207690,'/sparklines.php',0),(20111021,16,0,'MOZILLA',5.00,'Linux',1319207693,'/project/privacy.php',0),(20111021,16,101,'MOZILLA',5.00,'Linux',1319207785,'/plugins/forumml/message.php',0),(20111021,16,0,'MOZILLA',5.00,'Linux',1319207785,'/sparklines.php',0),(20111021,16,101,'MOZILLA',5.00,'Linux',1319208818,'/mail/index.php',0),(20111021,16,0,'MOZILLA',5.00,'Linux',1319208818,'/sparklines.php',0),(20111021,16,101,'MOZILLA',5.00,'Linux',1319208863,'/mail/index.php',0),(20111021,16,0,'MOZILLA',5.00,'Linux',1319208863,'/sparklines.php',0),(20111021,16,101,'MOZILLA',5.00,'Linux',1319208868,'/plugins/forumml/message.php',0),(20111021,16,0,'MOZILLA',5.00,'Linux',1319208869,'/sparklines.php',0),(20111021,16,101,'MOZILLA',5.00,'Linux',1319208886,'/mail/index.php',0),(20111021,16,0,'MOZILLA',5.00,'Linux',1319208887,'/sparklines.php',0),(20111021,16,101,'MOZILLA',5.00,'Linux',1319208941,'/svn/index.php',0),(20111021,16,0,'MOZILLA',5.00,'Linux',1319208942,'/sparklines.php',0),(20111021,16,101,'MOZILLA',5.00,'Linux',1319208946,'/tracker/index.php',0),(20111021,16,0,'MOZILLA',5.00,'Linux',1319208946,'/sparklines.php',0),(20111021,16,101,'MOZILLA',5.00,'Linux',1319208948,'/tracker/index.php',0),(20111021,16,0,'MOZILLA',5.00,'Linux',1319208948,'/sparklines.php',0),(20111021,16,101,'MOZILLA',5.00,'Linux',1319208950,'/tracker/index.php',0),(20111021,16,0,'MOZILLA',5.00,'Linux',1319208951,'/sparklines.php',0),(20111021,16,101,'MOZILLA',5.00,'Linux',1319208954,'/tracker/index.php',0),(20111021,16,101,'MOZILLA',5.00,'Linux',1319208954,'/tracker/index.php',0),(20111021,16,0,'MOZILLA',5.00,'Linux',1319208955,'/sparklines.php',0),(20111021,16,101,'MOZILLA',5.00,'Linux',1319208961,'/mail/index.php',0),(20111021,16,0,'MOZILLA',5.00,'Linux',1319208962,'/sparklines.php',0),(20111021,16,101,'MOZILLA',5.00,'Linux',1319209059,'/mail/index.php',0),(20111021,16,0,'MOZILLA',5.00,'Linux',1319209060,'/sparklines.php',0),(20111021,16,101,'MOZILLA',5.00,'Linux',1319209075,'/mail/index.php',0),(20111021,16,0,'MOZILLA',5.00,'Linux',1319209076,'/sparklines.php',0),(20111021,17,101,'MOZILLA',5.00,'Linux',1319209218,'/plugins/forumml/message.php',0),(20111021,17,0,'MOZILLA',5.00,'Linux',1319209218,'/sparklines.php',0),(20111021,17,101,'MOZILLA',5.00,'Linux',1319209248,'/plugins/docman/index.php',0),(20111021,17,0,'MOZILLA',5.00,'Linux',1319209248,'/sparklines.php',0),(20111021,17,101,'MOZILLA',5.00,'Linux',1319209253,'/plugins/docman/index.php',0),(20111021,17,0,'MOZILLA',5.00,'Linux',1319209253,'/sparklines.php',0),(20111021,17,101,'MOZILLA',5.00,'Linux',1319209306,'/mail/index.php',0),(20111021,17,0,'MOZILLA',5.00,'Linux',1319209307,'/sparklines.php',0),(20111021,17,101,'MOZILLA',5.00,'Linux',1319209315,'/plugins/forumml/message.php',0),(20111021,17,0,'MOZILLA',5.00,'Linux',1319209315,'/sparklines.php',0),(20111021,17,101,'MOZILLA',5.00,'Linux',1319209360,'/mail/index.php',0),(20111021,17,0,'MOZILLA',5.00,'Linux',1319209360,'/sparklines.php',0),(20111021,17,0,'MOZILLA',5.00,'Linux',1319209495,'/account/logout.php',0),(20111021,17,0,'MOZILLA',5.00,'Linux',1319209495,'/index.php',0),(20111021,17,0,'MOZILLA',5.00,'Linux',1319209496,'/sparklines.php',0),(20111021,17,0,'MOZILLA',5.00,'Linux',1319209500,'/account/login.php',0),(20111021,17,0,'MOZILLA',5.00,'Linux',1319209501,'/sparklines.php',0),(20111021,17,0,'MOZILLA',5.00,'Linux',1319209505,'/account/login.php',0),(20111021,17,0,'MOZILLA',5.00,'Linux',1319209505,'/my/index.php',0),(20111021,17,0,'MOZILLA',5.00,'Linux',1319209505,'/sparklines.php',0),(20111021,17,0,'MOZILLA',5.00,'Linux',1319209505,'/widgets/widget.php',0),(20111021,17,0,'MOZILLA',5.00,'Linux',1319209506,'/widgets/widget.php',0),(20111021,17,0,'MOZILLA',5.00,'Linux',1319209506,'/widgets/widget.php',0),(20111021,17,0,'MOZILLA',5.00,'Linux',1319209506,'/widgets/widget.php',0),(20111021,17,0,'MOZILLA',5.00,'Linux',1319209506,'/sparklines.php',0),(20111021,17,0,'MOZILLA',5.00,'Linux',1319209506,'/sparklines.php',0),(20111021,17,0,'MOZILLA',5.00,'Linux',1319209506,'/sparklines.php',0),(20111021,17,0,'MOZILLA',5.00,'Linux',1319209506,'/sparklines.php',0),(20111021,17,0,'MOZILLA',5.00,'Linux',1319209507,'/projects/codendi/',0),(20111021,17,0,'MOZILLA',5.00,'Linux',1319209507,'/sparklines.php',0),(20111021,17,0,'MOZILLA',5.00,'Linux',1319209507,'/widgets/widget.php',0),(20111021,17,0,'MOZILLA',5.00,'Linux',1319209507,'/plugins/IM/index.php',0),(20111021,17,0,'MOZILLA',5.00,'Linux',1319209508,'/sparklines.php',0),(20111021,17,0,'MOZILLA',5.00,'Linux',1319209508,'/admin/index.php',0),(20111021,17,0,'MOZILLA',5.00,'Linux',1319209509,'/sparklines.php',0),(20111021,17,0,'MOZILLA',5.00,'Linux',1319209511,'/plugins/pluginsadministration/index.php',0),(20111021,17,0,'MOZILLA',5.00,'Linux',1319209511,'/sparklines.php',0),(20111021,17,0,'MOZILLA',5.00,'Linux',1319209514,'/plugins/pluginsadministration/index.php',0),(20111021,17,0,'MOZILLA',5.00,'Linux',1319209514,'/sparklines.php',0),(20111021,17,0,'MOZILLA',5.00,'Linux',1319209518,'/plugins/pluginsadministration/index.php',0),(20111021,17,0,'MOZILLA',5.00,'Linux',1319209519,'/sparklines.php',0),(20111021,17,0,'MOZILLA',5.00,'Linux',1319209522,'/my/index.php',0),(20111021,17,0,'MOZILLA',5.00,'Linux',1319209523,'/sparklines.php',0),(20111021,17,0,'MOZILLA',5.00,'Linux',1319209523,'/widgets/widget.php',0),(20111021,17,0,'MOZILLA',5.00,'Linux',1319209523,'/widgets/widget.php',0),(20111021,17,0,'MOZILLA',5.00,'Linux',1319209523,'/widgets/widget.php',0),(20111021,17,0,'MOZILLA',5.00,'Linux',1319209523,'/widgets/widget.php',0),(20111021,17,0,'MOZILLA',5.00,'Linux',1319209524,'/sparklines.php',0),(20111021,17,0,'MOZILLA',5.00,'Linux',1319209524,'/project/privacy.php',0),(20111021,17,0,'MOZILLA',5.00,'Linux',1319209524,'/sparklines.php',0),(20111021,17,0,'MOZILLA',5.00,'Linux',1319209524,'/sparklines.php',0),(20111021,17,0,'MOZILLA',5.00,'Linux',1319209524,'/sparklines.php',0),(20111021,17,0,'MOZILLA',5.00,'Linux',1319209524,'/projects/codendi/',0),(20111021,17,0,'MOZILLA',5.00,'Linux',1319209525,'/sparklines.php',0),(20111021,17,0,'MOZILLA',5.00,'Linux',1319209525,'/plugins/IM/index.php',0),(20111021,17,0,'MOZILLA',5.00,'Linux',1319209525,'/widgets/widget.php',0),(20111021,17,0,'MOZILLA',5.00,'Linux',1319209525,'/sparklines.php',0),(20111021,17,1,'MOZILLA',5.00,'Linux',1319209527,'/mail/index.php',0),(20111021,17,0,'MOZILLA',5.00,'Linux',1319209527,'/sparklines.php',0),(20111021,17,1,'MOZILLA',5.00,'Linux',1319209529,'/mail/admin/index.php',0),(20111021,17,0,'MOZILLA',5.00,'Linux',1319209529,'/sparklines.php',0),(20111021,17,1,'MOZILLA',5.00,'Linux',1319209530,'/mail/admin/index.php',0),(20111021,17,0,'MOZILLA',5.00,'Linux',1319209531,'/sparklines.php',0),(20111021,17,1,'MOZILLA',5.00,'Linux',1319209553,'/mail/admin/index.php',0),(20111021,17,0,'MOZILLA',5.00,'Linux',1319209553,'/sparklines.php',0),(20111021,17,1,'MOZILLA',5.00,'Linux',1319209559,'/mail/admin/index.php',0),(20111021,17,0,'MOZILLA',5.00,'Linux',1319209559,'/sparklines.php',0),(20111021,17,1,'MOZILLA',5.00,'Linux',1319209561,'/mail/index.php',0),(20111021,17,0,'MOZILLA',5.00,'Linux',1319209561,'/sparklines.php',0),(20111021,17,1,'MOZILLA',5.00,'Linux',1319209573,'/mail/index.php',0),(20111021,17,0,'MOZILLA',5.00,'Linux',1319209573,'/sparklines.php',0),(20111021,17,1,'MOZILLA',5.00,'Linux',1319209579,'/mail/index.php',0),(20111021,17,0,'MOZILLA',5.00,'Linux',1319209580,'/sparklines.php',0),(20111021,17,1,'MOZILLA',5.00,'Linux',1319209583,'/mail/index.php',0),(20111021,17,0,'MOZILLA',5.00,'Linux',1319209583,'/sparklines.php',0),(20111021,17,1,'MOZILLA',5.00,'Linux',1319209609,'/mail/index.php',0),(20111021,17,0,'MOZILLA',5.00,'Linux',1319209609,'/sparklines.php',0),(20111021,17,1,'MOZILLA',5.00,'Linux',1319209682,'/mail/index.php',0),(20111021,17,0,'MOZILLA',5.00,'Linux',1319209682,'/sparklines.php',0),(20111021,17,1,'MOZILLA',5.00,'Linux',1319209708,'/search/index.php',0),(20111021,17,0,'MOZILLA',5.00,'Linux',1319209709,'/sparklines.php',0),(20111021,17,0,'MOZILLA',5.00,'Linux',1319209710,'/projects/nty/',0),(20111021,17,0,'MOZILLA',5.00,'Linux',1319209711,'/sparklines.php',0),(20111021,17,0,'MOZILLA',5.00,'Linux',1319209711,'/plugins/IM/index.php',0),(20111021,17,0,'MOZILLA',5.00,'Linux',1319209711,'/widgets/widget.php',0),(20111021,17,0,'MOZILLA',5.00,'Linux',1319209711,'/sparklines.php',0),(20111021,17,101,'MOZILLA',5.00,'Linux',1319209712,'/mail/index.php',0),(20111021,17,0,'MOZILLA',5.00,'Linux',1319209713,'/sparklines.php',0),(20111021,17,101,'MOZILLA',5.00,'Linux',1319209715,'/mail/admin/index.php',0),(20111021,17,0,'MOZILLA',5.00,'Linux',1319209715,'/sparklines.php',0),(20111021,17,101,'MOZILLA',5.00,'Linux',1319209717,'/mail/admin/index.php',0),(20111021,17,0,'MOZILLA',5.00,'Linux',1319209717,'/sparklines.php',0),(20111021,17,101,'MOZILLA',5.00,'Linux',1319209729,'/mail/admin/index.php',0),(20111021,17,0,'MOZILLA',5.00,'Linux',1319209729,'/sparklines.php',0),(20111021,17,0,'MOZILLA',5.00,'Linux',1319209731,'/admin/index.php',0),(20111021,17,0,'MOZILLA',5.00,'Linux',1319209732,'/sparklines.php',0),(20111021,17,0,'MOZILLA',5.00,'Linux',1319209733,'/plugins/pluginsadministration/index.php',0),(20111021,17,0,'MOZILLA',5.00,'Linux',1319209734,'/sparklines.php',0),(20111021,17,0,'MOZILLA',5.00,'Linux',1319209737,'/plugins/pluginsadministration/index.php',0),(20111021,17,0,'MOZILLA',5.00,'Linux',1319209738,'/sparklines.php',0),(20111021,17,0,'MOZILLA',5.00,'Linux',1319209740,'/plugins/pluginsadministration/index.php',0),(20111021,17,0,'MOZILLA',5.00,'Linux',1319209741,'/sparklines.php',0),(20111021,17,0,'MOZILLA',5.00,'Linux',1319209743,'/account/logout.php',0),(20111021,17,0,'MOZILLA',5.00,'Linux',1319209743,'/index.php',0),(20111021,17,0,'MOZILLA',5.00,'Linux',1319209744,'/sparklines.php',0),(20111021,17,0,'MOZILLA',5.00,'Linux',1319209745,'/account/login.php',0),(20111021,17,0,'MOZILLA',5.00,'Linux',1319209746,'/sparklines.php',0),(20111021,17,0,'MOZILLA',5.00,'Linux',1319209749,'/account/login.php',0),(20111021,17,0,'MOZILLA',5.00,'Linux',1319209749,'/my/index.php',0),(20111021,17,0,'MOZILLA',5.00,'Linux',1319209749,'/sparklines.php',0),(20111021,17,0,'MOZILLA',5.00,'Linux',1319209750,'/widgets/widget.php',0),(20111021,17,0,'MOZILLA',5.00,'Linux',1319209750,'/widgets/widget.php',0),(20111021,17,0,'MOZILLA',5.00,'Linux',1319209750,'/widgets/widget.php',0),(20111021,17,0,'MOZILLA',5.00,'Linux',1319209750,'/widgets/widget.php',0),(20111021,17,0,'MOZILLA',5.00,'Linux',1319209750,'/sparklines.php',0),(20111021,17,0,'MOZILLA',5.00,'Linux',1319209750,'/sparklines.php',0),(20111021,17,0,'MOZILLA',5.00,'Linux',1319209750,'/sparklines.php',0),(20111021,17,0,'MOZILLA',5.00,'Linux',1319209750,'/sparklines.php',0),(20111021,17,0,'MOZILLA',5.00,'Linux',1319209751,'/projects/nty/',0),(20111021,17,0,'MOZILLA',5.00,'Linux',1319209752,'/plugins/IM/index.php',0),(20111021,17,0,'MOZILLA',5.00,'Linux',1319209752,'/widgets/widget.php',0),(20111021,17,0,'MOZILLA',5.00,'Linux',1319209752,'/sparklines.php',0),(20111021,17,0,'MOZILLA',5.00,'Linux',1319209752,'/sparklines.php',0),(20111021,17,101,'MOZILLA',5.00,'Linux',1319209754,'/mail/index.php',0),(20111021,17,0,'MOZILLA',5.00,'Linux',1319209755,'/sparklines.php',0),(20111021,17,101,'MOZILLA',5.00,'Linux',1319210519,'/plugins/forumml/message.php',0),(20111021,17,0,'MOZILLA',5.00,'Linux',1319210519,'/sparklines.php',0),(20111021,17,101,'MOZILLA',5.00,'Linux',1319210528,'/plugins/forumml/message.php',0),(20111021,17,0,'MOZILLA',5.00,'Linux',1319210529,'/sparklines.php',0),(20111021,17,101,'MOZILLA',5.00,'Linux',1319210586,'/plugins/forumml/message.php',0),(20111021,17,0,'MOZILLA',5.00,'Linux',1319210587,'/sparklines.php',0),(20111021,17,0,'MOZILLA',5.00,'Linux',1319210587,'/project/privacy.php',0),(20111021,17,101,'MOZILLA',5.00,'Linux',1319210600,'/search/index.php',0),(20111021,17,101,'MOZILLA',5.00,'Linux',1319210601,'/plugins/forumml/message.php',0),(20111021,17,0,'MOZILLA',5.00,'Linux',1319210601,'/sparklines.php',0),(20111021,17,101,'MOZILLA',5.00,'Linux',1319210610,'/search/index.php',0),(20111021,17,101,'MOZILLA',5.00,'Linux',1319210610,'/plugins/forumml/message.php',0),(20111021,17,0,'MOZILLA',5.00,'Linux',1319210610,'/sparklines.php',0),(20111021,17,101,'MOZILLA',5.00,'Linux',1319210685,'/plugins/forumml/message.php',0),(20111021,17,0,'MOZILLA',5.00,'Linux',1319210685,'/sparklines.php',0),(20111021,17,101,'MOZILLA',5.00,'Linux',1319210687,'/plugins/forumml/message.php',0),(20111021,17,0,'MOZILLA',5.00,'Linux',1319210687,'/plugins/forumml/scripts/cc_attach_js.php',0),(20111021,17,0,'MOZILLA',5.00,'Linux',1319210687,'/sparklines.php',0),(20111021,17,0,'MOZILLA',5.00,'Linux',1319210786,'/project/privacy.php',0),(20111021,17,0,'MOZILLA',5.00,'Linux',1319210789,'/project/privacy.php',0),(20111021,17,0,'MOZILLA',5.00,'Linux',1319210790,'/project/privacy.php',0),(20111021,17,101,'MOZILLA',5.00,'Linux',1319210795,'/plugins/forumml/index.php',0),(20111021,17,0,'MOZILLA',5.00,'Linux',1319210795,'/plugins/forumml/scripts/cc_attach_js.php',0),(20111021,17,0,'MOZILLA',5.00,'Linux',1319210796,'/sparklines.php',0),(20111021,17,0,'MOZILLA',5.00,'Linux',1319210798,'/project/privacy.php',0),(20111021,17,101,'MOZILLA',5.00,'Linux',1319210828,'/mail/index.php',0),(20111021,17,0,'MOZILLA',5.00,'Linux',1319210828,'/sparklines.php',0),(20111021,17,101,'MOZILLA',5.00,'Linux',1319210830,'/plugins/forumml/message.php',0),(20111021,17,0,'MOZILLA',5.00,'Linux',1319210830,'/sparklines.php',0),(20111021,17,101,'MOZILLA',5.00,'Linux',1319210839,'/plugins/forumml/message.php',0),(20111021,17,0,'MOZILLA',5.00,'Linux',1319210840,'/sparklines.php',0),(20111021,17,101,'MOZILLA',5.00,'Linux',1319210892,'/plugins/forumml/message.php',0),(20111021,17,0,'MOZILLA',5.00,'Linux',1319210892,'/sparklines.php',0),(20111021,17,101,'MOZILLA',5.00,'Linux',1319210899,'/plugins/forumml/message.php',0),(20111021,17,0,'MOZILLA',5.00,'Linux',1319210900,'/plugins/forumml/scripts/cc_attach_js.php',0),(20111021,17,0,'MOZILLA',5.00,'Linux',1319210900,'/sparklines.php',0),(20111021,17,101,'MOZILLA',5.00,'Linux',1319210942,'/plugins/forumml/message.php',0),(20111021,17,0,'MOZILLA',5.00,'Linux',1319210942,'/sparklines.php',0),(20111021,17,101,'MOZILLA',5.00,'Linux',1319210945,'/plugins/forumml/message.php',0),(20111021,17,0,'MOZILLA',5.00,'Linux',1319210946,'/sparklines.php',0),(20111021,17,101,'MOZILLA',5.00,'Linux',1319211199,'/plugins/forumml/message.php',0),(20111021,17,0,'MOZILLA',5.00,'Linux',1319211199,'/sparklines.php',0),(20111021,17,101,'MOZILLA',5.00,'Linux',1319211225,'/plugins/forumml/message.php',0),(20111021,17,0,'MOZILLA',5.00,'Linux',1319211225,'/sparklines.php',0),(20111021,17,101,'MOZILLA',5.00,'Linux',1319211274,'/plugins/forumml/message.php',0),(20111021,17,0,'MOZILLA',5.00,'Linux',1319211274,'/sparklines.php',0),(20111021,17,0,'MOZILLA',5.00,'Linux',1319211304,'/my/index.php',0),(20111021,17,0,'MOZILLA',5.00,'Linux',1319211304,'/sparklines.php',0),(20111021,17,0,'MOZILLA',5.00,'Linux',1319211304,'/widgets/widget.php',0),(20111021,17,0,'MOZILLA',5.00,'Linux',1319211304,'/widgets/widget.php',0),(20111021,17,0,'MOZILLA',5.00,'Linux',1319211304,'/widgets/widget.php',0),(20111021,17,0,'MOZILLA',5.00,'Linux',1319211304,'/widgets/widget.php',0),(20111021,17,0,'MOZILLA',5.00,'Linux',1319211305,'/sparklines.php',0),(20111021,17,0,'MOZILLA',5.00,'Linux',1319211305,'/sparklines.php',0),(20111021,17,0,'MOZILLA',5.00,'Linux',1319211305,'/sparklines.php',0),(20111021,17,0,'MOZILLA',5.00,'Linux',1319211305,'/sparklines.php',0),(20111021,17,0,'MOZILLA',5.00,'Linux',1319211306,'/account/preferences.php',0),(20111021,17,0,'MOZILLA',5.00,'Linux',1319211306,'/sparklines.php',0),(20111021,17,0,'MOZILLA',5.00,'Linux',1319211309,'/account/updateprefs.php',0),(20111021,17,0,'MOZILLA',5.00,'Linux',1319211309,'/account/preferences.php',0),(20111021,17,0,'MOZILLA',5.00,'Linux',1319211309,'/sparklines.php',0),(20111021,17,101,'MOZILLA',5.00,'Linux',1319211311,'/plugins/forumml/message.php',0),(20111021,17,0,'MOZILLA',5.00,'Linux',1319211312,'/sparklines.php',0),(20111021,17,101,'MOZILLA',5.00,'Linux',1319211463,'/plugins/forumml/message.php',0),(20111021,17,0,'MOZILLA',5.00,'Linux',1319211464,'/sparklines.php',0),(20111021,17,101,'MOZILLA',5.00,'Linux',1319211506,'/plugins/forumml/message.php',0),(20111021,17,0,'MOZILLA',5.00,'Linux',1319211507,'/sparklines.php',0),(20111021,17,101,'MOZILLA',5.00,'Linux',1319211979,'/plugins/forumml/message.php',0),(20111021,17,0,'MOZILLA',5.00,'Linux',1319211980,'/sparklines.php',0),(20111021,17,101,'MOZILLA',5.00,'Linux',1319212047,'/plugins/forumml/message.php',0),(20111021,17,0,'MOZILLA',5.00,'Linux',1319212048,'/sparklines.php',0),(20111021,17,101,'MOZILLA',5.00,'Linux',1319212077,'/plugins/forumml/message.php',0),(20111021,17,0,'MOZILLA',5.00,'Linux',1319212077,'/sparklines.php',0),(20111021,17,101,'MOZILLA',5.00,'Linux',1319212083,'/plugins/forumml/message.php',0),(20111021,17,0,'MOZILLA',5.00,'Linux',1319212083,'/sparklines.php',0),(20111021,17,101,'MOZILLA',5.00,'Linux',1319212109,'/plugins/forumml/message.php',0),(20111021,17,0,'MOZILLA',5.00,'Linux',1319212109,'/sparklines.php',0),(20111021,17,101,'MOZILLA',5.00,'Linux',1319212149,'/plugins/forumml/message.php',0),(20111021,17,0,'MOZILLA',5.00,'Linux',1319212149,'/sparklines.php',0),(20111021,17,101,'MOZILLA',5.00,'Linux',1319212233,'/plugins/forumml/message.php',0),(20111021,17,0,'MOZILLA',5.00,'Linux',1319212234,'/sparklines.php',0),(20111021,17,101,'MOZILLA',5.00,'Linux',1319212257,'/plugins/forumml/message.php',0),(20111021,17,0,'MOZILLA',5.00,'Linux',1319212258,'/sparklines.php',0),(20111021,17,101,'MOZILLA',5.00,'Linux',1319212334,'/plugins/forumml/message.php',0),(20111021,17,0,'MOZILLA',5.00,'Linux',1319212334,'/sparklines.php',0),(20111021,17,101,'MOZILLA',5.00,'Linux',1319212384,'/plugins/forumml/message.php',0),(20111021,17,0,'MOZILLA',5.00,'Linux',1319212385,'/sparklines.php',0),(20111021,17,101,'MOZILLA',5.00,'Linux',1319212400,'/plugins/forumml/message.php',0),(20111021,17,0,'MOZILLA',5.00,'Linux',1319212400,'/sparklines.php',0),(20111021,17,101,'MOZILLA',5.00,'Linux',1319212422,'/plugins/forumml/message.php',0),(20111021,17,0,'MOZILLA',5.00,'Linux',1319212422,'/sparklines.php',0),(20111021,17,101,'MOZILLA',5.00,'Linux',1319212436,'/plugins/forumml/message.php',0),(20111021,17,0,'MOZILLA',5.00,'Linux',1319212436,'/sparklines.php',0),(20111021,17,101,'MOZILLA',5.00,'Linux',1319212549,'/plugins/forumml/message.php',0),(20111021,17,0,'MOZILLA',5.00,'Linux',1319212549,'/sparklines.php',0),(20111021,17,101,'MOZILLA',5.00,'Linux',1319212553,'/plugins/forumml/message.php',0),(20111021,17,0,'MOZILLA',5.00,'Linux',1319212553,'/sparklines.php',0),(20111021,17,0,'MOZILLA',5.00,'Linux',1319212587,'/project/privacy.php',0),(20111021,17,101,'MOZILLA',5.00,'Linux',1319212588,'/plugins/forumml/message.php',0),(20111021,17,0,'MOZILLA',5.00,'Linux',1319212588,'/sparklines.php',0),(20111021,17,101,'MOZILLA',5.00,'Linux',1319212642,'/plugins/forumml/message.php',0),(20111021,17,0,'MOZILLA',5.00,'Linux',1319212643,'/sparklines.php',0),(20111021,17,101,'MOZILLA',5.00,'Linux',1319212657,'/plugins/forumml/message.php',0),(20111021,17,0,'MOZILLA',5.00,'Linux',1319212657,'/sparklines.php',0),(20111021,17,101,'MOZILLA',5.00,'Linux',1319212661,'/plugins/forumml/message.php',0),(20111021,17,0,'MOZILLA',5.00,'Linux',1319212661,'/sparklines.php',0),(20111021,17,101,'MOZILLA',5.00,'Linux',1319212663,'/mail/admin/index.php',0),(20111021,17,0,'MOZILLA',5.00,'Linux',1319212663,'/sparklines.php',0),(20111021,17,101,'MOZILLA',5.00,'Linux',1319212665,'/mail/index.php',0),(20111021,17,0,'MOZILLA',5.00,'Linux',1319212666,'/sparklines.php',0),(20111021,17,101,'MOZILLA',5.00,'Linux',1319212677,'/plugins/forumml/message.php',0),(20111021,17,0,'MOZILLA',5.00,'Linux',1319212677,'/sparklines.php',0),(20111021,17,101,'MOZILLA',5.00,'Linux',1319212682,'/plugins/forumml/message.php',0),(20111021,17,0,'MOZILLA',5.00,'Linux',1319212682,'/sparklines.php',0),(20111021,17,101,'MOZILLA',5.00,'Linux',1319212715,'/plugins/forumml/message.php',0),(20111021,17,0,'MOZILLA',5.00,'Linux',1319212715,'/sparklines.php',0),(20111021,17,101,'MOZILLA',5.00,'Linux',1319212735,'/plugins/forumml/message.php',0),(20111021,17,0,'MOZILLA',5.00,'Linux',1319212736,'/sparklines.php',0),(20111021,17,101,'MOZILLA',5.00,'Linux',1319212765,'/plugins/forumml/message.php',0),(20111021,17,0,'MOZILLA',5.00,'Linux',1319212765,'/sparklines.php',0),(20111021,17,101,'MOZILLA',5.00,'Linux',1319212767,'/plugins/forumml/message.php',0),(20111021,17,0,'MOZILLA',5.00,'Linux',1319212767,'/sparklines.php',0),(20111021,17,101,'MOZILLA',5.00,'Linux',1319212799,'/plugins/forumml/message.php',0),(20111021,17,0,'MOZILLA',5.00,'Linux',1319212799,'/sparklines.php',0),(20111021,18,101,'MOZILLA',5.00,'Linux',1319212811,'/plugins/forumml/message.php',0),(20111021,18,101,'MOZILLA',5.00,'Linux',1319212819,'/plugins/forumml/message.php',0),(20111021,18,0,'MOZILLA',5.00,'Linux',1319212819,'/sparklines.php',0),(20111021,18,101,'MOZILLA',5.00,'Linux',1319212861,'/plugins/forumml/message.php',0),(20111021,18,0,'MOZILLA',5.00,'Linux',1319212862,'/sparklines.php',0),(20111021,18,101,'MOZILLA',5.00,'Linux',1319212865,'/plugins/forumml/message.php',0),(20111021,18,0,'MOZILLA',5.00,'Linux',1319212865,'/sparklines.php',0),(20111021,18,101,'MOZILLA',5.00,'Linux',1319212869,'/plugins/forumml/message.php',0),(20111021,18,0,'MOZILLA',5.00,'Linux',1319212869,'/sparklines.php',0),(20111021,18,101,'MOZILLA',5.00,'Linux',1319213011,'/plugins/forumml/message.php',0),(20111021,18,0,'MOZILLA',5.00,'Linux',1319213011,'/sparklines.php',0),(20111021,18,101,'MOZILLA',5.00,'Linux',1319213016,'/mail/index.php',0),(20111021,18,0,'MOZILLA',5.00,'Linux',1319213016,'/sparklines.php',0),(20111021,18,101,'MOZILLA',5.00,'Linux',1319213017,'/plugins/forumml/message.php',0),(20111021,18,0,'MOZILLA',5.00,'Linux',1319213018,'/sparklines.php',0),(20111102,17,0,'MOZILLA',5.00,'Linux',1320251170,'/project/privacy.php',0),(20111104,10,0,'MOZILLA',5.00,'Linux',1320400329,'/sparklines.php',0),(20111104,11,0,'MOZILLA',5.00,'Linux',1320403626,'/project/privacy.php',0),(20111216,14,0,'MOZILLA',5.00,'Linux',1324043732,'/index.php',0),(20111216,14,0,'MOZILLA',5.00,'Linux',1324043732,'/index.php',0),(20111216,14,0,'MOZILLA',5.00,'Linux',1324043733,'/sparklines.php',0),(20111216,15,0,'MOZILLA',5.00,'Mac',1324044058,'/index.php',0),(20111216,15,0,'MOZILLA',5.00,'Mac',1324044059,'/index.php',0),(20111216,15,0,'MOZILLA',5.00,'Mac',1324044067,'/index.php',0),(20111216,15,0,'MOZILLA',5.00,'Mac',1324044067,'/index.php',0),(20111216,15,0,'MOZILLA',5.00,'Mac',1324044068,'/sparklines.php',0),(20111216,15,0,'MOZILLA',5.00,'Mac',1324044298,'/index.php',0),(20111216,15,0,'MOZILLA',5.00,'Mac',1324044298,'/sparklines.php',0),(20111219,21,0,'MOZILLA',5.00,'Mac',1324328359,'/index.php',0),(20111219,21,0,'MOZILLA',5.00,'Mac',1324328360,'/sparklines.php',0),(20111220,3,0,'MOZILLA',5.00,'Mac',1324347936,'/index.php',0),(20111220,3,0,'MOZILLA',5.00,'Mac',1324347940,'/my/index.php',0),(20111220,3,0,'MOZILLA',5.00,'Mac',1324347940,'/account/login.php',0),(20111220,3,0,'MOZILLA',5.00,'Mac',1324347942,'/account/login.php',0),(20111220,3,0,'MOZILLA',5.00,'Mac',1324347948,'/account/login.php',0),(20111220,3,0,'MOZILLA',5.00,'Mac',1324347954,'/account/login.php',0),(20111220,3,0,'MOZILLA',5.00,'Mac',1324347962,'/account/login.php',0),(20111220,3,0,'MOZILLA',5.00,'Mac',1324347963,'/my/index.php',0),(20111220,3,0,'MOZILLA',5.00,'Mac',1324347971,'/admin/index.php',0),(20111220,3,0,'MOZILLA',5.00,'Mac',1324347976,'/admin/register_admin.php',0),(20111220,3,0,'MOZILLA',5.00,'Mac',1324347976,'/scripts/check_pw.js.php',0),(20111220,3,0,'MOZILLA',5.00,'Mac',1324348010,'/admin/register_admin.php',0),(20111220,3,0,'MOZILLA',5.00,'Mac',1324348015,'/admin/index.php',0),(20111220,3,0,'MOZILLA',5.00,'Mac',1324348021,'/admin/grouplist.php',0),(20111220,3,0,'MOZILLA',5.00,'Mac',1324348032,'/admin/index.php',0),(20111220,3,0,'MOZILLA',5.00,'Mac',1324348036,'/admin/grouplist.php',0),(20111220,3,101,'MOZILLA',5.00,'Mac',1324348039,'/admin/groupedit.php',0),(20111220,3,101,'MOZILLA',5.00,'Mac',1324348042,'/admin/userlist.php',0),(20111220,3,101,'MOZILLA',5.00,'Mac',1324348047,'/admin/groupedit.php',0),(20111220,3,101,'MOZILLA',5.00,'Mac',1324348056,'/project/admin/index.php',0),(20111220,3,101,'MOZILLA',5.00,'Mac',1324348073,'/project/admin/index.php',0),(20111220,3,0,'MOZILLA',5.00,'Mac',1324348111,'/account/logout.php',0),(20111220,3,0,'MOZILLA',5.00,'Mac',1324348111,'/index.php',0),(20111220,3,0,'MOZILLA',5.00,'Mac',1324348114,'/account/login.php',0),(20111220,3,0,'MOZILLA',5.00,'Mac',1324348120,'/account/login.php',0),(20111220,3,0,'MOZILLA',5.00,'Mac',1324348120,'/my/index.php',0),(20111220,3,0,'MOZILLA',5.00,'Mac',1324348123,'/projects/nty/',0),(20111220,3,0,'MOZILLA',5.00,'Mac',1324348140,'/projects/nty/',0),(20111220,3,0,'MOZILLA',5.00,'Mac',1324348167,'/account/logout.php',0),(20111220,3,0,'MOZILLA',5.00,'Mac',1324348167,'/index.php',0),(20111220,3,0,'MOZILLA',5.00,'Mac',1324348170,'/account/login.php',0),(20111220,3,0,'MOZILLA',5.00,'Mac',1324348175,'/account/login.php',0),(20111220,3,0,'MOZILLA',5.00,'Mac',1324348175,'/my/index.php',0),(20111220,3,0,'MOZILLA',5.00,'Mac',1324348182,'/admin/index.php',0),(20111220,3,0,'MOZILLA',5.00,'Mac',1324348195,'/plugins/pluginsadministration/index.php',0),(20111220,3,0,'MOZILLA',5.00,'Mac',1324348208,'/plugins/pluginsadministration/index.php',0),(20111220,3,0,'MOZILLA',5.00,'Mac',1324348213,'/plugins/pluginsadministration/index.php',0),(20111220,3,0,'MOZILLA',5.00,'Mac',1324348216,'/plugins/pluginsadministration/index.php',0),(20111220,3,0,'MOZILLA',5.00,'Mac',1324348233,'/plugins/pluginsadministration/index.php',0),(20111220,3,0,'MOZILLA',5.00,'Mac',1324348256,'/plugins/pluginsadministration/index.php',0),(20111220,3,0,'MOZILLA',5.00,'Mac',1324348264,'/plugins/pluginsadministration/index.php',0),(20111220,3,0,'MOZILLA',5.00,'Mac',1324348273,'/index.php',0),(20111220,3,0,'MOZILLA',5.00,'Mac',1324348275,'/my/index.php',0),(20111220,3,0,'MOZILLA',5.00,'Mac',1324348278,'/projects/codendi/',0),(20111220,3,0,'MOZILLA',5.00,'Mac',1324348284,'/my/index.php',0),(20111220,3,0,'MOZILLA',5.00,'Mac',1324348285,'/projects/codendi/',0),(20111220,3,0,'MOZILLA',5.00,'Mac',1324348288,'/my/index.php',0),(20111220,3,0,'MOZILLA',5.00,'Mac',1324348294,'/admin/index.php',0),(20111220,3,100,'MOZILLA',5.00,'Mac',1324348308,'/project/admin/servicebar.php',0),(20111220,3,100,'MOZILLA',5.00,'Mac',1324348317,'/project/admin/editservice.php',0),(20111220,3,100,'MOZILLA',5.00,'Mac',1324348321,'/project/admin/servicebar.php',0),(20111220,3,100,'MOZILLA',5.00,'Mac',1324348332,'/plugins/git/index.php',0),(20111220,3,0,'MOZILLA',5.00,'Mac',1324348332,'/index.php',0),(20111220,3,0,'MOZILLA',5.00,'Mac',1324348350,'/account/logout.php',0),(20111220,3,0,'MOZILLA',5.00,'Mac',1324348350,'/index.php',0),(20111220,3,0,'MOZILLA',5.00,'Mac',1324348353,'/account/login.php',0),(20111220,3,0,'MOZILLA',5.00,'Mac',1324348358,'/account/login.php',0),(20111220,3,0,'MOZILLA',5.00,'Mac',1324348365,'/account/login.php',0),(20111220,3,0,'MOZILLA',5.00,'Mac',1324348365,'/my/index.php',0),(20111220,3,0,'MOZILLA',5.00,'Mac',1324348368,'/projects/nty/',0),(20111220,3,0,'MOZILLA',5.00,'Mac',1324348400,'/account/logout.php',0),(20111220,3,0,'MOZILLA',5.00,'Mac',1324348400,'/index.php',0),(20111220,3,0,'MOZILLA',5.00,'Mac',1324348404,'/account/login.php',0),(20111220,3,0,'MOZILLA',5.00,'Mac',1324348412,'/account/login.php',0),(20111220,3,0,'MOZILLA',5.00,'Mac',1324348413,'/my/index.php',0),(20111220,3,0,'MOZILLA',5.00,'Mac',1324348418,'/admin/index.php',0),(20111220,3,0,'MOZILLA',5.00,'Mac',1324348423,'/admin/grouplist.php',0),(20111220,3,101,'MOZILLA',5.00,'Mac',1324348426,'/admin/groupedit.php',0),(20111220,3,101,'MOZILLA',5.00,'Mac',1324348431,'/project/admin/index.php',0),(20111220,3,101,'MOZILLA',5.00,'Mac',1324348442,'/project/admin/userperms.php',0),(20111220,3,101,'MOZILLA',5.00,'Mac',1324348449,'/project/admin/userperms.php',0),(20111220,3,101,'MOZILLA',5.00,'Mac',1324348451,'/project/admin/index.php',0),(20111220,3,0,'MOZILLA',5.00,'Mac',1324348473,'/admin/index.php',0),(20111220,3,0,'MOZILLA',5.00,'Mac',1324348487,'/account/logout.php',0),(20111220,3,0,'MOZILLA',5.00,'Mac',1324348487,'/index.php',0),(20111220,3,0,'MOZILLA',5.00,'Mac',1324348490,'/account/login.php',0),(20111220,3,0,'MOZILLA',5.00,'Mac',1324348496,'/account/login.php',0),(20111220,3,0,'MOZILLA',5.00,'Mac',1324348497,'/my/index.php',0),(20111220,3,0,'MOZILLA',5.00,'Mac',1324348501,'/projects/nty/',0),(20111220,3,101,'MOZILLA',5.00,'Mac',1324348518,'/project/admin/index.php',0),(20111220,3,101,'MOZILLA',5.00,'Mac',1324348531,'/project/admin/servicebar.php',0),(20111220,3,101,'MOZILLA',5.00,'Mac',1324348534,'/project/admin/editservice.php',0),(20111220,3,101,'MOZILLA',5.00,'Mac',1324348537,'/project/admin/servicebar.php',0),(20111220,3,0,'MOZILLA',5.00,'Mac',1324348542,'/projects/nty/',0),(20111220,3,101,'MOZILLA',5.00,'Mac',1324348546,'/project/admin/index.php',0),(20111220,3,101,'MOZILLA',5.00,'Mac',1324348549,'/project/admin/servicebar.php',0),(20111220,3,101,'MOZILLA',5.00,'Mac',1324348552,'/project/admin/editservice.php',0),(20111220,3,101,'MOZILLA',5.00,'Mac',1324348556,'/project/admin/servicebar.php',0),(20111220,3,101,'MOZILLA',5.00,'Mac',1324348560,'/project/admin/editservice.php',0),(20111220,3,101,'MOZILLA',5.00,'Mac',1324348575,'/plugins/git/index.php',0),(20111220,3,0,'MOZILLA',5.00,'Mac',1324348575,'/index.php',0),(20111220,3,101,'MOZILLA',5.00,'Mac',1324348592,'/project/admin/editservice.php',0),(20111220,3,101,'MOZILLA',5.00,'Mac',1324348617,'/forum/index.php',0),(20111220,3,101,'MOZILLA',5.00,'Mac',1324348621,'/plugins/git/index.php',0),(20111220,3,0,'MOZILLA',5.00,'Mac',1324348622,'/index.php',0),(20111220,3,101,'MOZILLA',5.00,'Mac',1324348624,'/forum/index.php',0),(20111220,3,101,'MOZILLA',5.00,'Mac',1324348643,'/plugins/git/index.php',0),(20111220,3,0,'MOZILLA',5.00,'Mac',1324348643,'/index.php',0),(20111220,3,101,'MOZILLA',5.00,'Mac',1324348647,'/forum/index.php',0),(20111220,3,101,'MOZILLA',5.00,'Mac',1324348657,'/svn/index.php',0),(20111220,3,101,'MOZILLA',5.00,'Mac',1324348674,'/plugins/git/index.php',0),(20111220,3,0,'MOZILLA',5.00,'Mac',1324348675,'/index.php',0),(20111220,3,101,'MOZILLA',5.00,'Mac',1324348678,'/svn/index.php',0),(20111220,3,101,'MOZILLA',5.00,'Mac',1324348701,'/plugins/git/index.php',0),(20111220,3,0,'MOZILLA',5.00,'Mac',1324348701,'/index.php',0),(20111220,3,101,'MOZILLA',5.00,'Mac',1324348753,'/svn/index.php',0),(20111220,3,101,'MOZILLA',5.00,'Mac',1324348759,'/plugins/git/index.php',0),(20111220,3,0,'MOZILLA',5.00,'Mac',1324348759,'/index.php',0),(20111220,3,101,'MOZILLA',5.00,'Mac',1324348932,'/svn/index.php',0),(20111220,3,101,'MOZILLA',5.00,'Mac',1324348961,'/plugins/git/index.php',0),(20111220,3,0,'MOZILLA',5.00,'Mac',1324348961,'/index.php',0),(20111220,3,101,'MOZILLA',5.00,'Mac',1324349003,'/svn/index.php',0),(20111220,3,101,'MOZILLA',5.00,'Mac',1324349005,'/plugins/git/index.php',0),(20111220,3,0,'MOZILLA',5.00,'Mac',1324349005,'/index.php',0),(20111220,3,101,'MOZILLA',5.00,'Mac',1324349105,'/svn/index.php',0),(20111220,3,101,'MOZILLA',5.00,'Mac',1324349107,'/plugins/git/index.php',0),(20111220,3,0,'MOZILLA',5.00,'Mac',1324349108,'/index.php',0),(20111220,3,101,'MOZILLA',5.00,'Mac',1324349125,'/svn/index.php',0),(20111220,3,101,'MOZILLA',5.00,'Mac',1324349127,'/plugins/git/index.php',0),(20111220,3,101,'MOZILLA',5.00,'Mac',1324349151,'/svn/index.php',0),(20111220,3,101,'MOZILLA',5.00,'Mac',1324349156,'/project/admin/index.php',0),(20111220,3,101,'MOZILLA',5.00,'Mac',1324349161,'/project/admin/servicebar.php',0),(20111220,3,101,'MOZILLA',5.00,'Mac',1324349210,'/plugins/git/index.php',0),(20111220,3,101,'MOZILLA',5.00,'Mac',1324349270,'/project/admin/servicebar.php',0),(20111220,3,0,'MOZILLA',5.00,'Mac',1324349273,'/account/logout.php',0),(20111220,3,0,'MOZILLA',5.00,'Mac',1324349273,'/index.php',0),(20111220,3,0,'MOZILLA',5.00,'Mac',1324349276,'/account/login.php',0),(20111220,3,0,'MOZILLA',5.00,'Mac',1324349285,'/account/login.php',0),(20111220,3,0,'MOZILLA',5.00,'Mac',1324349286,'/my/index.php',0),(20111220,3,0,'MOZILLA',5.00,'Mac',1324349297,'/account/logout.php',0),(20111220,3,0,'MOZILLA',5.00,'Mac',1324349297,'/index.php',0),(20111220,3,0,'MOZILLA',5.00,'Mac',1324349300,'/account/login.php',0),(20111220,3,0,'MOZILLA',5.00,'Mac',1324349305,'/account/login.php',0),(20111220,3,0,'MOZILLA',5.00,'Mac',1324349306,'/my/index.php',0),(20111220,3,0,'MOZILLA',5.00,'Mac',1324349308,'/admin/index.php',0),(20111220,3,0,'MOZILLA',5.00,'Mac',1324349322,'/admin/grouplist.php',0),(20111220,3,101,'MOZILLA',5.00,'Mac',1324349324,'/admin/groupedit.php',0),(20111220,3,101,'MOZILLA',5.00,'Mac',1324349329,'/project/admin/index.php',0),(20111220,3,101,'MOZILLA',5.00,'Mac',1324349332,'/project/admin/servicebar.php',0),(20111220,3,0,'MOZILLA',5.00,'Mac',1324349337,'/admin/index.php',0),(20111220,3,0,'MOZILLA',5.00,'Mac',1324349341,'/plugins/pluginsadministration/index.php',0),(20111220,3,0,'MOZILLA',5.00,'Mac',1324349349,'/plugins/pluginsadministration/index.php',0),(20111220,3,0,'MOZILLA',5.00,'Mac',1324349359,'/account/logout.php',0),(20111220,3,0,'MOZILLA',5.00,'Mac',1324349359,'/index.php',0),(20111220,3,0,'MOZILLA',5.00,'Mac',1324349361,'/account/login.php',0),(20111220,3,0,'MOZILLA',5.00,'Mac',1324349367,'/account/login.php',0),(20111220,3,0,'MOZILLA',5.00,'Mac',1324349371,'/account/login.php',0),(20111220,3,0,'MOZILLA',5.00,'Mac',1324349372,'/my/index.php',0),(20111220,3,0,'MOZILLA',5.00,'Mac',1324349385,'/my/index.php',0),(20111220,3,0,'MOZILLA',5.00,'Mac',1324349388,'/projects/nty/',0),(20111220,3,101,'MOZILLA',5.00,'Mac',1324349391,'/plugins/git/index.php',0),(20111220,3,101,'MOZILLA',5.00,'Mac',1324349419,'/plugins/git/index.php',0),(20111220,3,101,'MOZILLA',5.00,'Mac',1324349435,'/plugins/git/index.php',0),(20111220,4,101,'MOZILLA',5.00,'Mac',1324350459,'/plugins/git/index.php',0),(20111220,4,101,'MOZILLA',5.00,'Mac',1324350459,'/plugins/git/index.php',0),(20111220,4,101,'MOZILLA',5.00,'Mac',1324350479,'/plugins/git/index.php',0),(20111220,4,101,'MOZILLA',5.00,'Mac',1324350479,'/plugins/git/index.php',0),(20111220,4,101,'MOZILLA',5.00,'Mac',1324350564,'/plugins/git/index.php',0),(20111220,4,101,'MOZILLA',5.00,'Mac',1324350564,'/plugins/git/index.php',0),(20111220,4,101,'MOZILLA',5.00,'Mac',1324350750,'/plugins/git/index.php',0),(20111220,4,101,'MOZILLA',5.00,'Mac',1324350751,'/plugins/git/index.php',0),(20111220,4,101,'MOZILLA',5.00,'Mac',1324350853,'/plugins/git/index.php',0),(20111220,4,101,'MOZILLA',5.00,'Mac',1324350853,'/plugins/git/index.php',0),(20111220,4,101,'MOZILLA',5.00,'Mac',1324352412,'/plugins/git/index.php',0),(20111220,4,101,'MOZILLA',5.00,'Mac',1324352413,'/plugins/git/index.php',0),(20111220,4,101,'MOZILLA',5.00,'Mac',1324352421,'/plugins/git/index.php',0),(20111220,4,101,'MOZILLA',5.00,'Mac',1324352422,'/plugins/git/index.php',0),(20111220,4,101,'MOZILLA',5.00,'Mac',1324352430,'/plugins/git/index.php',0),(20111220,4,101,'MOZILLA',5.00,'Mac',1324352430,'/plugins/git/index.php',0),(20111220,4,101,'MOZILLA',5.00,'Mac',1324352439,'/plugins/git/index.php',0),(20111220,4,101,'MOZILLA',5.00,'Mac',1324352439,'/plugins/git/index.php',0),(20111220,4,101,'MOZILLA',5.00,'Mac',1324352443,'/plugins/git/index.php',0),(20111220,4,101,'MOZILLA',5.00,'Mac',1324352444,'/plugins/git/index.php',0),(20111220,4,101,'MOZILLA',5.00,'Mac',1324352453,'/plugins/git/index.php',0),(20111220,4,101,'MOZILLA',5.00,'Mac',1324352456,'/plugins/git/index.php',0),(20111220,4,101,'MOZILLA',5.00,'Mac',1324352457,'/plugins/git/index.php',0),(20111220,4,101,'MOZILLA',5.00,'Mac',1324352458,'/plugins/git/index.php',0),(20111220,4,101,'MOZILLA',5.00,'Mac',1324352460,'/plugins/git/index.php',0),(20111220,4,101,'MOZILLA',5.00,'Mac',1324352486,'/plugins/git/index.php',0),(20111220,4,101,'MOZILLA',5.00,'Mac',1324352487,'/plugins/git/index.php',0),(20111220,4,101,'MOZILLA',5.00,'Mac',1324352768,'/plugins/git/index.php',0),(20111220,4,101,'MOZILLA',5.00,'Mac',1324353254,'/plugins/git/index.php',0),(20111220,4,0,'MOZILLA',5.00,'Mac',1324353388,'/my/index.php',0),(20111220,4,0,'MOZILLA',5.00,'Mac',1324353391,'/account/preferences.php',0),(20111220,4,0,'MOZILLA',5.00,'Mac',1324353399,'/account/updateprefs.php',0),(20111220,4,0,'MOZILLA',5.00,'Mac',1324353399,'/account/preferences.php',0),(20111220,4,0,'MOZILLA',5.00,'Mac',1324353403,'/softwaremap/index.php',0),(20111220,4,0,'MOZILLA',5.00,'Mac',1324353403,'/softwaremap/trove_list.php',0),(20111220,4,0,'MOZILLA',5.00,'Mac',1324353405,'/index.php',0),(20111220,4,0,'MOZILLA',5.00,'Mac',1324353406,'/my/index.php',0),(20111220,4,0,'MOZILLA',5.00,'Mac',1324353408,'/projects/nty/',0),(20111220,4,101,'MOZILLA',5.00,'Mac',1324353412,'/plugins/git/index.php',0),(20111220,4,101,'MOZILLA',5.00,'Mac',1324353433,'/plugins/git/index.php',0),(20111220,4,101,'MOZILLA',5.00,'Mac',1324353438,'/plugins/git/index.php',0),(20111220,4,101,'MOZILLA',5.00,'Mac',1324353487,'/plugins/git/index.php',0),(20111220,4,101,'MOZILLA',5.00,'Mac',1324353487,'/plugins/git/index.php',0),(20111220,4,101,'MOZILLA',5.00,'Mac',1324353496,'/plugins/git/index.php',0),(20111220,4,101,'MOZILLA',5.00,'Mac',1324353497,'/plugins/git/index.php',0),(20111220,4,101,'MOZILLA',5.00,'Mac',1324353500,'/plugins/git/index.php',0),(20111220,4,101,'MOZILLA',5.00,'Mac',1324353505,'/plugins/git/index.php',0),(20111220,4,101,'MOZILLA',5.00,'Mac',1324353509,'/project/admin/index.php',0),(20111220,4,101,'MOZILLA',5.00,'Mac',1324353519,'/plugins/git/index.php',0),(20111220,4,101,'MOZILLA',5.00,'Mac',1324353522,'/plugins/git/index.php/101/view/2/',0),(20111220,4,101,'MOZILLA',5.00,'Mac',1324353526,'/plugins/git/index.php',0),(20111220,4,101,'MOZILLA',5.00,'Mac',1324353530,'/plugins/git/index.php',0),(20111220,4,101,'MOZILLA',5.00,'Mac',1324353532,'/plugins/git/index.php',0),(20111220,9,101,'MOZILLA',5.00,'Mac',1324370458,'/plugins/git/index.php',0),(20111222,0,0,'MOZILLA',5.00,'Linux',1324508820,'/index.php',0),(20111222,0,0,'MOZILLA',5.00,'Linux',1324508821,'/index.php',0),(20111222,0,0,'MOZILLA',5.00,'Linux',1324508823,'/my/index.php',0),(20111222,0,0,'MOZILLA',5.00,'Linux',1324508823,'/my/index.php',0),(20111222,0,0,'MOZILLA',5.00,'Linux',1324508824,'/account/login.php',0),(20111222,0,0,'MOZILLA',5.00,'Linux',1324508825,'/account/login.php',0),(20111222,0,0,'MOZILLA',5.00,'Linux',1324508827,'/account/login.php',0),(20111222,0,0,'MOZILLA',5.00,'Linux',1324508828,'/my/index.php',0),(20111222,0,0,'MOZILLA',5.00,'Linux',1324508828,'/my/index.php',0),(20111222,0,0,'MOZILLA',5.00,'Linux',1324509173,'/index.php',0),(20111222,0,0,'MOZILLA',5.00,'Linux',1324509174,'/index.php',0),(20111222,0,0,'MOZILLA',5.00,'Linux',1324509176,'/my/index.php',0),(20111222,0,0,'MOZILLA',5.00,'Linux',1324509176,'/my/index.php',0),(20111222,0,0,'MOZILLA',5.00,'Linux',1324509177,'/account/login.php',0),(20111222,0,0,'MOZILLA',5.00,'Linux',1324509179,'/account/login.php',0),(20111222,0,0,'MOZILLA',5.00,'Linux',1324509180,'/my/index.php',0),(20111222,0,0,'MOZILLA',5.00,'Linux',1324509181,'/my/index.php',0),(20111222,0,0,'MOZILLA',5.00,'Mac',1324509513,'/index.php',0),(20111222,0,0,'MOZILLA',5.00,'Mac',1324509513,'/index.php',0),(20111222,0,0,'MOZILLA',5.00,'Mac',1324509514,'/my/index.php',0),(20111222,0,0,'MOZILLA',5.00,'Mac',1324509514,'/account/login.php',0),(20111222,0,0,'MOZILLA',5.00,'Mac',1324509515,'/account/login.php',0),(20111222,0,0,'MOZILLA',5.00,'Mac',1324509515,'/my/index.php',0),(20111222,0,0,'MOZILLA',5.00,'Mac',1324509581,'/index.php',0),(20111222,0,0,'MOZILLA',5.00,'Mac',1324509581,'/index.php',0),(20111222,0,0,'MOZILLA',5.00,'Mac',1324509582,'/my/index.php',0),(20111222,0,0,'MOZILLA',5.00,'Mac',1324509582,'/account/login.php',0),(20111222,0,0,'MOZILLA',5.00,'Mac',1324509582,'/account/login.php',0),(20111222,0,0,'MOZILLA',5.00,'Mac',1324509583,'/my/index.php',0),(20111222,0,0,'MOZILLA',5.00,'Mac',1324509588,'/index.php',0),(20111222,0,0,'MOZILLA',5.00,'Mac',1324509588,'/index.php',0),(20111222,0,0,'MOZILLA',5.00,'Mac',1324509589,'/my/index.php',0),(20111222,0,0,'MOZILLA',5.00,'Mac',1324509589,'/account/login.php',0),(20111222,0,0,'MOZILLA',5.00,'Mac',1324509590,'/account/login.php',0),(20111222,0,0,'MOZILLA',5.00,'Mac',1324509590,'/my/index.php',0),(20111222,0,0,'MOZILLA',5.00,'Mac',1324509967,'/index.php',0),(20111222,0,0,'MOZILLA',5.00,'Mac',1324509967,'/index.php',0),(20111222,0,0,'MOZILLA',5.00,'Mac',1324509984,'/account/login.php',0),(20111222,0,0,'MOZILLA',5.00,'Mac',1324509985,'/account/login.php',0),(20111222,0,0,'MOZILLA',5.00,'Mac',1324509994,'/account/login.php',0),(20111222,0,0,'MOZILLA',5.00,'Mac',1324509994,'/my/index.php',0),(20111222,0,0,'MOZILLA',5.00,'Mac',1324510024,'/index.php',0),(20111222,0,0,'MOZILLA',5.00,'Mac',1324510024,'/index.php',0),(20111222,0,0,'MOZILLA',5.00,'Mac',1324510025,'/my/index.php',0),(20111222,0,0,'MOZILLA',5.00,'Mac',1324510025,'/account/login.php',0),(20111222,0,0,'MOZILLA',5.00,'Mac',1324510026,'/account/login.php',0),(20111222,0,0,'MOZILLA',5.00,'Mac',1324510026,'/my/index.php',0),(20111222,0,0,'MOZILLA',5.00,'Mac',1324510047,'/index.php',0),(20111222,0,0,'MOZILLA',5.00,'Mac',1324510048,'/index.php',0),(20111222,0,0,'MOZILLA',5.00,'Mac',1324510049,'/my/index.php',0),(20111222,0,0,'MOZILLA',5.00,'Mac',1324510049,'/account/login.php',0),(20111222,0,0,'MOZILLA',5.00,'Mac',1324510049,'/account/login.php',0),(20111222,0,0,'MOZILLA',5.00,'Mac',1324510050,'/my/index.php',0),(20111020,13,101,'MOZILLA',5.00,'Linux',1319109947,'/plugins/docman/index.php',0),(20111020,13,0,'MOZILLA',5.00,'Linux',1319109948,'/sparklines.php',0),(20111020,13,101,'MOZILLA',5.00,'Linux',1319109952,'/plugins/docman/index.php',0),(20111020,13,0,'MOZILLA',5.00,'Linux',1319109952,'/sparklines.php',0),(20111020,13,101,'MOZILLA',5.00,'Linux',1319109966,'/plugins/docman/index.php',0),(20111020,13,101,'MOZILLA',5.00,'Linux',1319109967,'/plugins/docman/index.php',0),(20111020,13,0,'MOZILLA',5.00,'Linux',1319109967,'/sparklines.php',0),(20111020,13,101,'MOZILLA',5.00,'Linux',1319109971,'/plugins/docman/index.php',0),(20111020,13,0,'MOZILLA',5.00,'Linux',1319109972,'/sparklines.php',0),(20111020,13,101,'MOZILLA',5.00,'Linux',1319109981,'/plugins/docman/index.php',0),(20111020,13,101,'MOZILLA',5.00,'Linux',1319109981,'/plugins/docman/index.php',0),(20111020,13,0,'MOZILLA',5.00,'Linux',1319109981,'/sparklines.php',0),(20111020,13,101,'MOZILLA',5.00,'Linux',1319109992,'/plugins/docman/index.php',0),(20111020,13,0,'MOZILLA',5.00,'Linux',1319109993,'/sparklines.php',0),(20111020,13,101,'MOZILLA',5.00,'Linux',1319109995,'/plugins/docman/index.php',0),(20111020,13,0,'MOZILLA',5.00,'Linux',1319109995,'/sparklines.php',0),(20111020,13,101,'MOZILLA',5.00,'Linux',1319109998,'/plugins/docman/index.php',0),(20111020,13,0,'MOZILLA',5.00,'Linux',1319109998,'/sparklines.php',0),(20111020,13,101,'MOZILLA',5.00,'Linux',1319110002,'/plugins/docman/index.php',0),(20111020,13,101,'MOZILLA',5.00,'Linux',1319110002,'/plugins/docman/index.php',0),(20111020,13,0,'MOZILLA',5.00,'Linux',1319110002,'/sparklines.php',0),(20111020,13,0,'MOZILLA',5.00,'Linux',1319110005,'/account/logout.php',0),(20111020,13,0,'MOZILLA',5.00,'Linux',1319110006,'/index.php',0),(20111020,13,0,'MOZILLA',5.00,'Linux',1319110006,'/sparklines.php',0),(20111020,13,0,'MOZILLA',5.00,'Linux',1319110008,'/account/login.php',0),(20111020,13,0,'MOZILLA',5.00,'Linux',1319110008,'/sparklines.php',0),(20111020,13,0,'MOZILLA',5.00,'Linux',1319110013,'/account/login.php',0),(20111020,13,0,'MOZILLA',5.00,'Linux',1319110013,'/my/index.php',0),(20111020,13,0,'MOZILLA',5.00,'Linux',1319110013,'/sparklines.php',0),(20111020,13,0,'MOZILLA',5.00,'Linux',1319110013,'/widgets/widget.php',0),(20111020,13,0,'MOZILLA',5.00,'Linux',1319110014,'/sparklines.php',0),(20111020,13,0,'MOZILLA',5.00,'Linux',1319110014,'/widgets/widget.php',0),(20111020,13,0,'MOZILLA',5.00,'Linux',1319110014,'/widgets/widget.php',0),(20111020,13,0,'MOZILLA',5.00,'Linux',1319110014,'/widgets/widget.php',0),(20111020,13,0,'MOZILLA',5.00,'Linux',1319110014,'/sparklines.php',0),(20111020,13,0,'MOZILLA',5.00,'Linux',1319110014,'/sparklines.php',0),(20111020,13,0,'MOZILLA',5.00,'Linux',1319110014,'/sparklines.php',0),(20111020,13,0,'MOZILLA',5.00,'Linux',1319110016,'/admin/index.php',0),(20111020,13,0,'MOZILLA',5.00,'Linux',1319110016,'/sparklines.php',0),(20111020,13,0,'MOZILLA',5.00,'Linux',1319110060,'/admin/grouplist.php',0),(20111020,13,0,'MOZILLA',5.00,'Linux',1319110060,'/sparklines.php',0),(20111020,13,101,'MOZILLA',5.00,'Linux',1319110072,'/admin/groupedit.php',0),(20111020,13,0,'MOZILLA',5.00,'Linux',1319110072,'/sparklines.php',0),(20111020,13,101,'MOZILLA',5.00,'Linux',1319110087,'/admin/show_pending_documents.php',0),(20111020,13,0,'MOZILLA',5.00,'Linux',1319110087,'/sparklines.php',0),(20111021,9,0,'MOZILLA',5.00,'Linux',1319182000,'/index.php',0),(20111021,9,0,'MOZILLA',5.00,'Linux',1319182000,'/index.php',0),(20111021,9,0,'MOZILLA',5.00,'Linux',1319182000,'/sparklines.php',0),(20111021,9,0,'MOZILLA',5.00,'Linux',1319182005,'/my/index.php',0),(20111021,9,0,'MOZILLA',5.00,'Linux',1319182005,'/sparklines.php',0),(20111021,9,0,'MOZILLA',5.00,'Linux',1319182005,'/widgets/widget.php',0),(20111021,9,0,'MOZILLA',5.00,'Linux',1319182006,'/widgets/widget.php',0),(20111021,9,0,'MOZILLA',5.00,'Linux',1319182006,'/widgets/widget.php',0),(20111021,9,0,'MOZILLA',5.00,'Linux',1319182006,'/widgets/widget.php',0),(20111021,9,0,'MOZILLA',5.00,'Linux',1319182006,'/sparklines.php',0),(20111021,9,0,'MOZILLA',5.00,'Linux',1319182006,'/sparklines.php',0),(20111021,9,0,'MOZILLA',5.00,'Linux',1319182006,'/sparklines.php',0),(20111021,9,0,'MOZILLA',5.00,'Linux',1319182006,'/sparklines.php',0),(20111021,9,0,'MOZILLA',5.00,'Linux',1319182008,'/account/logout.php',0),(20111021,9,0,'MOZILLA',5.00,'Linux',1319182008,'/index.php',0),(20111021,9,0,'MOZILLA',5.00,'Linux',1319182008,'/sparklines.php',0),(20111021,9,0,'MOZILLA',5.00,'Linux',1319182010,'/sparklines.php',0),(20111021,9,0,'MOZILLA',5.00,'Linux',1319182010,'/widgets/widget.php',0),(20111021,9,0,'MOZILLA',5.00,'Linux',1319182010,'/widgets/widget.php',0),(20111021,9,0,'MOZILLA',5.00,'Linux',1319182010,'/widgets/widget.php',0),(20111021,9,0,'MOZILLA',5.00,'Linux',1319182010,'/widgets/widget.php',0),(20111021,9,0,'MOZILLA',5.00,'Linux',1319182010,'/sparklines.php',0),(20111021,9,0,'MOZILLA',5.00,'Linux',1319182010,'/sparklines.php',0),(20111021,9,0,'MOZILLA',5.00,'Linux',1319182010,'/sparklines.php',0),(20111021,9,0,'MOZILLA',5.00,'Linux',1319182011,'/sparklines.php',0),(20111021,9,0,'MOZILLA',5.00,'Linux',1319182012,'/projects/codendi/',0),(20111021,9,0,'MOZILLA',5.00,'Linux',1319182013,'/sparklines.php',0),(20111021,9,0,'MOZILLA',5.00,'Linux',1319182016,'/account/login.php',0),(20111021,9,0,'MOZILLA',5.00,'Linux',1319182017,'/account/login.php',0),(20111021,9,0,'MOZILLA',5.00,'Linux',1319182017,'/sparklines.php',0),(20111021,9,0,'MOZILLA',5.00,'Linux',1319182021,'/account/login.php',0),(20111021,9,0,'MOZILLA',5.00,'Linux',1319182021,'/my/index.php',0),(20111021,9,0,'MOZILLA',5.00,'Linux',1319182022,'/widgets/widget.php',0),(20111021,9,0,'MOZILLA',5.00,'Linux',1319182022,'/widgets/widget.php',0),(20111021,9,0,'MOZILLA',5.00,'Linux',1319182022,'/widgets/widget.php',0),(20111021,9,0,'MOZILLA',5.00,'Linux',1319182022,'/widgets/widget.php',0),(20111021,9,0,'MOZILLA',5.00,'Linux',1319182022,'/sparklines.php',0),(20111021,9,0,'MOZILLA',5.00,'Linux',1319182022,'/sparklines.php',0),(20111021,9,0,'MOZILLA',5.00,'Linux',1319182022,'/sparklines.php',0),(20111021,9,0,'MOZILLA',5.00,'Linux',1319182022,'/sparklines.php',0),(20111021,9,0,'MOZILLA',5.00,'Linux',1319182022,'/sparklines.php',0),(20111021,9,0,'MOZILLA',5.00,'Linux',1319182024,'/projects/codendi/',0),(20111021,9,0,'MOZILLA',5.00,'Linux',1319182025,'/sparklines.php',0),(20111021,9,0,'MOZILLA',5.00,'Linux',1319182025,'/plugins/IM/index.php',0),(20111021,9,0,'MOZILLA',5.00,'Linux',1319182025,'/widgets/widget.php',0),(20111021,9,0,'MOZILLA',5.00,'Linux',1319182025,'/sparklines.php',0),(20111021,9,1,'MOZILLA',5.00,'Linux',1319182066,'/project/admin/index.php',0),(20111021,9,0,'MOZILLA',5.00,'Linux',1319182067,'/sparklines.php',0),(20111021,9,0,'MOZILLA',5.00,'Linux',1319182067,'/plugins/IM/index.php',0),(20111021,9,1,'MOZILLA',5.00,'Linux',1319182073,'/project/admin/servicebar.php',0),(20111021,9,0,'MOZILLA',5.00,'Linux',1319182073,'/sparklines.php',0),(20111021,9,1,'MOZILLA',5.00,'Linux',1319182075,'/project/admin/editservice.php',0),(20111021,9,0,'MOZILLA',5.00,'Linux',1319182075,'/sparklines.php',0),(20111021,9,1,'MOZILLA',5.00,'Linux',1319182077,'/project/admin/servicebar.php',0),(20111021,9,0,'MOZILLA',5.00,'Linux',1319182077,'/sparklines.php',0),(20111021,9,1,'MOZILLA',5.00,'Linux',1319182079,'/cvs/index.php',0),(20111021,9,0,'MOZILLA',5.00,'Linux',1319182079,'/sparklines.php',0),(20111021,9,0,'MOZILLA',5.00,'Linux',1319182098,'/project/privacy.php',0),(20111021,9,1,'MOZILLA',5.00,'Linux',1319182268,'/cvs/index.php',0),(20111021,11,0,'MOZILLA',5.00,'Linux',1319188413,'/index.php',0),(20111021,11,0,'MOZILLA',5.00,'Linux',1319188417,'/projects/nty/',0),(20111021,11,0,'MOZILLA',5.00,'Linux',1319188418,'/plugins/IM/index.php',0),(20111021,11,0,'MOZILLA',5.00,'Linux',1319188418,'/widgets/widget.php',0),(20111021,11,101,'MOZILLA',5.00,'Linux',1319188421,'/tracker/index.php',0),(20111021,11,10100,'MOZILLA',5.00,'Linux',1319188425,'/tracker/index.php',0),(20111021,14,0,'MOZILLA',5.00,'Linux',1319198752,'/my/index.php',0),(20111021,14,0,'MOZILLA',5.00,'Linux',1319198753,'/widgets/widget.php',0),(20111021,14,0,'MOZILLA',5.00,'Linux',1319198753,'/widgets/widget.php',0),(20111021,14,0,'MOZILLA',5.00,'Linux',1319198753,'/widgets/widget.php',0),(20111021,14,0,'MOZILLA',5.00,'Linux',1319198753,'/widgets/widget.php',0),(20111021,14,0,'MOZILLA',5.00,'Linux',1319198756,'/account/logout.php',0),(20111021,14,0,'MOZILLA',5.00,'Linux',1319198756,'/index.php',0),(20111021,14,0,'MOZILLA',5.00,'Linux',1319198759,'/account/login.php',0),(20111021,14,0,'MOZILLA',5.00,'Linux',1319198763,'/account/login.php',0),(20111021,14,0,'MOZILLA',5.00,'Linux',1319198763,'/my/index.php',0),(20111021,14,0,'MOZILLA',5.00,'Linux',1319198764,'/widgets/widget.php',0),(20111021,14,0,'MOZILLA',5.00,'Linux',1319198764,'/widgets/widget.php',0),(20111021,14,0,'MOZILLA',5.00,'Linux',1319198764,'/widgets/widget.php',0),(20111021,14,0,'MOZILLA',5.00,'Linux',1319198764,'/widgets/widget.php',0),(20111021,14,0,'MOZILLA',5.00,'Linux',1319198766,'/projects/nty/',0),(20111021,14,0,'MOZILLA',5.00,'Linux',1319198767,'/plugins/IM/index.php',0),(20111021,14,0,'MOZILLA',5.00,'Linux',1319198767,'/widgets/widget.php',0),(20111021,14,101,'MOZILLA',5.00,'Linux',1319198768,'/mail/index.php',0),(20111021,14,101,'MOZILLA',5.00,'Linux',1319198771,'/mail/admin/index.php',0),(20111021,14,101,'MOZILLA',5.00,'Linux',1319198773,'/mail/admin/index.php',0),(20111021,14,101,'MOZILLA',5.00,'Linux',1319198782,'/mail/admin/index.php',0),(20111021,14,101,'MOZILLA',5.00,'Linux',1319198785,'/mail/index.php',0),(20111021,14,101,'MOZILLA',5.00,'Linux',1319198815,'/plugins/forumml/message.php',0),(20111021,14,101,'MOZILLA',5.00,'Linux',1319198820,'/plugins/forumml/message.php',0),(20111021,14,0,'MOZILLA',5.00,'Linux',1319199179,'/project/privacy.php',0),(20111021,14,101,'MOZILLA',5.00,'Linux',1319199184,'/plugins/forumml/message.php',0),(20111021,14,0,'MOZILLA',5.00,'Linux',1319199184,'/sparklines.php',0),(20111021,14,101,'MOZILLA',5.00,'Linux',1319199186,'/mail/admin/index.php',0),(20111021,14,0,'MOZILLA',5.00,'Linux',1319199187,'/sparklines.php',0),(20111021,14,101,'MOZILLA',5.00,'Linux',1319199188,'/mail/admin/index.php',0),(20111021,14,0,'MOZILLA',5.00,'Linux',1319199189,'/sparklines.php',0),(20111021,14,101,'MOZILLA',5.00,'Linux',1319199200,'/mail/admin/index.php',0),(20111021,14,0,'MOZILLA',5.00,'Linux',1319199200,'/sparklines.php',0),(20111021,14,101,'MOZILLA',5.00,'Linux',1319199249,'/mail/admin/index.php',0),(20111021,14,0,'MOZILLA',5.00,'Linux',1319199250,'/sparklines.php',0),(20111021,14,101,'MOZILLA',5.00,'Linux',1319199252,'/mail/index.php',0),(20111021,14,0,'MOZILLA',5.00,'Linux',1319199252,'/sparklines.php',0),(20111021,14,101,'MOZILLA',5.00,'Linux',1319199414,'/mail/index.php',0),(20111021,14,0,'MOZILLA',5.00,'Linux',1319199414,'/sparklines.php',0),(20111021,14,0,'MOZILLA',5.00,'Linux',1319199416,'/project/privacy.php',0),(20111021,14,0,'MOZILLA',5.00,'Linux',1319199462,'/my/index.php',0),(20111021,14,0,'MOZILLA',5.00,'Linux',1319199462,'/sparklines.php',0),(20111021,14,0,'MOZILLA',5.00,'Linux',1319199463,'/widgets/widget.php',0),(20111021,14,0,'MOZILLA',5.00,'Linux',1319199463,'/widgets/widget.php',0),(20111021,14,0,'MOZILLA',5.00,'Linux',1319199463,'/widgets/widget.php',0),(20111021,14,0,'MOZILLA',5.00,'Linux',1319199463,'/widgets/widget.php',0),(20111021,14,0,'MOZILLA',5.00,'Linux',1319199463,'/sparklines.php',0),(20111021,14,0,'MOZILLA',5.00,'Linux',1319199463,'/sparklines.php',0),(20111021,14,0,'MOZILLA',5.00,'Linux',1319199463,'/sparklines.php',0),(20111021,14,0,'MOZILLA',5.00,'Linux',1319199463,'/sparklines.php',0),(20111021,14,0,'MOZILLA',5.00,'Linux',1319199464,'/projects/codendi/',0),(20111021,14,0,'MOZILLA',5.00,'Linux',1319199465,'/sparklines.php',0),(20111021,14,0,'MOZILLA',5.00,'Linux',1319199465,'/widgets/widget.php',0),(20111021,14,0,'MOZILLA',5.00,'Linux',1319199465,'/plugins/IM/index.php',0),(20111021,14,0,'MOZILLA',5.00,'Linux',1319199465,'/sparklines.php',0),(20111021,14,1,'MOZILLA',5.00,'Linux',1319199466,'/mail/index.php',0),(20111021,14,0,'MOZILLA',5.00,'Linux',1319199467,'/sparklines.php',0),(20111021,14,101,'MOZILLA',5.00,'Linux',1319199572,'/mail/index.php',0),(20111021,14,0,'MOZILLA',5.00,'Linux',1319199572,'/sparklines.php',0),(20111021,14,0,'MOZILLA',5.00,'Linux',1319199867,'/project/privacy.php',0),(20111021,14,101,'MOZILLA',5.00,'Linux',1319199868,'/mail/index.php',0),(20111021,14,0,'MOZILLA',5.00,'Linux',1319199868,'/sparklines.php',0),(20111021,14,0,'MOZILLA',5.00,'Linux',1319199912,'/my/index.php',0),(20111021,14,0,'MOZILLA',5.00,'Linux',1319199912,'/sparklines.php',0),(20111021,14,0,'MOZILLA',5.00,'Linux',1319199913,'/widgets/widget.php',0),(20111021,14,0,'MOZILLA',5.00,'Linux',1319199913,'/widgets/widget.php',0),(20111021,14,0,'MOZILLA',5.00,'Linux',1319199913,'/widgets/widget.php',0),(20111021,14,0,'MOZILLA',5.00,'Linux',1319199913,'/widgets/widget.php',0),(20111021,14,0,'MOZILLA',5.00,'Linux',1319199913,'/sparklines.php',0),(20111021,14,0,'MOZILLA',5.00,'Linux',1319199913,'/sparklines.php',0),(20111021,14,0,'MOZILLA',5.00,'Linux',1319199913,'/sparklines.php',0),(20111021,14,0,'MOZILLA',5.00,'Linux',1319199913,'/sparklines.php',0),(20111021,14,0,'MOZILLA',5.00,'Linux',1319199915,'/account/preferences.php',0),(20111021,14,0,'MOZILLA',5.00,'Linux',1319199915,'/sparklines.php',0),(20111021,14,101,'MOZILLA',5.00,'Linux',1319200126,'/mail/index.php',0),(20111021,14,0,'MOZILLA',5.00,'Linux',1319200127,'/sparklines.php',0),(20111021,14,101,'MOZILLA',5.00,'Linux',1319200248,'/mail/index.php',0),(20111021,14,0,'MOZILLA',5.00,'Linux',1319200249,'/sparklines.php',0),(20111021,14,101,'MOZILLA',5.00,'Linux',1319200260,'/mail/index.php',0),(20111021,14,0,'MOZILLA',5.00,'Linux',1319200260,'/sparklines.php',0),(20111021,14,101,'MOZILLA',5.00,'Linux',1319200269,'/mail/index.php',0),(20111021,14,0,'MOZILLA',5.00,'Linux',1319200269,'/sparklines.php',0),(20111021,14,101,'MOZILLA',5.00,'Linux',1319200582,'/mail/index.php',0),(20111021,14,0,'MOZILLA',5.00,'Linux',1319200583,'/sparklines.php',0),(20111021,14,101,'MOZILLA',5.00,'Linux',1319200592,'/mail/index.php',0),(20111021,14,0,'MOZILLA',5.00,'Linux',1319200593,'/sparklines.php',0),(20111021,14,101,'MOZILLA',5.00,'Linux',1319200778,'/mail/index.php',0),(20111021,14,0,'MOZILLA',5.00,'Linux',1319200779,'/sparklines.php',0),(20111021,14,101,'MOZILLA',5.00,'Linux',1319200780,'/mail/index.php',0),(20111021,14,0,'MOZILLA',5.00,'Linux',1319200780,'/sparklines.php',0),(20111021,14,101,'MOZILLA',5.00,'Linux',1319200786,'/mail/index.php',0),(20111021,14,0,'MOZILLA',5.00,'Linux',1319200786,'/sparklines.php',0),(20111021,14,101,'MOZILLA',5.00,'Linux',1319200789,'/mail/index.php',0),(20111021,14,0,'MOZILLA',5.00,'Linux',1319200789,'/sparklines.php',0),(20111021,14,0,'MOZILLA',5.00,'Linux',1319200794,'/project/privacy.php',0),(20111021,14,101,'MOZILLA',5.00,'Linux',1319200798,'/mail/index.php',0),(20111021,14,0,'MOZILLA',5.00,'Linux',1319200798,'/sparklines.php',0),(20111021,14,101,'MOZILLA',5.00,'Linux',1319200801,'/mail/index.php',0),(20111021,14,0,'MOZILLA',5.00,'Linux',1319200801,'/sparklines.php',0),(20111021,14,101,'MOZILLA',5.00,'Linux',1319200803,'/mail/index.php',0),(20111021,14,0,'MOZILLA',5.00,'Linux',1319200803,'/sparklines.php',0),(20111021,14,101,'MOZILLA',5.00,'Linux',1319200841,'/mail/index.php',0),(20111021,14,0,'MOZILLA',5.00,'Linux',1319200842,'/sparklines.php',0),(20111021,14,101,'MOZILLA',5.00,'Linux',1319201047,'/mail/index.php',0),(20111021,14,0,'MOZILLA',5.00,'Linux',1319201048,'/sparklines.php',0),(20111021,14,101,'MOZILLA',5.00,'Linux',1319201271,'/mail/index.php',0),(20111021,14,0,'MOZILLA',5.00,'Linux',1319201272,'/sparklines.php',0),(20111021,14,101,'MOZILLA',5.00,'Linux',1319201280,'/mail/index.php',0),(20111021,14,0,'MOZILLA',5.00,'Linux',1319201280,'/sparklines.php',0),(20111021,14,101,'MOZILLA',5.00,'Linux',1319201289,'/plugins/forumml/message.php',0),(20111021,14,0,'MOZILLA',5.00,'Linux',1319201289,'/sparklines.php',0),(20111021,14,101,'MOZILLA',5.00,'Linux',1319201293,'/mail/index.php',0),(20111021,14,0,'MOZILLA',5.00,'Linux',1319201293,'/sparklines.php',0),(20111021,14,101,'MOZILLA',5.00,'Linux',1319201358,'/mail/index.php',0),(20111021,14,0,'MOZILLA',5.00,'Linux',1319201358,'/sparklines.php',0),(20111021,14,101,'MOZILLA',5.00,'Linux',1319201372,'/mail/index.php',0),(20111021,14,0,'MOZILLA',5.00,'Linux',1319201373,'/sparklines.php',0),(20111021,14,101,'MOZILLA',5.00,'Linux',1319201511,'/mail/index.php',0),(20111021,14,0,'MOZILLA',5.00,'Linux',1319201511,'/sparklines.php',0),(20111021,14,101,'MOZILLA',5.00,'Linux',1319201561,'/mail/index.php',0),(20111021,14,0,'MOZILLA',5.00,'Linux',1319201562,'/sparklines.php',0),(20111021,14,101,'MOZILLA',5.00,'Linux',1319201567,'/mail/index.php',0),(20111021,14,0,'MOZILLA',5.00,'Linux',1319201568,'/sparklines.php',0),(20111021,14,101,'MOZILLA',5.00,'Linux',1319201587,'/mail/index.php',0),(20111021,14,0,'MOZILLA',5.00,'Linux',1319201587,'/sparklines.php',0),(20111021,14,101,'MOZILLA',5.00,'Linux',1319201619,'/mail/index.php',0),(20111021,14,0,'MOZILLA',5.00,'Linux',1319201619,'/sparklines.php',0),(20111021,14,101,'MOZILLA',5.00,'Linux',1319201640,'/mail/index.php',0),(20111021,14,0,'MOZILLA',5.00,'Linux',1319201641,'/sparklines.php',0),(20111021,14,101,'MOZILLA',5.00,'Linux',1319201650,'/mail/index.php',0),(20111021,14,0,'MOZILLA',5.00,'Linux',1319201650,'/sparklines.php',0),(20111021,14,101,'MOZILLA',5.00,'Linux',1319201653,'/mail/index.php',0),(20111021,14,0,'MOZILLA',5.00,'Linux',1319201653,'/sparklines.php',0),(20111021,14,101,'MOZILLA',5.00,'Linux',1319201659,'/mail/index.php',0),(20111021,14,0,'MOZILLA',5.00,'Linux',1319201659,'/sparklines.php',0),(20111021,14,101,'MOZILLA',5.00,'Linux',1319201668,'/mail/index.php',0),(20111021,14,0,'MOZILLA',5.00,'Linux',1319201668,'/sparklines.php',0),(20111021,14,101,'MOZILLA',5.00,'Linux',1319201749,'/plugins/forumml/message.php',0),(20111021,14,0,'MOZILLA',5.00,'Linux',1319201750,'/sparklines.php',0),(20111021,15,101,'MOZILLA',5.00,'Linux',1319202157,'/mail/index.php',0),(20111021,15,0,'MOZILLA',5.00,'Linux',1319202158,'/sparklines.php',0),(20111021,15,101,'MOZILLA',5.00,'Linux',1319202225,'/mail/index.php',0),(20111021,15,0,'MOZILLA',5.00,'Linux',1319202226,'/sparklines.php',0),(20111021,15,101,'MOZILLA',5.00,'Linux',1319202345,'/mail/index.php',0),(20111021,15,0,'MOZILLA',5.00,'Linux',1319202345,'/sparklines.php',0),(20111021,15,101,'MOZILLA',5.00,'Linux',1319202354,'/mail/index.php',0),(20111021,15,0,'MOZILLA',5.00,'Linux',1319202354,'/sparklines.php',0),(20111021,15,101,'MOZILLA',5.00,'Linux',1319202778,'/mail/index.php',0),(20111021,15,0,'MOZILLA',5.00,'Linux',1319202778,'/sparklines.php',0),(20111021,15,101,'MOZILLA',5.00,'Linux',1319202792,'/mail/index.php',0),(20111021,15,0,'MOZILLA',5.00,'Linux',1319202793,'/sparklines.php',0),(20111021,15,101,'MOZILLA',5.00,'Linux',1319202854,'/mail/index.php',0),(20111021,15,0,'MOZILLA',5.00,'Linux',1319202855,'/sparklines.php',0),(20111021,15,101,'MOZILLA',5.00,'Linux',1319202976,'/mail/index.php',0),(20111021,15,0,'MOZILLA',5.00,'Linux',1319202976,'/sparklines.php',0),(20111021,15,101,'MOZILLA',5.00,'Linux',1319202991,'/mail/index.php',0),(20111021,15,0,'MOZILLA',5.00,'Linux',1319202992,'/sparklines.php',0),(20111021,15,101,'MOZILLA',5.00,'Linux',1319203005,'/mail/index.php',0),(20111021,15,0,'MOZILLA',5.00,'Linux',1319203006,'/sparklines.php',0),(20111021,15,101,'MOZILLA',5.00,'Linux',1319203026,'/mail/index.php',0),(20111021,15,0,'MOZILLA',5.00,'Linux',1319203026,'/sparklines.php',0),(20111021,15,101,'MOZILLA',5.00,'Linux',1319203065,'/mail/index.php',0),(20111021,15,0,'MOZILLA',5.00,'Linux',1319203065,'/sparklines.php',0),(20111021,15,101,'MOZILLA',5.00,'Linux',1319203527,'/mail/index.php',0),(20111021,15,0,'MOZILLA',5.00,'Linux',1319203528,'/sparklines.php',0),(20111021,15,101,'MOZILLA',5.00,'Linux',1319203790,'/mail/index.php',0),(20111021,15,0,'MOZILLA',5.00,'Linux',1319203791,'/sparklines.php',0),(20111021,15,101,'MOZILLA',5.00,'Linux',1319204086,'/mail/index.php',0),(20111021,15,0,'MOZILLA',5.00,'Linux',1319204087,'/sparklines.php',0),(20111021,15,101,'MOZILLA',5.00,'Linux',1319204110,'/mail/index.php',0),(20111021,15,0,'MOZILLA',5.00,'Linux',1319204110,'/sparklines.php',0),(20111021,15,101,'MOZILLA',5.00,'Linux',1319204131,'/plugins/forumml/message.php',0),(20111021,15,0,'MOZILLA',5.00,'Linux',1319204132,'/sparklines.php',0),(20111021,15,101,'MOZILLA',5.00,'Linux',1319204136,'/mail/index.php',0),(20111021,15,0,'MOZILLA',5.00,'Linux',1319204136,'/sparklines.php',0),(20111021,15,101,'MOZILLA',5.00,'Linux',1319204144,'/mail/index.php',0),(20111021,15,0,'MOZILLA',5.00,'Linux',1319204145,'/sparklines.php',0),(20111021,15,101,'MOZILLA',5.00,'Linux',1319204148,'/mail/admin/index.php',0),(20111021,15,0,'MOZILLA',5.00,'Linux',1319204148,'/sparklines.php',0),(20111021,15,101,'MOZILLA',5.00,'Linux',1319204151,'/mail/index.php',0),(20111021,15,0,'MOZILLA',5.00,'Linux',1319204152,'/sparklines.php',0),(20111021,15,0,'MOZILLA',5.00,'Linux',1319204183,'/mail/index.php',0),(20111021,15,0,'MOZILLA',5.00,'Linux',1319204183,'/sparklines.php',0),(20111021,15,101,'MOZILLA',5.00,'Linux',1319204229,'/mail/index.php',0),(20111021,15,0,'MOZILLA',5.00,'Linux',1319204229,'/sparklines.php',0),(20111021,15,101,'MOZILLA',5.00,'Linux',1319204232,'/mail/index.php',0),(20111021,15,0,'MOZILLA',5.00,'Linux',1319204232,'/sparklines.php',0),(20111021,15,0,'MOZILLA',5.00,'Linux',1319204809,'/project/privacy.php',0),(20111021,15,101,'MOZILLA',5.00,'Linux',1319204829,'/mail/index.php',0),(20111021,15,0,'MOZILLA',5.00,'Linux',1319204830,'/sparklines.php',0),(20111021,15,101,'MOZILLA',5.00,'Linux',1319204871,'/plugins/forumml/message.php',0),(20111021,15,0,'MOZILLA',5.00,'Linux',1319204871,'/sparklines.php',0),(20111021,15,101,'MOZILLA',5.00,'Linux',1319204942,'/plugins/forumml/message.php',0),(20111021,15,0,'MOZILLA',5.00,'Linux',1319204943,'/sparklines.php',0),(20111021,15,0,'MOZILLA',5.00,'Linux',1319204945,'/sparklines.php',0),(20111021,15,0,'MOZILLA',5.00,'Linux',1319204945,'/project/privacy.php',0),(20111021,15,101,'MOZILLA',5.00,'Linux',1319204952,'/plugins/forumml/message.php',0),(20111021,15,0,'MOZILLA',5.00,'Linux',1319204952,'/sparklines.php',0),(20111021,15,0,'MOZILLA',5.00,'Linux',1319204956,'/sparklines.php',0),(20111021,15,101,'MOZILLA',5.00,'Linux',1319205012,'/plugins/forumml/message.php',0),(20111021,15,0,'MOZILLA',5.00,'Linux',1319205012,'/sparklines.php',0),(20111021,15,0,'MOZILLA',5.00,'Linux',1319205015,'/sparklines.php',0),(20111021,15,0,'MOZILLA',5.00,'Linux',1319205016,'/project/privacy.php',0),(20111021,15,0,'MOZILLA',5.00,'Linux',1319205024,'/account/login.php',0),(20111021,15,0,'MOZILLA',5.00,'Linux',1319205024,'/sparklines.php',0),(20111021,15,0,'MOZILLA',5.00,'Linux',1319205033,'/account/login.php',0),(20111021,15,0,'MOZILLA',5.00,'Linux',1319205033,'/my/index.php',0),(20111021,15,0,'MOZILLA',5.00,'Linux',1319205034,'/sparklines.php',0),(20111021,15,0,'MOZILLA',5.00,'Linux',1319205034,'/widgets/widget.php',0),(20111021,15,0,'MOZILLA',5.00,'Linux',1319205034,'/widgets/widget.php',0),(20111021,15,0,'MOZILLA',5.00,'Linux',1319205034,'/widgets/widget.php',0),(20111021,15,0,'MOZILLA',5.00,'Linux',1319205034,'/widgets/widget.php',0),(20111021,15,0,'MOZILLA',5.00,'Linux',1319205034,'/sparklines.php',0),(20111021,15,0,'MOZILLA',5.00,'Linux',1319205035,'/sparklines.php',0),(20111021,15,0,'MOZILLA',5.00,'Linux',1319205035,'/sparklines.php',0),(20111021,15,0,'MOZILLA',5.00,'Linux',1319205035,'/sparklines.php',0),(20111021,15,0,'MOZILLA',5.00,'Linux',1319205037,'/projects/nty/',0),(20111021,15,0,'MOZILLA',5.00,'Linux',1319205038,'/sparklines.php',0),(20111021,15,0,'MOZILLA',5.00,'Linux',1319205038,'/plugins/IM/index.php',0),(20111021,15,0,'MOZILLA',5.00,'Linux',1319205039,'/widgets/widget.php',0),(20111021,15,0,'MOZILLA',5.00,'Linux',1319205039,'/sparklines.php',0),(20111021,15,101,'MOZILLA',5.00,'Linux',1319205042,'/mail/index.php',0),(20111021,15,0,'MOZILLA',5.00,'Linux',1319205043,'/sparklines.php',0),(20111021,15,101,'MOZILLA',5.00,'Linux',1319205044,'/plugins/forumml/message.php',0),(20111021,15,0,'MOZILLA',5.00,'Linux',1319205045,'/sparklines.php',0),(20111021,15,101,'MOZILLA',5.00,'Win',1319205047,'/mail/index.php',0),(20111021,15,0,'MOZILLA',5.00,'Win',1319205048,'/sparklines.php',0),(20111021,15,101,'MOZILLA',5.00,'Win',1319205052,'/plugins/forumml/message.php',0),(20111021,15,0,'MOZILLA',5.00,'Win',1319205053,'/sparklines.php',0),(20111021,15,0,'MOZILLA',5.00,'Linux',1319205056,'/sparklines.php',0),(20111021,15,0,'MOZILLA',5.00,'Win',1319205059,'/account/login.php',0),(20111021,15,0,'MOZILLA',5.00,'Win',1319205060,'/sparklines.php',0),(20111021,15,0,'MOZILLA',5.00,'Win',1319205068,'/account/login.php',0),(20111021,15,0,'MOZILLA',5.00,'Win',1319205068,'/my/index.php',0),(20111021,15,0,'MOZILLA',5.00,'Win',1319205069,'/sparklines.php',0),(20111021,15,0,'MOZILLA',5.00,'Win',1319205069,'/widgets/widget.php',0),(20111021,15,0,'MOZILLA',5.00,'Win',1319205069,'/widgets/widget.php',0),(20111021,15,0,'MOZILLA',5.00,'Win',1319205069,'/widgets/widget.php',0),(20111021,15,0,'MOZILLA',5.00,'Win',1319205069,'/widgets/widget.php',0),(20111021,15,0,'MOZILLA',5.00,'Win',1319205069,'/sparklines.php',0),(20111021,15,0,'MOZILLA',5.00,'Win',1319205069,'/sparklines.php',0),(20111021,15,0,'MOZILLA',5.00,'Win',1319205069,'/sparklines.php',0),(20111021,15,0,'MOZILLA',5.00,'Win',1319205069,'/sparklines.php',0),(20111021,15,0,'MOZILLA',5.00,'Win',1319205074,'/projects/nty/',0),(20111021,15,0,'MOZILLA',5.00,'Win',1319205075,'/plugins/IM/index.php',0),(20111021,15,0,'MOZILLA',5.00,'Win',1319205075,'/widgets/widget.php',0),(20111021,15,0,'MOZILLA',5.00,'Win',1319205075,'/sparklines.php',0),(20111021,15,0,'MOZILLA',5.00,'Win',1319205075,'/sparklines.php',0),(20111021,15,101,'MOZILLA',5.00,'Linux',1319205077,'/plugins/forumml/message.php',0),(20111021,15,0,'MOZILLA',5.00,'Linux',1319205077,'/sparklines.php',0),(20111021,15,101,'MOZILLA',5.00,'Win',1319205083,'/mail/index.php',0),(20111021,15,0,'MOZILLA',5.00,'Linux',1319205083,'/sparklines.php',0),(20111021,15,0,'MOZILLA',5.00,'Win',1319205083,'/sparklines.php',0),(20111021,15,101,'MOZILLA',5.00,'Linux',1319205085,'/plugins/forumml/message.php',0),(20111021,15,0,'MOZILLA',5.00,'Linux',1319205086,'/sparklines.php',0),(20111021,15,0,'MOZILLA',5.00,'Linux',1319205089,'/sparklines.php',0),(20111021,15,101,'MOZILLA',5.00,'Linux',1319205096,'/mail/index.php',0),(20111021,15,0,'MOZILLA',5.00,'Linux',1319205096,'/sparklines.php',0),(20111021,15,0,'MOZILLA',5.00,'Linux',1319205104,'/sparklines.php',0),(20111021,15,101,'MOZILLA',5.00,'Linux',1319205113,'/mail/index.php',0),(20111021,15,0,'MOZILLA',5.00,'Linux',1319205113,'/sparklines.php',0),(20111021,15,101,'MOZILLA',5.00,'Win',1319205113,'/plugins/forumml/message.php',0),(20111021,15,0,'MOZILLA',5.00,'Win',1319205114,'/sparklines.php',0),(20111021,15,0,'MOZILLA',5.00,'Win',1319205124,'/project/privacy.php',0),(20111021,15,101,'MOZILLA',5.00,'Win',1319205133,'/plugins/forumml/message.php',0),(20111021,15,0,'MOZILLA',5.00,'Win',1319205134,'/sparklines.php',0),(20111021,15,101,'MOZILLA',5.00,'Win',1319205145,'/plugins/forumml/message.php',0),(20111021,15,0,'MOZILLA',5.00,'Win',1319205146,'/sparklines.php',0),(20111021,15,101,'MOZILLA',5.00,'Linux',1319205171,'/plugins/forumml/message.php',0),(20111021,15,0,'MOZILLA',5.00,'Linux',1319205172,'/sparklines.php',0),(20111021,15,101,'MOZILLA',5.00,'Linux',1319205460,'/mail/index.php',0),(20111021,15,0,'MOZILLA',5.00,'Linux',1319205461,'/sparklines.php',0),(20111021,15,101,'MOZILLA',5.00,'Linux',1319205548,'/mail/index.php',0),(20111021,15,0,'MOZILLA',5.00,'Linux',1319205548,'/sparklines.php',0),(20111021,16,0,'MOZILLA',5.00,'Linux',1319205777,'/project/privacy.php',0),(20111021,16,101,'MOZILLA',5.00,'Linux',1319205779,'/plugins/forumml/message.php',0),(20111021,16,101,'MOZILLA',5.00,'Linux',1319205798,'/plugins/forumml/message.php',0),(20111021,16,0,'MOZILLA',5.00,'Linux',1319205799,'/sparklines.php',0),(20111021,16,101,'MOZILLA',5.00,'Linux',1319206047,'/plugins/forumml/message.php',0),(20111021,16,0,'MOZILLA',5.00,'Linux',1319206048,'/sparklines.php',0),(20111021,16,101,'MOZILLA',5.00,'Linux',1319206052,'/plugins/forumml/message.php',0),(20111021,16,0,'MOZILLA',5.00,'Linux',1319206053,'/plugins/forumml/scripts/cc_attach_js.php',0),(20111021,16,0,'MOZILLA',5.00,'Linux',1319206053,'/sparklines.php',0),(20111021,16,101,'MOZILLA',5.00,'Linux',1319206057,'/plugins/forumml/message.php',0),(20111021,16,0,'MOZILLA',5.00,'Linux',1319206058,'/sparklines.php',0),(20111021,16,101,'MOZILLA',5.00,'Linux',1319206060,'/mail/index.php',0),(20111021,16,0,'MOZILLA',5.00,'Linux',1319206060,'/sparklines.php',0),(20111021,16,101,'MOZILLA',5.00,'Linux',1319206061,'/plugins/forumml/message.php',0),(20111021,16,0,'MOZILLA',5.00,'Linux',1319206062,'/sparklines.php',0),(20111021,16,101,'MOZILLA',5.00,'Linux',1319206195,'/plugins/forumml/message.php',0),(20111021,16,0,'MOZILLA',5.00,'Linux',1319206195,'/sparklines.php',0),(20111021,16,101,'MOZILLA',5.00,'Linux',1319206562,'/mail/index.php',0),(20111021,16,0,'MOZILLA',5.00,'Linux',1319206563,'/sparklines.php',0),(20111021,16,101,'MOZILLA',5.00,'Linux',1319206601,'/mail/index.php',0),(20111021,16,0,'MOZILLA',5.00,'Linux',1319206601,'/sparklines.php',0),(20111021,16,101,'MOZILLA',5.00,'Linux',1319206612,'/plugins/forumml/message.php',0),(20111021,16,0,'MOZILLA',5.00,'Linux',1319206613,'/sparklines.php',0),(20111021,16,101,'MOZILLA',5.00,'Linux',1319206620,'/plugins/forumml/message.php',0),(20111021,16,0,'MOZILLA',5.00,'Linux',1319206621,'/sparklines.php',0),(20111021,16,0,'MOZILLA',5.00,'Linux',1319206636,'/project/privacy.php',0),(20111021,16,101,'MOZILLA',5.00,'Linux',1319206637,'/plugins/forumml/message.php',0),(20111021,16,0,'MOZILLA',5.00,'Linux',1319206638,'/sparklines.php',0),(20111021,16,101,'MOZILLA',5.00,'Linux',1319206642,'/plugins/forumml/message.php',0),(20111021,16,0,'MOZILLA',5.00,'Linux',1319206642,'/sparklines.php',0),(20111021,16,0,'MOZILLA',5.00,'Linux',1319206644,'/project/privacy.php',0),(20111021,16,101,'MOZILLA',5.00,'Linux',1319206646,'/plugins/forumml/message.php',0),(20111021,16,0,'MOZILLA',5.00,'Linux',1319206646,'/sparklines.php',0),(20111021,16,0,'MOZILLA',5.00,'Linux',1319206647,'/project/privacy.php',0),(20111021,16,101,'MOZILLA',5.00,'Linux',1319206650,'/plugins/forumml/message.php',0),(20111021,16,0,'MOZILLA',5.00,'Linux',1319206651,'/sparklines.php',0),(20111021,16,101,'MOZILLA',5.00,'Linux',1319206686,'/plugins/forumml/message.php',0),(20111021,16,0,'MOZILLA',5.00,'Linux',1319206687,'/sparklines.php',0),(20111021,16,101,'MOZILLA',5.00,'Linux',1319206735,'/plugins/forumml/message.php',0),(20111021,16,0,'MOZILLA',5.00,'Linux',1319206736,'/sparklines.php',0),(20111021,16,0,'MOZILLA',5.00,'Linux',1319206743,'/project/privacy.php',0),(20111021,16,101,'MOZILLA',5.00,'Linux',1319206754,'/plugins/forumml/message.php',0),(20111021,16,0,'MOZILLA',5.00,'Linux',1319206754,'/sparklines.php',0),(20111021,16,101,'MOZILLA',5.00,'Linux',1319206883,'/mail/index.php',0),(20111021,16,0,'MOZILLA',5.00,'Linux',1319206883,'/sparklines.php',0),(20111021,16,101,'MOZILLA',5.00,'Linux',1319206885,'/plugins/forumml/message.php',0),(20111021,16,0,'MOZILLA',5.00,'Linux',1319206885,'/sparklines.php',0),(20111021,16,101,'MOZILLA',5.00,'Linux',1319206918,'/plugins/forumml/message.php',0),(20111021,16,0,'MOZILLA',5.00,'Linux',1319206919,'/sparklines.php',0),(20111021,16,101,'MOZILLA',5.00,'Linux',1319206921,'/plugins/forumml/message.php',0),(20111021,16,0,'MOZILLA',5.00,'Linux',1319206922,'/sparklines.php',0),(20111021,16,101,'MOZILLA',5.00,'Linux',1319207076,'/plugins/forumml/message.php',0),(20111021,16,0,'MOZILLA',5.00,'Linux',1319207076,'/sparklines.php',0),(20111021,16,101,'MOZILLA',5.00,'Linux',1319207134,'/plugins/forumml/message.php',0),(20111021,16,0,'MOZILLA',5.00,'Linux',1319207135,'/sparklines.php',0),(20111021,16,0,'MOZILLA',5.00,'Linux',1319207146,'/project/privacy.php',0),(20111021,16,101,'MOZILLA',5.00,'Linux',1319207376,'/mail/index.php',0),(20111021,16,0,'MOZILLA',5.00,'Linux',1319207376,'/sparklines.php',0),(20111021,16,101,'MOZILLA',5.00,'Linux',1319207384,'/mail/index.php',0),(20111021,16,0,'MOZILLA',5.00,'Linux',1319207385,'/sparklines.php',0),(20111021,16,101,'MOZILLA',5.00,'Linux',1319207404,'/mail/index.php',0),(20111021,16,0,'MOZILLA',5.00,'Linux',1319207404,'/sparklines.php',0),(20111021,16,101,'MOZILLA',5.00,'Linux',1319207408,'/plugins/forumml/message.php',0),(20111021,16,0,'MOZILLA',5.00,'Linux',1319207409,'/sparklines.php',0),(20111021,16,101,'MOZILLA',5.00,'Linux',1319207456,'/mail/index.php',0),(20111021,16,0,'MOZILLA',5.00,'Linux',1319207456,'/sparklines.php',0),(20111021,16,101,'MOZILLA',5.00,'Linux',1319207465,'/mail/index.php',0),(20111021,16,0,'MOZILLA',5.00,'Linux',1319207466,'/sparklines.php',0),(20111021,16,101,'MOZILLA',5.00,'Linux',1319207494,'/mail/index.php',0),(20111021,16,0,'MOZILLA',5.00,'Linux',1319207494,'/sparklines.php',0),(20111021,16,101,'MOZILLA',5.00,'Linux',1319207500,'/plugins/forumml/message.php',0),(20111021,16,0,'MOZILLA',5.00,'Linux',1319207500,'/sparklines.php',0),(20111021,16,101,'MOZILLA',5.00,'Linux',1319207510,'/mail/index.php',0),(20111021,16,0,'MOZILLA',5.00,'Linux',1319207510,'/sparklines.php',0),(20111021,16,101,'MOZILLA',5.00,'Linux',1319207562,'/mail/index.php',0),(20111021,16,0,'MOZILLA',5.00,'Linux',1319207563,'/sparklines.php',0),(20111021,16,101,'MOZILLA',5.00,'Linux',1319207579,'/mail/index.php',0),(20111021,16,0,'MOZILLA',5.00,'Linux',1319207579,'/sparklines.php',0),(20111021,16,101,'MOZILLA',5.00,'Linux',1319207592,'/mail/index.php',0),(20111021,16,0,'MOZILLA',5.00,'Linux',1319207592,'/sparklines.php',0),(20111021,16,101,'MOZILLA',5.00,'Linux',1319207612,'/mail/index.php',0),(20111021,16,0,'MOZILLA',5.00,'Linux',1319207613,'/sparklines.php',0),(20111021,16,101,'MOZILLA',5.00,'Linux',1319207623,'/mail/index.php',0),(20111021,16,0,'MOZILLA',5.00,'Linux',1319207624,'/sparklines.php',0),(20111021,16,101,'MOZILLA',5.00,'Linux',1319207646,'/mail/index.php',0),(20111021,16,0,'MOZILLA',5.00,'Linux',1319207646,'/sparklines.php',0),(20111021,16,101,'MOZILLA',5.00,'Linux',1319207662,'/mail/index.php',0),(20111021,16,0,'MOZILLA',5.00,'Linux',1319207663,'/sparklines.php',0),(20111021,16,101,'MOZILLA',5.00,'Linux',1319207668,'/mail/index.php',0),(20111021,16,0,'MOZILLA',5.00,'Linux',1319207668,'/sparklines.php',0),(20111021,16,101,'MOZILLA',5.00,'Linux',1319207672,'/mail/index.php',0),(20111021,16,0,'MOZILLA',5.00,'Linux',1319207672,'/sparklines.php',0),(20111021,16,101,'MOZILLA',5.00,'Linux',1319207680,'/plugins/forumml/message.php',0),(20111021,16,0,'MOZILLA',5.00,'Linux',1319207680,'/sparklines.php',0),(20111021,16,0,'MOZILLA',5.00,'Linux',1319207683,'/project/privacy.php',0),(20111021,16,0,'MOZILLA',5.00,'Linux',1319207684,'/project/privacy.php',0),(20111021,16,101,'MOZILLA',5.00,'Linux',1319207690,'/plugins/forumml/message.php',0),(20111021,16,0,'MOZILLA',5.00,'Linux',1319207690,'/sparklines.php',0),(20111021,16,0,'MOZILLA',5.00,'Linux',1319207693,'/project/privacy.php',0),(20111021,16,101,'MOZILLA',5.00,'Linux',1319207785,'/plugins/forumml/message.php',0),(20111021,16,0,'MOZILLA',5.00,'Linux',1319207785,'/sparklines.php',0),(20111021,16,101,'MOZILLA',5.00,'Linux',1319208818,'/mail/index.php',0),(20111021,16,0,'MOZILLA',5.00,'Linux',1319208818,'/sparklines.php',0),(20111021,16,101,'MOZILLA',5.00,'Linux',1319208863,'/mail/index.php',0),(20111021,16,0,'MOZILLA',5.00,'Linux',1319208863,'/sparklines.php',0),(20111021,16,101,'MOZILLA',5.00,'Linux',1319208868,'/plugins/forumml/message.php',0),(20111021,16,0,'MOZILLA',5.00,'Linux',1319208869,'/sparklines.php',0),(20111021,16,101,'MOZILLA',5.00,'Linux',1319208886,'/mail/index.php',0),(20111021,16,0,'MOZILLA',5.00,'Linux',1319208887,'/sparklines.php',0),(20111021,16,101,'MOZILLA',5.00,'Linux',1319208941,'/svn/index.php',0),(20111021,16,0,'MOZILLA',5.00,'Linux',1319208942,'/sparklines.php',0),(20111021,16,101,'MOZILLA',5.00,'Linux',1319208946,'/tracker/index.php',0),(20111021,16,0,'MOZILLA',5.00,'Linux',1319208946,'/sparklines.php',0),(20111021,16,101,'MOZILLA',5.00,'Linux',1319208948,'/tracker/index.php',0),(20111021,16,0,'MOZILLA',5.00,'Linux',1319208948,'/sparklines.php',0),(20111021,16,101,'MOZILLA',5.00,'Linux',1319208950,'/tracker/index.php',0),(20111021,16,0,'MOZILLA',5.00,'Linux',1319208951,'/sparklines.php',0),(20111021,16,101,'MOZILLA',5.00,'Linux',1319208954,'/tracker/index.php',0),(20111021,16,101,'MOZILLA',5.00,'Linux',1319208954,'/tracker/index.php',0),(20111021,16,0,'MOZILLA',5.00,'Linux',1319208955,'/sparklines.php',0),(20111021,16,101,'MOZILLA',5.00,'Linux',1319208961,'/mail/index.php',0),(20111021,16,0,'MOZILLA',5.00,'Linux',1319208962,'/sparklines.php',0),(20111021,16,101,'MOZILLA',5.00,'Linux',1319209059,'/mail/index.php',0),(20111021,16,0,'MOZILLA',5.00,'Linux',1319209060,'/sparklines.php',0),(20111021,16,101,'MOZILLA',5.00,'Linux',1319209075,'/mail/index.php',0),(20111021,16,0,'MOZILLA',5.00,'Linux',1319209076,'/sparklines.php',0),(20111021,17,101,'MOZILLA',5.00,'Linux',1319209218,'/plugins/forumml/message.php',0),(20111021,17,0,'MOZILLA',5.00,'Linux',1319209218,'/sparklines.php',0),(20111021,17,101,'MOZILLA',5.00,'Linux',1319209248,'/plugins/docman/index.php',0),(20111021,17,0,'MOZILLA',5.00,'Linux',1319209248,'/sparklines.php',0),(20111021,17,101,'MOZILLA',5.00,'Linux',1319209253,'/plugins/docman/index.php',0),(20111021,17,0,'MOZILLA',5.00,'Linux',1319209253,'/sparklines.php',0),(20111021,17,101,'MOZILLA',5.00,'Linux',1319209306,'/mail/index.php',0),(20111021,17,0,'MOZILLA',5.00,'Linux',1319209307,'/sparklines.php',0),(20111021,17,101,'MOZILLA',5.00,'Linux',1319209315,'/plugins/forumml/message.php',0),(20111021,17,0,'MOZILLA',5.00,'Linux',1319209315,'/sparklines.php',0),(20111021,17,101,'MOZILLA',5.00,'Linux',1319209360,'/mail/index.php',0),(20111021,17,0,'MOZILLA',5.00,'Linux',1319209360,'/sparklines.php',0),(20111021,17,0,'MOZILLA',5.00,'Linux',1319209495,'/account/logout.php',0),(20111021,17,0,'MOZILLA',5.00,'Linux',1319209495,'/index.php',0),(20111021,17,0,'MOZILLA',5.00,'Linux',1319209496,'/sparklines.php',0),(20111021,17,0,'MOZILLA',5.00,'Linux',1319209500,'/account/login.php',0),(20111021,17,0,'MOZILLA',5.00,'Linux',1319209501,'/sparklines.php',0),(20111021,17,0,'MOZILLA',5.00,'Linux',1319209505,'/account/login.php',0),(20111021,17,0,'MOZILLA',5.00,'Linux',1319209505,'/my/index.php',0),(20111021,17,0,'MOZILLA',5.00,'Linux',1319209505,'/sparklines.php',0),(20111021,17,0,'MOZILLA',5.00,'Linux',1319209505,'/widgets/widget.php',0),(20111021,17,0,'MOZILLA',5.00,'Linux',1319209506,'/widgets/widget.php',0),(20111021,17,0,'MOZILLA',5.00,'Linux',1319209506,'/widgets/widget.php',0),(20111021,17,0,'MOZILLA',5.00,'Linux',1319209506,'/widgets/widget.php',0),(20111021,17,0,'MOZILLA',5.00,'Linux',1319209506,'/sparklines.php',0),(20111021,17,0,'MOZILLA',5.00,'Linux',1319209506,'/sparklines.php',0),(20111021,17,0,'MOZILLA',5.00,'Linux',1319209506,'/sparklines.php',0),(20111021,17,0,'MOZILLA',5.00,'Linux',1319209506,'/sparklines.php',0),(20111021,17,0,'MOZILLA',5.00,'Linux',1319209507,'/projects/codendi/',0),(20111021,17,0,'MOZILLA',5.00,'Linux',1319209507,'/sparklines.php',0),(20111021,17,0,'MOZILLA',5.00,'Linux',1319209507,'/widgets/widget.php',0),(20111021,17,0,'MOZILLA',5.00,'Linux',1319209507,'/plugins/IM/index.php',0),(20111021,17,0,'MOZILLA',5.00,'Linux',1319209508,'/sparklines.php',0),(20111021,17,0,'MOZILLA',5.00,'Linux',1319209508,'/admin/index.php',0),(20111021,17,0,'MOZILLA',5.00,'Linux',1319209509,'/sparklines.php',0),(20111021,17,0,'MOZILLA',5.00,'Linux',1319209511,'/plugins/pluginsadministration/index.php',0),(20111021,17,0,'MOZILLA',5.00,'Linux',1319209511,'/sparklines.php',0),(20111021,17,0,'MOZILLA',5.00,'Linux',1319209514,'/plugins/pluginsadministration/index.php',0),(20111021,17,0,'MOZILLA',5.00,'Linux',1319209514,'/sparklines.php',0),(20111021,17,0,'MOZILLA',5.00,'Linux',1319209518,'/plugins/pluginsadministration/index.php',0),(20111021,17,0,'MOZILLA',5.00,'Linux',1319209519,'/sparklines.php',0),(20111021,17,0,'MOZILLA',5.00,'Linux',1319209522,'/my/index.php',0),(20111021,17,0,'MOZILLA',5.00,'Linux',1319209523,'/sparklines.php',0),(20111021,17,0,'MOZILLA',5.00,'Linux',1319209523,'/widgets/widget.php',0),(20111021,17,0,'MOZILLA',5.00,'Linux',1319209523,'/widgets/widget.php',0),(20111021,17,0,'MOZILLA',5.00,'Linux',1319209523,'/widgets/widget.php',0),(20111021,17,0,'MOZILLA',5.00,'Linux',1319209523,'/widgets/widget.php',0),(20111021,17,0,'MOZILLA',5.00,'Linux',1319209524,'/sparklines.php',0),(20111021,17,0,'MOZILLA',5.00,'Linux',1319209524,'/project/privacy.php',0),(20111021,17,0,'MOZILLA',5.00,'Linux',1319209524,'/sparklines.php',0),(20111021,17,0,'MOZILLA',5.00,'Linux',1319209524,'/sparklines.php',0),(20111021,17,0,'MOZILLA',5.00,'Linux',1319209524,'/sparklines.php',0),(20111021,17,0,'MOZILLA',5.00,'Linux',1319209524,'/projects/codendi/',0),(20111021,17,0,'MOZILLA',5.00,'Linux',1319209525,'/sparklines.php',0),(20111021,17,0,'MOZILLA',5.00,'Linux',1319209525,'/plugins/IM/index.php',0),(20111021,17,0,'MOZILLA',5.00,'Linux',1319209525,'/widgets/widget.php',0),(20111021,17,0,'MOZILLA',5.00,'Linux',1319209525,'/sparklines.php',0),(20111021,17,1,'MOZILLA',5.00,'Linux',1319209527,'/mail/index.php',0),(20111021,17,0,'MOZILLA',5.00,'Linux',1319209527,'/sparklines.php',0),(20111021,17,1,'MOZILLA',5.00,'Linux',1319209529,'/mail/admin/index.php',0),(20111021,17,0,'MOZILLA',5.00,'Linux',1319209529,'/sparklines.php',0),(20111021,17,1,'MOZILLA',5.00,'Linux',1319209530,'/mail/admin/index.php',0),(20111021,17,0,'MOZILLA',5.00,'Linux',1319209531,'/sparklines.php',0),(20111021,17,1,'MOZILLA',5.00,'Linux',1319209553,'/mail/admin/index.php',0),(20111021,17,0,'MOZILLA',5.00,'Linux',1319209553,'/sparklines.php',0),(20111021,17,1,'MOZILLA',5.00,'Linux',1319209559,'/mail/admin/index.php',0),(20111021,17,0,'MOZILLA',5.00,'Linux',1319209559,'/sparklines.php',0),(20111021,17,1,'MOZILLA',5.00,'Linux',1319209561,'/mail/index.php',0),(20111021,17,0,'MOZILLA',5.00,'Linux',1319209561,'/sparklines.php',0),(20111021,17,1,'MOZILLA',5.00,'Linux',1319209573,'/mail/index.php',0),(20111021,17,0,'MOZILLA',5.00,'Linux',1319209573,'/sparklines.php',0),(20111021,17,1,'MOZILLA',5.00,'Linux',1319209579,'/mail/index.php',0),(20111021,17,0,'MOZILLA',5.00,'Linux',1319209580,'/sparklines.php',0),(20111021,17,1,'MOZILLA',5.00,'Linux',1319209583,'/mail/index.php',0),(20111021,17,0,'MOZILLA',5.00,'Linux',1319209583,'/sparklines.php',0),(20111021,17,1,'MOZILLA',5.00,'Linux',1319209609,'/mail/index.php',0),(20111021,17,0,'MOZILLA',5.00,'Linux',1319209609,'/sparklines.php',0),(20111021,17,1,'MOZILLA',5.00,'Linux',1319209682,'/mail/index.php',0),(20111021,17,0,'MOZILLA',5.00,'Linux',1319209682,'/sparklines.php',0),(20111021,17,1,'MOZILLA',5.00,'Linux',1319209708,'/search/index.php',0),(20111021,17,0,'MOZILLA',5.00,'Linux',1319209709,'/sparklines.php',0),(20111021,17,0,'MOZILLA',5.00,'Linux',1319209710,'/projects/nty/',0),(20111021,17,0,'MOZILLA',5.00,'Linux',1319209711,'/sparklines.php',0),(20111021,17,0,'MOZILLA',5.00,'Linux',1319209711,'/plugins/IM/index.php',0),(20111021,17,0,'MOZILLA',5.00,'Linux',1319209711,'/widgets/widget.php',0),(20111021,17,0,'MOZILLA',5.00,'Linux',1319209711,'/sparklines.php',0),(20111021,17,101,'MOZILLA',5.00,'Linux',1319209712,'/mail/index.php',0),(20111021,17,0,'MOZILLA',5.00,'Linux',1319209713,'/sparklines.php',0),(20111021,17,101,'MOZILLA',5.00,'Linux',1319209715,'/mail/admin/index.php',0),(20111021,17,0,'MOZILLA',5.00,'Linux',1319209715,'/sparklines.php',0),(20111021,17,101,'MOZILLA',5.00,'Linux',1319209717,'/mail/admin/index.php',0),(20111021,17,0,'MOZILLA',5.00,'Linux',1319209717,'/sparklines.php',0),(20111021,17,101,'MOZILLA',5.00,'Linux',1319209729,'/mail/admin/index.php',0),(20111021,17,0,'MOZILLA',5.00,'Linux',1319209729,'/sparklines.php',0),(20111021,17,0,'MOZILLA',5.00,'Linux',1319209731,'/admin/index.php',0),(20111021,17,0,'MOZILLA',5.00,'Linux',1319209732,'/sparklines.php',0),(20111021,17,0,'MOZILLA',5.00,'Linux',1319209733,'/plugins/pluginsadministration/index.php',0),(20111021,17,0,'MOZILLA',5.00,'Linux',1319209734,'/sparklines.php',0),(20111021,17,0,'MOZILLA',5.00,'Linux',1319209737,'/plugins/pluginsadministration/index.php',0),(20111021,17,0,'MOZILLA',5.00,'Linux',1319209738,'/sparklines.php',0),(20111021,17,0,'MOZILLA',5.00,'Linux',1319209740,'/plugins/pluginsadministration/index.php',0),(20111021,17,0,'MOZILLA',5.00,'Linux',1319209741,'/sparklines.php',0),(20111021,17,0,'MOZILLA',5.00,'Linux',1319209743,'/account/logout.php',0),(20111021,17,0,'MOZILLA',5.00,'Linux',1319209743,'/index.php',0),(20111021,17,0,'MOZILLA',5.00,'Linux',1319209744,'/sparklines.php',0),(20111021,17,0,'MOZILLA',5.00,'Linux',1319209745,'/account/login.php',0),(20111021,17,0,'MOZILLA',5.00,'Linux',1319209746,'/sparklines.php',0),(20111021,17,0,'MOZILLA',5.00,'Linux',1319209749,'/account/login.php',0),(20111021,17,0,'MOZILLA',5.00,'Linux',1319209749,'/my/index.php',0),(20111021,17,0,'MOZILLA',5.00,'Linux',1319209749,'/sparklines.php',0),(20111021,17,0,'MOZILLA',5.00,'Linux',1319209750,'/widgets/widget.php',0),(20111021,17,0,'MOZILLA',5.00,'Linux',1319209750,'/widgets/widget.php',0),(20111021,17,0,'MOZILLA',5.00,'Linux',1319209750,'/widgets/widget.php',0),(20111021,17,0,'MOZILLA',5.00,'Linux',1319209750,'/widgets/widget.php',0),(20111021,17,0,'MOZILLA',5.00,'Linux',1319209750,'/sparklines.php',0),(20111021,17,0,'MOZILLA',5.00,'Linux',1319209750,'/sparklines.php',0),(20111021,17,0,'MOZILLA',5.00,'Linux',1319209750,'/sparklines.php',0),(20111021,17,0,'MOZILLA',5.00,'Linux',1319209750,'/sparklines.php',0),(20111021,17,0,'MOZILLA',5.00,'Linux',1319209751,'/projects/nty/',0),(20111021,17,0,'MOZILLA',5.00,'Linux',1319209752,'/plugins/IM/index.php',0),(20111021,17,0,'MOZILLA',5.00,'Linux',1319209752,'/widgets/widget.php',0),(20111021,17,0,'MOZILLA',5.00,'Linux',1319209752,'/sparklines.php',0),(20111021,17,0,'MOZILLA',5.00,'Linux',1319209752,'/sparklines.php',0),(20111021,17,101,'MOZILLA',5.00,'Linux',1319209754,'/mail/index.php',0),(20111021,17,0,'MOZILLA',5.00,'Linux',1319209755,'/sparklines.php',0),(20111021,17,101,'MOZILLA',5.00,'Linux',1319210519,'/plugins/forumml/message.php',0),(20111021,17,0,'MOZILLA',5.00,'Linux',1319210519,'/sparklines.php',0),(20111021,17,101,'MOZILLA',5.00,'Linux',1319210528,'/plugins/forumml/message.php',0),(20111021,17,0,'MOZILLA',5.00,'Linux',1319210529,'/sparklines.php',0),(20111021,17,101,'MOZILLA',5.00,'Linux',1319210586,'/plugins/forumml/message.php',0),(20111021,17,0,'MOZILLA',5.00,'Linux',1319210587,'/sparklines.php',0),(20111021,17,0,'MOZILLA',5.00,'Linux',1319210587,'/project/privacy.php',0),(20111021,17,101,'MOZILLA',5.00,'Linux',1319210600,'/search/index.php',0),(20111021,17,101,'MOZILLA',5.00,'Linux',1319210601,'/plugins/forumml/message.php',0),(20111021,17,0,'MOZILLA',5.00,'Linux',1319210601,'/sparklines.php',0),(20111021,17,101,'MOZILLA',5.00,'Linux',1319210610,'/search/index.php',0),(20111021,17,101,'MOZILLA',5.00,'Linux',1319210610,'/plugins/forumml/message.php',0),(20111021,17,0,'MOZILLA',5.00,'Linux',1319210610,'/sparklines.php',0),(20111021,17,101,'MOZILLA',5.00,'Linux',1319210685,'/plugins/forumml/message.php',0),(20111021,17,0,'MOZILLA',5.00,'Linux',1319210685,'/sparklines.php',0),(20111021,17,101,'MOZILLA',5.00,'Linux',1319210687,'/plugins/forumml/message.php',0),(20111021,17,0,'MOZILLA',5.00,'Linux',1319210687,'/plugins/forumml/scripts/cc_attach_js.php',0),(20111021,17,0,'MOZILLA',5.00,'Linux',1319210687,'/sparklines.php',0),(20111021,17,0,'MOZILLA',5.00,'Linux',1319210786,'/project/privacy.php',0),(20111021,17,0,'MOZILLA',5.00,'Linux',1319210789,'/project/privacy.php',0),(20111021,17,0,'MOZILLA',5.00,'Linux',1319210790,'/project/privacy.php',0),(20111021,17,101,'MOZILLA',5.00,'Linux',1319210795,'/plugins/forumml/index.php',0),(20111021,17,0,'MOZILLA',5.00,'Linux',1319210795,'/plugins/forumml/scripts/cc_attach_js.php',0),(20111021,17,0,'MOZILLA',5.00,'Linux',1319210796,'/sparklines.php',0),(20111021,17,0,'MOZILLA',5.00,'Linux',1319210798,'/project/privacy.php',0),(20111021,17,101,'MOZILLA',5.00,'Linux',1319210828,'/mail/index.php',0),(20111021,17,0,'MOZILLA',5.00,'Linux',1319210828,'/sparklines.php',0),(20111021,17,101,'MOZILLA',5.00,'Linux',1319210830,'/plugins/forumml/message.php',0),(20111021,17,0,'MOZILLA',5.00,'Linux',1319210830,'/sparklines.php',0),(20111021,17,101,'MOZILLA',5.00,'Linux',1319210839,'/plugins/forumml/message.php',0),(20111021,17,0,'MOZILLA',5.00,'Linux',1319210840,'/sparklines.php',0),(20111021,17,101,'MOZILLA',5.00,'Linux',1319210892,'/plugins/forumml/message.php',0),(20111021,17,0,'MOZILLA',5.00,'Linux',1319210892,'/sparklines.php',0),(20111021,17,101,'MOZILLA',5.00,'Linux',1319210899,'/plugins/forumml/message.php',0),(20111021,17,0,'MOZILLA',5.00,'Linux',1319210900,'/plugins/forumml/scripts/cc_attach_js.php',0),(20111021,17,0,'MOZILLA',5.00,'Linux',1319210900,'/sparklines.php',0),(20111021,17,101,'MOZILLA',5.00,'Linux',1319210942,'/plugins/forumml/message.php',0),(20111021,17,0,'MOZILLA',5.00,'Linux',1319210942,'/sparklines.php',0),(20111021,17,101,'MOZILLA',5.00,'Linux',1319210945,'/plugins/forumml/message.php',0),(20111021,17,0,'MOZILLA',5.00,'Linux',1319210946,'/sparklines.php',0),(20111021,17,101,'MOZILLA',5.00,'Linux',1319211199,'/plugins/forumml/message.php',0),(20111021,17,0,'MOZILLA',5.00,'Linux',1319211199,'/sparklines.php',0),(20111021,17,101,'MOZILLA',5.00,'Linux',1319211225,'/plugins/forumml/message.php',0),(20111021,17,0,'MOZILLA',5.00,'Linux',1319211225,'/sparklines.php',0),(20111021,17,101,'MOZILLA',5.00,'Linux',1319211274,'/plugins/forumml/message.php',0),(20111021,17,0,'MOZILLA',5.00,'Linux',1319211274,'/sparklines.php',0),(20111021,17,0,'MOZILLA',5.00,'Linux',1319211304,'/my/index.php',0),(20111021,17,0,'MOZILLA',5.00,'Linux',1319211304,'/sparklines.php',0),(20111021,17,0,'MOZILLA',5.00,'Linux',1319211304,'/widgets/widget.php',0),(20111021,17,0,'MOZILLA',5.00,'Linux',1319211304,'/widgets/widget.php',0),(20111021,17,0,'MOZILLA',5.00,'Linux',1319211304,'/widgets/widget.php',0),(20111021,17,0,'MOZILLA',5.00,'Linux',1319211304,'/widgets/widget.php',0),(20111021,17,0,'MOZILLA',5.00,'Linux',1319211305,'/sparklines.php',0),(20111021,17,0,'MOZILLA',5.00,'Linux',1319211305,'/sparklines.php',0),(20111021,17,0,'MOZILLA',5.00,'Linux',1319211305,'/sparklines.php',0),(20111021,17,0,'MOZILLA',5.00,'Linux',1319211305,'/sparklines.php',0),(20111021,17,0,'MOZILLA',5.00,'Linux',1319211306,'/account/preferences.php',0),(20111021,17,0,'MOZILLA',5.00,'Linux',1319211306,'/sparklines.php',0),(20111021,17,0,'MOZILLA',5.00,'Linux',1319211309,'/account/updateprefs.php',0),(20111021,17,0,'MOZILLA',5.00,'Linux',1319211309,'/account/preferences.php',0),(20111021,17,0,'MOZILLA',5.00,'Linux',1319211309,'/sparklines.php',0),(20111021,17,101,'MOZILLA',5.00,'Linux',1319211311,'/plugins/forumml/message.php',0),(20111021,17,0,'MOZILLA',5.00,'Linux',1319211312,'/sparklines.php',0),(20111021,17,101,'MOZILLA',5.00,'Linux',1319211463,'/plugins/forumml/message.php',0),(20111021,17,0,'MOZILLA',5.00,'Linux',1319211464,'/sparklines.php',0),(20111021,17,101,'MOZILLA',5.00,'Linux',1319211506,'/plugins/forumml/message.php',0),(20111021,17,0,'MOZILLA',5.00,'Linux',1319211507,'/sparklines.php',0),(20111021,17,101,'MOZILLA',5.00,'Linux',1319211979,'/plugins/forumml/message.php',0),(20111021,17,0,'MOZILLA',5.00,'Linux',1319211980,'/sparklines.php',0),(20111021,17,101,'MOZILLA',5.00,'Linux',1319212047,'/plugins/forumml/message.php',0),(20111021,17,0,'MOZILLA',5.00,'Linux',1319212048,'/sparklines.php',0),(20111021,17,101,'MOZILLA',5.00,'Linux',1319212077,'/plugins/forumml/message.php',0),(20111021,17,0,'MOZILLA',5.00,'Linux',1319212077,'/sparklines.php',0),(20111021,17,101,'MOZILLA',5.00,'Linux',1319212083,'/plugins/forumml/message.php',0),(20111021,17,0,'MOZILLA',5.00,'Linux',1319212083,'/sparklines.php',0),(20111021,17,101,'MOZILLA',5.00,'Linux',1319212109,'/plugins/forumml/message.php',0),(20111021,17,0,'MOZILLA',5.00,'Linux',1319212109,'/sparklines.php',0),(20111021,17,101,'MOZILLA',5.00,'Linux',1319212149,'/plugins/forumml/message.php',0),(20111021,17,0,'MOZILLA',5.00,'Linux',1319212149,'/sparklines.php',0),(20111021,17,101,'MOZILLA',5.00,'Linux',1319212233,'/plugins/forumml/message.php',0),(20111021,17,0,'MOZILLA',5.00,'Linux',1319212234,'/sparklines.php',0),(20111021,17,101,'MOZILLA',5.00,'Linux',1319212257,'/plugins/forumml/message.php',0),(20111021,17,0,'MOZILLA',5.00,'Linux',1319212258,'/sparklines.php',0),(20111021,17,101,'MOZILLA',5.00,'Linux',1319212334,'/plugins/forumml/message.php',0),(20111021,17,0,'MOZILLA',5.00,'Linux',1319212334,'/sparklines.php',0),(20111021,17,101,'MOZILLA',5.00,'Linux',1319212384,'/plugins/forumml/message.php',0),(20111021,17,0,'MOZILLA',5.00,'Linux',1319212385,'/sparklines.php',0),(20111021,17,101,'MOZILLA',5.00,'Linux',1319212400,'/plugins/forumml/message.php',0),(20111021,17,0,'MOZILLA',5.00,'Linux',1319212400,'/sparklines.php',0),(20111021,17,101,'MOZILLA',5.00,'Linux',1319212422,'/plugins/forumml/message.php',0),(20111021,17,0,'MOZILLA',5.00,'Linux',1319212422,'/sparklines.php',0),(20111021,17,101,'MOZILLA',5.00,'Linux',1319212436,'/plugins/forumml/message.php',0),(20111021,17,0,'MOZILLA',5.00,'Linux',1319212436,'/sparklines.php',0),(20111021,17,101,'MOZILLA',5.00,'Linux',1319212549,'/plugins/forumml/message.php',0),(20111021,17,0,'MOZILLA',5.00,'Linux',1319212549,'/sparklines.php',0),(20111021,17,101,'MOZILLA',5.00,'Linux',1319212553,'/plugins/forumml/message.php',0),(20111021,17,0,'MOZILLA',5.00,'Linux',1319212553,'/sparklines.php',0),(20111021,17,0,'MOZILLA',5.00,'Linux',1319212587,'/project/privacy.php',0),(20111021,17,101,'MOZILLA',5.00,'Linux',1319212588,'/plugins/forumml/message.php',0),(20111021,17,0,'MOZILLA',5.00,'Linux',1319212588,'/sparklines.php',0),(20111021,17,101,'MOZILLA',5.00,'Linux',1319212642,'/plugins/forumml/message.php',0),(20111021,17,0,'MOZILLA',5.00,'Linux',1319212643,'/sparklines.php',0),(20111021,17,101,'MOZILLA',5.00,'Linux',1319212657,'/plugins/forumml/message.php',0),(20111021,17,0,'MOZILLA',5.00,'Linux',1319212657,'/sparklines.php',0),(20111021,17,101,'MOZILLA',5.00,'Linux',1319212661,'/plugins/forumml/message.php',0),(20111021,17,0,'MOZILLA',5.00,'Linux',1319212661,'/sparklines.php',0),(20111021,17,101,'MOZILLA',5.00,'Linux',1319212663,'/mail/admin/index.php',0),(20111021,17,0,'MOZILLA',5.00,'Linux',1319212663,'/sparklines.php',0),(20111021,17,101,'MOZILLA',5.00,'Linux',1319212665,'/mail/index.php',0),(20111021,17,0,'MOZILLA',5.00,'Linux',1319212666,'/sparklines.php',0),(20111021,17,101,'MOZILLA',5.00,'Linux',1319212677,'/plugins/forumml/message.php',0),(20111021,17,0,'MOZILLA',5.00,'Linux',1319212677,'/sparklines.php',0),(20111021,17,101,'MOZILLA',5.00,'Linux',1319212682,'/plugins/forumml/message.php',0),(20111021,17,0,'MOZILLA',5.00,'Linux',1319212682,'/sparklines.php',0),(20111021,17,101,'MOZILLA',5.00,'Linux',1319212715,'/plugins/forumml/message.php',0),(20111021,17,0,'MOZILLA',5.00,'Linux',1319212715,'/sparklines.php',0),(20111021,17,101,'MOZILLA',5.00,'Linux',1319212735,'/plugins/forumml/message.php',0),(20111021,17,0,'MOZILLA',5.00,'Linux',1319212736,'/sparklines.php',0),(20111021,17,101,'MOZILLA',5.00,'Linux',1319212765,'/plugins/forumml/message.php',0),(20111021,17,0,'MOZILLA',5.00,'Linux',1319212765,'/sparklines.php',0),(20111021,17,101,'MOZILLA',5.00,'Linux',1319212767,'/plugins/forumml/message.php',0),(20111021,17,0,'MOZILLA',5.00,'Linux',1319212767,'/sparklines.php',0),(20111021,17,101,'MOZILLA',5.00,'Linux',1319212799,'/plugins/forumml/message.php',0),(20111021,17,0,'MOZILLA',5.00,'Linux',1319212799,'/sparklines.php',0),(20111021,18,101,'MOZILLA',5.00,'Linux',1319212811,'/plugins/forumml/message.php',0),(20111021,18,101,'MOZILLA',5.00,'Linux',1319212819,'/plugins/forumml/message.php',0),(20111021,18,0,'MOZILLA',5.00,'Linux',1319212819,'/sparklines.php',0),(20111021,18,101,'MOZILLA',5.00,'Linux',1319212861,'/plugins/forumml/message.php',0),(20111021,18,0,'MOZILLA',5.00,'Linux',1319212862,'/sparklines.php',0),(20111021,18,101,'MOZILLA',5.00,'Linux',1319212865,'/plugins/forumml/message.php',0),(20111021,18,0,'MOZILLA',5.00,'Linux',1319212865,'/sparklines.php',0),(20111021,18,101,'MOZILLA',5.00,'Linux',1319212869,'/plugins/forumml/message.php',0),(20111021,18,0,'MOZILLA',5.00,'Linux',1319212869,'/sparklines.php',0),(20111021,18,101,'MOZILLA',5.00,'Linux',1319213011,'/plugins/forumml/message.php',0),(20111021,18,0,'MOZILLA',5.00,'Linux',1319213011,'/sparklines.php',0),(20111021,18,101,'MOZILLA',5.00,'Linux',1319213016,'/mail/index.php',0),(20111021,18,0,'MOZILLA',5.00,'Linux',1319213016,'/sparklines.php',0),(20111021,18,101,'MOZILLA',5.00,'Linux',1319213017,'/plugins/forumml/message.php',0),(20111021,18,0,'MOZILLA',5.00,'Linux',1319213018,'/sparklines.php',0),(20111102,17,0,'MOZILLA',5.00,'Linux',1320251170,'/project/privacy.php',0),(20111104,10,0,'MOZILLA',5.00,'Linux',1320400329,'/sparklines.php',0),(20111104,11,0,'MOZILLA',5.00,'Linux',1320403626,'/project/privacy.php',0),(20111216,14,0,'MOZILLA',5.00,'Linux',1324043732,'/index.php',0),(20111216,14,0,'MOZILLA',5.00,'Linux',1324043732,'/index.php',0),(20111216,14,0,'MOZILLA',5.00,'Linux',1324043733,'/sparklines.php',0),(20111216,15,0,'MOZILLA',5.00,'Mac',1324044058,'/index.php',0),(20111216,15,0,'MOZILLA',5.00,'Mac',1324044059,'/index.php',0),(20111216,15,0,'MOZILLA',5.00,'Mac',1324044067,'/index.php',0),(20111216,15,0,'MOZILLA',5.00,'Mac',1324044067,'/index.php',0),(20111216,15,0,'MOZILLA',5.00,'Mac',1324044068,'/sparklines.php',0),(20111216,15,0,'MOZILLA',5.00,'Mac',1324044298,'/index.php',0),(20111216,15,0,'MOZILLA',5.00,'Mac',1324044298,'/sparklines.php',0),(20111219,21,0,'MOZILLA',5.00,'Mac',1324328359,'/index.php',0),(20111219,21,0,'MOZILLA',5.00,'Mac',1324328360,'/sparklines.php',0),(20111220,3,0,'MOZILLA',5.00,'Mac',1324347936,'/index.php',0),(20111220,3,0,'MOZILLA',5.00,'Mac',1324347940,'/my/index.php',0),(20111220,3,0,'MOZILLA',5.00,'Mac',1324347940,'/account/login.php',0),(20111220,3,0,'MOZILLA',5.00,'Mac',1324347942,'/account/login.php',0),(20111220,3,0,'MOZILLA',5.00,'Mac',1324347948,'/account/login.php',0),(20111220,3,0,'MOZILLA',5.00,'Mac',1324347954,'/account/login.php',0),(20111220,3,0,'MOZILLA',5.00,'Mac',1324347962,'/account/login.php',0),(20111220,3,0,'MOZILLA',5.00,'Mac',1324347963,'/my/index.php',0),(20111220,3,0,'MOZILLA',5.00,'Mac',1324347971,'/admin/index.php',0),(20111220,3,0,'MOZILLA',5.00,'Mac',1324347976,'/admin/register_admin.php',0),(20111220,3,0,'MOZILLA',5.00,'Mac',1324347976,'/scripts/check_pw.js.php',0),(20111220,3,0,'MOZILLA',5.00,'Mac',1324348010,'/admin/register_admin.php',0),(20111220,3,0,'MOZILLA',5.00,'Mac',1324348015,'/admin/index.php',0),(20111220,3,0,'MOZILLA',5.00,'Mac',1324348021,'/admin/grouplist.php',0),(20111220,3,0,'MOZILLA',5.00,'Mac',1324348032,'/admin/index.php',0),(20111220,3,0,'MOZILLA',5.00,'Mac',1324348036,'/admin/grouplist.php',0),(20111220,3,101,'MOZILLA',5.00,'Mac',1324348039,'/admin/groupedit.php',0),(20111220,3,101,'MOZILLA',5.00,'Mac',1324348042,'/admin/userlist.php',0),(20111220,3,101,'MOZILLA',5.00,'Mac',1324348047,'/admin/groupedit.php',0),(20111220,3,101,'MOZILLA',5.00,'Mac',1324348056,'/project/admin/index.php',0),(20111220,3,101,'MOZILLA',5.00,'Mac',1324348073,'/project/admin/index.php',0),(20111220,3,0,'MOZILLA',5.00,'Mac',1324348111,'/account/logout.php',0),(20111220,3,0,'MOZILLA',5.00,'Mac',1324348111,'/index.php',0),(20111220,3,0,'MOZILLA',5.00,'Mac',1324348114,'/account/login.php',0),(20111220,3,0,'MOZILLA',5.00,'Mac',1324348120,'/account/login.php',0),(20111220,3,0,'MOZILLA',5.00,'Mac',1324348120,'/my/index.php',0),(20111220,3,0,'MOZILLA',5.00,'Mac',1324348123,'/projects/nty/',0),(20111220,3,0,'MOZILLA',5.00,'Mac',1324348140,'/projects/nty/',0),(20111220,3,0,'MOZILLA',5.00,'Mac',1324348167,'/account/logout.php',0),(20111220,3,0,'MOZILLA',5.00,'Mac',1324348167,'/index.php',0),(20111220,3,0,'MOZILLA',5.00,'Mac',1324348170,'/account/login.php',0),(20111220,3,0,'MOZILLA',5.00,'Mac',1324348175,'/account/login.php',0),(20111220,3,0,'MOZILLA',5.00,'Mac',1324348175,'/my/index.php',0),(20111220,3,0,'MOZILLA',5.00,'Mac',1324348182,'/admin/index.php',0),(20111220,3,0,'MOZILLA',5.00,'Mac',1324348195,'/plugins/pluginsadministration/index.php',0),(20111220,3,0,'MOZILLA',5.00,'Mac',1324348208,'/plugins/pluginsadministration/index.php',0),(20111220,3,0,'MOZILLA',5.00,'Mac',1324348213,'/plugins/pluginsadministration/index.php',0),(20111220,3,0,'MOZILLA',5.00,'Mac',1324348216,'/plugins/pluginsadministration/index.php',0),(20111220,3,0,'MOZILLA',5.00,'Mac',1324348233,'/plugins/pluginsadministration/index.php',0),(20111220,3,0,'MOZILLA',5.00,'Mac',1324348256,'/plugins/pluginsadministration/index.php',0),(20111220,3,0,'MOZILLA',5.00,'Mac',1324348264,'/plugins/pluginsadministration/index.php',0),(20111220,3,0,'MOZILLA',5.00,'Mac',1324348273,'/index.php',0),(20111220,3,0,'MOZILLA',5.00,'Mac',1324348275,'/my/index.php',0),(20111220,3,0,'MOZILLA',5.00,'Mac',1324348278,'/projects/codendi/',0),(20111220,3,0,'MOZILLA',5.00,'Mac',1324348284,'/my/index.php',0),(20111220,3,0,'MOZILLA',5.00,'Mac',1324348285,'/projects/codendi/',0),(20111220,3,0,'MOZILLA',5.00,'Mac',1324348288,'/my/index.php',0),(20111220,3,0,'MOZILLA',5.00,'Mac',1324348294,'/admin/index.php',0),(20111220,3,100,'MOZILLA',5.00,'Mac',1324348308,'/project/admin/servicebar.php',0),(20111220,3,100,'MOZILLA',5.00,'Mac',1324348317,'/project/admin/editservice.php',0),(20111220,3,100,'MOZILLA',5.00,'Mac',1324348321,'/project/admin/servicebar.php',0),(20111220,3,100,'MOZILLA',5.00,'Mac',1324348332,'/plugins/git/index.php',0),(20111220,3,0,'MOZILLA',5.00,'Mac',1324348332,'/index.php',0),(20111220,3,0,'MOZILLA',5.00,'Mac',1324348350,'/account/logout.php',0),(20111220,3,0,'MOZILLA',5.00,'Mac',1324348350,'/index.php',0),(20111220,3,0,'MOZILLA',5.00,'Mac',1324348353,'/account/login.php',0),(20111220,3,0,'MOZILLA',5.00,'Mac',1324348358,'/account/login.php',0),(20111220,3,0,'MOZILLA',5.00,'Mac',1324348365,'/account/login.php',0),(20111220,3,0,'MOZILLA',5.00,'Mac',1324348365,'/my/index.php',0),(20111220,3,0,'MOZILLA',5.00,'Mac',1324348368,'/projects/nty/',0),(20111220,3,0,'MOZILLA',5.00,'Mac',1324348400,'/account/logout.php',0),(20111220,3,0,'MOZILLA',5.00,'Mac',1324348400,'/index.php',0),(20111220,3,0,'MOZILLA',5.00,'Mac',1324348404,'/account/login.php',0),(20111220,3,0,'MOZILLA',5.00,'Mac',1324348412,'/account/login.php',0),(20111220,3,0,'MOZILLA',5.00,'Mac',1324348413,'/my/index.php',0),(20111220,3,0,'MOZILLA',5.00,'Mac',1324348418,'/admin/index.php',0),(20111220,3,0,'MOZILLA',5.00,'Mac',1324348423,'/admin/grouplist.php',0),(20111220,3,101,'MOZILLA',5.00,'Mac',1324348426,'/admin/groupedit.php',0),(20111220,3,101,'MOZILLA',5.00,'Mac',1324348431,'/project/admin/index.php',0),(20111220,3,101,'MOZILLA',5.00,'Mac',1324348442,'/project/admin/userperms.php',0),(20111220,3,101,'MOZILLA',5.00,'Mac',1324348449,'/project/admin/userperms.php',0),(20111220,3,101,'MOZILLA',5.00,'Mac',1324348451,'/project/admin/index.php',0),(20111220,3,0,'MOZILLA',5.00,'Mac',1324348473,'/admin/index.php',0),(20111220,3,0,'MOZILLA',5.00,'Mac',1324348487,'/account/logout.php',0),(20111220,3,0,'MOZILLA',5.00,'Mac',1324348487,'/index.php',0),(20111220,3,0,'MOZILLA',5.00,'Mac',1324348490,'/account/login.php',0),(20111220,3,0,'MOZILLA',5.00,'Mac',1324348496,'/account/login.php',0),(20111220,3,0,'MOZILLA',5.00,'Mac',1324348497,'/my/index.php',0),(20111220,3,0,'MOZILLA',5.00,'Mac',1324348501,'/projects/nty/',0),(20111220,3,101,'MOZILLA',5.00,'Mac',1324348518,'/project/admin/index.php',0),(20111220,3,101,'MOZILLA',5.00,'Mac',1324348531,'/project/admin/servicebar.php',0),(20111220,3,101,'MOZILLA',5.00,'Mac',1324348534,'/project/admin/editservice.php',0),(20111220,3,101,'MOZILLA',5.00,'Mac',1324348537,'/project/admin/servicebar.php',0),(20111220,3,0,'MOZILLA',5.00,'Mac',1324348542,'/projects/nty/',0),(20111220,3,101,'MOZILLA',5.00,'Mac',1324348546,'/project/admin/index.php',0),(20111220,3,101,'MOZILLA',5.00,'Mac',1324348549,'/project/admin/servicebar.php',0),(20111220,3,101,'MOZILLA',5.00,'Mac',1324348552,'/project/admin/editservice.php',0),(20111220,3,101,'MOZILLA',5.00,'Mac',1324348556,'/project/admin/servicebar.php',0),(20111220,3,101,'MOZILLA',5.00,'Mac',1324348560,'/project/admin/editservice.php',0),(20111220,3,101,'MOZILLA',5.00,'Mac',1324348575,'/plugins/git/index.php',0),(20111220,3,0,'MOZILLA',5.00,'Mac',1324348575,'/index.php',0),(20111220,3,101,'MOZILLA',5.00,'Mac',1324348592,'/project/admin/editservice.php',0),(20111220,3,101,'MOZILLA',5.00,'Mac',1324348617,'/forum/index.php',0),(20111220,3,101,'MOZILLA',5.00,'Mac',1324348621,'/plugins/git/index.php',0),(20111220,3,0,'MOZILLA',5.00,'Mac',1324348622,'/index.php',0),(20111220,3,101,'MOZILLA',5.00,'Mac',1324348624,'/forum/index.php',0),(20111220,3,101,'MOZILLA',5.00,'Mac',1324348643,'/plugins/git/index.php',0),(20111220,3,0,'MOZILLA',5.00,'Mac',1324348643,'/index.php',0),(20111220,3,101,'MOZILLA',5.00,'Mac',1324348647,'/forum/index.php',0),(20111220,3,101,'MOZILLA',5.00,'Mac',1324348657,'/svn/index.php',0),(20111220,3,101,'MOZILLA',5.00,'Mac',1324348674,'/plugins/git/index.php',0),(20111220,3,0,'MOZILLA',5.00,'Mac',1324348675,'/index.php',0),(20111220,3,101,'MOZILLA',5.00,'Mac',1324348678,'/svn/index.php',0),(20111220,3,101,'MOZILLA',5.00,'Mac',1324348701,'/plugins/git/index.php',0),(20111220,3,0,'MOZILLA',5.00,'Mac',1324348701,'/index.php',0),(20111220,3,101,'MOZILLA',5.00,'Mac',1324348753,'/svn/index.php',0),(20111220,3,101,'MOZILLA',5.00,'Mac',1324348759,'/plugins/git/index.php',0),(20111220,3,0,'MOZILLA',5.00,'Mac',1324348759,'/index.php',0),(20111220,3,101,'MOZILLA',5.00,'Mac',1324348932,'/svn/index.php',0),(20111220,3,101,'MOZILLA',5.00,'Mac',1324348961,'/plugins/git/index.php',0),(20111220,3,0,'MOZILLA',5.00,'Mac',1324348961,'/index.php',0),(20111220,3,101,'MOZILLA',5.00,'Mac',1324349003,'/svn/index.php',0),(20111220,3,101,'MOZILLA',5.00,'Mac',1324349005,'/plugins/git/index.php',0),(20111220,3,0,'MOZILLA',5.00,'Mac',1324349005,'/index.php',0),(20111220,3,101,'MOZILLA',5.00,'Mac',1324349105,'/svn/index.php',0),(20111220,3,101,'MOZILLA',5.00,'Mac',1324349107,'/plugins/git/index.php',0),(20111220,3,0,'MOZILLA',5.00,'Mac',1324349108,'/index.php',0),(20111220,3,101,'MOZILLA',5.00,'Mac',1324349125,'/svn/index.php',0),(20111220,3,101,'MOZILLA',5.00,'Mac',1324349127,'/plugins/git/index.php',0),(20111220,3,101,'MOZILLA',5.00,'Mac',1324349151,'/svn/index.php',0),(20111220,3,101,'MOZILLA',5.00,'Mac',1324349156,'/project/admin/index.php',0),(20111220,3,101,'MOZILLA',5.00,'Mac',1324349161,'/project/admin/servicebar.php',0),(20111220,3,101,'MOZILLA',5.00,'Mac',1324349210,'/plugins/git/index.php',0),(20111220,3,101,'MOZILLA',5.00,'Mac',1324349270,'/project/admin/servicebar.php',0),(20111220,3,0,'MOZILLA',5.00,'Mac',1324349273,'/account/logout.php',0),(20111220,3,0,'MOZILLA',5.00,'Mac',1324349273,'/index.php',0),(20111220,3,0,'MOZILLA',5.00,'Mac',1324349276,'/account/login.php',0),(20111220,3,0,'MOZILLA',5.00,'Mac',1324349285,'/account/login.php',0),(20111220,3,0,'MOZILLA',5.00,'Mac',1324349286,'/my/index.php',0),(20111220,3,0,'MOZILLA',5.00,'Mac',1324349297,'/account/logout.php',0),(20111220,3,0,'MOZILLA',5.00,'Mac',1324349297,'/index.php',0),(20111220,3,0,'MOZILLA',5.00,'Mac',1324349300,'/account/login.php',0),(20111220,3,0,'MOZILLA',5.00,'Mac',1324349305,'/account/login.php',0),(20111220,3,0,'MOZILLA',5.00,'Mac',1324349306,'/my/index.php',0),(20111220,3,0,'MOZILLA',5.00,'Mac',1324349308,'/admin/index.php',0),(20111220,3,0,'MOZILLA',5.00,'Mac',1324349322,'/admin/grouplist.php',0),(20111220,3,101,'MOZILLA',5.00,'Mac',1324349324,'/admin/groupedit.php',0),(20111220,3,101,'MOZILLA',5.00,'Mac',1324349329,'/project/admin/index.php',0),(20111220,3,101,'MOZILLA',5.00,'Mac',1324349332,'/project/admin/servicebar.php',0),(20111220,3,0,'MOZILLA',5.00,'Mac',1324349337,'/admin/index.php',0),(20111220,3,0,'MOZILLA',5.00,'Mac',1324349341,'/plugins/pluginsadministration/index.php',0),(20111220,3,0,'MOZILLA',5.00,'Mac',1324349349,'/plugins/pluginsadministration/index.php',0),(20111220,3,0,'MOZILLA',5.00,'Mac',1324349359,'/account/logout.php',0),(20111220,3,0,'MOZILLA',5.00,'Mac',1324349359,'/index.php',0),(20111220,3,0,'MOZILLA',5.00,'Mac',1324349361,'/account/login.php',0),(20111220,3,0,'MOZILLA',5.00,'Mac',1324349367,'/account/login.php',0),(20111220,3,0,'MOZILLA',5.00,'Mac',1324349371,'/account/login.php',0),(20111220,3,0,'MOZILLA',5.00,'Mac',1324349372,'/my/index.php',0),(20111220,3,0,'MOZILLA',5.00,'Mac',1324349385,'/my/index.php',0),(20111220,3,0,'MOZILLA',5.00,'Mac',1324349388,'/projects/nty/',0),(20111220,3,101,'MOZILLA',5.00,'Mac',1324349391,'/plugins/git/index.php',0),(20111220,3,101,'MOZILLA',5.00,'Mac',1324349419,'/plugins/git/index.php',0),(20111220,3,101,'MOZILLA',5.00,'Mac',1324349435,'/plugins/git/index.php',0),(20111220,4,101,'MOZILLA',5.00,'Mac',1324350459,'/plugins/git/index.php',0),(20111220,4,101,'MOZILLA',5.00,'Mac',1324350459,'/plugins/git/index.php',0),(20111220,4,101,'MOZILLA',5.00,'Mac',1324350479,'/plugins/git/index.php',0),(20111220,4,101,'MOZILLA',5.00,'Mac',1324350479,'/plugins/git/index.php',0),(20111220,4,101,'MOZILLA',5.00,'Mac',1324350564,'/plugins/git/index.php',0),(20111220,4,101,'MOZILLA',5.00,'Mac',1324350564,'/plugins/git/index.php',0),(20111220,4,101,'MOZILLA',5.00,'Mac',1324350750,'/plugins/git/index.php',0),(20111220,4,101,'MOZILLA',5.00,'Mac',1324350751,'/plugins/git/index.php',0),(20111220,4,101,'MOZILLA',5.00,'Mac',1324350853,'/plugins/git/index.php',0),(20111220,4,101,'MOZILLA',5.00,'Mac',1324350853,'/plugins/git/index.php',0),(20111220,4,101,'MOZILLA',5.00,'Mac',1324352412,'/plugins/git/index.php',0),(20111220,4,101,'MOZILLA',5.00,'Mac',1324352413,'/plugins/git/index.php',0),(20111220,4,101,'MOZILLA',5.00,'Mac',1324352421,'/plugins/git/index.php',0),(20111220,4,101,'MOZILLA',5.00,'Mac',1324352422,'/plugins/git/index.php',0),(20111220,4,101,'MOZILLA',5.00,'Mac',1324352430,'/plugins/git/index.php',0),(20111220,4,101,'MOZILLA',5.00,'Mac',1324352430,'/plugins/git/index.php',0),(20111220,4,101,'MOZILLA',5.00,'Mac',1324352439,'/plugins/git/index.php',0),(20111220,4,101,'MOZILLA',5.00,'Mac',1324352439,'/plugins/git/index.php',0),(20111220,4,101,'MOZILLA',5.00,'Mac',1324352443,'/plugins/git/index.php',0),(20111220,4,101,'MOZILLA',5.00,'Mac',1324352444,'/plugins/git/index.php',0),(20111220,4,101,'MOZILLA',5.00,'Mac',1324352453,'/plugins/git/index.php',0),(20111220,4,101,'MOZILLA',5.00,'Mac',1324352456,'/plugins/git/index.php',0),(20111220,4,101,'MOZILLA',5.00,'Mac',1324352457,'/plugins/git/index.php',0),(20111220,4,101,'MOZILLA',5.00,'Mac',1324352458,'/plugins/git/index.php',0),(20111220,4,101,'MOZILLA',5.00,'Mac',1324352460,'/plugins/git/index.php',0),(20111220,4,101,'MOZILLA',5.00,'Mac',1324352486,'/plugins/git/index.php',0),(20111220,4,101,'MOZILLA',5.00,'Mac',1324352487,'/plugins/git/index.php',0),(20111220,4,101,'MOZILLA',5.00,'Mac',1324352768,'/plugins/git/index.php',0),(20111220,4,101,'MOZILLA',5.00,'Mac',1324353254,'/plugins/git/index.php',0),(20111220,4,0,'MOZILLA',5.00,'Mac',1324353388,'/my/index.php',0),(20111220,4,0,'MOZILLA',5.00,'Mac',1324353391,'/account/preferences.php',0),(20111220,4,0,'MOZILLA',5.00,'Mac',1324353399,'/account/updateprefs.php',0),(20111220,4,0,'MOZILLA',5.00,'Mac',1324353399,'/account/preferences.php',0),(20111220,4,0,'MOZILLA',5.00,'Mac',1324353403,'/softwaremap/index.php',0),(20111220,4,0,'MOZILLA',5.00,'Mac',1324353403,'/softwaremap/trove_list.php',0),(20111220,4,0,'MOZILLA',5.00,'Mac',1324353405,'/index.php',0),(20111220,4,0,'MOZILLA',5.00,'Mac',1324353406,'/my/index.php',0),(20111220,4,0,'MOZILLA',5.00,'Mac',1324353408,'/projects/nty/',0),(20111220,4,101,'MOZILLA',5.00,'Mac',1324353412,'/plugins/git/index.php',0),(20111220,4,101,'MOZILLA',5.00,'Mac',1324353433,'/plugins/git/index.php',0),(20111220,4,101,'MOZILLA',5.00,'Mac',1324353438,'/plugins/git/index.php',0),(20111220,4,101,'MOZILLA',5.00,'Mac',1324353487,'/plugins/git/index.php',0),(20111220,4,101,'MOZILLA',5.00,'Mac',1324353487,'/plugins/git/index.php',0),(20111220,4,101,'MOZILLA',5.00,'Mac',1324353496,'/plugins/git/index.php',0),(20111220,4,101,'MOZILLA',5.00,'Mac',1324353497,'/plugins/git/index.php',0),(20111220,4,101,'MOZILLA',5.00,'Mac',1324353500,'/plugins/git/index.php',0),(20111220,4,101,'MOZILLA',5.00,'Mac',1324353505,'/plugins/git/index.php',0),(20111220,4,101,'MOZILLA',5.00,'Mac',1324353509,'/project/admin/index.php',0),(20111220,4,101,'MOZILLA',5.00,'Mac',1324353519,'/plugins/git/index.php',0),(20111220,4,101,'MOZILLA',5.00,'Mac',1324353522,'/plugins/git/index.php/101/view/2/',0),(20111220,4,101,'MOZILLA',5.00,'Mac',1324353526,'/plugins/git/index.php',0),(20111220,4,101,'MOZILLA',5.00,'Mac',1324353530,'/plugins/git/index.php',0),(20111220,4,101,'MOZILLA',5.00,'Mac',1324353532,'/plugins/git/index.php',0),(20111220,9,101,'MOZILLA',5.00,'Mac',1324370458,'/plugins/git/index.php',0),(20111222,0,0,'MOZILLA',5.00,'Linux',1324508820,'/index.php',0),(20111222,0,0,'MOZILLA',5.00,'Linux',1324508821,'/index.php',0),(20111222,0,0,'MOZILLA',5.00,'Linux',1324508823,'/my/index.php',0),(20111222,0,0,'MOZILLA',5.00,'Linux',1324508823,'/my/index.php',0),(20111222,0,0,'MOZILLA',5.00,'Linux',1324508824,'/account/login.php',0),(20111222,0,0,'MOZILLA',5.00,'Linux',1324508825,'/account/login.php',0),(20111222,0,0,'MOZILLA',5.00,'Linux',1324508827,'/account/login.php',0),(20111222,0,0,'MOZILLA',5.00,'Linux',1324508828,'/my/index.php',0),(20111222,0,0,'MOZILLA',5.00,'Linux',1324508828,'/my/index.php',0),(20111222,0,0,'MOZILLA',5.00,'Linux',1324509173,'/index.php',0),(20111222,0,0,'MOZILLA',5.00,'Linux',1324509174,'/index.php',0),(20111222,0,0,'MOZILLA',5.00,'Linux',1324509176,'/my/index.php',0),(20111222,0,0,'MOZILLA',5.00,'Linux',1324509176,'/my/index.php',0),(20111222,0,0,'MOZILLA',5.00,'Linux',1324509177,'/account/login.php',0),(20111222,0,0,'MOZILLA',5.00,'Linux',1324509179,'/account/login.php',0),(20111222,0,0,'MOZILLA',5.00,'Linux',1324509180,'/my/index.php',0),(20111222,0,0,'MOZILLA',5.00,'Linux',1324509181,'/my/index.php',0),(20111222,0,0,'MOZILLA',5.00,'Mac',1324509513,'/index.php',0),(20111222,0,0,'MOZILLA',5.00,'Mac',1324509513,'/index.php',0),(20111222,0,0,'MOZILLA',5.00,'Mac',1324509514,'/my/index.php',0),(20111222,0,0,'MOZILLA',5.00,'Mac',1324509514,'/account/login.php',0),(20111222,0,0,'MOZILLA',5.00,'Mac',1324509515,'/account/login.php',0),(20111222,0,0,'MOZILLA',5.00,'Mac',1324509515,'/my/index.php',0),(20111222,0,0,'MOZILLA',5.00,'Mac',1324509581,'/index.php',0),(20111222,0,0,'MOZILLA',5.00,'Mac',1324509581,'/index.php',0),(20111222,0,0,'MOZILLA',5.00,'Mac',1324509582,'/my/index.php',0),(20111222,0,0,'MOZILLA',5.00,'Mac',1324509582,'/account/login.php',0),(20111222,0,0,'MOZILLA',5.00,'Mac',1324509582,'/account/login.php',0),(20111222,0,0,'MOZILLA',5.00,'Mac',1324509583,'/my/index.php',0),(20111222,0,0,'MOZILLA',5.00,'Mac',1324509588,'/index.php',0),(20111222,0,0,'MOZILLA',5.00,'Mac',1324509588,'/index.php',0),(20111222,0,0,'MOZILLA',5.00,'Mac',1324509589,'/my/index.php',0),(20111222,0,0,'MOZILLA',5.00,'Mac',1324509589,'/account/login.php',0),(20111222,0,0,'MOZILLA',5.00,'Mac',1324509590,'/account/login.php',0),(20111222,0,0,'MOZILLA',5.00,'Mac',1324509590,'/my/index.php',0),(20111222,0,0,'MOZILLA',5.00,'Mac',1324509967,'/index.php',0),(20111222,0,0,'MOZILLA',5.00,'Mac',1324509967,'/index.php',0),(20111222,0,0,'MOZILLA',5.00,'Mac',1324509984,'/account/login.php',0),(20111222,0,0,'MOZILLA',5.00,'Mac',1324509985,'/account/login.php',0),(20111222,0,0,'MOZILLA',5.00,'Mac',1324509994,'/account/login.php',0),(20111222,0,0,'MOZILLA',5.00,'Mac',1324509994,'/my/index.php',0),(20111222,0,0,'MOZILLA',5.00,'Mac',1324510024,'/index.php',0),(20111222,0,0,'MOZILLA',5.00,'Mac',1324510024,'/index.php',0),(20111222,0,0,'MOZILLA',5.00,'Mac',1324510025,'/my/index.php',0),(20111222,0,0,'MOZILLA',5.00,'Mac',1324510025,'/account/login.php',0),(20111222,0,0,'MOZILLA',5.00,'Mac',1324510026,'/account/login.php',0),(20111222,0,0,'MOZILLA',5.00,'Mac',1324510026,'/my/index.php',0),(20111222,0,0,'MOZILLA',5.00,'Mac',1324510047,'/index.php',0),(20111222,0,0,'MOZILLA',5.00,'Mac',1324510048,'/index.php',0),(20111222,0,0,'MOZILLA',5.00,'Mac',1324510049,'/my/index.php',0),(20111222,0,0,'MOZILLA',5.00,'Mac',1324510049,'/account/login.php',0),(20111222,0,0,'MOZILLA',5.00,'Mac',1324510049,'/account/login.php',0),(20111222,0,0,'MOZILLA',5.00,'Mac',1324510050,'/my/index.php',0),(20111020,13,101,'MOZILLA',5.00,'Linux',1319109947,'/plugins/docman/index.php',0),(20111020,13,0,'MOZILLA',5.00,'Linux',1319109948,'/sparklines.php',0),(20111020,13,101,'MOZILLA',5.00,'Linux',1319109952,'/plugins/docman/index.php',0),(20111020,13,0,'MOZILLA',5.00,'Linux',1319109952,'/sparklines.php',0),(20111020,13,101,'MOZILLA',5.00,'Linux',1319109966,'/plugins/docman/index.php',0),(20111020,13,101,'MOZILLA',5.00,'Linux',1319109967,'/plugins/docman/index.php',0),(20111020,13,0,'MOZILLA',5.00,'Linux',1319109967,'/sparklines.php',0),(20111020,13,101,'MOZILLA',5.00,'Linux',1319109971,'/plugins/docman/index.php',0),(20111020,13,0,'MOZILLA',5.00,'Linux',1319109972,'/sparklines.php',0),(20111020,13,101,'MOZILLA',5.00,'Linux',1319109981,'/plugins/docman/index.php',0),(20111020,13,101,'MOZILLA',5.00,'Linux',1319109981,'/plugins/docman/index.php',0),(20111020,13,0,'MOZILLA',5.00,'Linux',1319109981,'/sparklines.php',0),(20111020,13,101,'MOZILLA',5.00,'Linux',1319109992,'/plugins/docman/index.php',0),(20111020,13,0,'MOZILLA',5.00,'Linux',1319109993,'/sparklines.php',0),(20111020,13,101,'MOZILLA',5.00,'Linux',1319109995,'/plugins/docman/index.php',0),(20111020,13,0,'MOZILLA',5.00,'Linux',1319109995,'/sparklines.php',0),(20111020,13,101,'MOZILLA',5.00,'Linux',1319109998,'/plugins/docman/index.php',0),(20111020,13,0,'MOZILLA',5.00,'Linux',1319109998,'/sparklines.php',0),(20111020,13,101,'MOZILLA',5.00,'Linux',1319110002,'/plugins/docman/index.php',0),(20111020,13,101,'MOZILLA',5.00,'Linux',1319110002,'/plugins/docman/index.php',0),(20111020,13,0,'MOZILLA',5.00,'Linux',1319110002,'/sparklines.php',0),(20111020,13,0,'MOZILLA',5.00,'Linux',1319110005,'/account/logout.php',0),(20111020,13,0,'MOZILLA',5.00,'Linux',1319110006,'/index.php',0),(20111020,13,0,'MOZILLA',5.00,'Linux',1319110006,'/sparklines.php',0),(20111020,13,0,'MOZILLA',5.00,'Linux',1319110008,'/account/login.php',0),(20111020,13,0,'MOZILLA',5.00,'Linux',1319110008,'/sparklines.php',0),(20111020,13,0,'MOZILLA',5.00,'Linux',1319110013,'/account/login.php',0),(20111020,13,0,'MOZILLA',5.00,'Linux',1319110013,'/my/index.php',0),(20111020,13,0,'MOZILLA',5.00,'Linux',1319110013,'/sparklines.php',0),(20111020,13,0,'MOZILLA',5.00,'Linux',1319110013,'/widgets/widget.php',0),(20111020,13,0,'MOZILLA',5.00,'Linux',1319110014,'/sparklines.php',0),(20111020,13,0,'MOZILLA',5.00,'Linux',1319110014,'/widgets/widget.php',0),(20111020,13,0,'MOZILLA',5.00,'Linux',1319110014,'/widgets/widget.php',0),(20111020,13,0,'MOZILLA',5.00,'Linux',1319110014,'/widgets/widget.php',0),(20111020,13,0,'MOZILLA',5.00,'Linux',1319110014,'/sparklines.php',0),(20111020,13,0,'MOZILLA',5.00,'Linux',1319110014,'/sparklines.php',0),(20111020,13,0,'MOZILLA',5.00,'Linux',1319110014,'/sparklines.php',0),(20111020,13,0,'MOZILLA',5.00,'Linux',1319110016,'/admin/index.php',0),(20111020,13,0,'MOZILLA',5.00,'Linux',1319110016,'/sparklines.php',0),(20111020,13,0,'MOZILLA',5.00,'Linux',1319110060,'/admin/grouplist.php',0),(20111020,13,0,'MOZILLA',5.00,'Linux',1319110060,'/sparklines.php',0),(20111020,13,101,'MOZILLA',5.00,'Linux',1319110072,'/admin/groupedit.php',0),(20111020,13,0,'MOZILLA',5.00,'Linux',1319110072,'/sparklines.php',0),(20111020,13,101,'MOZILLA',5.00,'Linux',1319110087,'/admin/show_pending_documents.php',0),(20111020,13,0,'MOZILLA',5.00,'Linux',1319110087,'/sparklines.php',0),(20111021,9,0,'MOZILLA',5.00,'Linux',1319182000,'/index.php',0),(20111021,9,0,'MOZILLA',5.00,'Linux',1319182000,'/index.php',0),(20111021,9,0,'MOZILLA',5.00,'Linux',1319182000,'/sparklines.php',0),(20111021,9,0,'MOZILLA',5.00,'Linux',1319182005,'/my/index.php',0),(20111021,9,0,'MOZILLA',5.00,'Linux',1319182005,'/sparklines.php',0),(20111021,9,0,'MOZILLA',5.00,'Linux',1319182005,'/widgets/widget.php',0),(20111021,9,0,'MOZILLA',5.00,'Linux',1319182006,'/widgets/widget.php',0),(20111021,9,0,'MOZILLA',5.00,'Linux',1319182006,'/widgets/widget.php',0),(20111021,9,0,'MOZILLA',5.00,'Linux',1319182006,'/widgets/widget.php',0),(20111021,9,0,'MOZILLA',5.00,'Linux',1319182006,'/sparklines.php',0),(20111021,9,0,'MOZILLA',5.00,'Linux',1319182006,'/sparklines.php',0),(20111021,9,0,'MOZILLA',5.00,'Linux',1319182006,'/sparklines.php',0),(20111021,9,0,'MOZILLA',5.00,'Linux',1319182006,'/sparklines.php',0),(20111021,9,0,'MOZILLA',5.00,'Linux',1319182008,'/account/logout.php',0),(20111021,9,0,'MOZILLA',5.00,'Linux',1319182008,'/index.php',0),(20111021,9,0,'MOZILLA',5.00,'Linux',1319182008,'/sparklines.php',0),(20111021,9,0,'MOZILLA',5.00,'Linux',1319182010,'/sparklines.php',0),(20111021,9,0,'MOZILLA',5.00,'Linux',1319182010,'/widgets/widget.php',0),(20111021,9,0,'MOZILLA',5.00,'Linux',1319182010,'/widgets/widget.php',0),(20111021,9,0,'MOZILLA',5.00,'Linux',1319182010,'/widgets/widget.php',0),(20111021,9,0,'MOZILLA',5.00,'Linux',1319182010,'/widgets/widget.php',0),(20111021,9,0,'MOZILLA',5.00,'Linux',1319182010,'/sparklines.php',0),(20111021,9,0,'MOZILLA',5.00,'Linux',1319182010,'/sparklines.php',0),(20111021,9,0,'MOZILLA',5.00,'Linux',1319182010,'/sparklines.php',0),(20111021,9,0,'MOZILLA',5.00,'Linux',1319182011,'/sparklines.php',0),(20111021,9,0,'MOZILLA',5.00,'Linux',1319182012,'/projects/codendi/',0),(20111021,9,0,'MOZILLA',5.00,'Linux',1319182013,'/sparklines.php',0),(20111021,9,0,'MOZILLA',5.00,'Linux',1319182016,'/account/login.php',0),(20111021,9,0,'MOZILLA',5.00,'Linux',1319182017,'/account/login.php',0),(20111021,9,0,'MOZILLA',5.00,'Linux',1319182017,'/sparklines.php',0),(20111021,9,0,'MOZILLA',5.00,'Linux',1319182021,'/account/login.php',0),(20111021,9,0,'MOZILLA',5.00,'Linux',1319182021,'/my/index.php',0),(20111021,9,0,'MOZILLA',5.00,'Linux',1319182022,'/widgets/widget.php',0),(20111021,9,0,'MOZILLA',5.00,'Linux',1319182022,'/widgets/widget.php',0),(20111021,9,0,'MOZILLA',5.00,'Linux',1319182022,'/widgets/widget.php',0),(20111021,9,0,'MOZILLA',5.00,'Linux',1319182022,'/widgets/widget.php',0),(20111021,9,0,'MOZILLA',5.00,'Linux',1319182022,'/sparklines.php',0),(20111021,9,0,'MOZILLA',5.00,'Linux',1319182022,'/sparklines.php',0),(20111021,9,0,'MOZILLA',5.00,'Linux',1319182022,'/sparklines.php',0),(20111021,9,0,'MOZILLA',5.00,'Linux',1319182022,'/sparklines.php',0),(20111021,9,0,'MOZILLA',5.00,'Linux',1319182022,'/sparklines.php',0),(20111021,9,0,'MOZILLA',5.00,'Linux',1319182024,'/projects/codendi/',0),(20111021,9,0,'MOZILLA',5.00,'Linux',1319182025,'/sparklines.php',0),(20111021,9,0,'MOZILLA',5.00,'Linux',1319182025,'/plugins/IM/index.php',0),(20111021,9,0,'MOZILLA',5.00,'Linux',1319182025,'/widgets/widget.php',0),(20111021,9,0,'MOZILLA',5.00,'Linux',1319182025,'/sparklines.php',0),(20111021,9,1,'MOZILLA',5.00,'Linux',1319182066,'/project/admin/index.php',0),(20111021,9,0,'MOZILLA',5.00,'Linux',1319182067,'/sparklines.php',0),(20111021,9,0,'MOZILLA',5.00,'Linux',1319182067,'/plugins/IM/index.php',0),(20111021,9,1,'MOZILLA',5.00,'Linux',1319182073,'/project/admin/servicebar.php',0),(20111021,9,0,'MOZILLA',5.00,'Linux',1319182073,'/sparklines.php',0),(20111021,9,1,'MOZILLA',5.00,'Linux',1319182075,'/project/admin/editservice.php',0),(20111021,9,0,'MOZILLA',5.00,'Linux',1319182075,'/sparklines.php',0),(20111021,9,1,'MOZILLA',5.00,'Linux',1319182077,'/project/admin/servicebar.php',0),(20111021,9,0,'MOZILLA',5.00,'Linux',1319182077,'/sparklines.php',0),(20111021,9,1,'MOZILLA',5.00,'Linux',1319182079,'/cvs/index.php',0),(20111021,9,0,'MOZILLA',5.00,'Linux',1319182079,'/sparklines.php',0),(20111021,9,0,'MOZILLA',5.00,'Linux',1319182098,'/project/privacy.php',0),(20111021,9,1,'MOZILLA',5.00,'Linux',1319182268,'/cvs/index.php',0),(20111021,11,0,'MOZILLA',5.00,'Linux',1319188413,'/index.php',0),(20111021,11,0,'MOZILLA',5.00,'Linux',1319188417,'/projects/nty/',0),(20111021,11,0,'MOZILLA',5.00,'Linux',1319188418,'/plugins/IM/index.php',0),(20111021,11,0,'MOZILLA',5.00,'Linux',1319188418,'/widgets/widget.php',0),(20111021,11,101,'MOZILLA',5.00,'Linux',1319188421,'/tracker/index.php',0),(20111021,11,10100,'MOZILLA',5.00,'Linux',1319188425,'/tracker/index.php',0),(20111021,14,0,'MOZILLA',5.00,'Linux',1319198752,'/my/index.php',0),(20111021,14,0,'MOZILLA',5.00,'Linux',1319198753,'/widgets/widget.php',0),(20111021,14,0,'MOZILLA',5.00,'Linux',1319198753,'/widgets/widget.php',0),(20111021,14,0,'MOZILLA',5.00,'Linux',1319198753,'/widgets/widget.php',0),(20111021,14,0,'MOZILLA',5.00,'Linux',1319198753,'/widgets/widget.php',0),(20111021,14,0,'MOZILLA',5.00,'Linux',1319198756,'/account/logout.php',0),(20111021,14,0,'MOZILLA',5.00,'Linux',1319198756,'/index.php',0),(20111021,14,0,'MOZILLA',5.00,'Linux',1319198759,'/account/login.php',0),(20111021,14,0,'MOZILLA',5.00,'Linux',1319198763,'/account/login.php',0),(20111021,14,0,'MOZILLA',5.00,'Linux',1319198763,'/my/index.php',0),(20111021,14,0,'MOZILLA',5.00,'Linux',1319198764,'/widgets/widget.php',0),(20111021,14,0,'MOZILLA',5.00,'Linux',1319198764,'/widgets/widget.php',0),(20111021,14,0,'MOZILLA',5.00,'Linux',1319198764,'/widgets/widget.php',0),(20111021,14,0,'MOZILLA',5.00,'Linux',1319198764,'/widgets/widget.php',0),(20111021,14,0,'MOZILLA',5.00,'Linux',1319198766,'/projects/nty/',0),(20111021,14,0,'MOZILLA',5.00,'Linux',1319198767,'/plugins/IM/index.php',0),(20111021,14,0,'MOZILLA',5.00,'Linux',1319198767,'/widgets/widget.php',0),(20111021,14,101,'MOZILLA',5.00,'Linux',1319198768,'/mail/index.php',0),(20111021,14,101,'MOZILLA',5.00,'Linux',1319198771,'/mail/admin/index.php',0),(20111021,14,101,'MOZILLA',5.00,'Linux',1319198773,'/mail/admin/index.php',0),(20111021,14,101,'MOZILLA',5.00,'Linux',1319198782,'/mail/admin/index.php',0),(20111021,14,101,'MOZILLA',5.00,'Linux',1319198785,'/mail/index.php',0),(20111021,14,101,'MOZILLA',5.00,'Linux',1319198815,'/plugins/forumml/message.php',0),(20111021,14,101,'MOZILLA',5.00,'Linux',1319198820,'/plugins/forumml/message.php',0),(20111021,14,0,'MOZILLA',5.00,'Linux',1319199179,'/project/privacy.php',0),(20111021,14,101,'MOZILLA',5.00,'Linux',1319199184,'/plugins/forumml/message.php',0),(20111021,14,0,'MOZILLA',5.00,'Linux',1319199184,'/sparklines.php',0),(20111021,14,101,'MOZILLA',5.00,'Linux',1319199186,'/mail/admin/index.php',0),(20111021,14,0,'MOZILLA',5.00,'Linux',1319199187,'/sparklines.php',0),(20111021,14,101,'MOZILLA',5.00,'Linux',1319199188,'/mail/admin/index.php',0),(20111021,14,0,'MOZILLA',5.00,'Linux',1319199189,'/sparklines.php',0),(20111021,14,101,'MOZILLA',5.00,'Linux',1319199200,'/mail/admin/index.php',0),(20111021,14,0,'MOZILLA',5.00,'Linux',1319199200,'/sparklines.php',0),(20111021,14,101,'MOZILLA',5.00,'Linux',1319199249,'/mail/admin/index.php',0),(20111021,14,0,'MOZILLA',5.00,'Linux',1319199250,'/sparklines.php',0),(20111021,14,101,'MOZILLA',5.00,'Linux',1319199252,'/mail/index.php',0),(20111021,14,0,'MOZILLA',5.00,'Linux',1319199252,'/sparklines.php',0),(20111021,14,101,'MOZILLA',5.00,'Linux',1319199414,'/mail/index.php',0),(20111021,14,0,'MOZILLA',5.00,'Linux',1319199414,'/sparklines.php',0),(20111021,14,0,'MOZILLA',5.00,'Linux',1319199416,'/project/privacy.php',0),(20111021,14,0,'MOZILLA',5.00,'Linux',1319199462,'/my/index.php',0),(20111021,14,0,'MOZILLA',5.00,'Linux',1319199462,'/sparklines.php',0),(20111021,14,0,'MOZILLA',5.00,'Linux',1319199463,'/widgets/widget.php',0),(20111021,14,0,'MOZILLA',5.00,'Linux',1319199463,'/widgets/widget.php',0),(20111021,14,0,'MOZILLA',5.00,'Linux',1319199463,'/widgets/widget.php',0),(20111021,14,0,'MOZILLA',5.00,'Linux',1319199463,'/widgets/widget.php',0),(20111021,14,0,'MOZILLA',5.00,'Linux',1319199463,'/sparklines.php',0),(20111021,14,0,'MOZILLA',5.00,'Linux',1319199463,'/sparklines.php',0),(20111021,14,0,'MOZILLA',5.00,'Linux',1319199463,'/sparklines.php',0),(20111021,14,0,'MOZILLA',5.00,'Linux',1319199463,'/sparklines.php',0),(20111021,14,0,'MOZILLA',5.00,'Linux',1319199464,'/projects/codendi/',0),(20111021,14,0,'MOZILLA',5.00,'Linux',1319199465,'/sparklines.php',0),(20111021,14,0,'MOZILLA',5.00,'Linux',1319199465,'/widgets/widget.php',0),(20111021,14,0,'MOZILLA',5.00,'Linux',1319199465,'/plugins/IM/index.php',0),(20111021,14,0,'MOZILLA',5.00,'Linux',1319199465,'/sparklines.php',0),(20111021,14,1,'MOZILLA',5.00,'Linux',1319199466,'/mail/index.php',0),(20111021,14,0,'MOZILLA',5.00,'Linux',1319199467,'/sparklines.php',0),(20111021,14,101,'MOZILLA',5.00,'Linux',1319199572,'/mail/index.php',0),(20111021,14,0,'MOZILLA',5.00,'Linux',1319199572,'/sparklines.php',0),(20111021,14,0,'MOZILLA',5.00,'Linux',1319199867,'/project/privacy.php',0),(20111021,14,101,'MOZILLA',5.00,'Linux',1319199868,'/mail/index.php',0),(20111021,14,0,'MOZILLA',5.00,'Linux',1319199868,'/sparklines.php',0),(20111021,14,0,'MOZILLA',5.00,'Linux',1319199912,'/my/index.php',0),(20111021,14,0,'MOZILLA',5.00,'Linux',1319199912,'/sparklines.php',0),(20111021,14,0,'MOZILLA',5.00,'Linux',1319199913,'/widgets/widget.php',0),(20111021,14,0,'MOZILLA',5.00,'Linux',1319199913,'/widgets/widget.php',0),(20111021,14,0,'MOZILLA',5.00,'Linux',1319199913,'/widgets/widget.php',0),(20111021,14,0,'MOZILLA',5.00,'Linux',1319199913,'/widgets/widget.php',0),(20111021,14,0,'MOZILLA',5.00,'Linux',1319199913,'/sparklines.php',0),(20111021,14,0,'MOZILLA',5.00,'Linux',1319199913,'/sparklines.php',0),(20111021,14,0,'MOZILLA',5.00,'Linux',1319199913,'/sparklines.php',0),(20111021,14,0,'MOZILLA',5.00,'Linux',1319199913,'/sparklines.php',0),(20111021,14,0,'MOZILLA',5.00,'Linux',1319199915,'/account/preferences.php',0),(20111021,14,0,'MOZILLA',5.00,'Linux',1319199915,'/sparklines.php',0),(20111021,14,101,'MOZILLA',5.00,'Linux',1319200126,'/mail/index.php',0),(20111021,14,0,'MOZILLA',5.00,'Linux',1319200127,'/sparklines.php',0),(20111021,14,101,'MOZILLA',5.00,'Linux',1319200248,'/mail/index.php',0),(20111021,14,0,'MOZILLA',5.00,'Linux',1319200249,'/sparklines.php',0),(20111021,14,101,'MOZILLA',5.00,'Linux',1319200260,'/mail/index.php',0),(20111021,14,0,'MOZILLA',5.00,'Linux',1319200260,'/sparklines.php',0),(20111021,14,101,'MOZILLA',5.00,'Linux',1319200269,'/mail/index.php',0),(20111021,14,0,'MOZILLA',5.00,'Linux',1319200269,'/sparklines.php',0),(20111021,14,101,'MOZILLA',5.00,'Linux',1319200582,'/mail/index.php',0),(20111021,14,0,'MOZILLA',5.00,'Linux',1319200583,'/sparklines.php',0),(20111021,14,101,'MOZILLA',5.00,'Linux',1319200592,'/mail/index.php',0),(20111021,14,0,'MOZILLA',5.00,'Linux',1319200593,'/sparklines.php',0),(20111021,14,101,'MOZILLA',5.00,'Linux',1319200778,'/mail/index.php',0),(20111021,14,0,'MOZILLA',5.00,'Linux',1319200779,'/sparklines.php',0),(20111021,14,101,'MOZILLA',5.00,'Linux',1319200780,'/mail/index.php',0),(20111021,14,0,'MOZILLA',5.00,'Linux',1319200780,'/sparklines.php',0),(20111021,14,101,'MOZILLA',5.00,'Linux',1319200786,'/mail/index.php',0),(20111021,14,0,'MOZILLA',5.00,'Linux',1319200786,'/sparklines.php',0),(20111021,14,101,'MOZILLA',5.00,'Linux',1319200789,'/mail/index.php',0),(20111021,14,0,'MOZILLA',5.00,'Linux',1319200789,'/sparklines.php',0),(20111021,14,0,'MOZILLA',5.00,'Linux',1319200794,'/project/privacy.php',0),(20111021,14,101,'MOZILLA',5.00,'Linux',1319200798,'/mail/index.php',0),(20111021,14,0,'MOZILLA',5.00,'Linux',1319200798,'/sparklines.php',0),(20111021,14,101,'MOZILLA',5.00,'Linux',1319200801,'/mail/index.php',0),(20111021,14,0,'MOZILLA',5.00,'Linux',1319200801,'/sparklines.php',0),(20111021,14,101,'MOZILLA',5.00,'Linux',1319200803,'/mail/index.php',0),(20111021,14,0,'MOZILLA',5.00,'Linux',1319200803,'/sparklines.php',0),(20111021,14,101,'MOZILLA',5.00,'Linux',1319200841,'/mail/index.php',0),(20111021,14,0,'MOZILLA',5.00,'Linux',1319200842,'/sparklines.php',0),(20111021,14,101,'MOZILLA',5.00,'Linux',1319201047,'/mail/index.php',0),(20111021,14,0,'MOZILLA',5.00,'Linux',1319201048,'/sparklines.php',0),(20111021,14,101,'MOZILLA',5.00,'Linux',1319201271,'/mail/index.php',0),(20111021,14,0,'MOZILLA',5.00,'Linux',1319201272,'/sparklines.php',0),(20111021,14,101,'MOZILLA',5.00,'Linux',1319201280,'/mail/index.php',0),(20111021,14,0,'MOZILLA',5.00,'Linux',1319201280,'/sparklines.php',0),(20111021,14,101,'MOZILLA',5.00,'Linux',1319201289,'/plugins/forumml/message.php',0),(20111021,14,0,'MOZILLA',5.00,'Linux',1319201289,'/sparklines.php',0),(20111021,14,101,'MOZILLA',5.00,'Linux',1319201293,'/mail/index.php',0),(20111021,14,0,'MOZILLA',5.00,'Linux',1319201293,'/sparklines.php',0),(20111021,14,101,'MOZILLA',5.00,'Linux',1319201358,'/mail/index.php',0),(20111021,14,0,'MOZILLA',5.00,'Linux',1319201358,'/sparklines.php',0),(20111021,14,101,'MOZILLA',5.00,'Linux',1319201372,'/mail/index.php',0),(20111021,14,0,'MOZILLA',5.00,'Linux',1319201373,'/sparklines.php',0),(20111021,14,101,'MOZILLA',5.00,'Linux',1319201511,'/mail/index.php',0),(20111021,14,0,'MOZILLA',5.00,'Linux',1319201511,'/sparklines.php',0),(20111021,14,101,'MOZILLA',5.00,'Linux',1319201561,'/mail/index.php',0),(20111021,14,0,'MOZILLA',5.00,'Linux',1319201562,'/sparklines.php',0),(20111021,14,101,'MOZILLA',5.00,'Linux',1319201567,'/mail/index.php',0),(20111021,14,0,'MOZILLA',5.00,'Linux',1319201568,'/sparklines.php',0),(20111021,14,101,'MOZILLA',5.00,'Linux',1319201587,'/mail/index.php',0),(20111021,14,0,'MOZILLA',5.00,'Linux',1319201587,'/sparklines.php',0),(20111021,14,101,'MOZILLA',5.00,'Linux',1319201619,'/mail/index.php',0),(20111021,14,0,'MOZILLA',5.00,'Linux',1319201619,'/sparklines.php',0),(20111021,14,101,'MOZILLA',5.00,'Linux',1319201640,'/mail/index.php',0),(20111021,14,0,'MOZILLA',5.00,'Linux',1319201641,'/sparklines.php',0),(20111021,14,101,'MOZILLA',5.00,'Linux',1319201650,'/mail/index.php',0),(20111021,14,0,'MOZILLA',5.00,'Linux',1319201650,'/sparklines.php',0),(20111021,14,101,'MOZILLA',5.00,'Linux',1319201653,'/mail/index.php',0),(20111021,14,0,'MOZILLA',5.00,'Linux',1319201653,'/sparklines.php',0),(20111021,14,101,'MOZILLA',5.00,'Linux',1319201659,'/mail/index.php',0),(20111021,14,0,'MOZILLA',5.00,'Linux',1319201659,'/sparklines.php',0),(20111021,14,101,'MOZILLA',5.00,'Linux',1319201668,'/mail/index.php',0),(20111021,14,0,'MOZILLA',5.00,'Linux',1319201668,'/sparklines.php',0),(20111021,14,101,'MOZILLA',5.00,'Linux',1319201749,'/plugins/forumml/message.php',0),(20111021,14,0,'MOZILLA',5.00,'Linux',1319201750,'/sparklines.php',0),(20111021,15,101,'MOZILLA',5.00,'Linux',1319202157,'/mail/index.php',0),(20111021,15,0,'MOZILLA',5.00,'Linux',1319202158,'/sparklines.php',0),(20111021,15,101,'MOZILLA',5.00,'Linux',1319202225,'/mail/index.php',0),(20111021,15,0,'MOZILLA',5.00,'Linux',1319202226,'/sparklines.php',0),(20111021,15,101,'MOZILLA',5.00,'Linux',1319202345,'/mail/index.php',0),(20111021,15,0,'MOZILLA',5.00,'Linux',1319202345,'/sparklines.php',0),(20111021,15,101,'MOZILLA',5.00,'Linux',1319202354,'/mail/index.php',0),(20111021,15,0,'MOZILLA',5.00,'Linux',1319202354,'/sparklines.php',0),(20111021,15,101,'MOZILLA',5.00,'Linux',1319202778,'/mail/index.php',0),(20111021,15,0,'MOZILLA',5.00,'Linux',1319202778,'/sparklines.php',0),(20111021,15,101,'MOZILLA',5.00,'Linux',1319202792,'/mail/index.php',0),(20111021,15,0,'MOZILLA',5.00,'Linux',1319202793,'/sparklines.php',0),(20111021,15,101,'MOZILLA',5.00,'Linux',1319202854,'/mail/index.php',0),(20111021,15,0,'MOZILLA',5.00,'Linux',1319202855,'/sparklines.php',0),(20111021,15,101,'MOZILLA',5.00,'Linux',1319202976,'/mail/index.php',0),(20111021,15,0,'MOZILLA',5.00,'Linux',1319202976,'/sparklines.php',0),(20111021,15,101,'MOZILLA',5.00,'Linux',1319202991,'/mail/index.php',0),(20111021,15,0,'MOZILLA',5.00,'Linux',1319202992,'/sparklines.php',0),(20111021,15,101,'MOZILLA',5.00,'Linux',1319203005,'/mail/index.php',0),(20111021,15,0,'MOZILLA',5.00,'Linux',1319203006,'/sparklines.php',0),(20111021,15,101,'MOZILLA',5.00,'Linux',1319203026,'/mail/index.php',0),(20111021,15,0,'MOZILLA',5.00,'Linux',1319203026,'/sparklines.php',0),(20111021,15,101,'MOZILLA',5.00,'Linux',1319203065,'/mail/index.php',0),(20111021,15,0,'MOZILLA',5.00,'Linux',1319203065,'/sparklines.php',0),(20111021,15,101,'MOZILLA',5.00,'Linux',1319203527,'/mail/index.php',0),(20111021,15,0,'MOZILLA',5.00,'Linux',1319203528,'/sparklines.php',0),(20111021,15,101,'MOZILLA',5.00,'Linux',1319203790,'/mail/index.php',0),(20111021,15,0,'MOZILLA',5.00,'Linux',1319203791,'/sparklines.php',0),(20111021,15,101,'MOZILLA',5.00,'Linux',1319204086,'/mail/index.php',0),(20111021,15,0,'MOZILLA',5.00,'Linux',1319204087,'/sparklines.php',0),(20111021,15,101,'MOZILLA',5.00,'Linux',1319204110,'/mail/index.php',0),(20111021,15,0,'MOZILLA',5.00,'Linux',1319204110,'/sparklines.php',0),(20111021,15,101,'MOZILLA',5.00,'Linux',1319204131,'/plugins/forumml/message.php',0),(20111021,15,0,'MOZILLA',5.00,'Linux',1319204132,'/sparklines.php',0),(20111021,15,101,'MOZILLA',5.00,'Linux',1319204136,'/mail/index.php',0),(20111021,15,0,'MOZILLA',5.00,'Linux',1319204136,'/sparklines.php',0),(20111021,15,101,'MOZILLA',5.00,'Linux',1319204144,'/mail/index.php',0),(20111021,15,0,'MOZILLA',5.00,'Linux',1319204145,'/sparklines.php',0),(20111021,15,101,'MOZILLA',5.00,'Linux',1319204148,'/mail/admin/index.php',0),(20111021,15,0,'MOZILLA',5.00,'Linux',1319204148,'/sparklines.php',0),(20111021,15,101,'MOZILLA',5.00,'Linux',1319204151,'/mail/index.php',0),(20111021,15,0,'MOZILLA',5.00,'Linux',1319204152,'/sparklines.php',0),(20111021,15,0,'MOZILLA',5.00,'Linux',1319204183,'/mail/index.php',0),(20111021,15,0,'MOZILLA',5.00,'Linux',1319204183,'/sparklines.php',0),(20111021,15,101,'MOZILLA',5.00,'Linux',1319204229,'/mail/index.php',0),(20111021,15,0,'MOZILLA',5.00,'Linux',1319204229,'/sparklines.php',0),(20111021,15,101,'MOZILLA',5.00,'Linux',1319204232,'/mail/index.php',0),(20111021,15,0,'MOZILLA',5.00,'Linux',1319204232,'/sparklines.php',0),(20111021,15,0,'MOZILLA',5.00,'Linux',1319204809,'/project/privacy.php',0),(20111021,15,101,'MOZILLA',5.00,'Linux',1319204829,'/mail/index.php',0),(20111021,15,0,'MOZILLA',5.00,'Linux',1319204830,'/sparklines.php',0),(20111021,15,101,'MOZILLA',5.00,'Linux',1319204871,'/plugins/forumml/message.php',0),(20111021,15,0,'MOZILLA',5.00,'Linux',1319204871,'/sparklines.php',0),(20111021,15,101,'MOZILLA',5.00,'Linux',1319204942,'/plugins/forumml/message.php',0),(20111021,15,0,'MOZILLA',5.00,'Linux',1319204943,'/sparklines.php',0),(20111021,15,0,'MOZILLA',5.00,'Linux',1319204945,'/sparklines.php',0),(20111021,15,0,'MOZILLA',5.00,'Linux',1319204945,'/project/privacy.php',0),(20111021,15,101,'MOZILLA',5.00,'Linux',1319204952,'/plugins/forumml/message.php',0),(20111021,15,0,'MOZILLA',5.00,'Linux',1319204952,'/sparklines.php',0),(20111021,15,0,'MOZILLA',5.00,'Linux',1319204956,'/sparklines.php',0),(20111021,15,101,'MOZILLA',5.00,'Linux',1319205012,'/plugins/forumml/message.php',0),(20111021,15,0,'MOZILLA',5.00,'Linux',1319205012,'/sparklines.php',0),(20111021,15,0,'MOZILLA',5.00,'Linux',1319205015,'/sparklines.php',0),(20111021,15,0,'MOZILLA',5.00,'Linux',1319205016,'/project/privacy.php',0),(20111021,15,0,'MOZILLA',5.00,'Linux',1319205024,'/account/login.php',0),(20111021,15,0,'MOZILLA',5.00,'Linux',1319205024,'/sparklines.php',0),(20111021,15,0,'MOZILLA',5.00,'Linux',1319205033,'/account/login.php',0),(20111021,15,0,'MOZILLA',5.00,'Linux',1319205033,'/my/index.php',0),(20111021,15,0,'MOZILLA',5.00,'Linux',1319205034,'/sparklines.php',0),(20111021,15,0,'MOZILLA',5.00,'Linux',1319205034,'/widgets/widget.php',0),(20111021,15,0,'MOZILLA',5.00,'Linux',1319205034,'/widgets/widget.php',0),(20111021,15,0,'MOZILLA',5.00,'Linux',1319205034,'/widgets/widget.php',0),(20111021,15,0,'MOZILLA',5.00,'Linux',1319205034,'/widgets/widget.php',0),(20111021,15,0,'MOZILLA',5.00,'Linux',1319205034,'/sparklines.php',0),(20111021,15,0,'MOZILLA',5.00,'Linux',1319205035,'/sparklines.php',0),(20111021,15,0,'MOZILLA',5.00,'Linux',1319205035,'/sparklines.php',0),(20111021,15,0,'MOZILLA',5.00,'Linux',1319205035,'/sparklines.php',0),(20111021,15,0,'MOZILLA',5.00,'Linux',1319205037,'/projects/nty/',0),(20111021,15,0,'MOZILLA',5.00,'Linux',1319205038,'/sparklines.php',0),(20111021,15,0,'MOZILLA',5.00,'Linux',1319205038,'/plugins/IM/index.php',0),(20111021,15,0,'MOZILLA',5.00,'Linux',1319205039,'/widgets/widget.php',0),(20111021,15,0,'MOZILLA',5.00,'Linux',1319205039,'/sparklines.php',0),(20111021,15,101,'MOZILLA',5.00,'Linux',1319205042,'/mail/index.php',0),(20111021,15,0,'MOZILLA',5.00,'Linux',1319205043,'/sparklines.php',0),(20111021,15,101,'MOZILLA',5.00,'Linux',1319205044,'/plugins/forumml/message.php',0),(20111021,15,0,'MOZILLA',5.00,'Linux',1319205045,'/sparklines.php',0),(20111021,15,101,'MOZILLA',5.00,'Win',1319205047,'/mail/index.php',0),(20111021,15,0,'MOZILLA',5.00,'Win',1319205048,'/sparklines.php',0),(20111021,15,101,'MOZILLA',5.00,'Win',1319205052,'/plugins/forumml/message.php',0),(20111021,15,0,'MOZILLA',5.00,'Win',1319205053,'/sparklines.php',0),(20111021,15,0,'MOZILLA',5.00,'Linux',1319205056,'/sparklines.php',0),(20111021,15,0,'MOZILLA',5.00,'Win',1319205059,'/account/login.php',0),(20111021,15,0,'MOZILLA',5.00,'Win',1319205060,'/sparklines.php',0),(20111021,15,0,'MOZILLA',5.00,'Win',1319205068,'/account/login.php',0),(20111021,15,0,'MOZILLA',5.00,'Win',1319205068,'/my/index.php',0),(20111021,15,0,'MOZILLA',5.00,'Win',1319205069,'/sparklines.php',0),(20111021,15,0,'MOZILLA',5.00,'Win',1319205069,'/widgets/widget.php',0),(20111021,15,0,'MOZILLA',5.00,'Win',1319205069,'/widgets/widget.php',0),(20111021,15,0,'MOZILLA',5.00,'Win',1319205069,'/widgets/widget.php',0),(20111021,15,0,'MOZILLA',5.00,'Win',1319205069,'/widgets/widget.php',0),(20111021,15,0,'MOZILLA',5.00,'Win',1319205069,'/sparklines.php',0),(20111021,15,0,'MOZILLA',5.00,'Win',1319205069,'/sparklines.php',0),(20111021,15,0,'MOZILLA',5.00,'Win',1319205069,'/sparklines.php',0),(20111021,15,0,'MOZILLA',5.00,'Win',1319205069,'/sparklines.php',0),(20111021,15,0,'MOZILLA',5.00,'Win',1319205074,'/projects/nty/',0),(20111021,15,0,'MOZILLA',5.00,'Win',1319205075,'/plugins/IM/index.php',0),(20111021,15,0,'MOZILLA',5.00,'Win',1319205075,'/widgets/widget.php',0),(20111021,15,0,'MOZILLA',5.00,'Win',1319205075,'/sparklines.php',0),(20111021,15,0,'MOZILLA',5.00,'Win',1319205075,'/sparklines.php',0),(20111021,15,101,'MOZILLA',5.00,'Linux',1319205077,'/plugins/forumml/message.php',0),(20111021,15,0,'MOZILLA',5.00,'Linux',1319205077,'/sparklines.php',0),(20111021,15,101,'MOZILLA',5.00,'Win',1319205083,'/mail/index.php',0),(20111021,15,0,'MOZILLA',5.00,'Linux',1319205083,'/sparklines.php',0),(20111021,15,0,'MOZILLA',5.00,'Win',1319205083,'/sparklines.php',0),(20111021,15,101,'MOZILLA',5.00,'Linux',1319205085,'/plugins/forumml/message.php',0),(20111021,15,0,'MOZILLA',5.00,'Linux',1319205086,'/sparklines.php',0),(20111021,15,0,'MOZILLA',5.00,'Linux',1319205089,'/sparklines.php',0),(20111021,15,101,'MOZILLA',5.00,'Linux',1319205096,'/mail/index.php',0),(20111021,15,0,'MOZILLA',5.00,'Linux',1319205096,'/sparklines.php',0),(20111021,15,0,'MOZILLA',5.00,'Linux',1319205104,'/sparklines.php',0),(20111021,15,101,'MOZILLA',5.00,'Linux',1319205113,'/mail/index.php',0),(20111021,15,0,'MOZILLA',5.00,'Linux',1319205113,'/sparklines.php',0),(20111021,15,101,'MOZILLA',5.00,'Win',1319205113,'/plugins/forumml/message.php',0),(20111021,15,0,'MOZILLA',5.00,'Win',1319205114,'/sparklines.php',0),(20111021,15,0,'MOZILLA',5.00,'Win',1319205124,'/project/privacy.php',0),(20111021,15,101,'MOZILLA',5.00,'Win',1319205133,'/plugins/forumml/message.php',0),(20111021,15,0,'MOZILLA',5.00,'Win',1319205134,'/sparklines.php',0),(20111021,15,101,'MOZILLA',5.00,'Win',1319205145,'/plugins/forumml/message.php',0),(20111021,15,0,'MOZILLA',5.00,'Win',1319205146,'/sparklines.php',0),(20111021,15,101,'MOZILLA',5.00,'Linux',1319205171,'/plugins/forumml/message.php',0),(20111021,15,0,'MOZILLA',5.00,'Linux',1319205172,'/sparklines.php',0),(20111021,15,101,'MOZILLA',5.00,'Linux',1319205460,'/mail/index.php',0),(20111021,15,0,'MOZILLA',5.00,'Linux',1319205461,'/sparklines.php',0),(20111021,15,101,'MOZILLA',5.00,'Linux',1319205548,'/mail/index.php',0),(20111021,15,0,'MOZILLA',5.00,'Linux',1319205548,'/sparklines.php',0),(20111021,16,0,'MOZILLA',5.00,'Linux',1319205777,'/project/privacy.php',0),(20111021,16,101,'MOZILLA',5.00,'Linux',1319205779,'/plugins/forumml/message.php',0),(20111021,16,101,'MOZILLA',5.00,'Linux',1319205798,'/plugins/forumml/message.php',0),(20111021,16,0,'MOZILLA',5.00,'Linux',1319205799,'/sparklines.php',0),(20111021,16,101,'MOZILLA',5.00,'Linux',1319206047,'/plugins/forumml/message.php',0),(20111021,16,0,'MOZILLA',5.00,'Linux',1319206048,'/sparklines.php',0),(20111021,16,101,'MOZILLA',5.00,'Linux',1319206052,'/plugins/forumml/message.php',0),(20111021,16,0,'MOZILLA',5.00,'Linux',1319206053,'/plugins/forumml/scripts/cc_attach_js.php',0),(20111021,16,0,'MOZILLA',5.00,'Linux',1319206053,'/sparklines.php',0),(20111021,16,101,'MOZILLA',5.00,'Linux',1319206057,'/plugins/forumml/message.php',0),(20111021,16,0,'MOZILLA',5.00,'Linux',1319206058,'/sparklines.php',0),(20111021,16,101,'MOZILLA',5.00,'Linux',1319206060,'/mail/index.php',0),(20111021,16,0,'MOZILLA',5.00,'Linux',1319206060,'/sparklines.php',0),(20111021,16,101,'MOZILLA',5.00,'Linux',1319206061,'/plugins/forumml/message.php',0),(20111021,16,0,'MOZILLA',5.00,'Linux',1319206062,'/sparklines.php',0),(20111021,16,101,'MOZILLA',5.00,'Linux',1319206195,'/plugins/forumml/message.php',0),(20111021,16,0,'MOZILLA',5.00,'Linux',1319206195,'/sparklines.php',0),(20111021,16,101,'MOZILLA',5.00,'Linux',1319206562,'/mail/index.php',0),(20111021,16,0,'MOZILLA',5.00,'Linux',1319206563,'/sparklines.php',0),(20111021,16,101,'MOZILLA',5.00,'Linux',1319206601,'/mail/index.php',0),(20111021,16,0,'MOZILLA',5.00,'Linux',1319206601,'/sparklines.php',0),(20111021,16,101,'MOZILLA',5.00,'Linux',1319206612,'/plugins/forumml/message.php',0),(20111021,16,0,'MOZILLA',5.00,'Linux',1319206613,'/sparklines.php',0),(20111021,16,101,'MOZILLA',5.00,'Linux',1319206620,'/plugins/forumml/message.php',0),(20111021,16,0,'MOZILLA',5.00,'Linux',1319206621,'/sparklines.php',0),(20111021,16,0,'MOZILLA',5.00,'Linux',1319206636,'/project/privacy.php',0),(20111021,16,101,'MOZILLA',5.00,'Linux',1319206637,'/plugins/forumml/message.php',0),(20111021,16,0,'MOZILLA',5.00,'Linux',1319206638,'/sparklines.php',0),(20111021,16,101,'MOZILLA',5.00,'Linux',1319206642,'/plugins/forumml/message.php',0),(20111021,16,0,'MOZILLA',5.00,'Linux',1319206642,'/sparklines.php',0),(20111021,16,0,'MOZILLA',5.00,'Linux',1319206644,'/project/privacy.php',0),(20111021,16,101,'MOZILLA',5.00,'Linux',1319206646,'/plugins/forumml/message.php',0),(20111021,16,0,'MOZILLA',5.00,'Linux',1319206646,'/sparklines.php',0),(20111021,16,0,'MOZILLA',5.00,'Linux',1319206647,'/project/privacy.php',0),(20111021,16,101,'MOZILLA',5.00,'Linux',1319206650,'/plugins/forumml/message.php',0),(20111021,16,0,'MOZILLA',5.00,'Linux',1319206651,'/sparklines.php',0),(20111021,16,101,'MOZILLA',5.00,'Linux',1319206686,'/plugins/forumml/message.php',0),(20111021,16,0,'MOZILLA',5.00,'Linux',1319206687,'/sparklines.php',0),(20111021,16,101,'MOZILLA',5.00,'Linux',1319206735,'/plugins/forumml/message.php',0),(20111021,16,0,'MOZILLA',5.00,'Linux',1319206736,'/sparklines.php',0),(20111021,16,0,'MOZILLA',5.00,'Linux',1319206743,'/project/privacy.php',0),(20111021,16,101,'MOZILLA',5.00,'Linux',1319206754,'/plugins/forumml/message.php',0),(20111021,16,0,'MOZILLA',5.00,'Linux',1319206754,'/sparklines.php',0),(20111021,16,101,'MOZILLA',5.00,'Linux',1319206883,'/mail/index.php',0),(20111021,16,0,'MOZILLA',5.00,'Linux',1319206883,'/sparklines.php',0),(20111021,16,101,'MOZILLA',5.00,'Linux',1319206885,'/plugins/forumml/message.php',0),(20111021,16,0,'MOZILLA',5.00,'Linux',1319206885,'/sparklines.php',0),(20111021,16,101,'MOZILLA',5.00,'Linux',1319206918,'/plugins/forumml/message.php',0),(20111021,16,0,'MOZILLA',5.00,'Linux',1319206919,'/sparklines.php',0),(20111021,16,101,'MOZILLA',5.00,'Linux',1319206921,'/plugins/forumml/message.php',0),(20111021,16,0,'MOZILLA',5.00,'Linux',1319206922,'/sparklines.php',0),(20111021,16,101,'MOZILLA',5.00,'Linux',1319207076,'/plugins/forumml/message.php',0),(20111021,16,0,'MOZILLA',5.00,'Linux',1319207076,'/sparklines.php',0),(20111021,16,101,'MOZILLA',5.00,'Linux',1319207134,'/plugins/forumml/message.php',0),(20111021,16,0,'MOZILLA',5.00,'Linux',1319207135,'/sparklines.php',0),(20111021,16,0,'MOZILLA',5.00,'Linux',1319207146,'/project/privacy.php',0),(20111021,16,101,'MOZILLA',5.00,'Linux',1319207376,'/mail/index.php',0),(20111021,16,0,'MOZILLA',5.00,'Linux',1319207376,'/sparklines.php',0),(20111021,16,101,'MOZILLA',5.00,'Linux',1319207384,'/mail/index.php',0),(20111021,16,0,'MOZILLA',5.00,'Linux',1319207385,'/sparklines.php',0),(20111021,16,101,'MOZILLA',5.00,'Linux',1319207404,'/mail/index.php',0),(20111021,16,0,'MOZILLA',5.00,'Linux',1319207404,'/sparklines.php',0),(20111021,16,101,'MOZILLA',5.00,'Linux',1319207408,'/plugins/forumml/message.php',0),(20111021,16,0,'MOZILLA',5.00,'Linux',1319207409,'/sparklines.php',0),(20111021,16,101,'MOZILLA',5.00,'Linux',1319207456,'/mail/index.php',0),(20111021,16,0,'MOZILLA',5.00,'Linux',1319207456,'/sparklines.php',0),(20111021,16,101,'MOZILLA',5.00,'Linux',1319207465,'/mail/index.php',0),(20111021,16,0,'MOZILLA',5.00,'Linux',1319207466,'/sparklines.php',0),(20111021,16,101,'MOZILLA',5.00,'Linux',1319207494,'/mail/index.php',0),(20111021,16,0,'MOZILLA',5.00,'Linux',1319207494,'/sparklines.php',0),(20111021,16,101,'MOZILLA',5.00,'Linux',1319207500,'/plugins/forumml/message.php',0),(20111021,16,0,'MOZILLA',5.00,'Linux',1319207500,'/sparklines.php',0),(20111021,16,101,'MOZILLA',5.00,'Linux',1319207510,'/mail/index.php',0),(20111021,16,0,'MOZILLA',5.00,'Linux',1319207510,'/sparklines.php',0),(20111021,16,101,'MOZILLA',5.00,'Linux',1319207562,'/mail/index.php',0),(20111021,16,0,'MOZILLA',5.00,'Linux',1319207563,'/sparklines.php',0),(20111021,16,101,'MOZILLA',5.00,'Linux',1319207579,'/mail/index.php',0),(20111021,16,0,'MOZILLA',5.00,'Linux',1319207579,'/sparklines.php',0),(20111021,16,101,'MOZILLA',5.00,'Linux',1319207592,'/mail/index.php',0),(20111021,16,0,'MOZILLA',5.00,'Linux',1319207592,'/sparklines.php',0),(20111021,16,101,'MOZILLA',5.00,'Linux',1319207612,'/mail/index.php',0),(20111021,16,0,'MOZILLA',5.00,'Linux',1319207613,'/sparklines.php',0),(20111021,16,101,'MOZILLA',5.00,'Linux',1319207623,'/mail/index.php',0),(20111021,16,0,'MOZILLA',5.00,'Linux',1319207624,'/sparklines.php',0),(20111021,16,101,'MOZILLA',5.00,'Linux',1319207646,'/mail/index.php',0),(20111021,16,0,'MOZILLA',5.00,'Linux',1319207646,'/sparklines.php',0),(20111021,16,101,'MOZILLA',5.00,'Linux',1319207662,'/mail/index.php',0),(20111021,16,0,'MOZILLA',5.00,'Linux',1319207663,'/sparklines.php',0),(20111021,16,101,'MOZILLA',5.00,'Linux',1319207668,'/mail/index.php',0),(20111021,16,0,'MOZILLA',5.00,'Linux',1319207668,'/sparklines.php',0),(20111021,16,101,'MOZILLA',5.00,'Linux',1319207672,'/mail/index.php',0),(20111021,16,0,'MOZILLA',5.00,'Linux',1319207672,'/sparklines.php',0),(20111021,16,101,'MOZILLA',5.00,'Linux',1319207680,'/plugins/forumml/message.php',0),(20111021,16,0,'MOZILLA',5.00,'Linux',1319207680,'/sparklines.php',0),(20111021,16,0,'MOZILLA',5.00,'Linux',1319207683,'/project/privacy.php',0),(20111021,16,0,'MOZILLA',5.00,'Linux',1319207684,'/project/privacy.php',0),(20111021,16,101,'MOZILLA',5.00,'Linux',1319207690,'/plugins/forumml/message.php',0),(20111021,16,0,'MOZILLA',5.00,'Linux',1319207690,'/sparklines.php',0),(20111021,16,0,'MOZILLA',5.00,'Linux',1319207693,'/project/privacy.php',0),(20111021,16,101,'MOZILLA',5.00,'Linux',1319207785,'/plugins/forumml/message.php',0),(20111021,16,0,'MOZILLA',5.00,'Linux',1319207785,'/sparklines.php',0),(20111021,16,101,'MOZILLA',5.00,'Linux',1319208818,'/mail/index.php',0),(20111021,16,0,'MOZILLA',5.00,'Linux',1319208818,'/sparklines.php',0),(20111021,16,101,'MOZILLA',5.00,'Linux',1319208863,'/mail/index.php',0),(20111021,16,0,'MOZILLA',5.00,'Linux',1319208863,'/sparklines.php',0),(20111021,16,101,'MOZILLA',5.00,'Linux',1319208868,'/plugins/forumml/message.php',0),(20111021,16,0,'MOZILLA',5.00,'Linux',1319208869,'/sparklines.php',0),(20111021,16,101,'MOZILLA',5.00,'Linux',1319208886,'/mail/index.php',0),(20111021,16,0,'MOZILLA',5.00,'Linux',1319208887,'/sparklines.php',0),(20111021,16,101,'MOZILLA',5.00,'Linux',1319208941,'/svn/index.php',0),(20111021,16,0,'MOZILLA',5.00,'Linux',1319208942,'/sparklines.php',0),(20111021,16,101,'MOZILLA',5.00,'Linux',1319208946,'/tracker/index.php',0),(20111021,16,0,'MOZILLA',5.00,'Linux',1319208946,'/sparklines.php',0),(20111021,16,101,'MOZILLA',5.00,'Linux',1319208948,'/tracker/index.php',0),(20111021,16,0,'MOZILLA',5.00,'Linux',1319208948,'/sparklines.php',0),(20111021,16,101,'MOZILLA',5.00,'Linux',1319208950,'/tracker/index.php',0),(20111021,16,0,'MOZILLA',5.00,'Linux',1319208951,'/sparklines.php',0),(20111021,16,101,'MOZILLA',5.00,'Linux',1319208954,'/tracker/index.php',0),(20111021,16,101,'MOZILLA',5.00,'Linux',1319208954,'/tracker/index.php',0),(20111021,16,0,'MOZILLA',5.00,'Linux',1319208955,'/sparklines.php',0),(20111021,16,101,'MOZILLA',5.00,'Linux',1319208961,'/mail/index.php',0),(20111021,16,0,'MOZILLA',5.00,'Linux',1319208962,'/sparklines.php',0),(20111021,16,101,'MOZILLA',5.00,'Linux',1319209059,'/mail/index.php',0),(20111021,16,0,'MOZILLA',5.00,'Linux',1319209060,'/sparklines.php',0),(20111021,16,101,'MOZILLA',5.00,'Linux',1319209075,'/mail/index.php',0),(20111021,16,0,'MOZILLA',5.00,'Linux',1319209076,'/sparklines.php',0),(20111021,17,101,'MOZILLA',5.00,'Linux',1319209218,'/plugins/forumml/message.php',0),(20111021,17,0,'MOZILLA',5.00,'Linux',1319209218,'/sparklines.php',0),(20111021,17,101,'MOZILLA',5.00,'Linux',1319209248,'/plugins/docman/index.php',0),(20111021,17,0,'MOZILLA',5.00,'Linux',1319209248,'/sparklines.php',0),(20111021,17,101,'MOZILLA',5.00,'Linux',1319209253,'/plugins/docman/index.php',0),(20111021,17,0,'MOZILLA',5.00,'Linux',1319209253,'/sparklines.php',0),(20111021,17,101,'MOZILLA',5.00,'Linux',1319209306,'/mail/index.php',0),(20111021,17,0,'MOZILLA',5.00,'Linux',1319209307,'/sparklines.php',0),(20111021,17,101,'MOZILLA',5.00,'Linux',1319209315,'/plugins/forumml/message.php',0),(20111021,17,0,'MOZILLA',5.00,'Linux',1319209315,'/sparklines.php',0),(20111021,17,101,'MOZILLA',5.00,'Linux',1319209360,'/mail/index.php',0),(20111021,17,0,'MOZILLA',5.00,'Linux',1319209360,'/sparklines.php',0),(20111021,17,0,'MOZILLA',5.00,'Linux',1319209495,'/account/logout.php',0),(20111021,17,0,'MOZILLA',5.00,'Linux',1319209495,'/index.php',0),(20111021,17,0,'MOZILLA',5.00,'Linux',1319209496,'/sparklines.php',0),(20111021,17,0,'MOZILLA',5.00,'Linux',1319209500,'/account/login.php',0),(20111021,17,0,'MOZILLA',5.00,'Linux',1319209501,'/sparklines.php',0),(20111021,17,0,'MOZILLA',5.00,'Linux',1319209505,'/account/login.php',0),(20111021,17,0,'MOZILLA',5.00,'Linux',1319209505,'/my/index.php',0),(20111021,17,0,'MOZILLA',5.00,'Linux',1319209505,'/sparklines.php',0),(20111021,17,0,'MOZILLA',5.00,'Linux',1319209505,'/widgets/widget.php',0),(20111021,17,0,'MOZILLA',5.00,'Linux',1319209506,'/widgets/widget.php',0),(20111021,17,0,'MOZILLA',5.00,'Linux',1319209506,'/widgets/widget.php',0),(20111021,17,0,'MOZILLA',5.00,'Linux',1319209506,'/widgets/widget.php',0),(20111021,17,0,'MOZILLA',5.00,'Linux',1319209506,'/sparklines.php',0),(20111021,17,0,'MOZILLA',5.00,'Linux',1319209506,'/sparklines.php',0),(20111021,17,0,'MOZILLA',5.00,'Linux',1319209506,'/sparklines.php',0),(20111021,17,0,'MOZILLA',5.00,'Linux',1319209506,'/sparklines.php',0),(20111021,17,0,'MOZILLA',5.00,'Linux',1319209507,'/projects/codendi/',0),(20111021,17,0,'MOZILLA',5.00,'Linux',1319209507,'/sparklines.php',0),(20111021,17,0,'MOZILLA',5.00,'Linux',1319209507,'/widgets/widget.php',0),(20111021,17,0,'MOZILLA',5.00,'Linux',1319209507,'/plugins/IM/index.php',0),(20111021,17,0,'MOZILLA',5.00,'Linux',1319209508,'/sparklines.php',0),(20111021,17,0,'MOZILLA',5.00,'Linux',1319209508,'/admin/index.php',0),(20111021,17,0,'MOZILLA',5.00,'Linux',1319209509,'/sparklines.php',0),(20111021,17,0,'MOZILLA',5.00,'Linux',1319209511,'/plugins/pluginsadministration/index.php',0),(20111021,17,0,'MOZILLA',5.00,'Linux',1319209511,'/sparklines.php',0),(20111021,17,0,'MOZILLA',5.00,'Linux',1319209514,'/plugins/pluginsadministration/index.php',0),(20111021,17,0,'MOZILLA',5.00,'Linux',1319209514,'/sparklines.php',0),(20111021,17,0,'MOZILLA',5.00,'Linux',1319209518,'/plugins/pluginsadministration/index.php',0),(20111021,17,0,'MOZILLA',5.00,'Linux',1319209519,'/sparklines.php',0),(20111021,17,0,'MOZILLA',5.00,'Linux',1319209522,'/my/index.php',0),(20111021,17,0,'MOZILLA',5.00,'Linux',1319209523,'/sparklines.php',0),(20111021,17,0,'MOZILLA',5.00,'Linux',1319209523,'/widgets/widget.php',0),(20111021,17,0,'MOZILLA',5.00,'Linux',1319209523,'/widgets/widget.php',0),(20111021,17,0,'MOZILLA',5.00,'Linux',1319209523,'/widgets/widget.php',0),(20111021,17,0,'MOZILLA',5.00,'Linux',1319209523,'/widgets/widget.php',0),(20111021,17,0,'MOZILLA',5.00,'Linux',1319209524,'/sparklines.php',0),(20111021,17,0,'MOZILLA',5.00,'Linux',1319209524,'/project/privacy.php',0),(20111021,17,0,'MOZILLA',5.00,'Linux',1319209524,'/sparklines.php',0),(20111021,17,0,'MOZILLA',5.00,'Linux',1319209524,'/sparklines.php',0),(20111021,17,0,'MOZILLA',5.00,'Linux',1319209524,'/sparklines.php',0),(20111021,17,0,'MOZILLA',5.00,'Linux',1319209524,'/projects/codendi/',0),(20111021,17,0,'MOZILLA',5.00,'Linux',1319209525,'/sparklines.php',0),(20111021,17,0,'MOZILLA',5.00,'Linux',1319209525,'/plugins/IM/index.php',0),(20111021,17,0,'MOZILLA',5.00,'Linux',1319209525,'/widgets/widget.php',0),(20111021,17,0,'MOZILLA',5.00,'Linux',1319209525,'/sparklines.php',0),(20111021,17,1,'MOZILLA',5.00,'Linux',1319209527,'/mail/index.php',0),(20111021,17,0,'MOZILLA',5.00,'Linux',1319209527,'/sparklines.php',0),(20111021,17,1,'MOZILLA',5.00,'Linux',1319209529,'/mail/admin/index.php',0),(20111021,17,0,'MOZILLA',5.00,'Linux',1319209529,'/sparklines.php',0),(20111021,17,1,'MOZILLA',5.00,'Linux',1319209530,'/mail/admin/index.php',0),(20111021,17,0,'MOZILLA',5.00,'Linux',1319209531,'/sparklines.php',0),(20111021,17,1,'MOZILLA',5.00,'Linux',1319209553,'/mail/admin/index.php',0),(20111021,17,0,'MOZILLA',5.00,'Linux',1319209553,'/sparklines.php',0),(20111021,17,1,'MOZILLA',5.00,'Linux',1319209559,'/mail/admin/index.php',0),(20111021,17,0,'MOZILLA',5.00,'Linux',1319209559,'/sparklines.php',0),(20111021,17,1,'MOZILLA',5.00,'Linux',1319209561,'/mail/index.php',0),(20111021,17,0,'MOZILLA',5.00,'Linux',1319209561,'/sparklines.php',0),(20111021,17,1,'MOZILLA',5.00,'Linux',1319209573,'/mail/index.php',0),(20111021,17,0,'MOZILLA',5.00,'Linux',1319209573,'/sparklines.php',0),(20111021,17,1,'MOZILLA',5.00,'Linux',1319209579,'/mail/index.php',0),(20111021,17,0,'MOZILLA',5.00,'Linux',1319209580,'/sparklines.php',0),(20111021,17,1,'MOZILLA',5.00,'Linux',1319209583,'/mail/index.php',0),(20111021,17,0,'MOZILLA',5.00,'Linux',1319209583,'/sparklines.php',0),(20111021,17,1,'MOZILLA',5.00,'Linux',1319209609,'/mail/index.php',0),(20111021,17,0,'MOZILLA',5.00,'Linux',1319209609,'/sparklines.php',0),(20111021,17,1,'MOZILLA',5.00,'Linux',1319209682,'/mail/index.php',0),(20111021,17,0,'MOZILLA',5.00,'Linux',1319209682,'/sparklines.php',0),(20111021,17,1,'MOZILLA',5.00,'Linux',1319209708,'/search/index.php',0),(20111021,17,0,'MOZILLA',5.00,'Linux',1319209709,'/sparklines.php',0),(20111021,17,0,'MOZILLA',5.00,'Linux',1319209710,'/projects/nty/',0),(20111021,17,0,'MOZILLA',5.00,'Linux',1319209711,'/sparklines.php',0),(20111021,17,0,'MOZILLA',5.00,'Linux',1319209711,'/plugins/IM/index.php',0),(20111021,17,0,'MOZILLA',5.00,'Linux',1319209711,'/widgets/widget.php',0),(20111021,17,0,'MOZILLA',5.00,'Linux',1319209711,'/sparklines.php',0),(20111021,17,101,'MOZILLA',5.00,'Linux',1319209712,'/mail/index.php',0),(20111021,17,0,'MOZILLA',5.00,'Linux',1319209713,'/sparklines.php',0),(20111021,17,101,'MOZILLA',5.00,'Linux',1319209715,'/mail/admin/index.php',0),(20111021,17,0,'MOZILLA',5.00,'Linux',1319209715,'/sparklines.php',0),(20111021,17,101,'MOZILLA',5.00,'Linux',1319209717,'/mail/admin/index.php',0),(20111021,17,0,'MOZILLA',5.00,'Linux',1319209717,'/sparklines.php',0),(20111021,17,101,'MOZILLA',5.00,'Linux',1319209729,'/mail/admin/index.php',0),(20111021,17,0,'MOZILLA',5.00,'Linux',1319209729,'/sparklines.php',0),(20111021,17,0,'MOZILLA',5.00,'Linux',1319209731,'/admin/index.php',0),(20111021,17,0,'MOZILLA',5.00,'Linux',1319209732,'/sparklines.php',0),(20111021,17,0,'MOZILLA',5.00,'Linux',1319209733,'/plugins/pluginsadministration/index.php',0),(20111021,17,0,'MOZILLA',5.00,'Linux',1319209734,'/sparklines.php',0),(20111021,17,0,'MOZILLA',5.00,'Linux',1319209737,'/plugins/pluginsadministration/index.php',0),(20111021,17,0,'MOZILLA',5.00,'Linux',1319209738,'/sparklines.php',0),(20111021,17,0,'MOZILLA',5.00,'Linux',1319209740,'/plugins/pluginsadministration/index.php',0),(20111021,17,0,'MOZILLA',5.00,'Linux',1319209741,'/sparklines.php',0),(20111021,17,0,'MOZILLA',5.00,'Linux',1319209743,'/account/logout.php',0),(20111021,17,0,'MOZILLA',5.00,'Linux',1319209743,'/index.php',0),(20111021,17,0,'MOZILLA',5.00,'Linux',1319209744,'/sparklines.php',0),(20111021,17,0,'MOZILLA',5.00,'Linux',1319209745,'/account/login.php',0),(20111021,17,0,'MOZILLA',5.00,'Linux',1319209746,'/sparklines.php',0),(20111021,17,0,'MOZILLA',5.00,'Linux',1319209749,'/account/login.php',0),(20111021,17,0,'MOZILLA',5.00,'Linux',1319209749,'/my/index.php',0),(20111021,17,0,'MOZILLA',5.00,'Linux',1319209749,'/sparklines.php',0),(20111021,17,0,'MOZILLA',5.00,'Linux',1319209750,'/widgets/widget.php',0),(20111021,17,0,'MOZILLA',5.00,'Linux',1319209750,'/widgets/widget.php',0),(20111021,17,0,'MOZILLA',5.00,'Linux',1319209750,'/widgets/widget.php',0),(20111021,17,0,'MOZILLA',5.00,'Linux',1319209750,'/widgets/widget.php',0),(20111021,17,0,'MOZILLA',5.00,'Linux',1319209750,'/sparklines.php',0),(20111021,17,0,'MOZILLA',5.00,'Linux',1319209750,'/sparklines.php',0),(20111021,17,0,'MOZILLA',5.00,'Linux',1319209750,'/sparklines.php',0),(20111021,17,0,'MOZILLA',5.00,'Linux',1319209750,'/sparklines.php',0),(20111021,17,0,'MOZILLA',5.00,'Linux',1319209751,'/projects/nty/',0),(20111021,17,0,'MOZILLA',5.00,'Linux',1319209752,'/plugins/IM/index.php',0),(20111021,17,0,'MOZILLA',5.00,'Linux',1319209752,'/widgets/widget.php',0),(20111021,17,0,'MOZILLA',5.00,'Linux',1319209752,'/sparklines.php',0),(20111021,17,0,'MOZILLA',5.00,'Linux',1319209752,'/sparklines.php',0),(20111021,17,101,'MOZILLA',5.00,'Linux',1319209754,'/mail/index.php',0),(20111021,17,0,'MOZILLA',5.00,'Linux',1319209755,'/sparklines.php',0),(20111021,17,101,'MOZILLA',5.00,'Linux',1319210519,'/plugins/forumml/message.php',0),(20111021,17,0,'MOZILLA',5.00,'Linux',1319210519,'/sparklines.php',0),(20111021,17,101,'MOZILLA',5.00,'Linux',1319210528,'/plugins/forumml/message.php',0),(20111021,17,0,'MOZILLA',5.00,'Linux',1319210529,'/sparklines.php',0),(20111021,17,101,'MOZILLA',5.00,'Linux',1319210586,'/plugins/forumml/message.php',0),(20111021,17,0,'MOZILLA',5.00,'Linux',1319210587,'/sparklines.php',0),(20111021,17,0,'MOZILLA',5.00,'Linux',1319210587,'/project/privacy.php',0),(20111021,17,101,'MOZILLA',5.00,'Linux',1319210600,'/search/index.php',0),(20111021,17,101,'MOZILLA',5.00,'Linux',1319210601,'/plugins/forumml/message.php',0),(20111021,17,0,'MOZILLA',5.00,'Linux',1319210601,'/sparklines.php',0),(20111021,17,101,'MOZILLA',5.00,'Linux',1319210610,'/search/index.php',0),(20111021,17,101,'MOZILLA',5.00,'Linux',1319210610,'/plugins/forumml/message.php',0),(20111021,17,0,'MOZILLA',5.00,'Linux',1319210610,'/sparklines.php',0),(20111021,17,101,'MOZILLA',5.00,'Linux',1319210685,'/plugins/forumml/message.php',0),(20111021,17,0,'MOZILLA',5.00,'Linux',1319210685,'/sparklines.php',0),(20111021,17,101,'MOZILLA',5.00,'Linux',1319210687,'/plugins/forumml/message.php',0),(20111021,17,0,'MOZILLA',5.00,'Linux',1319210687,'/plugins/forumml/scripts/cc_attach_js.php',0),(20111021,17,0,'MOZILLA',5.00,'Linux',1319210687,'/sparklines.php',0),(20111021,17,0,'MOZILLA',5.00,'Linux',1319210786,'/project/privacy.php',0),(20111021,17,0,'MOZILLA',5.00,'Linux',1319210789,'/project/privacy.php',0),(20111021,17,0,'MOZILLA',5.00,'Linux',1319210790,'/project/privacy.php',0),(20111021,17,101,'MOZILLA',5.00,'Linux',1319210795,'/plugins/forumml/index.php',0),(20111021,17,0,'MOZILLA',5.00,'Linux',1319210795,'/plugins/forumml/scripts/cc_attach_js.php',0),(20111021,17,0,'MOZILLA',5.00,'Linux',1319210796,'/sparklines.php',0),(20111021,17,0,'MOZILLA',5.00,'Linux',1319210798,'/project/privacy.php',0),(20111021,17,101,'MOZILLA',5.00,'Linux',1319210828,'/mail/index.php',0),(20111021,17,0,'MOZILLA',5.00,'Linux',1319210828,'/sparklines.php',0),(20111021,17,101,'MOZILLA',5.00,'Linux',1319210830,'/plugins/forumml/message.php',0),(20111021,17,0,'MOZILLA',5.00,'Linux',1319210830,'/sparklines.php',0),(20111021,17,101,'MOZILLA',5.00,'Linux',1319210839,'/plugins/forumml/message.php',0),(20111021,17,0,'MOZILLA',5.00,'Linux',1319210840,'/sparklines.php',0),(20111021,17,101,'MOZILLA',5.00,'Linux',1319210892,'/plugins/forumml/message.php',0),(20111021,17,0,'MOZILLA',5.00,'Linux',1319210892,'/sparklines.php',0),(20111021,17,101,'MOZILLA',5.00,'Linux',1319210899,'/plugins/forumml/message.php',0),(20111021,17,0,'MOZILLA',5.00,'Linux',1319210900,'/plugins/forumml/scripts/cc_attach_js.php',0),(20111021,17,0,'MOZILLA',5.00,'Linux',1319210900,'/sparklines.php',0),(20111021,17,101,'MOZILLA',5.00,'Linux',1319210942,'/plugins/forumml/message.php',0),(20111021,17,0,'MOZILLA',5.00,'Linux',1319210942,'/sparklines.php',0),(20111021,17,101,'MOZILLA',5.00,'Linux',1319210945,'/plugins/forumml/message.php',0),(20111021,17,0,'MOZILLA',5.00,'Linux',1319210946,'/sparklines.php',0),(20111021,17,101,'MOZILLA',5.00,'Linux',1319211199,'/plugins/forumml/message.php',0),(20111021,17,0,'MOZILLA',5.00,'Linux',1319211199,'/sparklines.php',0),(20111021,17,101,'MOZILLA',5.00,'Linux',1319211225,'/plugins/forumml/message.php',0),(20111021,17,0,'MOZILLA',5.00,'Linux',1319211225,'/sparklines.php',0),(20111021,17,101,'MOZILLA',5.00,'Linux',1319211274,'/plugins/forumml/message.php',0),(20111021,17,0,'MOZILLA',5.00,'Linux',1319211274,'/sparklines.php',0),(20111021,17,0,'MOZILLA',5.00,'Linux',1319211304,'/my/index.php',0),(20111021,17,0,'MOZILLA',5.00,'Linux',1319211304,'/sparklines.php',0),(20111021,17,0,'MOZILLA',5.00,'Linux',1319211304,'/widgets/widget.php',0),(20111021,17,0,'MOZILLA',5.00,'Linux',1319211304,'/widgets/widget.php',0),(20111021,17,0,'MOZILLA',5.00,'Linux',1319211304,'/widgets/widget.php',0),(20111021,17,0,'MOZILLA',5.00,'Linux',1319211304,'/widgets/widget.php',0),(20111021,17,0,'MOZILLA',5.00,'Linux',1319211305,'/sparklines.php',0),(20111021,17,0,'MOZILLA',5.00,'Linux',1319211305,'/sparklines.php',0),(20111021,17,0,'MOZILLA',5.00,'Linux',1319211305,'/sparklines.php',0),(20111021,17,0,'MOZILLA',5.00,'Linux',1319211305,'/sparklines.php',0),(20111021,17,0,'MOZILLA',5.00,'Linux',1319211306,'/account/preferences.php',0),(20111021,17,0,'MOZILLA',5.00,'Linux',1319211306,'/sparklines.php',0),(20111021,17,0,'MOZILLA',5.00,'Linux',1319211309,'/account/updateprefs.php',0),(20111021,17,0,'MOZILLA',5.00,'Linux',1319211309,'/account/preferences.php',0),(20111021,17,0,'MOZILLA',5.00,'Linux',1319211309,'/sparklines.php',0),(20111021,17,101,'MOZILLA',5.00,'Linux',1319211311,'/plugins/forumml/message.php',0),(20111021,17,0,'MOZILLA',5.00,'Linux',1319211312,'/sparklines.php',0),(20111021,17,101,'MOZILLA',5.00,'Linux',1319211463,'/plugins/forumml/message.php',0),(20111021,17,0,'MOZILLA',5.00,'Linux',1319211464,'/sparklines.php',0),(20111021,17,101,'MOZILLA',5.00,'Linux',1319211506,'/plugins/forumml/message.php',0),(20111021,17,0,'MOZILLA',5.00,'Linux',1319211507,'/sparklines.php',0),(20111021,17,101,'MOZILLA',5.00,'Linux',1319211979,'/plugins/forumml/message.php',0),(20111021,17,0,'MOZILLA',5.00,'Linux',1319211980,'/sparklines.php',0),(20111021,17,101,'MOZILLA',5.00,'Linux',1319212047,'/plugins/forumml/message.php',0),(20111021,17,0,'MOZILLA',5.00,'Linux',1319212048,'/sparklines.php',0),(20111021,17,101,'MOZILLA',5.00,'Linux',1319212077,'/plugins/forumml/message.php',0),(20111021,17,0,'MOZILLA',5.00,'Linux',1319212077,'/sparklines.php',0),(20111021,17,101,'MOZILLA',5.00,'Linux',1319212083,'/plugins/forumml/message.php',0),(20111021,17,0,'MOZILLA',5.00,'Linux',1319212083,'/sparklines.php',0),(20111021,17,101,'MOZILLA',5.00,'Linux',1319212109,'/plugins/forumml/message.php',0),(20111021,17,0,'MOZILLA',5.00,'Linux',1319212109,'/sparklines.php',0),(20111021,17,101,'MOZILLA',5.00,'Linux',1319212149,'/plugins/forumml/message.php',0),(20111021,17,0,'MOZILLA',5.00,'Linux',1319212149,'/sparklines.php',0),(20111021,17,101,'MOZILLA',5.00,'Linux',1319212233,'/plugins/forumml/message.php',0),(20111021,17,0,'MOZILLA',5.00,'Linux',1319212234,'/sparklines.php',0),(20111021,17,101,'MOZILLA',5.00,'Linux',1319212257,'/plugins/forumml/message.php',0),(20111021,17,0,'MOZILLA',5.00,'Linux',1319212258,'/sparklines.php',0),(20111021,17,101,'MOZILLA',5.00,'Linux',1319212334,'/plugins/forumml/message.php',0),(20111021,17,0,'MOZILLA',5.00,'Linux',1319212334,'/sparklines.php',0),(20111021,17,101,'MOZILLA',5.00,'Linux',1319212384,'/plugins/forumml/message.php',0),(20111021,17,0,'MOZILLA',5.00,'Linux',1319212385,'/sparklines.php',0),(20111021,17,101,'MOZILLA',5.00,'Linux',1319212400,'/plugins/forumml/message.php',0),(20111021,17,0,'MOZILLA',5.00,'Linux',1319212400,'/sparklines.php',0),(20111021,17,101,'MOZILLA',5.00,'Linux',1319212422,'/plugins/forumml/message.php',0),(20111021,17,0,'MOZILLA',5.00,'Linux',1319212422,'/sparklines.php',0),(20111021,17,101,'MOZILLA',5.00,'Linux',1319212436,'/plugins/forumml/message.php',0),(20111021,17,0,'MOZILLA',5.00,'Linux',1319212436,'/sparklines.php',0),(20111021,17,101,'MOZILLA',5.00,'Linux',1319212549,'/plugins/forumml/message.php',0),(20111021,17,0,'MOZILLA',5.00,'Linux',1319212549,'/sparklines.php',0),(20111021,17,101,'MOZILLA',5.00,'Linux',1319212553,'/plugins/forumml/message.php',0),(20111021,17,0,'MOZILLA',5.00,'Linux',1319212553,'/sparklines.php',0),(20111021,17,0,'MOZILLA',5.00,'Linux',1319212587,'/project/privacy.php',0),(20111021,17,101,'MOZILLA',5.00,'Linux',1319212588,'/plugins/forumml/message.php',0),(20111021,17,0,'MOZILLA',5.00,'Linux',1319212588,'/sparklines.php',0),(20111021,17,101,'MOZILLA',5.00,'Linux',1319212642,'/plugins/forumml/message.php',0),(20111021,17,0,'MOZILLA',5.00,'Linux',1319212643,'/sparklines.php',0),(20111021,17,101,'MOZILLA',5.00,'Linux',1319212657,'/plugins/forumml/message.php',0),(20111021,17,0,'MOZILLA',5.00,'Linux',1319212657,'/sparklines.php',0),(20111021,17,101,'MOZILLA',5.00,'Linux',1319212661,'/plugins/forumml/message.php',0),(20111021,17,0,'MOZILLA',5.00,'Linux',1319212661,'/sparklines.php',0),(20111021,17,101,'MOZILLA',5.00,'Linux',1319212663,'/mail/admin/index.php',0),(20111021,17,0,'MOZILLA',5.00,'Linux',1319212663,'/sparklines.php',0),(20111021,17,101,'MOZILLA',5.00,'Linux',1319212665,'/mail/index.php',0),(20111021,17,0,'MOZILLA',5.00,'Linux',1319212666,'/sparklines.php',0),(20111021,17,101,'MOZILLA',5.00,'Linux',1319212677,'/plugins/forumml/message.php',0),(20111021,17,0,'MOZILLA',5.00,'Linux',1319212677,'/sparklines.php',0),(20111021,17,101,'MOZILLA',5.00,'Linux',1319212682,'/plugins/forumml/message.php',0),(20111021,17,0,'MOZILLA',5.00,'Linux',1319212682,'/sparklines.php',0),(20111021,17,101,'MOZILLA',5.00,'Linux',1319212715,'/plugins/forumml/message.php',0),(20111021,17,0,'MOZILLA',5.00,'Linux',1319212715,'/sparklines.php',0),(20111021,17,101,'MOZILLA',5.00,'Linux',1319212735,'/plugins/forumml/message.php',0),(20111021,17,0,'MOZILLA',5.00,'Linux',1319212736,'/sparklines.php',0),(20111021,17,101,'MOZILLA',5.00,'Linux',1319212765,'/plugins/forumml/message.php',0),(20111021,17,0,'MOZILLA',5.00,'Linux',1319212765,'/sparklines.php',0),(20111021,17,101,'MOZILLA',5.00,'Linux',1319212767,'/plugins/forumml/message.php',0),(20111021,17,0,'MOZILLA',5.00,'Linux',1319212767,'/sparklines.php',0),(20111021,17,101,'MOZILLA',5.00,'Linux',1319212799,'/plugins/forumml/message.php',0),(20111021,17,0,'MOZILLA',5.00,'Linux',1319212799,'/sparklines.php',0),(20111021,18,101,'MOZILLA',5.00,'Linux',1319212811,'/plugins/forumml/message.php',0),(20111021,18,101,'MOZILLA',5.00,'Linux',1319212819,'/plugins/forumml/message.php',0),(20111021,18,0,'MOZILLA',5.00,'Linux',1319212819,'/sparklines.php',0),(20111021,18,101,'MOZILLA',5.00,'Linux',1319212861,'/plugins/forumml/message.php',0),(20111021,18,0,'MOZILLA',5.00,'Linux',1319212862,'/sparklines.php',0),(20111021,18,101,'MOZILLA',5.00,'Linux',1319212865,'/plugins/forumml/message.php',0),(20111021,18,0,'MOZILLA',5.00,'Linux',1319212865,'/sparklines.php',0),(20111021,18,101,'MOZILLA',5.00,'Linux',1319212869,'/plugins/forumml/message.php',0),(20111021,18,0,'MOZILLA',5.00,'Linux',1319212869,'/sparklines.php',0),(20111021,18,101,'MOZILLA',5.00,'Linux',1319213011,'/plugins/forumml/message.php',0),(20111021,18,0,'MOZILLA',5.00,'Linux',1319213011,'/sparklines.php',0),(20111021,18,101,'MOZILLA',5.00,'Linux',1319213016,'/mail/index.php',0),(20111021,18,0,'MOZILLA',5.00,'Linux',1319213016,'/sparklines.php',0),(20111021,18,101,'MOZILLA',5.00,'Linux',1319213017,'/plugins/forumml/message.php',0),(20111021,18,0,'MOZILLA',5.00,'Linux',1319213018,'/sparklines.php',0),(20111102,17,0,'MOZILLA',5.00,'Linux',1320251170,'/project/privacy.php',0),(20111104,10,0,'MOZILLA',5.00,'Linux',1320400329,'/sparklines.php',0),(20111104,11,0,'MOZILLA',5.00,'Linux',1320403626,'/project/privacy.php',0),(20111216,14,0,'MOZILLA',5.00,'Linux',1324043732,'/index.php',0),(20111216,14,0,'MOZILLA',5.00,'Linux',1324043732,'/index.php',0),(20111216,14,0,'MOZILLA',5.00,'Linux',1324043733,'/sparklines.php',0),(20111216,15,0,'MOZILLA',5.00,'Mac',1324044058,'/index.php',0),(20111216,15,0,'MOZILLA',5.00,'Mac',1324044059,'/index.php',0),(20111216,15,0,'MOZILLA',5.00,'Mac',1324044067,'/index.php',0),(20111216,15,0,'MOZILLA',5.00,'Mac',1324044067,'/index.php',0),(20111216,15,0,'MOZILLA',5.00,'Mac',1324044068,'/sparklines.php',0),(20111216,15,0,'MOZILLA',5.00,'Mac',1324044298,'/index.php',0),(20111216,15,0,'MOZILLA',5.00,'Mac',1324044298,'/sparklines.php',0),(20111219,21,0,'MOZILLA',5.00,'Mac',1324328359,'/index.php',0),(20111219,21,0,'MOZILLA',5.00,'Mac',1324328360,'/sparklines.php',0),(20111220,3,0,'MOZILLA',5.00,'Mac',1324347936,'/index.php',0),(20111220,3,0,'MOZILLA',5.00,'Mac',1324347940,'/my/index.php',0),(20111220,3,0,'MOZILLA',5.00,'Mac',1324347940,'/account/login.php',0),(20111220,3,0,'MOZILLA',5.00,'Mac',1324347942,'/account/login.php',0),(20111220,3,0,'MOZILLA',5.00,'Mac',1324347948,'/account/login.php',0),(20111220,3,0,'MOZILLA',5.00,'Mac',1324347954,'/account/login.php',0),(20111220,3,0,'MOZILLA',5.00,'Mac',1324347962,'/account/login.php',0),(20111220,3,0,'MOZILLA',5.00,'Mac',1324347963,'/my/index.php',0),(20111220,3,0,'MOZILLA',5.00,'Mac',1324347971,'/admin/index.php',0),(20111220,3,0,'MOZILLA',5.00,'Mac',1324347976,'/admin/register_admin.php',0),(20111220,3,0,'MOZILLA',5.00,'Mac',1324347976,'/scripts/check_pw.js.php',0),(20111220,3,0,'MOZILLA',5.00,'Mac',1324348010,'/admin/register_admin.php',0),(20111220,3,0,'MOZILLA',5.00,'Mac',1324348015,'/admin/index.php',0),(20111220,3,0,'MOZILLA',5.00,'Mac',1324348021,'/admin/grouplist.php',0),(20111220,3,0,'MOZILLA',5.00,'Mac',1324348032,'/admin/index.php',0),(20111220,3,0,'MOZILLA',5.00,'Mac',1324348036,'/admin/grouplist.php',0),(20111220,3,101,'MOZILLA',5.00,'Mac',1324348039,'/admin/groupedit.php',0),(20111220,3,101,'MOZILLA',5.00,'Mac',1324348042,'/admin/userlist.php',0),(20111220,3,101,'MOZILLA',5.00,'Mac',1324348047,'/admin/groupedit.php',0),(20111220,3,101,'MOZILLA',5.00,'Mac',1324348056,'/project/admin/index.php',0),(20111220,3,101,'MOZILLA',5.00,'Mac',1324348073,'/project/admin/index.php',0),(20111220,3,0,'MOZILLA',5.00,'Mac',1324348111,'/account/logout.php',0),(20111220,3,0,'MOZILLA',5.00,'Mac',1324348111,'/index.php',0),(20111220,3,0,'MOZILLA',5.00,'Mac',1324348114,'/account/login.php',0),(20111220,3,0,'MOZILLA',5.00,'Mac',1324348120,'/account/login.php',0),(20111220,3,0,'MOZILLA',5.00,'Mac',1324348120,'/my/index.php',0),(20111220,3,0,'MOZILLA',5.00,'Mac',1324348123,'/projects/nty/',0),(20111220,3,0,'MOZILLA',5.00,'Mac',1324348140,'/projects/nty/',0),(20111220,3,0,'MOZILLA',5.00,'Mac',1324348167,'/account/logout.php',0),(20111220,3,0,'MOZILLA',5.00,'Mac',1324348167,'/index.php',0),(20111220,3,0,'MOZILLA',5.00,'Mac',1324348170,'/account/login.php',0),(20111220,3,0,'MOZILLA',5.00,'Mac',1324348175,'/account/login.php',0),(20111220,3,0,'MOZILLA',5.00,'Mac',1324348175,'/my/index.php',0),(20111220,3,0,'MOZILLA',5.00,'Mac',1324348182,'/admin/index.php',0),(20111220,3,0,'MOZILLA',5.00,'Mac',1324348195,'/plugins/pluginsadministration/index.php',0),(20111220,3,0,'MOZILLA',5.00,'Mac',1324348208,'/plugins/pluginsadministration/index.php',0),(20111220,3,0,'MOZILLA',5.00,'Mac',1324348213,'/plugins/pluginsadministration/index.php',0),(20111220,3,0,'MOZILLA',5.00,'Mac',1324348216,'/plugins/pluginsadministration/index.php',0),(20111220,3,0,'MOZILLA',5.00,'Mac',1324348233,'/plugins/pluginsadministration/index.php',0),(20111220,3,0,'MOZILLA',5.00,'Mac',1324348256,'/plugins/pluginsadministration/index.php',0),(20111220,3,0,'MOZILLA',5.00,'Mac',1324348264,'/plugins/pluginsadministration/index.php',0),(20111220,3,0,'MOZILLA',5.00,'Mac',1324348273,'/index.php',0),(20111220,3,0,'MOZILLA',5.00,'Mac',1324348275,'/my/index.php',0),(20111220,3,0,'MOZILLA',5.00,'Mac',1324348278,'/projects/codendi/',0),(20111220,3,0,'MOZILLA',5.00,'Mac',1324348284,'/my/index.php',0),(20111220,3,0,'MOZILLA',5.00,'Mac',1324348285,'/projects/codendi/',0),(20111220,3,0,'MOZILLA',5.00,'Mac',1324348288,'/my/index.php',0),(20111220,3,0,'MOZILLA',5.00,'Mac',1324348294,'/admin/index.php',0),(20111220,3,100,'MOZILLA',5.00,'Mac',1324348308,'/project/admin/servicebar.php',0),(20111220,3,100,'MOZILLA',5.00,'Mac',1324348317,'/project/admin/editservice.php',0),(20111220,3,100,'MOZILLA',5.00,'Mac',1324348321,'/project/admin/servicebar.php',0),(20111220,3,100,'MOZILLA',5.00,'Mac',1324348332,'/plugins/git/index.php',0),(20111220,3,0,'MOZILLA',5.00,'Mac',1324348332,'/index.php',0),(20111220,3,0,'MOZILLA',5.00,'Mac',1324348350,'/account/logout.php',0),(20111220,3,0,'MOZILLA',5.00,'Mac',1324348350,'/index.php',0),(20111220,3,0,'MOZILLA',5.00,'Mac',1324348353,'/account/login.php',0),(20111220,3,0,'MOZILLA',5.00,'Mac',1324348358,'/account/login.php',0),(20111220,3,0,'MOZILLA',5.00,'Mac',1324348365,'/account/login.php',0),(20111220,3,0,'MOZILLA',5.00,'Mac',1324348365,'/my/index.php',0),(20111220,3,0,'MOZILLA',5.00,'Mac',1324348368,'/projects/nty/',0),(20111220,3,0,'MOZILLA',5.00,'Mac',1324348400,'/account/logout.php',0),(20111220,3,0,'MOZILLA',5.00,'Mac',1324348400,'/index.php',0),(20111220,3,0,'MOZILLA',5.00,'Mac',1324348404,'/account/login.php',0),(20111220,3,0,'MOZILLA',5.00,'Mac',1324348412,'/account/login.php',0),(20111220,3,0,'MOZILLA',5.00,'Mac',1324348413,'/my/index.php',0),(20111220,3,0,'MOZILLA',5.00,'Mac',1324348418,'/admin/index.php',0),(20111220,3,0,'MOZILLA',5.00,'Mac',1324348423,'/admin/grouplist.php',0),(20111220,3,101,'MOZILLA',5.00,'Mac',1324348426,'/admin/groupedit.php',0),(20111220,3,101,'MOZILLA',5.00,'Mac',1324348431,'/project/admin/index.php',0),(20111220,3,101,'MOZILLA',5.00,'Mac',1324348442,'/project/admin/userperms.php',0),(20111220,3,101,'MOZILLA',5.00,'Mac',1324348449,'/project/admin/userperms.php',0),(20111220,3,101,'MOZILLA',5.00,'Mac',1324348451,'/project/admin/index.php',0),(20111220,3,0,'MOZILLA',5.00,'Mac',1324348473,'/admin/index.php',0),(20111220,3,0,'MOZILLA',5.00,'Mac',1324348487,'/account/logout.php',0),(20111220,3,0,'MOZILLA',5.00,'Mac',1324348487,'/index.php',0),(20111220,3,0,'MOZILLA',5.00,'Mac',1324348490,'/account/login.php',0),(20111220,3,0,'MOZILLA',5.00,'Mac',1324348496,'/account/login.php',0),(20111220,3,0,'MOZILLA',5.00,'Mac',1324348497,'/my/index.php',0),(20111220,3,0,'MOZILLA',5.00,'Mac',1324348501,'/projects/nty/',0),(20111220,3,101,'MOZILLA',5.00,'Mac',1324348518,'/project/admin/index.php',0),(20111220,3,101,'MOZILLA',5.00,'Mac',1324348531,'/project/admin/servicebar.php',0),(20111220,3,101,'MOZILLA',5.00,'Mac',1324348534,'/project/admin/editservice.php',0),(20111220,3,101,'MOZILLA',5.00,'Mac',1324348537,'/project/admin/servicebar.php',0),(20111220,3,0,'MOZILLA',5.00,'Mac',1324348542,'/projects/nty/',0),(20111220,3,101,'MOZILLA',5.00,'Mac',1324348546,'/project/admin/index.php',0),(20111220,3,101,'MOZILLA',5.00,'Mac',1324348549,'/project/admin/servicebar.php',0),(20111220,3,101,'MOZILLA',5.00,'Mac',1324348552,'/project/admin/editservice.php',0),(20111220,3,101,'MOZILLA',5.00,'Mac',1324348556,'/project/admin/servicebar.php',0),(20111220,3,101,'MOZILLA',5.00,'Mac',1324348560,'/project/admin/editservice.php',0),(20111220,3,101,'MOZILLA',5.00,'Mac',1324348575,'/plugins/git/index.php',0),(20111220,3,0,'MOZILLA',5.00,'Mac',1324348575,'/index.php',0),(20111220,3,101,'MOZILLA',5.00,'Mac',1324348592,'/project/admin/editservice.php',0),(20111220,3,101,'MOZILLA',5.00,'Mac',1324348617,'/forum/index.php',0),(20111220,3,101,'MOZILLA',5.00,'Mac',1324348621,'/plugins/git/index.php',0),(20111220,3,0,'MOZILLA',5.00,'Mac',1324348622,'/index.php',0),(20111220,3,101,'MOZILLA',5.00,'Mac',1324348624,'/forum/index.php',0),(20111220,3,101,'MOZILLA',5.00,'Mac',1324348643,'/plugins/git/index.php',0),(20111220,3,0,'MOZILLA',5.00,'Mac',1324348643,'/index.php',0),(20111220,3,101,'MOZILLA',5.00,'Mac',1324348647,'/forum/index.php',0),(20111220,3,101,'MOZILLA',5.00,'Mac',1324348657,'/svn/index.php',0),(20111220,3,101,'MOZILLA',5.00,'Mac',1324348674,'/plugins/git/index.php',0),(20111220,3,0,'MOZILLA',5.00,'Mac',1324348675,'/index.php',0),(20111220,3,101,'MOZILLA',5.00,'Mac',1324348678,'/svn/index.php',0),(20111220,3,101,'MOZILLA',5.00,'Mac',1324348701,'/plugins/git/index.php',0),(20111220,3,0,'MOZILLA',5.00,'Mac',1324348701,'/index.php',0),(20111220,3,101,'MOZILLA',5.00,'Mac',1324348753,'/svn/index.php',0),(20111220,3,101,'MOZILLA',5.00,'Mac',1324348759,'/plugins/git/index.php',0),(20111220,3,0,'MOZILLA',5.00,'Mac',1324348759,'/index.php',0),(20111220,3,101,'MOZILLA',5.00,'Mac',1324348932,'/svn/index.php',0),(20111220,3,101,'MOZILLA',5.00,'Mac',1324348961,'/plugins/git/index.php',0),(20111220,3,0,'MOZILLA',5.00,'Mac',1324348961,'/index.php',0),(20111220,3,101,'MOZILLA',5.00,'Mac',1324349003,'/svn/index.php',0),(20111220,3,101,'MOZILLA',5.00,'Mac',1324349005,'/plugins/git/index.php',0),(20111220,3,0,'MOZILLA',5.00,'Mac',1324349005,'/index.php',0),(20111220,3,101,'MOZILLA',5.00,'Mac',1324349105,'/svn/index.php',0),(20111220,3,101,'MOZILLA',5.00,'Mac',1324349107,'/plugins/git/index.php',0),(20111220,3,0,'MOZILLA',5.00,'Mac',1324349108,'/index.php',0),(20111220,3,101,'MOZILLA',5.00,'Mac',1324349125,'/svn/index.php',0),(20111220,3,101,'MOZILLA',5.00,'Mac',1324349127,'/plugins/git/index.php',0),(20111220,3,101,'MOZILLA',5.00,'Mac',1324349151,'/svn/index.php',0),(20111220,3,101,'MOZILLA',5.00,'Mac',1324349156,'/project/admin/index.php',0),(20111220,3,101,'MOZILLA',5.00,'Mac',1324349161,'/project/admin/servicebar.php',0),(20111220,3,101,'MOZILLA',5.00,'Mac',1324349210,'/plugins/git/index.php',0),(20111220,3,101,'MOZILLA',5.00,'Mac',1324349270,'/project/admin/servicebar.php',0),(20111220,3,0,'MOZILLA',5.00,'Mac',1324349273,'/account/logout.php',0),(20111220,3,0,'MOZILLA',5.00,'Mac',1324349273,'/index.php',0),(20111220,3,0,'MOZILLA',5.00,'Mac',1324349276,'/account/login.php',0),(20111220,3,0,'MOZILLA',5.00,'Mac',1324349285,'/account/login.php',0),(20111220,3,0,'MOZILLA',5.00,'Mac',1324349286,'/my/index.php',0),(20111220,3,0,'MOZILLA',5.00,'Mac',1324349297,'/account/logout.php',0),(20111220,3,0,'MOZILLA',5.00,'Mac',1324349297,'/index.php',0),(20111220,3,0,'MOZILLA',5.00,'Mac',1324349300,'/account/login.php',0),(20111220,3,0,'MOZILLA',5.00,'Mac',1324349305,'/account/login.php',0),(20111220,3,0,'MOZILLA',5.00,'Mac',1324349306,'/my/index.php',0),(20111220,3,0,'MOZILLA',5.00,'Mac',1324349308,'/admin/index.php',0),(20111220,3,0,'MOZILLA',5.00,'Mac',1324349322,'/admin/grouplist.php',0),(20111220,3,101,'MOZILLA',5.00,'Mac',1324349324,'/admin/groupedit.php',0),(20111220,3,101,'MOZILLA',5.00,'Mac',1324349329,'/project/admin/index.php',0),(20111220,3,101,'MOZILLA',5.00,'Mac',1324349332,'/project/admin/servicebar.php',0),(20111220,3,0,'MOZILLA',5.00,'Mac',1324349337,'/admin/index.php',0),(20111220,3,0,'MOZILLA',5.00,'Mac',1324349341,'/plugins/pluginsadministration/index.php',0),(20111220,3,0,'MOZILLA',5.00,'Mac',1324349349,'/plugins/pluginsadministration/index.php',0),(20111220,3,0,'MOZILLA',5.00,'Mac',1324349359,'/account/logout.php',0),(20111220,3,0,'MOZILLA',5.00,'Mac',1324349359,'/index.php',0),(20111220,3,0,'MOZILLA',5.00,'Mac',1324349361,'/account/login.php',0),(20111220,3,0,'MOZILLA',5.00,'Mac',1324349367,'/account/login.php',0),(20111220,3,0,'MOZILLA',5.00,'Mac',1324349371,'/account/login.php',0),(20111220,3,0,'MOZILLA',5.00,'Mac',1324349372,'/my/index.php',0),(20111220,3,0,'MOZILLA',5.00,'Mac',1324349385,'/my/index.php',0),(20111220,3,0,'MOZILLA',5.00,'Mac',1324349388,'/projects/nty/',0),(20111220,3,101,'MOZILLA',5.00,'Mac',1324349391,'/plugins/git/index.php',0),(20111220,3,101,'MOZILLA',5.00,'Mac',1324349419,'/plugins/git/index.php',0),(20111220,3,101,'MOZILLA',5.00,'Mac',1324349435,'/plugins/git/index.php',0),(20111220,4,101,'MOZILLA',5.00,'Mac',1324350459,'/plugins/git/index.php',0),(20111220,4,101,'MOZILLA',5.00,'Mac',1324350459,'/plugins/git/index.php',0),(20111220,4,101,'MOZILLA',5.00,'Mac',1324350479,'/plugins/git/index.php',0),(20111220,4,101,'MOZILLA',5.00,'Mac',1324350479,'/plugins/git/index.php',0),(20111220,4,101,'MOZILLA',5.00,'Mac',1324350564,'/plugins/git/index.php',0),(20111220,4,101,'MOZILLA',5.00,'Mac',1324350564,'/plugins/git/index.php',0),(20111220,4,101,'MOZILLA',5.00,'Mac',1324350750,'/plugins/git/index.php',0),(20111220,4,101,'MOZILLA',5.00,'Mac',1324350751,'/plugins/git/index.php',0),(20111220,4,101,'MOZILLA',5.00,'Mac',1324350853,'/plugins/git/index.php',0),(20111220,4,101,'MOZILLA',5.00,'Mac',1324350853,'/plugins/git/index.php',0),(20111220,4,101,'MOZILLA',5.00,'Mac',1324352412,'/plugins/git/index.php',0),(20111220,4,101,'MOZILLA',5.00,'Mac',1324352413,'/plugins/git/index.php',0),(20111220,4,101,'MOZILLA',5.00,'Mac',1324352421,'/plugins/git/index.php',0),(20111220,4,101,'MOZILLA',5.00,'Mac',1324352422,'/plugins/git/index.php',0),(20111220,4,101,'MOZILLA',5.00,'Mac',1324352430,'/plugins/git/index.php',0),(20111220,4,101,'MOZILLA',5.00,'Mac',1324352430,'/plugins/git/index.php',0),(20111220,4,101,'MOZILLA',5.00,'Mac',1324352439,'/plugins/git/index.php',0),(20111220,4,101,'MOZILLA',5.00,'Mac',1324352439,'/plugins/git/index.php',0),(20111220,4,101,'MOZILLA',5.00,'Mac',1324352443,'/plugins/git/index.php',0),(20111220,4,101,'MOZILLA',5.00,'Mac',1324352444,'/plugins/git/index.php',0),(20111220,4,101,'MOZILLA',5.00,'Mac',1324352453,'/plugins/git/index.php',0),(20111220,4,101,'MOZILLA',5.00,'Mac',1324352456,'/plugins/git/index.php',0),(20111220,4,101,'MOZILLA',5.00,'Mac',1324352457,'/plugins/git/index.php',0),(20111220,4,101,'MOZILLA',5.00,'Mac',1324352458,'/plugins/git/index.php',0),(20111220,4,101,'MOZILLA',5.00,'Mac',1324352460,'/plugins/git/index.php',0),(20111220,4,101,'MOZILLA',5.00,'Mac',1324352486,'/plugins/git/index.php',0),(20111220,4,101,'MOZILLA',5.00,'Mac',1324352487,'/plugins/git/index.php',0),(20111220,4,101,'MOZILLA',5.00,'Mac',1324352768,'/plugins/git/index.php',0),(20111220,4,101,'MOZILLA',5.00,'Mac',1324353254,'/plugins/git/index.php',0),(20111220,4,0,'MOZILLA',5.00,'Mac',1324353388,'/my/index.php',0),(20111220,4,0,'MOZILLA',5.00,'Mac',1324353391,'/account/preferences.php',0),(20111220,4,0,'MOZILLA',5.00,'Mac',1324353399,'/account/updateprefs.php',0),(20111220,4,0,'MOZILLA',5.00,'Mac',1324353399,'/account/preferences.php',0),(20111220,4,0,'MOZILLA',5.00,'Mac',1324353403,'/softwaremap/index.php',0),(20111220,4,0,'MOZILLA',5.00,'Mac',1324353403,'/softwaremap/trove_list.php',0),(20111220,4,0,'MOZILLA',5.00,'Mac',1324353405,'/index.php',0),(20111220,4,0,'MOZILLA',5.00,'Mac',1324353406,'/my/index.php',0),(20111220,4,0,'MOZILLA',5.00,'Mac',1324353408,'/projects/nty/',0),(20111220,4,101,'MOZILLA',5.00,'Mac',1324353412,'/plugins/git/index.php',0),(20111220,4,101,'MOZILLA',5.00,'Mac',1324353433,'/plugins/git/index.php',0),(20111220,4,101,'MOZILLA',5.00,'Mac',1324353438,'/plugins/git/index.php',0),(20111220,4,101,'MOZILLA',5.00,'Mac',1324353487,'/plugins/git/index.php',0),(20111220,4,101,'MOZILLA',5.00,'Mac',1324353487,'/plugins/git/index.php',0),(20111220,4,101,'MOZILLA',5.00,'Mac',1324353496,'/plugins/git/index.php',0),(20111220,4,101,'MOZILLA',5.00,'Mac',1324353497,'/plugins/git/index.php',0),(20111220,4,101,'MOZILLA',5.00,'Mac',1324353500,'/plugins/git/index.php',0),(20111220,4,101,'MOZILLA',5.00,'Mac',1324353505,'/plugins/git/index.php',0),(20111220,4,101,'MOZILLA',5.00,'Mac',1324353509,'/project/admin/index.php',0),(20111220,4,101,'MOZILLA',5.00,'Mac',1324353519,'/plugins/git/index.php',0),(20111220,4,101,'MOZILLA',5.00,'Mac',1324353522,'/plugins/git/index.php/101/view/2/',0),(20111220,4,101,'MOZILLA',5.00,'Mac',1324353526,'/plugins/git/index.php',0),(20111220,4,101,'MOZILLA',5.00,'Mac',1324353530,'/plugins/git/index.php',0),(20111220,4,101,'MOZILLA',5.00,'Mac',1324353532,'/plugins/git/index.php',0),(20111220,9,101,'MOZILLA',5.00,'Mac',1324370458,'/plugins/git/index.php',0),(20111222,0,0,'MOZILLA',5.00,'Linux',1324508820,'/index.php',0),(20111222,0,0,'MOZILLA',5.00,'Linux',1324508821,'/index.php',0),(20111222,0,0,'MOZILLA',5.00,'Linux',1324508823,'/my/index.php',0),(20111222,0,0,'MOZILLA',5.00,'Linux',1324508823,'/my/index.php',0),(20111222,0,0,'MOZILLA',5.00,'Linux',1324508824,'/account/login.php',0),(20111222,0,0,'MOZILLA',5.00,'Linux',1324508825,'/account/login.php',0),(20111222,0,0,'MOZILLA',5.00,'Linux',1324508827,'/account/login.php',0),(20111222,0,0,'MOZILLA',5.00,'Linux',1324508828,'/my/index.php',0),(20111222,0,0,'MOZILLA',5.00,'Linux',1324508828,'/my/index.php',0),(20111222,0,0,'MOZILLA',5.00,'Linux',1324509173,'/index.php',0),(20111222,0,0,'MOZILLA',5.00,'Linux',1324509174,'/index.php',0),(20111222,0,0,'MOZILLA',5.00,'Linux',1324509176,'/my/index.php',0),(20111222,0,0,'MOZILLA',5.00,'Linux',1324509176,'/my/index.php',0),(20111222,0,0,'MOZILLA',5.00,'Linux',1324509177,'/account/login.php',0),(20111222,0,0,'MOZILLA',5.00,'Linux',1324509179,'/account/login.php',0),(20111222,0,0,'MOZILLA',5.00,'Linux',1324509180,'/my/index.php',0),(20111222,0,0,'MOZILLA',5.00,'Linux',1324509181,'/my/index.php',0),(20111222,0,0,'MOZILLA',5.00,'Mac',1324509513,'/index.php',0),(20111222,0,0,'MOZILLA',5.00,'Mac',1324509513,'/index.php',0),(20111222,0,0,'MOZILLA',5.00,'Mac',1324509514,'/my/index.php',0),(20111222,0,0,'MOZILLA',5.00,'Mac',1324509514,'/account/login.php',0),(20111222,0,0,'MOZILLA',5.00,'Mac',1324509515,'/account/login.php',0),(20111222,0,0,'MOZILLA',5.00,'Mac',1324509515,'/my/index.php',0),(20111222,0,0,'MOZILLA',5.00,'Mac',1324509581,'/index.php',0),(20111222,0,0,'MOZILLA',5.00,'Mac',1324509581,'/index.php',0),(20111222,0,0,'MOZILLA',5.00,'Mac',1324509582,'/my/index.php',0),(20111222,0,0,'MOZILLA',5.00,'Mac',1324509582,'/account/login.php',0),(20111222,0,0,'MOZILLA',5.00,'Mac',1324509582,'/account/login.php',0),(20111222,0,0,'MOZILLA',5.00,'Mac',1324509583,'/my/index.php',0),(20111222,0,0,'MOZILLA',5.00,'Mac',1324509588,'/index.php',0),(20111222,0,0,'MOZILLA',5.00,'Mac',1324509588,'/index.php',0),(20111222,0,0,'MOZILLA',5.00,'Mac',1324509589,'/my/index.php',0),(20111222,0,0,'MOZILLA',5.00,'Mac',1324509589,'/account/login.php',0),(20111222,0,0,'MOZILLA',5.00,'Mac',1324509590,'/account/login.php',0),(20111222,0,0,'MOZILLA',5.00,'Mac',1324509590,'/my/index.php',0),(20111222,0,0,'MOZILLA',5.00,'Mac',1324509967,'/index.php',0),(20111222,0,0,'MOZILLA',5.00,'Mac',1324509967,'/index.php',0),(20111222,0,0,'MOZILLA',5.00,'Mac',1324509984,'/account/login.php',0),(20111222,0,0,'MOZILLA',5.00,'Mac',1324509985,'/account/login.php',0),(20111222,0,0,'MOZILLA',5.00,'Mac',1324509994,'/account/login.php',0),(20111222,0,0,'MOZILLA',5.00,'Mac',1324509994,'/my/index.php',0),(20111222,0,0,'MOZILLA',5.00,'Mac',1324510024,'/index.php',0),(20111222,0,0,'MOZILLA',5.00,'Mac',1324510024,'/index.php',0),(20111222,0,0,'MOZILLA',5.00,'Mac',1324510025,'/my/index.php',0),(20111222,0,0,'MOZILLA',5.00,'Mac',1324510025,'/account/login.php',0),(20111222,0,0,'MOZILLA',5.00,'Mac',1324510026,'/account/login.php',0),(20111222,0,0,'MOZILLA',5.00,'Mac',1324510026,'/my/index.php',0),(20111222,0,0,'MOZILLA',5.00,'Mac',1324510047,'/index.php',0),(20111222,0,0,'MOZILLA',5.00,'Mac',1324510048,'/index.php',0),(20111222,0,0,'MOZILLA',5.00,'Mac',1324510049,'/my/index.php',0),(20111222,0,0,'MOZILLA',5.00,'Mac',1324510049,'/account/login.php',0),(20111222,0,0,'MOZILLA',5.00,'Mac',1324510049,'/account/login.php',0),(20111222,0,0,'MOZILLA',5.00,'Mac',1324510050,'/my/index.php',0),(20111020,13,101,'MOZILLA',5.00,'Linux',1319109947,'/plugins/docman/index.php',0),(20111020,13,0,'MOZILLA',5.00,'Linux',1319109948,'/sparklines.php',0),(20111020,13,101,'MOZILLA',5.00,'Linux',1319109952,'/plugins/docman/index.php',0),(20111020,13,0,'MOZILLA',5.00,'Linux',1319109952,'/sparklines.php',0),(20111020,13,101,'MOZILLA',5.00,'Linux',1319109966,'/plugins/docman/index.php',0),(20111020,13,101,'MOZILLA',5.00,'Linux',1319109967,'/plugins/docman/index.php',0),(20111020,13,0,'MOZILLA',5.00,'Linux',1319109967,'/sparklines.php',0),(20111020,13,101,'MOZILLA',5.00,'Linux',1319109971,'/plugins/docman/index.php',0),(20111020,13,0,'MOZILLA',5.00,'Linux',1319109972,'/sparklines.php',0),(20111020,13,101,'MOZILLA',5.00,'Linux',1319109981,'/plugins/docman/index.php',0),(20111020,13,101,'MOZILLA',5.00,'Linux',1319109981,'/plugins/docman/index.php',0),(20111020,13,0,'MOZILLA',5.00,'Linux',1319109981,'/sparklines.php',0),(20111020,13,101,'MOZILLA',5.00,'Linux',1319109992,'/plugins/docman/index.php',0),(20111020,13,0,'MOZILLA',5.00,'Linux',1319109993,'/sparklines.php',0),(20111020,13,101,'MOZILLA',5.00,'Linux',1319109995,'/plugins/docman/index.php',0),(20111020,13,0,'MOZILLA',5.00,'Linux',1319109995,'/sparklines.php',0),(20111020,13,101,'MOZILLA',5.00,'Linux',1319109998,'/plugins/docman/index.php',0),(20111020,13,0,'MOZILLA',5.00,'Linux',1319109998,'/sparklines.php',0),(20111020,13,101,'MOZILLA',5.00,'Linux',1319110002,'/plugins/docman/index.php',0),(20111020,13,101,'MOZILLA',5.00,'Linux',1319110002,'/plugins/docman/index.php',0),(20111020,13,0,'MOZILLA',5.00,'Linux',1319110002,'/sparklines.php',0),(20111020,13,0,'MOZILLA',5.00,'Linux',1319110005,'/account/logout.php',0),(20111020,13,0,'MOZILLA',5.00,'Linux',1319110006,'/index.php',0),(20111020,13,0,'MOZILLA',5.00,'Linux',1319110006,'/sparklines.php',0),(20111020,13,0,'MOZILLA',5.00,'Linux',1319110008,'/account/login.php',0),(20111020,13,0,'MOZILLA',5.00,'Linux',1319110008,'/sparklines.php',0),(20111020,13,0,'MOZILLA',5.00,'Linux',1319110013,'/account/login.php',0),(20111020,13,0,'MOZILLA',5.00,'Linux',1319110013,'/my/index.php',0),(20111020,13,0,'MOZILLA',5.00,'Linux',1319110013,'/sparklines.php',0),(20111020,13,0,'MOZILLA',5.00,'Linux',1319110013,'/widgets/widget.php',0),(20111020,13,0,'MOZILLA',5.00,'Linux',1319110014,'/sparklines.php',0),(20111020,13,0,'MOZILLA',5.00,'Linux',1319110014,'/widgets/widget.php',0),(20111020,13,0,'MOZILLA',5.00,'Linux',1319110014,'/widgets/widget.php',0),(20111020,13,0,'MOZILLA',5.00,'Linux',1319110014,'/widgets/widget.php',0),(20111020,13,0,'MOZILLA',5.00,'Linux',1319110014,'/sparklines.php',0),(20111020,13,0,'MOZILLA',5.00,'Linux',1319110014,'/sparklines.php',0),(20111020,13,0,'MOZILLA',5.00,'Linux',1319110014,'/sparklines.php',0),(20111020,13,0,'MOZILLA',5.00,'Linux',1319110016,'/admin/index.php',0),(20111020,13,0,'MOZILLA',5.00,'Linux',1319110016,'/sparklines.php',0),(20111020,13,0,'MOZILLA',5.00,'Linux',1319110060,'/admin/grouplist.php',0),(20111020,13,0,'MOZILLA',5.00,'Linux',1319110060,'/sparklines.php',0),(20111020,13,101,'MOZILLA',5.00,'Linux',1319110072,'/admin/groupedit.php',0),(20111020,13,0,'MOZILLA',5.00,'Linux',1319110072,'/sparklines.php',0),(20111020,13,101,'MOZILLA',5.00,'Linux',1319110087,'/admin/show_pending_documents.php',0),(20111020,13,0,'MOZILLA',5.00,'Linux',1319110087,'/sparklines.php',0),(20111021,9,0,'MOZILLA',5.00,'Linux',1319182000,'/index.php',0),(20111021,9,0,'MOZILLA',5.00,'Linux',1319182000,'/index.php',0),(20111021,9,0,'MOZILLA',5.00,'Linux',1319182000,'/sparklines.php',0),(20111021,9,0,'MOZILLA',5.00,'Linux',1319182005,'/my/index.php',0),(20111021,9,0,'MOZILLA',5.00,'Linux',1319182005,'/sparklines.php',0),(20111021,9,0,'MOZILLA',5.00,'Linux',1319182005,'/widgets/widget.php',0),(20111021,9,0,'MOZILLA',5.00,'Linux',1319182006,'/widgets/widget.php',0),(20111021,9,0,'MOZILLA',5.00,'Linux',1319182006,'/widgets/widget.php',0),(20111021,9,0,'MOZILLA',5.00,'Linux',1319182006,'/widgets/widget.php',0),(20111021,9,0,'MOZILLA',5.00,'Linux',1319182006,'/sparklines.php',0),(20111021,9,0,'MOZILLA',5.00,'Linux',1319182006,'/sparklines.php',0),(20111021,9,0,'MOZILLA',5.00,'Linux',1319182006,'/sparklines.php',0),(20111021,9,0,'MOZILLA',5.00,'Linux',1319182006,'/sparklines.php',0),(20111021,9,0,'MOZILLA',5.00,'Linux',1319182008,'/account/logout.php',0),(20111021,9,0,'MOZILLA',5.00,'Linux',1319182008,'/index.php',0),(20111021,9,0,'MOZILLA',5.00,'Linux',1319182008,'/sparklines.php',0),(20111021,9,0,'MOZILLA',5.00,'Linux',1319182010,'/sparklines.php',0),(20111021,9,0,'MOZILLA',5.00,'Linux',1319182010,'/widgets/widget.php',0),(20111021,9,0,'MOZILLA',5.00,'Linux',1319182010,'/widgets/widget.php',0),(20111021,9,0,'MOZILLA',5.00,'Linux',1319182010,'/widgets/widget.php',0),(20111021,9,0,'MOZILLA',5.00,'Linux',1319182010,'/widgets/widget.php',0),(20111021,9,0,'MOZILLA',5.00,'Linux',1319182010,'/sparklines.php',0),(20111021,9,0,'MOZILLA',5.00,'Linux',1319182010,'/sparklines.php',0),(20111021,9,0,'MOZILLA',5.00,'Linux',1319182010,'/sparklines.php',0),(20111021,9,0,'MOZILLA',5.00,'Linux',1319182011,'/sparklines.php',0),(20111021,9,0,'MOZILLA',5.00,'Linux',1319182012,'/projects/codendi/',0),(20111021,9,0,'MOZILLA',5.00,'Linux',1319182013,'/sparklines.php',0),(20111021,9,0,'MOZILLA',5.00,'Linux',1319182016,'/account/login.php',0),(20111021,9,0,'MOZILLA',5.00,'Linux',1319182017,'/account/login.php',0),(20111021,9,0,'MOZILLA',5.00,'Linux',1319182017,'/sparklines.php',0),(20111021,9,0,'MOZILLA',5.00,'Linux',1319182021,'/account/login.php',0),(20111021,9,0,'MOZILLA',5.00,'Linux',1319182021,'/my/index.php',0),(20111021,9,0,'MOZILLA',5.00,'Linux',1319182022,'/widgets/widget.php',0),(20111021,9,0,'MOZILLA',5.00,'Linux',1319182022,'/widgets/widget.php',0),(20111021,9,0,'MOZILLA',5.00,'Linux',1319182022,'/widgets/widget.php',0),(20111021,9,0,'MOZILLA',5.00,'Linux',1319182022,'/widgets/widget.php',0),(20111021,9,0,'MOZILLA',5.00,'Linux',1319182022,'/sparklines.php',0),(20111021,9,0,'MOZILLA',5.00,'Linux',1319182022,'/sparklines.php',0),(20111021,9,0,'MOZILLA',5.00,'Linux',1319182022,'/sparklines.php',0),(20111021,9,0,'MOZILLA',5.00,'Linux',1319182022,'/sparklines.php',0),(20111021,9,0,'MOZILLA',5.00,'Linux',1319182022,'/sparklines.php',0),(20111021,9,0,'MOZILLA',5.00,'Linux',1319182024,'/projects/codendi/',0),(20111021,9,0,'MOZILLA',5.00,'Linux',1319182025,'/sparklines.php',0),(20111021,9,0,'MOZILLA',5.00,'Linux',1319182025,'/plugins/IM/index.php',0),(20111021,9,0,'MOZILLA',5.00,'Linux',1319182025,'/widgets/widget.php',0),(20111021,9,0,'MOZILLA',5.00,'Linux',1319182025,'/sparklines.php',0),(20111021,9,1,'MOZILLA',5.00,'Linux',1319182066,'/project/admin/index.php',0),(20111021,9,0,'MOZILLA',5.00,'Linux',1319182067,'/sparklines.php',0),(20111021,9,0,'MOZILLA',5.00,'Linux',1319182067,'/plugins/IM/index.php',0),(20111021,9,1,'MOZILLA',5.00,'Linux',1319182073,'/project/admin/servicebar.php',0),(20111021,9,0,'MOZILLA',5.00,'Linux',1319182073,'/sparklines.php',0),(20111021,9,1,'MOZILLA',5.00,'Linux',1319182075,'/project/admin/editservice.php',0),(20111021,9,0,'MOZILLA',5.00,'Linux',1319182075,'/sparklines.php',0),(20111021,9,1,'MOZILLA',5.00,'Linux',1319182077,'/project/admin/servicebar.php',0),(20111021,9,0,'MOZILLA',5.00,'Linux',1319182077,'/sparklines.php',0),(20111021,9,1,'MOZILLA',5.00,'Linux',1319182079,'/cvs/index.php',0),(20111021,9,0,'MOZILLA',5.00,'Linux',1319182079,'/sparklines.php',0),(20111021,9,0,'MOZILLA',5.00,'Linux',1319182098,'/project/privacy.php',0),(20111021,9,1,'MOZILLA',5.00,'Linux',1319182268,'/cvs/index.php',0),(20111021,11,0,'MOZILLA',5.00,'Linux',1319188413,'/index.php',0),(20111021,11,0,'MOZILLA',5.00,'Linux',1319188417,'/projects/nty/',0),(20111021,11,0,'MOZILLA',5.00,'Linux',1319188418,'/plugins/IM/index.php',0),(20111021,11,0,'MOZILLA',5.00,'Linux',1319188418,'/widgets/widget.php',0),(20111021,11,101,'MOZILLA',5.00,'Linux',1319188421,'/tracker/index.php',0),(20111021,11,10100,'MOZILLA',5.00,'Linux',1319188425,'/tracker/index.php',0),(20111021,14,0,'MOZILLA',5.00,'Linux',1319198752,'/my/index.php',0),(20111021,14,0,'MOZILLA',5.00,'Linux',1319198753,'/widgets/widget.php',0),(20111021,14,0,'MOZILLA',5.00,'Linux',1319198753,'/widgets/widget.php',0),(20111021,14,0,'MOZILLA',5.00,'Linux',1319198753,'/widgets/widget.php',0),(20111021,14,0,'MOZILLA',5.00,'Linux',1319198753,'/widgets/widget.php',0),(20111021,14,0,'MOZILLA',5.00,'Linux',1319198756,'/account/logout.php',0),(20111021,14,0,'MOZILLA',5.00,'Linux',1319198756,'/index.php',0),(20111021,14,0,'MOZILLA',5.00,'Linux',1319198759,'/account/login.php',0),(20111021,14,0,'MOZILLA',5.00,'Linux',1319198763,'/account/login.php',0),(20111021,14,0,'MOZILLA',5.00,'Linux',1319198763,'/my/index.php',0),(20111021,14,0,'MOZILLA',5.00,'Linux',1319198764,'/widgets/widget.php',0),(20111021,14,0,'MOZILLA',5.00,'Linux',1319198764,'/widgets/widget.php',0),(20111021,14,0,'MOZILLA',5.00,'Linux',1319198764,'/widgets/widget.php',0),(20111021,14,0,'MOZILLA',5.00,'Linux',1319198764,'/widgets/widget.php',0),(20111021,14,0,'MOZILLA',5.00,'Linux',1319198766,'/projects/nty/',0),(20111021,14,0,'MOZILLA',5.00,'Linux',1319198767,'/plugins/IM/index.php',0),(20111021,14,0,'MOZILLA',5.00,'Linux',1319198767,'/widgets/widget.php',0),(20111021,14,101,'MOZILLA',5.00,'Linux',1319198768,'/mail/index.php',0),(20111021,14,101,'MOZILLA',5.00,'Linux',1319198771,'/mail/admin/index.php',0),(20111021,14,101,'MOZILLA',5.00,'Linux',1319198773,'/mail/admin/index.php',0),(20111021,14,101,'MOZILLA',5.00,'Linux',1319198782,'/mail/admin/index.php',0),(20111021,14,101,'MOZILLA',5.00,'Linux',1319198785,'/mail/index.php',0),(20111021,14,101,'MOZILLA',5.00,'Linux',1319198815,'/plugins/forumml/message.php',0),(20111021,14,101,'MOZILLA',5.00,'Linux',1319198820,'/plugins/forumml/message.php',0),(20111021,14,0,'MOZILLA',5.00,'Linux',1319199179,'/project/privacy.php',0),(20111021,14,101,'MOZILLA',5.00,'Linux',1319199184,'/plugins/forumml/message.php',0),(20111021,14,0,'MOZILLA',5.00,'Linux',1319199184,'/sparklines.php',0),(20111021,14,101,'MOZILLA',5.00,'Linux',1319199186,'/mail/admin/index.php',0),(20111021,14,0,'MOZILLA',5.00,'Linux',1319199187,'/sparklines.php',0),(20111021,14,101,'MOZILLA',5.00,'Linux',1319199188,'/mail/admin/index.php',0),(20111021,14,0,'MOZILLA',5.00,'Linux',1319199189,'/sparklines.php',0),(20111021,14,101,'MOZILLA',5.00,'Linux',1319199200,'/mail/admin/index.php',0),(20111021,14,0,'MOZILLA',5.00,'Linux',1319199200,'/sparklines.php',0),(20111021,14,101,'MOZILLA',5.00,'Linux',1319199249,'/mail/admin/index.php',0),(20111021,14,0,'MOZILLA',5.00,'Linux',1319199250,'/sparklines.php',0),(20111021,14,101,'MOZILLA',5.00,'Linux',1319199252,'/mail/index.php',0),(20111021,14,0,'MOZILLA',5.00,'Linux',1319199252,'/sparklines.php',0),(20111021,14,101,'MOZILLA',5.00,'Linux',1319199414,'/mail/index.php',0),(20111021,14,0,'MOZILLA',5.00,'Linux',1319199414,'/sparklines.php',0),(20111021,14,0,'MOZILLA',5.00,'Linux',1319199416,'/project/privacy.php',0),(20111021,14,0,'MOZILLA',5.00,'Linux',1319199462,'/my/index.php',0),(20111021,14,0,'MOZILLA',5.00,'Linux',1319199462,'/sparklines.php',0),(20111021,14,0,'MOZILLA',5.00,'Linux',1319199463,'/widgets/widget.php',0),(20111021,14,0,'MOZILLA',5.00,'Linux',1319199463,'/widgets/widget.php',0),(20111021,14,0,'MOZILLA',5.00,'Linux',1319199463,'/widgets/widget.php',0),(20111021,14,0,'MOZILLA',5.00,'Linux',1319199463,'/widgets/widget.php',0),(20111021,14,0,'MOZILLA',5.00,'Linux',1319199463,'/sparklines.php',0),(20111021,14,0,'MOZILLA',5.00,'Linux',1319199463,'/sparklines.php',0),(20111021,14,0,'MOZILLA',5.00,'Linux',1319199463,'/sparklines.php',0),(20111021,14,0,'MOZILLA',5.00,'Linux',1319199463,'/sparklines.php',0),(20111021,14,0,'MOZILLA',5.00,'Linux',1319199464,'/projects/codendi/',0),(20111021,14,0,'MOZILLA',5.00,'Linux',1319199465,'/sparklines.php',0),(20111021,14,0,'MOZILLA',5.00,'Linux',1319199465,'/widgets/widget.php',0),(20111021,14,0,'MOZILLA',5.00,'Linux',1319199465,'/plugins/IM/index.php',0),(20111021,14,0,'MOZILLA',5.00,'Linux',1319199465,'/sparklines.php',0),(20111021,14,1,'MOZILLA',5.00,'Linux',1319199466,'/mail/index.php',0),(20111021,14,0,'MOZILLA',5.00,'Linux',1319199467,'/sparklines.php',0),(20111021,14,101,'MOZILLA',5.00,'Linux',1319199572,'/mail/index.php',0),(20111021,14,0,'MOZILLA',5.00,'Linux',1319199572,'/sparklines.php',0),(20111021,14,0,'MOZILLA',5.00,'Linux',1319199867,'/project/privacy.php',0),(20111021,14,101,'MOZILLA',5.00,'Linux',1319199868,'/mail/index.php',0),(20111021,14,0,'MOZILLA',5.00,'Linux',1319199868,'/sparklines.php',0),(20111021,14,0,'MOZILLA',5.00,'Linux',1319199912,'/my/index.php',0),(20111021,14,0,'MOZILLA',5.00,'Linux',1319199912,'/sparklines.php',0),(20111021,14,0,'MOZILLA',5.00,'Linux',1319199913,'/widgets/widget.php',0),(20111021,14,0,'MOZILLA',5.00,'Linux',1319199913,'/widgets/widget.php',0),(20111021,14,0,'MOZILLA',5.00,'Linux',1319199913,'/widgets/widget.php',0),(20111021,14,0,'MOZILLA',5.00,'Linux',1319199913,'/widgets/widget.php',0),(20111021,14,0,'MOZILLA',5.00,'Linux',1319199913,'/sparklines.php',0),(20111021,14,0,'MOZILLA',5.00,'Linux',1319199913,'/sparklines.php',0),(20111021,14,0,'MOZILLA',5.00,'Linux',1319199913,'/sparklines.php',0),(20111021,14,0,'MOZILLA',5.00,'Linux',1319199913,'/sparklines.php',0),(20111021,14,0,'MOZILLA',5.00,'Linux',1319199915,'/account/preferences.php',0),(20111021,14,0,'MOZILLA',5.00,'Linux',1319199915,'/sparklines.php',0),(20111021,14,101,'MOZILLA',5.00,'Linux',1319200126,'/mail/index.php',0),(20111021,14,0,'MOZILLA',5.00,'Linux',1319200127,'/sparklines.php',0),(20111021,14,101,'MOZILLA',5.00,'Linux',1319200248,'/mail/index.php',0),(20111021,14,0,'MOZILLA',5.00,'Linux',1319200249,'/sparklines.php',0),(20111021,14,101,'MOZILLA',5.00,'Linux',1319200260,'/mail/index.php',0),(20111021,14,0,'MOZILLA',5.00,'Linux',1319200260,'/sparklines.php',0),(20111021,14,101,'MOZILLA',5.00,'Linux',1319200269,'/mail/index.php',0),(20111021,14,0,'MOZILLA',5.00,'Linux',1319200269,'/sparklines.php',0),(20111021,14,101,'MOZILLA',5.00,'Linux',1319200582,'/mail/index.php',0),(20111021,14,0,'MOZILLA',5.00,'Linux',1319200583,'/sparklines.php',0),(20111021,14,101,'MOZILLA',5.00,'Linux',1319200592,'/mail/index.php',0),(20111021,14,0,'MOZILLA',5.00,'Linux',1319200593,'/sparklines.php',0),(20111021,14,101,'MOZILLA',5.00,'Linux',1319200778,'/mail/index.php',0),(20111021,14,0,'MOZILLA',5.00,'Linux',1319200779,'/sparklines.php',0),(20111021,14,101,'MOZILLA',5.00,'Linux',1319200780,'/mail/index.php',0),(20111021,14,0,'MOZILLA',5.00,'Linux',1319200780,'/sparklines.php',0),(20111021,14,101,'MOZILLA',5.00,'Linux',1319200786,'/mail/index.php',0),(20111021,14,0,'MOZILLA',5.00,'Linux',1319200786,'/sparklines.php',0),(20111021,14,101,'MOZILLA',5.00,'Linux',1319200789,'/mail/index.php',0),(20111021,14,0,'MOZILLA',5.00,'Linux',1319200789,'/sparklines.php',0),(20111021,14,0,'MOZILLA',5.00,'Linux',1319200794,'/project/privacy.php',0),(20111021,14,101,'MOZILLA',5.00,'Linux',1319200798,'/mail/index.php',0),(20111021,14,0,'MOZILLA',5.00,'Linux',1319200798,'/sparklines.php',0),(20111021,14,101,'MOZILLA',5.00,'Linux',1319200801,'/mail/index.php',0),(20111021,14,0,'MOZILLA',5.00,'Linux',1319200801,'/sparklines.php',0),(20111021,14,101,'MOZILLA',5.00,'Linux',1319200803,'/mail/index.php',0),(20111021,14,0,'MOZILLA',5.00,'Linux',1319200803,'/sparklines.php',0),(20111021,14,101,'MOZILLA',5.00,'Linux',1319200841,'/mail/index.php',0),(20111021,14,0,'MOZILLA',5.00,'Linux',1319200842,'/sparklines.php',0),(20111021,14,101,'MOZILLA',5.00,'Linux',1319201047,'/mail/index.php',0),(20111021,14,0,'MOZILLA',5.00,'Linux',1319201048,'/sparklines.php',0),(20111021,14,101,'MOZILLA',5.00,'Linux',1319201271,'/mail/index.php',0),(20111021,14,0,'MOZILLA',5.00,'Linux',1319201272,'/sparklines.php',0),(20111021,14,101,'MOZILLA',5.00,'Linux',1319201280,'/mail/index.php',0),(20111021,14,0,'MOZILLA',5.00,'Linux',1319201280,'/sparklines.php',0),(20111021,14,101,'MOZILLA',5.00,'Linux',1319201289,'/plugins/forumml/message.php',0),(20111021,14,0,'MOZILLA',5.00,'Linux',1319201289,'/sparklines.php',0),(20111021,14,101,'MOZILLA',5.00,'Linux',1319201293,'/mail/index.php',0),(20111021,14,0,'MOZILLA',5.00,'Linux',1319201293,'/sparklines.php',0),(20111021,14,101,'MOZILLA',5.00,'Linux',1319201358,'/mail/index.php',0),(20111021,14,0,'MOZILLA',5.00,'Linux',1319201358,'/sparklines.php',0),(20111021,14,101,'MOZILLA',5.00,'Linux',1319201372,'/mail/index.php',0),(20111021,14,0,'MOZILLA',5.00,'Linux',1319201373,'/sparklines.php',0),(20111021,14,101,'MOZILLA',5.00,'Linux',1319201511,'/mail/index.php',0),(20111021,14,0,'MOZILLA',5.00,'Linux',1319201511,'/sparklines.php',0),(20111021,14,101,'MOZILLA',5.00,'Linux',1319201561,'/mail/index.php',0),(20111021,14,0,'MOZILLA',5.00,'Linux',1319201562,'/sparklines.php',0),(20111021,14,101,'MOZILLA',5.00,'Linux',1319201567,'/mail/index.php',0),(20111021,14,0,'MOZILLA',5.00,'Linux',1319201568,'/sparklines.php',0),(20111021,14,101,'MOZILLA',5.00,'Linux',1319201587,'/mail/index.php',0),(20111021,14,0,'MOZILLA',5.00,'Linux',1319201587,'/sparklines.php',0),(20111021,14,101,'MOZILLA',5.00,'Linux',1319201619,'/mail/index.php',0),(20111021,14,0,'MOZILLA',5.00,'Linux',1319201619,'/sparklines.php',0),(20111021,14,101,'MOZILLA',5.00,'Linux',1319201640,'/mail/index.php',0),(20111021,14,0,'MOZILLA',5.00,'Linux',1319201641,'/sparklines.php',0),(20111021,14,101,'MOZILLA',5.00,'Linux',1319201650,'/mail/index.php',0),(20111021,14,0,'MOZILLA',5.00,'Linux',1319201650,'/sparklines.php',0),(20111021,14,101,'MOZILLA',5.00,'Linux',1319201653,'/mail/index.php',0),(20111021,14,0,'MOZILLA',5.00,'Linux',1319201653,'/sparklines.php',0),(20111021,14,101,'MOZILLA',5.00,'Linux',1319201659,'/mail/index.php',0),(20111021,14,0,'MOZILLA',5.00,'Linux',1319201659,'/sparklines.php',0),(20111021,14,101,'MOZILLA',5.00,'Linux',1319201668,'/mail/index.php',0),(20111021,14,0,'MOZILLA',5.00,'Linux',1319201668,'/sparklines.php',0),(20111021,14,101,'MOZILLA',5.00,'Linux',1319201749,'/plugins/forumml/message.php',0),(20111021,14,0,'MOZILLA',5.00,'Linux',1319201750,'/sparklines.php',0),(20111021,15,101,'MOZILLA',5.00,'Linux',1319202157,'/mail/index.php',0),(20111021,15,0,'MOZILLA',5.00,'Linux',1319202158,'/sparklines.php',0),(20111021,15,101,'MOZILLA',5.00,'Linux',1319202225,'/mail/index.php',0),(20111021,15,0,'MOZILLA',5.00,'Linux',1319202226,'/sparklines.php',0),(20111021,15,101,'MOZILLA',5.00,'Linux',1319202345,'/mail/index.php',0),(20111021,15,0,'MOZILLA',5.00,'Linux',1319202345,'/sparklines.php',0),(20111021,15,101,'MOZILLA',5.00,'Linux',1319202354,'/mail/index.php',0),(20111021,15,0,'MOZILLA',5.00,'Linux',1319202354,'/sparklines.php',0),(20111021,15,101,'MOZILLA',5.00,'Linux',1319202778,'/mail/index.php',0),(20111021,15,0,'MOZILLA',5.00,'Linux',1319202778,'/sparklines.php',0),(20111021,15,101,'MOZILLA',5.00,'Linux',1319202792,'/mail/index.php',0),(20111021,15,0,'MOZILLA',5.00,'Linux',1319202793,'/sparklines.php',0),(20111021,15,101,'MOZILLA',5.00,'Linux',1319202854,'/mail/index.php',0),(20111021,15,0,'MOZILLA',5.00,'Linux',1319202855,'/sparklines.php',0),(20111021,15,101,'MOZILLA',5.00,'Linux',1319202976,'/mail/index.php',0),(20111021,15,0,'MOZILLA',5.00,'Linux',1319202976,'/sparklines.php',0),(20111021,15,101,'MOZILLA',5.00,'Linux',1319202991,'/mail/index.php',0),(20111021,15,0,'MOZILLA',5.00,'Linux',1319202992,'/sparklines.php',0),(20111021,15,101,'MOZILLA',5.00,'Linux',1319203005,'/mail/index.php',0),(20111021,15,0,'MOZILLA',5.00,'Linux',1319203006,'/sparklines.php',0),(20111021,15,101,'MOZILLA',5.00,'Linux',1319203026,'/mail/index.php',0),(20111021,15,0,'MOZILLA',5.00,'Linux',1319203026,'/sparklines.php',0),(20111021,15,101,'MOZILLA',5.00,'Linux',1319203065,'/mail/index.php',0),(20111021,15,0,'MOZILLA',5.00,'Linux',1319203065,'/sparklines.php',0),(20111021,15,101,'MOZILLA',5.00,'Linux',1319203527,'/mail/index.php',0),(20111021,15,0,'MOZILLA',5.00,'Linux',1319203528,'/sparklines.php',0),(20111021,15,101,'MOZILLA',5.00,'Linux',1319203790,'/mail/index.php',0),(20111021,15,0,'MOZILLA',5.00,'Linux',1319203791,'/sparklines.php',0),(20111021,15,101,'MOZILLA',5.00,'Linux',1319204086,'/mail/index.php',0),(20111021,15,0,'MOZILLA',5.00,'Linux',1319204087,'/sparklines.php',0),(20111021,15,101,'MOZILLA',5.00,'Linux',1319204110,'/mail/index.php',0),(20111021,15,0,'MOZILLA',5.00,'Linux',1319204110,'/sparklines.php',0),(20111021,15,101,'MOZILLA',5.00,'Linux',1319204131,'/plugins/forumml/message.php',0),(20111021,15,0,'MOZILLA',5.00,'Linux',1319204132,'/sparklines.php',0),(20111021,15,101,'MOZILLA',5.00,'Linux',1319204136,'/mail/index.php',0),(20111021,15,0,'MOZILLA',5.00,'Linux',1319204136,'/sparklines.php',0),(20111021,15,101,'MOZILLA',5.00,'Linux',1319204144,'/mail/index.php',0),(20111021,15,0,'MOZILLA',5.00,'Linux',1319204145,'/sparklines.php',0),(20111021,15,101,'MOZILLA',5.00,'Linux',1319204148,'/mail/admin/index.php',0),(20111021,15,0,'MOZILLA',5.00,'Linux',1319204148,'/sparklines.php',0),(20111021,15,101,'MOZILLA',5.00,'Linux',1319204151,'/mail/index.php',0),(20111021,15,0,'MOZILLA',5.00,'Linux',1319204152,'/sparklines.php',0),(20111021,15,0,'MOZILLA',5.00,'Linux',1319204183,'/mail/index.php',0),(20111021,15,0,'MOZILLA',5.00,'Linux',1319204183,'/sparklines.php',0),(20111021,15,101,'MOZILLA',5.00,'Linux',1319204229,'/mail/index.php',0),(20111021,15,0,'MOZILLA',5.00,'Linux',1319204229,'/sparklines.php',0),(20111021,15,101,'MOZILLA',5.00,'Linux',1319204232,'/mail/index.php',0),(20111021,15,0,'MOZILLA',5.00,'Linux',1319204232,'/sparklines.php',0),(20111021,15,0,'MOZILLA',5.00,'Linux',1319204809,'/project/privacy.php',0),(20111021,15,101,'MOZILLA',5.00,'Linux',1319204829,'/mail/index.php',0),(20111021,15,0,'MOZILLA',5.00,'Linux',1319204830,'/sparklines.php',0),(20111021,15,101,'MOZILLA',5.00,'Linux',1319204871,'/plugins/forumml/message.php',0),(20111021,15,0,'MOZILLA',5.00,'Linux',1319204871,'/sparklines.php',0),(20111021,15,101,'MOZILLA',5.00,'Linux',1319204942,'/plugins/forumml/message.php',0),(20111021,15,0,'MOZILLA',5.00,'Linux',1319204943,'/sparklines.php',0),(20111021,15,0,'MOZILLA',5.00,'Linux',1319204945,'/sparklines.php',0),(20111021,15,0,'MOZILLA',5.00,'Linux',1319204945,'/project/privacy.php',0),(20111021,15,101,'MOZILLA',5.00,'Linux',1319204952,'/plugins/forumml/message.php',0),(20111021,15,0,'MOZILLA',5.00,'Linux',1319204952,'/sparklines.php',0),(20111021,15,0,'MOZILLA',5.00,'Linux',1319204956,'/sparklines.php',0),(20111021,15,101,'MOZILLA',5.00,'Linux',1319205012,'/plugins/forumml/message.php',0),(20111021,15,0,'MOZILLA',5.00,'Linux',1319205012,'/sparklines.php',0),(20111021,15,0,'MOZILLA',5.00,'Linux',1319205015,'/sparklines.php',0),(20111021,15,0,'MOZILLA',5.00,'Linux',1319205016,'/project/privacy.php',0),(20111021,15,0,'MOZILLA',5.00,'Linux',1319205024,'/account/login.php',0),(20111021,15,0,'MOZILLA',5.00,'Linux',1319205024,'/sparklines.php',0),(20111021,15,0,'MOZILLA',5.00,'Linux',1319205033,'/account/login.php',0),(20111021,15,0,'MOZILLA',5.00,'Linux',1319205033,'/my/index.php',0),(20111021,15,0,'MOZILLA',5.00,'Linux',1319205034,'/sparklines.php',0),(20111021,15,0,'MOZILLA',5.00,'Linux',1319205034,'/widgets/widget.php',0),(20111021,15,0,'MOZILLA',5.00,'Linux',1319205034,'/widgets/widget.php',0),(20111021,15,0,'MOZILLA',5.00,'Linux',1319205034,'/widgets/widget.php',0),(20111021,15,0,'MOZILLA',5.00,'Linux',1319205034,'/widgets/widget.php',0),(20111021,15,0,'MOZILLA',5.00,'Linux',1319205034,'/sparklines.php',0),(20111021,15,0,'MOZILLA',5.00,'Linux',1319205035,'/sparklines.php',0),(20111021,15,0,'MOZILLA',5.00,'Linux',1319205035,'/sparklines.php',0),(20111021,15,0,'MOZILLA',5.00,'Linux',1319205035,'/sparklines.php',0),(20111021,15,0,'MOZILLA',5.00,'Linux',1319205037,'/projects/nty/',0),(20111021,15,0,'MOZILLA',5.00,'Linux',1319205038,'/sparklines.php',0),(20111021,15,0,'MOZILLA',5.00,'Linux',1319205038,'/plugins/IM/index.php',0),(20111021,15,0,'MOZILLA',5.00,'Linux',1319205039,'/widgets/widget.php',0),(20111021,15,0,'MOZILLA',5.00,'Linux',1319205039,'/sparklines.php',0),(20111021,15,101,'MOZILLA',5.00,'Linux',1319205042,'/mail/index.php',0),(20111021,15,0,'MOZILLA',5.00,'Linux',1319205043,'/sparklines.php',0),(20111021,15,101,'MOZILLA',5.00,'Linux',1319205044,'/plugins/forumml/message.php',0),(20111021,15,0,'MOZILLA',5.00,'Linux',1319205045,'/sparklines.php',0),(20111021,15,101,'MOZILLA',5.00,'Win',1319205047,'/mail/index.php',0),(20111021,15,0,'MOZILLA',5.00,'Win',1319205048,'/sparklines.php',0),(20111021,15,101,'MOZILLA',5.00,'Win',1319205052,'/plugins/forumml/message.php',0),(20111021,15,0,'MOZILLA',5.00,'Win',1319205053,'/sparklines.php',0),(20111021,15,0,'MOZILLA',5.00,'Linux',1319205056,'/sparklines.php',0),(20111021,15,0,'MOZILLA',5.00,'Win',1319205059,'/account/login.php',0),(20111021,15,0,'MOZILLA',5.00,'Win',1319205060,'/sparklines.php',0),(20111021,15,0,'MOZILLA',5.00,'Win',1319205068,'/account/login.php',0),(20111021,15,0,'MOZILLA',5.00,'Win',1319205068,'/my/index.php',0),(20111021,15,0,'MOZILLA',5.00,'Win',1319205069,'/sparklines.php',0),(20111021,15,0,'MOZILLA',5.00,'Win',1319205069,'/widgets/widget.php',0),(20111021,15,0,'MOZILLA',5.00,'Win',1319205069,'/widgets/widget.php',0),(20111021,15,0,'MOZILLA',5.00,'Win',1319205069,'/widgets/widget.php',0),(20111021,15,0,'MOZILLA',5.00,'Win',1319205069,'/widgets/widget.php',0),(20111021,15,0,'MOZILLA',5.00,'Win',1319205069,'/sparklines.php',0),(20111021,15,0,'MOZILLA',5.00,'Win',1319205069,'/sparklines.php',0),(20111021,15,0,'MOZILLA',5.00,'Win',1319205069,'/sparklines.php',0),(20111021,15,0,'MOZILLA',5.00,'Win',1319205069,'/sparklines.php',0),(20111021,15,0,'MOZILLA',5.00,'Win',1319205074,'/projects/nty/',0),(20111021,15,0,'MOZILLA',5.00,'Win',1319205075,'/plugins/IM/index.php',0),(20111021,15,0,'MOZILLA',5.00,'Win',1319205075,'/widgets/widget.php',0),(20111021,15,0,'MOZILLA',5.00,'Win',1319205075,'/sparklines.php',0),(20111021,15,0,'MOZILLA',5.00,'Win',1319205075,'/sparklines.php',0),(20111021,15,101,'MOZILLA',5.00,'Linux',1319205077,'/plugins/forumml/message.php',0),(20111021,15,0,'MOZILLA',5.00,'Linux',1319205077,'/sparklines.php',0),(20111021,15,101,'MOZILLA',5.00,'Win',1319205083,'/mail/index.php',0),(20111021,15,0,'MOZILLA',5.00,'Linux',1319205083,'/sparklines.php',0),(20111021,15,0,'MOZILLA',5.00,'Win',1319205083,'/sparklines.php',0),(20111021,15,101,'MOZILLA',5.00,'Linux',1319205085,'/plugins/forumml/message.php',0),(20111021,15,0,'MOZILLA',5.00,'Linux',1319205086,'/sparklines.php',0),(20111021,15,0,'MOZILLA',5.00,'Linux',1319205089,'/sparklines.php',0),(20111021,15,101,'MOZILLA',5.00,'Linux',1319205096,'/mail/index.php',0),(20111021,15,0,'MOZILLA',5.00,'Linux',1319205096,'/sparklines.php',0),(20111021,15,0,'MOZILLA',5.00,'Linux',1319205104,'/sparklines.php',0),(20111021,15,101,'MOZILLA',5.00,'Linux',1319205113,'/mail/index.php',0),(20111021,15,0,'MOZILLA',5.00,'Linux',1319205113,'/sparklines.php',0),(20111021,15,101,'MOZILLA',5.00,'Win',1319205113,'/plugins/forumml/message.php',0),(20111021,15,0,'MOZILLA',5.00,'Win',1319205114,'/sparklines.php',0),(20111021,15,0,'MOZILLA',5.00,'Win',1319205124,'/project/privacy.php',0),(20111021,15,101,'MOZILLA',5.00,'Win',1319205133,'/plugins/forumml/message.php',0),(20111021,15,0,'MOZILLA',5.00,'Win',1319205134,'/sparklines.php',0),(20111021,15,101,'MOZILLA',5.00,'Win',1319205145,'/plugins/forumml/message.php',0),(20111021,15,0,'MOZILLA',5.00,'Win',1319205146,'/sparklines.php',0),(20111021,15,101,'MOZILLA',5.00,'Linux',1319205171,'/plugins/forumml/message.php',0),(20111021,15,0,'MOZILLA',5.00,'Linux',1319205172,'/sparklines.php',0),(20111021,15,101,'MOZILLA',5.00,'Linux',1319205460,'/mail/index.php',0),(20111021,15,0,'MOZILLA',5.00,'Linux',1319205461,'/sparklines.php',0),(20111021,15,101,'MOZILLA',5.00,'Linux',1319205548,'/mail/index.php',0),(20111021,15,0,'MOZILLA',5.00,'Linux',1319205548,'/sparklines.php',0),(20111021,16,0,'MOZILLA',5.00,'Linux',1319205777,'/project/privacy.php',0),(20111021,16,101,'MOZILLA',5.00,'Linux',1319205779,'/plugins/forumml/message.php',0),(20111021,16,101,'MOZILLA',5.00,'Linux',1319205798,'/plugins/forumml/message.php',0),(20111021,16,0,'MOZILLA',5.00,'Linux',1319205799,'/sparklines.php',0),(20111021,16,101,'MOZILLA',5.00,'Linux',1319206047,'/plugins/forumml/message.php',0),(20111021,16,0,'MOZILLA',5.00,'Linux',1319206048,'/sparklines.php',0),(20111021,16,101,'MOZILLA',5.00,'Linux',1319206052,'/plugins/forumml/message.php',0),(20111021,16,0,'MOZILLA',5.00,'Linux',1319206053,'/plugins/forumml/scripts/cc_attach_js.php',0),(20111021,16,0,'MOZILLA',5.00,'Linux',1319206053,'/sparklines.php',0),(20111021,16,101,'MOZILLA',5.00,'Linux',1319206057,'/plugins/forumml/message.php',0),(20111021,16,0,'MOZILLA',5.00,'Linux',1319206058,'/sparklines.php',0),(20111021,16,101,'MOZILLA',5.00,'Linux',1319206060,'/mail/index.php',0),(20111021,16,0,'MOZILLA',5.00,'Linux',1319206060,'/sparklines.php',0),(20111021,16,101,'MOZILLA',5.00,'Linux',1319206061,'/plugins/forumml/message.php',0),(20111021,16,0,'MOZILLA',5.00,'Linux',1319206062,'/sparklines.php',0),(20111021,16,101,'MOZILLA',5.00,'Linux',1319206195,'/plugins/forumml/message.php',0),(20111021,16,0,'MOZILLA',5.00,'Linux',1319206195,'/sparklines.php',0),(20111021,16,101,'MOZILLA',5.00,'Linux',1319206562,'/mail/index.php',0),(20111021,16,0,'MOZILLA',5.00,'Linux',1319206563,'/sparklines.php',0),(20111021,16,101,'MOZILLA',5.00,'Linux',1319206601,'/mail/index.php',0),(20111021,16,0,'MOZILLA',5.00,'Linux',1319206601,'/sparklines.php',0),(20111021,16,101,'MOZILLA',5.00,'Linux',1319206612,'/plugins/forumml/message.php',0),(20111021,16,0,'MOZILLA',5.00,'Linux',1319206613,'/sparklines.php',0),(20111021,16,101,'MOZILLA',5.00,'Linux',1319206620,'/plugins/forumml/message.php',0),(20111021,16,0,'MOZILLA',5.00,'Linux',1319206621,'/sparklines.php',0),(20111021,16,0,'MOZILLA',5.00,'Linux',1319206636,'/project/privacy.php',0),(20111021,16,101,'MOZILLA',5.00,'Linux',1319206637,'/plugins/forumml/message.php',0),(20111021,16,0,'MOZILLA',5.00,'Linux',1319206638,'/sparklines.php',0),(20111021,16,101,'MOZILLA',5.00,'Linux',1319206642,'/plugins/forumml/message.php',0),(20111021,16,0,'MOZILLA',5.00,'Linux',1319206642,'/sparklines.php',0),(20111021,16,0,'MOZILLA',5.00,'Linux',1319206644,'/project/privacy.php',0),(20111021,16,101,'MOZILLA',5.00,'Linux',1319206646,'/plugins/forumml/message.php',0),(20111021,16,0,'MOZILLA',5.00,'Linux',1319206646,'/sparklines.php',0),(20111021,16,0,'MOZILLA',5.00,'Linux',1319206647,'/project/privacy.php',0),(20111021,16,101,'MOZILLA',5.00,'Linux',1319206650,'/plugins/forumml/message.php',0),(20111021,16,0,'MOZILLA',5.00,'Linux',1319206651,'/sparklines.php',0),(20111021,16,101,'MOZILLA',5.00,'Linux',1319206686,'/plugins/forumml/message.php',0),(20111021,16,0,'MOZILLA',5.00,'Linux',1319206687,'/sparklines.php',0),(20111021,16,101,'MOZILLA',5.00,'Linux',1319206735,'/plugins/forumml/message.php',0),(20111021,16,0,'MOZILLA',5.00,'Linux',1319206736,'/sparklines.php',0),(20111021,16,0,'MOZILLA',5.00,'Linux',1319206743,'/project/privacy.php',0),(20111021,16,101,'MOZILLA',5.00,'Linux',1319206754,'/plugins/forumml/message.php',0),(20111021,16,0,'MOZILLA',5.00,'Linux',1319206754,'/sparklines.php',0),(20111021,16,101,'MOZILLA',5.00,'Linux',1319206883,'/mail/index.php',0),(20111021,16,0,'MOZILLA',5.00,'Linux',1319206883,'/sparklines.php',0),(20111021,16,101,'MOZILLA',5.00,'Linux',1319206885,'/plugins/forumml/message.php',0),(20111021,16,0,'MOZILLA',5.00,'Linux',1319206885,'/sparklines.php',0),(20111021,16,101,'MOZILLA',5.00,'Linux',1319206918,'/plugins/forumml/message.php',0),(20111021,16,0,'MOZILLA',5.00,'Linux',1319206919,'/sparklines.php',0),(20111021,16,101,'MOZILLA',5.00,'Linux',1319206921,'/plugins/forumml/message.php',0),(20111021,16,0,'MOZILLA',5.00,'Linux',1319206922,'/sparklines.php',0),(20111021,16,101,'MOZILLA',5.00,'Linux',1319207076,'/plugins/forumml/message.php',0),(20111021,16,0,'MOZILLA',5.00,'Linux',1319207076,'/sparklines.php',0),(20111021,16,101,'MOZILLA',5.00,'Linux',1319207134,'/plugins/forumml/message.php',0),(20111021,16,0,'MOZILLA',5.00,'Linux',1319207135,'/sparklines.php',0),(20111021,16,0,'MOZILLA',5.00,'Linux',1319207146,'/project/privacy.php',0),(20111021,16,101,'MOZILLA',5.00,'Linux',1319207376,'/mail/index.php',0),(20111021,16,0,'MOZILLA',5.00,'Linux',1319207376,'/sparklines.php',0),(20111021,16,101,'MOZILLA',5.00,'Linux',1319207384,'/mail/index.php',0),(20111021,16,0,'MOZILLA',5.00,'Linux',1319207385,'/sparklines.php',0),(20111021,16,101,'MOZILLA',5.00,'Linux',1319207404,'/mail/index.php',0),(20111021,16,0,'MOZILLA',5.00,'Linux',1319207404,'/sparklines.php',0),(20111021,16,101,'MOZILLA',5.00,'Linux',1319207408,'/plugins/forumml/message.php',0),(20111021,16,0,'MOZILLA',5.00,'Linux',1319207409,'/sparklines.php',0),(20111021,16,101,'MOZILLA',5.00,'Linux',1319207456,'/mail/index.php',0),(20111021,16,0,'MOZILLA',5.00,'Linux',1319207456,'/sparklines.php',0),(20111021,16,101,'MOZILLA',5.00,'Linux',1319207465,'/mail/index.php',0),(20111021,16,0,'MOZILLA',5.00,'Linux',1319207466,'/sparklines.php',0),(20111021,16,101,'MOZILLA',5.00,'Linux',1319207494,'/mail/index.php',0),(20111021,16,0,'MOZILLA',5.00,'Linux',1319207494,'/sparklines.php',0),(20111021,16,101,'MOZILLA',5.00,'Linux',1319207500,'/plugins/forumml/message.php',0),(20111021,16,0,'MOZILLA',5.00,'Linux',1319207500,'/sparklines.php',0),(20111021,16,101,'MOZILLA',5.00,'Linux',1319207510,'/mail/index.php',0),(20111021,16,0,'MOZILLA',5.00,'Linux',1319207510,'/sparklines.php',0),(20111021,16,101,'MOZILLA',5.00,'Linux',1319207562,'/mail/index.php',0),(20111021,16,0,'MOZILLA',5.00,'Linux',1319207563,'/sparklines.php',0),(20111021,16,101,'MOZILLA',5.00,'Linux',1319207579,'/mail/index.php',0),(20111021,16,0,'MOZILLA',5.00,'Linux',1319207579,'/sparklines.php',0),(20111021,16,101,'MOZILLA',5.00,'Linux',1319207592,'/mail/index.php',0),(20111021,16,0,'MOZILLA',5.00,'Linux',1319207592,'/sparklines.php',0),(20111021,16,101,'MOZILLA',5.00,'Linux',1319207612,'/mail/index.php',0),(20111021,16,0,'MOZILLA',5.00,'Linux',1319207613,'/sparklines.php',0),(20111021,16,101,'MOZILLA',5.00,'Linux',1319207623,'/mail/index.php',0),(20111021,16,0,'MOZILLA',5.00,'Linux',1319207624,'/sparklines.php',0),(20111021,16,101,'MOZILLA',5.00,'Linux',1319207646,'/mail/index.php',0),(20111021,16,0,'MOZILLA',5.00,'Linux',1319207646,'/sparklines.php',0),(20111021,16,101,'MOZILLA',5.00,'Linux',1319207662,'/mail/index.php',0),(20111021,16,0,'MOZILLA',5.00,'Linux',1319207663,'/sparklines.php',0),(20111021,16,101,'MOZILLA',5.00,'Linux',1319207668,'/mail/index.php',0),(20111021,16,0,'MOZILLA',5.00,'Linux',1319207668,'/sparklines.php',0),(20111021,16,101,'MOZILLA',5.00,'Linux',1319207672,'/mail/index.php',0),(20111021,16,0,'MOZILLA',5.00,'Linux',1319207672,'/sparklines.php',0),(20111021,16,101,'MOZILLA',5.00,'Linux',1319207680,'/plugins/forumml/message.php',0),(20111021,16,0,'MOZILLA',5.00,'Linux',1319207680,'/sparklines.php',0),(20111021,16,0,'MOZILLA',5.00,'Linux',1319207683,'/project/privacy.php',0),(20111021,16,0,'MOZILLA',5.00,'Linux',1319207684,'/project/privacy.php',0),(20111021,16,101,'MOZILLA',5.00,'Linux',1319207690,'/plugins/forumml/message.php',0),(20111021,16,0,'MOZILLA',5.00,'Linux',1319207690,'/sparklines.php',0),(20111021,16,0,'MOZILLA',5.00,'Linux',1319207693,'/project/privacy.php',0),(20111021,16,101,'MOZILLA',5.00,'Linux',1319207785,'/plugins/forumml/message.php',0),(20111021,16,0,'MOZILLA',5.00,'Linux',1319207785,'/sparklines.php',0),(20111021,16,101,'MOZILLA',5.00,'Linux',1319208818,'/mail/index.php',0),(20111021,16,0,'MOZILLA',5.00,'Linux',1319208818,'/sparklines.php',0),(20111021,16,101,'MOZILLA',5.00,'Linux',1319208863,'/mail/index.php',0),(20111021,16,0,'MOZILLA',5.00,'Linux',1319208863,'/sparklines.php',0),(20111021,16,101,'MOZILLA',5.00,'Linux',1319208868,'/plugins/forumml/message.php',0),(20111021,16,0,'MOZILLA',5.00,'Linux',1319208869,'/sparklines.php',0),(20111021,16,101,'MOZILLA',5.00,'Linux',1319208886,'/mail/index.php',0),(20111021,16,0,'MOZILLA',5.00,'Linux',1319208887,'/sparklines.php',0),(20111021,16,101,'MOZILLA',5.00,'Linux',1319208941,'/svn/index.php',0),(20111021,16,0,'MOZILLA',5.00,'Linux',1319208942,'/sparklines.php',0),(20111021,16,101,'MOZILLA',5.00,'Linux',1319208946,'/tracker/index.php',0),(20111021,16,0,'MOZILLA',5.00,'Linux',1319208946,'/sparklines.php',0),(20111021,16,101,'MOZILLA',5.00,'Linux',1319208948,'/tracker/index.php',0),(20111021,16,0,'MOZILLA',5.00,'Linux',1319208948,'/sparklines.php',0),(20111021,16,101,'MOZILLA',5.00,'Linux',1319208950,'/tracker/index.php',0),(20111021,16,0,'MOZILLA',5.00,'Linux',1319208951,'/sparklines.php',0),(20111021,16,101,'MOZILLA',5.00,'Linux',1319208954,'/tracker/index.php',0),(20111021,16,101,'MOZILLA',5.00,'Linux',1319208954,'/tracker/index.php',0),(20111021,16,0,'MOZILLA',5.00,'Linux',1319208955,'/sparklines.php',0),(20111021,16,101,'MOZILLA',5.00,'Linux',1319208961,'/mail/index.php',0),(20111021,16,0,'MOZILLA',5.00,'Linux',1319208962,'/sparklines.php',0),(20111021,16,101,'MOZILLA',5.00,'Linux',1319209059,'/mail/index.php',0),(20111021,16,0,'MOZILLA',5.00,'Linux',1319209060,'/sparklines.php',0),(20111021,16,101,'MOZILLA',5.00,'Linux',1319209075,'/mail/index.php',0),(20111021,16,0,'MOZILLA',5.00,'Linux',1319209076,'/sparklines.php',0),(20111021,17,101,'MOZILLA',5.00,'Linux',1319209218,'/plugins/forumml/message.php',0),(20111021,17,0,'MOZILLA',5.00,'Linux',1319209218,'/sparklines.php',0),(20111021,17,101,'MOZILLA',5.00,'Linux',1319209248,'/plugins/docman/index.php',0),(20111021,17,0,'MOZILLA',5.00,'Linux',1319209248,'/sparklines.php',0),(20111021,17,101,'MOZILLA',5.00,'Linux',1319209253,'/plugins/docman/index.php',0),(20111021,17,0,'MOZILLA',5.00,'Linux',1319209253,'/sparklines.php',0),(20111021,17,101,'MOZILLA',5.00,'Linux',1319209306,'/mail/index.php',0),(20111021,17,0,'MOZILLA',5.00,'Linux',1319209307,'/sparklines.php',0),(20111021,17,101,'MOZILLA',5.00,'Linux',1319209315,'/plugins/forumml/message.php',0),(20111021,17,0,'MOZILLA',5.00,'Linux',1319209315,'/sparklines.php',0),(20111021,17,101,'MOZILLA',5.00,'Linux',1319209360,'/mail/index.php',0),(20111021,17,0,'MOZILLA',5.00,'Linux',1319209360,'/sparklines.php',0),(20111021,17,0,'MOZILLA',5.00,'Linux',1319209495,'/account/logout.php',0),(20111021,17,0,'MOZILLA',5.00,'Linux',1319209495,'/index.php',0),(20111021,17,0,'MOZILLA',5.00,'Linux',1319209496,'/sparklines.php',0),(20111021,17,0,'MOZILLA',5.00,'Linux',1319209500,'/account/login.php',0),(20111021,17,0,'MOZILLA',5.00,'Linux',1319209501,'/sparklines.php',0),(20111021,17,0,'MOZILLA',5.00,'Linux',1319209505,'/account/login.php',0),(20111021,17,0,'MOZILLA',5.00,'Linux',1319209505,'/my/index.php',0),(20111021,17,0,'MOZILLA',5.00,'Linux',1319209505,'/sparklines.php',0),(20111021,17,0,'MOZILLA',5.00,'Linux',1319209505,'/widgets/widget.php',0),(20111021,17,0,'MOZILLA',5.00,'Linux',1319209506,'/widgets/widget.php',0),(20111021,17,0,'MOZILLA',5.00,'Linux',1319209506,'/widgets/widget.php',0),(20111021,17,0,'MOZILLA',5.00,'Linux',1319209506,'/widgets/widget.php',0),(20111021,17,0,'MOZILLA',5.00,'Linux',1319209506,'/sparklines.php',0),(20111021,17,0,'MOZILLA',5.00,'Linux',1319209506,'/sparklines.php',0),(20111021,17,0,'MOZILLA',5.00,'Linux',1319209506,'/sparklines.php',0),(20111021,17,0,'MOZILLA',5.00,'Linux',1319209506,'/sparklines.php',0),(20111021,17,0,'MOZILLA',5.00,'Linux',1319209507,'/projects/codendi/',0),(20111021,17,0,'MOZILLA',5.00,'Linux',1319209507,'/sparklines.php',0),(20111021,17,0,'MOZILLA',5.00,'Linux',1319209507,'/widgets/widget.php',0),(20111021,17,0,'MOZILLA',5.00,'Linux',1319209507,'/plugins/IM/index.php',0),(20111021,17,0,'MOZILLA',5.00,'Linux',1319209508,'/sparklines.php',0),(20111021,17,0,'MOZILLA',5.00,'Linux',1319209508,'/admin/index.php',0),(20111021,17,0,'MOZILLA',5.00,'Linux',1319209509,'/sparklines.php',0),(20111021,17,0,'MOZILLA',5.00,'Linux',1319209511,'/plugins/pluginsadministration/index.php',0),(20111021,17,0,'MOZILLA',5.00,'Linux',1319209511,'/sparklines.php',0),(20111021,17,0,'MOZILLA',5.00,'Linux',1319209514,'/plugins/pluginsadministration/index.php',0),(20111021,17,0,'MOZILLA',5.00,'Linux',1319209514,'/sparklines.php',0),(20111021,17,0,'MOZILLA',5.00,'Linux',1319209518,'/plugins/pluginsadministration/index.php',0),(20111021,17,0,'MOZILLA',5.00,'Linux',1319209519,'/sparklines.php',0),(20111021,17,0,'MOZILLA',5.00,'Linux',1319209522,'/my/index.php',0),(20111021,17,0,'MOZILLA',5.00,'Linux',1319209523,'/sparklines.php',0),(20111021,17,0,'MOZILLA',5.00,'Linux',1319209523,'/widgets/widget.php',0),(20111021,17,0,'MOZILLA',5.00,'Linux',1319209523,'/widgets/widget.php',0),(20111021,17,0,'MOZILLA',5.00,'Linux',1319209523,'/widgets/widget.php',0),(20111021,17,0,'MOZILLA',5.00,'Linux',1319209523,'/widgets/widget.php',0),(20111021,17,0,'MOZILLA',5.00,'Linux',1319209524,'/sparklines.php',0),(20111021,17,0,'MOZILLA',5.00,'Linux',1319209524,'/project/privacy.php',0),(20111021,17,0,'MOZILLA',5.00,'Linux',1319209524,'/sparklines.php',0),(20111021,17,0,'MOZILLA',5.00,'Linux',1319209524,'/sparklines.php',0),(20111021,17,0,'MOZILLA',5.00,'Linux',1319209524,'/sparklines.php',0),(20111021,17,0,'MOZILLA',5.00,'Linux',1319209524,'/projects/codendi/',0),(20111021,17,0,'MOZILLA',5.00,'Linux',1319209525,'/sparklines.php',0),(20111021,17,0,'MOZILLA',5.00,'Linux',1319209525,'/plugins/IM/index.php',0),(20111021,17,0,'MOZILLA',5.00,'Linux',1319209525,'/widgets/widget.php',0),(20111021,17,0,'MOZILLA',5.00,'Linux',1319209525,'/sparklines.php',0),(20111021,17,1,'MOZILLA',5.00,'Linux',1319209527,'/mail/index.php',0),(20111021,17,0,'MOZILLA',5.00,'Linux',1319209527,'/sparklines.php',0),(20111021,17,1,'MOZILLA',5.00,'Linux',1319209529,'/mail/admin/index.php',0),(20111021,17,0,'MOZILLA',5.00,'Linux',1319209529,'/sparklines.php',0),(20111021,17,1,'MOZILLA',5.00,'Linux',1319209530,'/mail/admin/index.php',0),(20111021,17,0,'MOZILLA',5.00,'Linux',1319209531,'/sparklines.php',0),(20111021,17,1,'MOZILLA',5.00,'Linux',1319209553,'/mail/admin/index.php',0),(20111021,17,0,'MOZILLA',5.00,'Linux',1319209553,'/sparklines.php',0),(20111021,17,1,'MOZILLA',5.00,'Linux',1319209559,'/mail/admin/index.php',0),(20111021,17,0,'MOZILLA',5.00,'Linux',1319209559,'/sparklines.php',0),(20111021,17,1,'MOZILLA',5.00,'Linux',1319209561,'/mail/index.php',0),(20111021,17,0,'MOZILLA',5.00,'Linux',1319209561,'/sparklines.php',0),(20111021,17,1,'MOZILLA',5.00,'Linux',1319209573,'/mail/index.php',0),(20111021,17,0,'MOZILLA',5.00,'Linux',1319209573,'/sparklines.php',0),(20111021,17,1,'MOZILLA',5.00,'Linux',1319209579,'/mail/index.php',0),(20111021,17,0,'MOZILLA',5.00,'Linux',1319209580,'/sparklines.php',0),(20111021,17,1,'MOZILLA',5.00,'Linux',1319209583,'/mail/index.php',0),(20111021,17,0,'MOZILLA',5.00,'Linux',1319209583,'/sparklines.php',0),(20111021,17,1,'MOZILLA',5.00,'Linux',1319209609,'/mail/index.php',0),(20111021,17,0,'MOZILLA',5.00,'Linux',1319209609,'/sparklines.php',0),(20111021,17,1,'MOZILLA',5.00,'Linux',1319209682,'/mail/index.php',0),(20111021,17,0,'MOZILLA',5.00,'Linux',1319209682,'/sparklines.php',0),(20111021,17,1,'MOZILLA',5.00,'Linux',1319209708,'/search/index.php',0),(20111021,17,0,'MOZILLA',5.00,'Linux',1319209709,'/sparklines.php',0),(20111021,17,0,'MOZILLA',5.00,'Linux',1319209710,'/projects/nty/',0),(20111021,17,0,'MOZILLA',5.00,'Linux',1319209711,'/sparklines.php',0),(20111021,17,0,'MOZILLA',5.00,'Linux',1319209711,'/plugins/IM/index.php',0),(20111021,17,0,'MOZILLA',5.00,'Linux',1319209711,'/widgets/widget.php',0),(20111021,17,0,'MOZILLA',5.00,'Linux',1319209711,'/sparklines.php',0),(20111021,17,101,'MOZILLA',5.00,'Linux',1319209712,'/mail/index.php',0),(20111021,17,0,'MOZILLA',5.00,'Linux',1319209713,'/sparklines.php',0),(20111021,17,101,'MOZILLA',5.00,'Linux',1319209715,'/mail/admin/index.php',0),(20111021,17,0,'MOZILLA',5.00,'Linux',1319209715,'/sparklines.php',0),(20111021,17,101,'MOZILLA',5.00,'Linux',1319209717,'/mail/admin/index.php',0),(20111021,17,0,'MOZILLA',5.00,'Linux',1319209717,'/sparklines.php',0),(20111021,17,101,'MOZILLA',5.00,'Linux',1319209729,'/mail/admin/index.php',0),(20111021,17,0,'MOZILLA',5.00,'Linux',1319209729,'/sparklines.php',0),(20111021,17,0,'MOZILLA',5.00,'Linux',1319209731,'/admin/index.php',0),(20111021,17,0,'MOZILLA',5.00,'Linux',1319209732,'/sparklines.php',0),(20111021,17,0,'MOZILLA',5.00,'Linux',1319209733,'/plugins/pluginsadministration/index.php',0),(20111021,17,0,'MOZILLA',5.00,'Linux',1319209734,'/sparklines.php',0),(20111021,17,0,'MOZILLA',5.00,'Linux',1319209737,'/plugins/pluginsadministration/index.php',0),(20111021,17,0,'MOZILLA',5.00,'Linux',1319209738,'/sparklines.php',0),(20111021,17,0,'MOZILLA',5.00,'Linux',1319209740,'/plugins/pluginsadministration/index.php',0),(20111021,17,0,'MOZILLA',5.00,'Linux',1319209741,'/sparklines.php',0),(20111021,17,0,'MOZILLA',5.00,'Linux',1319209743,'/account/logout.php',0),(20111021,17,0,'MOZILLA',5.00,'Linux',1319209743,'/index.php',0),(20111021,17,0,'MOZILLA',5.00,'Linux',1319209744,'/sparklines.php',0),(20111021,17,0,'MOZILLA',5.00,'Linux',1319209745,'/account/login.php',0),(20111021,17,0,'MOZILLA',5.00,'Linux',1319209746,'/sparklines.php',0),(20111021,17,0,'MOZILLA',5.00,'Linux',1319209749,'/account/login.php',0),(20111021,17,0,'MOZILLA',5.00,'Linux',1319209749,'/my/index.php',0),(20111021,17,0,'MOZILLA',5.00,'Linux',1319209749,'/sparklines.php',0),(20111021,17,0,'MOZILLA',5.00,'Linux',1319209750,'/widgets/widget.php',0),(20111021,17,0,'MOZILLA',5.00,'Linux',1319209750,'/widgets/widget.php',0),(20111021,17,0,'MOZILLA',5.00,'Linux',1319209750,'/widgets/widget.php',0),(20111021,17,0,'MOZILLA',5.00,'Linux',1319209750,'/widgets/widget.php',0),(20111021,17,0,'MOZILLA',5.00,'Linux',1319209750,'/sparklines.php',0),(20111021,17,0,'MOZILLA',5.00,'Linux',1319209750,'/sparklines.php',0),(20111021,17,0,'MOZILLA',5.00,'Linux',1319209750,'/sparklines.php',0),(20111021,17,0,'MOZILLA',5.00,'Linux',1319209750,'/sparklines.php',0),(20111021,17,0,'MOZILLA',5.00,'Linux',1319209751,'/projects/nty/',0),(20111021,17,0,'MOZILLA',5.00,'Linux',1319209752,'/plugins/IM/index.php',0),(20111021,17,0,'MOZILLA',5.00,'Linux',1319209752,'/widgets/widget.php',0),(20111021,17,0,'MOZILLA',5.00,'Linux',1319209752,'/sparklines.php',0),(20111021,17,0,'MOZILLA',5.00,'Linux',1319209752,'/sparklines.php',0),(20111021,17,101,'MOZILLA',5.00,'Linux',1319209754,'/mail/index.php',0),(20111021,17,0,'MOZILLA',5.00,'Linux',1319209755,'/sparklines.php',0),(20111021,17,101,'MOZILLA',5.00,'Linux',1319210519,'/plugins/forumml/message.php',0),(20111021,17,0,'MOZILLA',5.00,'Linux',1319210519,'/sparklines.php',0),(20111021,17,101,'MOZILLA',5.00,'Linux',1319210528,'/plugins/forumml/message.php',0),(20111021,17,0,'MOZILLA',5.00,'Linux',1319210529,'/sparklines.php',0),(20111021,17,101,'MOZILLA',5.00,'Linux',1319210586,'/plugins/forumml/message.php',0),(20111021,17,0,'MOZILLA',5.00,'Linux',1319210587,'/sparklines.php',0),(20111021,17,0,'MOZILLA',5.00,'Linux',1319210587,'/project/privacy.php',0),(20111021,17,101,'MOZILLA',5.00,'Linux',1319210600,'/search/index.php',0),(20111021,17,101,'MOZILLA',5.00,'Linux',1319210601,'/plugins/forumml/message.php',0),(20111021,17,0,'MOZILLA',5.00,'Linux',1319210601,'/sparklines.php',0),(20111021,17,101,'MOZILLA',5.00,'Linux',1319210610,'/search/index.php',0),(20111021,17,101,'MOZILLA',5.00,'Linux',1319210610,'/plugins/forumml/message.php',0),(20111021,17,0,'MOZILLA',5.00,'Linux',1319210610,'/sparklines.php',0),(20111021,17,101,'MOZILLA',5.00,'Linux',1319210685,'/plugins/forumml/message.php',0),(20111021,17,0,'MOZILLA',5.00,'Linux',1319210685,'/sparklines.php',0),(20111021,17,101,'MOZILLA',5.00,'Linux',1319210687,'/plugins/forumml/message.php',0),(20111021,17,0,'MOZILLA',5.00,'Linux',1319210687,'/plugins/forumml/scripts/cc_attach_js.php',0),(20111021,17,0,'MOZILLA',5.00,'Linux',1319210687,'/sparklines.php',0),(20111021,17,0,'MOZILLA',5.00,'Linux',1319210786,'/project/privacy.php',0),(20111021,17,0,'MOZILLA',5.00,'Linux',1319210789,'/project/privacy.php',0),(20111021,17,0,'MOZILLA',5.00,'Linux',1319210790,'/project/privacy.php',0),(20111021,17,101,'MOZILLA',5.00,'Linux',1319210795,'/plugins/forumml/index.php',0),(20111021,17,0,'MOZILLA',5.00,'Linux',1319210795,'/plugins/forumml/scripts/cc_attach_js.php',0),(20111021,17,0,'MOZILLA',5.00,'Linux',1319210796,'/sparklines.php',0),(20111021,17,0,'MOZILLA',5.00,'Linux',1319210798,'/project/privacy.php',0),(20111021,17,101,'MOZILLA',5.00,'Linux',1319210828,'/mail/index.php',0),(20111021,17,0,'MOZILLA',5.00,'Linux',1319210828,'/sparklines.php',0),(20111021,17,101,'MOZILLA',5.00,'Linux',1319210830,'/plugins/forumml/message.php',0),(20111021,17,0,'MOZILLA',5.00,'Linux',1319210830,'/sparklines.php',0),(20111021,17,101,'MOZILLA',5.00,'Linux',1319210839,'/plugins/forumml/message.php',0),(20111021,17,0,'MOZILLA',5.00,'Linux',1319210840,'/sparklines.php',0),(20111021,17,101,'MOZILLA',5.00,'Linux',1319210892,'/plugins/forumml/message.php',0),(20111021,17,0,'MOZILLA',5.00,'Linux',1319210892,'/sparklines.php',0),(20111021,17,101,'MOZILLA',5.00,'Linux',1319210899,'/plugins/forumml/message.php',0),(20111021,17,0,'MOZILLA',5.00,'Linux',1319210900,'/plugins/forumml/scripts/cc_attach_js.php',0),(20111021,17,0,'MOZILLA',5.00,'Linux',1319210900,'/sparklines.php',0),(20111021,17,101,'MOZILLA',5.00,'Linux',1319210942,'/plugins/forumml/message.php',0),(20111021,17,0,'MOZILLA',5.00,'Linux',1319210942,'/sparklines.php',0),(20111021,17,101,'MOZILLA',5.00,'Linux',1319210945,'/plugins/forumml/message.php',0),(20111021,17,0,'MOZILLA',5.00,'Linux',1319210946,'/sparklines.php',0),(20111021,17,101,'MOZILLA',5.00,'Linux',1319211199,'/plugins/forumml/message.php',0),(20111021,17,0,'MOZILLA',5.00,'Linux',1319211199,'/sparklines.php',0),(20111021,17,101,'MOZILLA',5.00,'Linux',1319211225,'/plugins/forumml/message.php',0),(20111021,17,0,'MOZILLA',5.00,'Linux',1319211225,'/sparklines.php',0),(20111021,17,101,'MOZILLA',5.00,'Linux',1319211274,'/plugins/forumml/message.php',0),(20111021,17,0,'MOZILLA',5.00,'Linux',1319211274,'/sparklines.php',0),(20111021,17,0,'MOZILLA',5.00,'Linux',1319211304,'/my/index.php',0),(20111021,17,0,'MOZILLA',5.00,'Linux',1319211304,'/sparklines.php',0),(20111021,17,0,'MOZILLA',5.00,'Linux',1319211304,'/widgets/widget.php',0),(20111021,17,0,'MOZILLA',5.00,'Linux',1319211304,'/widgets/widget.php',0),(20111021,17,0,'MOZILLA',5.00,'Linux',1319211304,'/widgets/widget.php',0),(20111021,17,0,'MOZILLA',5.00,'Linux',1319211304,'/widgets/widget.php',0),(20111021,17,0,'MOZILLA',5.00,'Linux',1319211305,'/sparklines.php',0),(20111021,17,0,'MOZILLA',5.00,'Linux',1319211305,'/sparklines.php',0),(20111021,17,0,'MOZILLA',5.00,'Linux',1319211305,'/sparklines.php',0),(20111021,17,0,'MOZILLA',5.00,'Linux',1319211305,'/sparklines.php',0),(20111021,17,0,'MOZILLA',5.00,'Linux',1319211306,'/account/preferences.php',0),(20111021,17,0,'MOZILLA',5.00,'Linux',1319211306,'/sparklines.php',0),(20111021,17,0,'MOZILLA',5.00,'Linux',1319211309,'/account/updateprefs.php',0),(20111021,17,0,'MOZILLA',5.00,'Linux',1319211309,'/account/preferences.php',0),(20111021,17,0,'MOZILLA',5.00,'Linux',1319211309,'/sparklines.php',0),(20111021,17,101,'MOZILLA',5.00,'Linux',1319211311,'/plugins/forumml/message.php',0),(20111021,17,0,'MOZILLA',5.00,'Linux',1319211312,'/sparklines.php',0),(20111021,17,101,'MOZILLA',5.00,'Linux',1319211463,'/plugins/forumml/message.php',0),(20111021,17,0,'MOZILLA',5.00,'Linux',1319211464,'/sparklines.php',0),(20111021,17,101,'MOZILLA',5.00,'Linux',1319211506,'/plugins/forumml/message.php',0),(20111021,17,0,'MOZILLA',5.00,'Linux',1319211507,'/sparklines.php',0),(20111021,17,101,'MOZILLA',5.00,'Linux',1319211979,'/plugins/forumml/message.php',0),(20111021,17,0,'MOZILLA',5.00,'Linux',1319211980,'/sparklines.php',0),(20111021,17,101,'MOZILLA',5.00,'Linux',1319212047,'/plugins/forumml/message.php',0),(20111021,17,0,'MOZILLA',5.00,'Linux',1319212048,'/sparklines.php',0),(20111021,17,101,'MOZILLA',5.00,'Linux',1319212077,'/plugins/forumml/message.php',0),(20111021,17,0,'MOZILLA',5.00,'Linux',1319212077,'/sparklines.php',0),(20111021,17,101,'MOZILLA',5.00,'Linux',1319212083,'/plugins/forumml/message.php',0),(20111021,17,0,'MOZILLA',5.00,'Linux',1319212083,'/sparklines.php',0),(20111021,17,101,'MOZILLA',5.00,'Linux',1319212109,'/plugins/forumml/message.php',0),(20111021,17,0,'MOZILLA',5.00,'Linux',1319212109,'/sparklines.php',0),(20111021,17,101,'MOZILLA',5.00,'Linux',1319212149,'/plugins/forumml/message.php',0),(20111021,17,0,'MOZILLA',5.00,'Linux',1319212149,'/sparklines.php',0),(20111021,17,101,'MOZILLA',5.00,'Linux',1319212233,'/plugins/forumml/message.php',0),(20111021,17,0,'MOZILLA',5.00,'Linux',1319212234,'/sparklines.php',0),(20111021,17,101,'MOZILLA',5.00,'Linux',1319212257,'/plugins/forumml/message.php',0),(20111021,17,0,'MOZILLA',5.00,'Linux',1319212258,'/sparklines.php',0),(20111021,17,101,'MOZILLA',5.00,'Linux',1319212334,'/plugins/forumml/message.php',0),(20111021,17,0,'MOZILLA',5.00,'Linux',1319212334,'/sparklines.php',0),(20111021,17,101,'MOZILLA',5.00,'Linux',1319212384,'/plugins/forumml/message.php',0),(20111021,17,0,'MOZILLA',5.00,'Linux',1319212385,'/sparklines.php',0),(20111021,17,101,'MOZILLA',5.00,'Linux',1319212400,'/plugins/forumml/message.php',0),(20111021,17,0,'MOZILLA',5.00,'Linux',1319212400,'/sparklines.php',0),(20111021,17,101,'MOZILLA',5.00,'Linux',1319212422,'/plugins/forumml/message.php',0),(20111021,17,0,'MOZILLA',5.00,'Linux',1319212422,'/sparklines.php',0),(20111021,17,101,'MOZILLA',5.00,'Linux',1319212436,'/plugins/forumml/message.php',0),(20111021,17,0,'MOZILLA',5.00,'Linux',1319212436,'/sparklines.php',0),(20111021,17,101,'MOZILLA',5.00,'Linux',1319212549,'/plugins/forumml/message.php',0),(20111021,17,0,'MOZILLA',5.00,'Linux',1319212549,'/sparklines.php',0),(20111021,17,101,'MOZILLA',5.00,'Linux',1319212553,'/plugins/forumml/message.php',0),(20111021,17,0,'MOZILLA',5.00,'Linux',1319212553,'/sparklines.php',0),(20111021,17,0,'MOZILLA',5.00,'Linux',1319212587,'/project/privacy.php',0),(20111021,17,101,'MOZILLA',5.00,'Linux',1319212588,'/plugins/forumml/message.php',0),(20111021,17,0,'MOZILLA',5.00,'Linux',1319212588,'/sparklines.php',0),(20111021,17,101,'MOZILLA',5.00,'Linux',1319212642,'/plugins/forumml/message.php',0),(20111021,17,0,'MOZILLA',5.00,'Linux',1319212643,'/sparklines.php',0),(20111021,17,101,'MOZILLA',5.00,'Linux',1319212657,'/plugins/forumml/message.php',0),(20111021,17,0,'MOZILLA',5.00,'Linux',1319212657,'/sparklines.php',0),(20111021,17,101,'MOZILLA',5.00,'Linux',1319212661,'/plugins/forumml/message.php',0),(20111021,17,0,'MOZILLA',5.00,'Linux',1319212661,'/sparklines.php',0),(20111021,17,101,'MOZILLA',5.00,'Linux',1319212663,'/mail/admin/index.php',0),(20111021,17,0,'MOZILLA',5.00,'Linux',1319212663,'/sparklines.php',0),(20111021,17,101,'MOZILLA',5.00,'Linux',1319212665,'/mail/index.php',0),(20111021,17,0,'MOZILLA',5.00,'Linux',1319212666,'/sparklines.php',0),(20111021,17,101,'MOZILLA',5.00,'Linux',1319212677,'/plugins/forumml/message.php',0),(20111021,17,0,'MOZILLA',5.00,'Linux',1319212677,'/sparklines.php',0),(20111021,17,101,'MOZILLA',5.00,'Linux',1319212682,'/plugins/forumml/message.php',0),(20111021,17,0,'MOZILLA',5.00,'Linux',1319212682,'/sparklines.php',0),(20111021,17,101,'MOZILLA',5.00,'Linux',1319212715,'/plugins/forumml/message.php',0),(20111021,17,0,'MOZILLA',5.00,'Linux',1319212715,'/sparklines.php',0),(20111021,17,101,'MOZILLA',5.00,'Linux',1319212735,'/plugins/forumml/message.php',0),(20111021,17,0,'MOZILLA',5.00,'Linux',1319212736,'/sparklines.php',0),(20111021,17,101,'MOZILLA',5.00,'Linux',1319212765,'/plugins/forumml/message.php',0),(20111021,17,0,'MOZILLA',5.00,'Linux',1319212765,'/sparklines.php',0),(20111021,17,101,'MOZILLA',5.00,'Linux',1319212767,'/plugins/forumml/message.php',0),(20111021,17,0,'MOZILLA',5.00,'Linux',1319212767,'/sparklines.php',0),(20111021,17,101,'MOZILLA',5.00,'Linux',1319212799,'/plugins/forumml/message.php',0),(20111021,17,0,'MOZILLA',5.00,'Linux',1319212799,'/sparklines.php',0),(20111021,18,101,'MOZILLA',5.00,'Linux',1319212811,'/plugins/forumml/message.php',0),(20111021,18,101,'MOZILLA',5.00,'Linux',1319212819,'/plugins/forumml/message.php',0),(20111021,18,0,'MOZILLA',5.00,'Linux',1319212819,'/sparklines.php',0),(20111021,18,101,'MOZILLA',5.00,'Linux',1319212861,'/plugins/forumml/message.php',0),(20111021,18,0,'MOZILLA',5.00,'Linux',1319212862,'/sparklines.php',0),(20111021,18,101,'MOZILLA',5.00,'Linux',1319212865,'/plugins/forumml/message.php',0),(20111021,18,0,'MOZILLA',5.00,'Linux',1319212865,'/sparklines.php',0),(20111021,18,101,'MOZILLA',5.00,'Linux',1319212869,'/plugins/forumml/message.php',0),(20111021,18,0,'MOZILLA',5.00,'Linux',1319212869,'/sparklines.php',0),(20111021,18,101,'MOZILLA',5.00,'Linux',1319213011,'/plugins/forumml/message.php',0),(20111021,18,0,'MOZILLA',5.00,'Linux',1319213011,'/sparklines.php',0),(20111021,18,101,'MOZILLA',5.00,'Linux',1319213016,'/mail/index.php',0),(20111021,18,0,'MOZILLA',5.00,'Linux',1319213016,'/sparklines.php',0),(20111021,18,101,'MOZILLA',5.00,'Linux',1319213017,'/plugins/forumml/message.php',0),(20111021,18,0,'MOZILLA',5.00,'Linux',1319213018,'/sparklines.php',0),(20111102,17,0,'MOZILLA',5.00,'Linux',1320251170,'/project/privacy.php',0),(20111104,10,0,'MOZILLA',5.00,'Linux',1320400329,'/sparklines.php',0),(20111104,11,0,'MOZILLA',5.00,'Linux',1320403626,'/project/privacy.php',0),(20111216,14,0,'MOZILLA',5.00,'Linux',1324043732,'/index.php',0),(20111216,14,0,'MOZILLA',5.00,'Linux',1324043732,'/index.php',0),(20111216,14,0,'MOZILLA',5.00,'Linux',1324043733,'/sparklines.php',0),(20111216,15,0,'MOZILLA',5.00,'Mac',1324044058,'/index.php',0),(20111216,15,0,'MOZILLA',5.00,'Mac',1324044059,'/index.php',0),(20111216,15,0,'MOZILLA',5.00,'Mac',1324044067,'/index.php',0),(20111216,15,0,'MOZILLA',5.00,'Mac',1324044067,'/index.php',0),(20111216,15,0,'MOZILLA',5.00,'Mac',1324044068,'/sparklines.php',0),(20111216,15,0,'MOZILLA',5.00,'Mac',1324044298,'/index.php',0),(20111216,15,0,'MOZILLA',5.00,'Mac',1324044298,'/sparklines.php',0),(20111219,21,0,'MOZILLA',5.00,'Mac',1324328359,'/index.php',0),(20111219,21,0,'MOZILLA',5.00,'Mac',1324328360,'/sparklines.php',0),(20111220,3,0,'MOZILLA',5.00,'Mac',1324347936,'/index.php',0),(20111220,3,0,'MOZILLA',5.00,'Mac',1324347940,'/my/index.php',0),(20111220,3,0,'MOZILLA',5.00,'Mac',1324347940,'/account/login.php',0),(20111220,3,0,'MOZILLA',5.00,'Mac',1324347942,'/account/login.php',0),(20111220,3,0,'MOZILLA',5.00,'Mac',1324347948,'/account/login.php',0),(20111220,3,0,'MOZILLA',5.00,'Mac',1324347954,'/account/login.php',0),(20111220,3,0,'MOZILLA',5.00,'Mac',1324347962,'/account/login.php',0),(20111220,3,0,'MOZILLA',5.00,'Mac',1324347963,'/my/index.php',0),(20111220,3,0,'MOZILLA',5.00,'Mac',1324347971,'/admin/index.php',0),(20111220,3,0,'MOZILLA',5.00,'Mac',1324347976,'/admin/register_admin.php',0),(20111220,3,0,'MOZILLA',5.00,'Mac',1324347976,'/scripts/check_pw.js.php',0),(20111220,3,0,'MOZILLA',5.00,'Mac',1324348010,'/admin/register_admin.php',0),(20111220,3,0,'MOZILLA',5.00,'Mac',1324348015,'/admin/index.php',0),(20111220,3,0,'MOZILLA',5.00,'Mac',1324348021,'/admin/grouplist.php',0),(20111220,3,0,'MOZILLA',5.00,'Mac',1324348032,'/admin/index.php',0),(20111220,3,0,'MOZILLA',5.00,'Mac',1324348036,'/admin/grouplist.php',0),(20111220,3,101,'MOZILLA',5.00,'Mac',1324348039,'/admin/groupedit.php',0),(20111220,3,101,'MOZILLA',5.00,'Mac',1324348042,'/admin/userlist.php',0),(20111220,3,101,'MOZILLA',5.00,'Mac',1324348047,'/admin/groupedit.php',0),(20111220,3,101,'MOZILLA',5.00,'Mac',1324348056,'/project/admin/index.php',0),(20111220,3,101,'MOZILLA',5.00,'Mac',1324348073,'/project/admin/index.php',0),(20111220,3,0,'MOZILLA',5.00,'Mac',1324348111,'/account/logout.php',0),(20111220,3,0,'MOZILLA',5.00,'Mac',1324348111,'/index.php',0),(20111220,3,0,'MOZILLA',5.00,'Mac',1324348114,'/account/login.php',0),(20111220,3,0,'MOZILLA',5.00,'Mac',1324348120,'/account/login.php',0),(20111220,3,0,'MOZILLA',5.00,'Mac',1324348120,'/my/index.php',0),(20111220,3,0,'MOZILLA',5.00,'Mac',1324348123,'/projects/nty/',0),(20111220,3,0,'MOZILLA',5.00,'Mac',1324348140,'/projects/nty/',0),(20111220,3,0,'MOZILLA',5.00,'Mac',1324348167,'/account/logout.php',0),(20111220,3,0,'MOZILLA',5.00,'Mac',1324348167,'/index.php',0),(20111220,3,0,'MOZILLA',5.00,'Mac',1324348170,'/account/login.php',0),(20111220,3,0,'MOZILLA',5.00,'Mac',1324348175,'/account/login.php',0),(20111220,3,0,'MOZILLA',5.00,'Mac',1324348175,'/my/index.php',0),(20111220,3,0,'MOZILLA',5.00,'Mac',1324348182,'/admin/index.php',0),(20111220,3,0,'MOZILLA',5.00,'Mac',1324348195,'/plugins/pluginsadministration/index.php',0),(20111220,3,0,'MOZILLA',5.00,'Mac',1324348208,'/plugins/pluginsadministration/index.php',0),(20111220,3,0,'MOZILLA',5.00,'Mac',1324348213,'/plugins/pluginsadministration/index.php',0),(20111220,3,0,'MOZILLA',5.00,'Mac',1324348216,'/plugins/pluginsadministration/index.php',0),(20111220,3,0,'MOZILLA',5.00,'Mac',1324348233,'/plugins/pluginsadministration/index.php',0),(20111220,3,0,'MOZILLA',5.00,'Mac',1324348256,'/plugins/pluginsadministration/index.php',0),(20111220,3,0,'MOZILLA',5.00,'Mac',1324348264,'/plugins/pluginsadministration/index.php',0),(20111220,3,0,'MOZILLA',5.00,'Mac',1324348273,'/index.php',0),(20111220,3,0,'MOZILLA',5.00,'Mac',1324348275,'/my/index.php',0),(20111220,3,0,'MOZILLA',5.00,'Mac',1324348278,'/projects/codendi/',0),(20111220,3,0,'MOZILLA',5.00,'Mac',1324348284,'/my/index.php',0),(20111220,3,0,'MOZILLA',5.00,'Mac',1324348285,'/projects/codendi/',0),(20111220,3,0,'MOZILLA',5.00,'Mac',1324348288,'/my/index.php',0),(20111220,3,0,'MOZILLA',5.00,'Mac',1324348294,'/admin/index.php',0),(20111220,3,100,'MOZILLA',5.00,'Mac',1324348308,'/project/admin/servicebar.php',0),(20111220,3,100,'MOZILLA',5.00,'Mac',1324348317,'/project/admin/editservice.php',0),(20111220,3,100,'MOZILLA',5.00,'Mac',1324348321,'/project/admin/servicebar.php',0),(20111220,3,100,'MOZILLA',5.00,'Mac',1324348332,'/plugins/git/index.php',0),(20111220,3,0,'MOZILLA',5.00,'Mac',1324348332,'/index.php',0),(20111220,3,0,'MOZILLA',5.00,'Mac',1324348350,'/account/logout.php',0),(20111220,3,0,'MOZILLA',5.00,'Mac',1324348350,'/index.php',0),(20111220,3,0,'MOZILLA',5.00,'Mac',1324348353,'/account/login.php',0),(20111220,3,0,'MOZILLA',5.00,'Mac',1324348358,'/account/login.php',0),(20111220,3,0,'MOZILLA',5.00,'Mac',1324348365,'/account/login.php',0),(20111220,3,0,'MOZILLA',5.00,'Mac',1324348365,'/my/index.php',0),(20111220,3,0,'MOZILLA',5.00,'Mac',1324348368,'/projects/nty/',0),(20111220,3,0,'MOZILLA',5.00,'Mac',1324348400,'/account/logout.php',0),(20111220,3,0,'MOZILLA',5.00,'Mac',1324348400,'/index.php',0),(20111220,3,0,'MOZILLA',5.00,'Mac',1324348404,'/account/login.php',0),(20111220,3,0,'MOZILLA',5.00,'Mac',1324348412,'/account/login.php',0),(20111220,3,0,'MOZILLA',5.00,'Mac',1324348413,'/my/index.php',0),(20111220,3,0,'MOZILLA',5.00,'Mac',1324348418,'/admin/index.php',0),(20111220,3,0,'MOZILLA',5.00,'Mac',1324348423,'/admin/grouplist.php',0),(20111220,3,101,'MOZILLA',5.00,'Mac',1324348426,'/admin/groupedit.php',0),(20111220,3,101,'MOZILLA',5.00,'Mac',1324348431,'/project/admin/index.php',0),(20111220,3,101,'MOZILLA',5.00,'Mac',1324348442,'/project/admin/userperms.php',0),(20111220,3,101,'MOZILLA',5.00,'Mac',1324348449,'/project/admin/userperms.php',0),(20111220,3,101,'MOZILLA',5.00,'Mac',1324348451,'/project/admin/index.php',0),(20111220,3,0,'MOZILLA',5.00,'Mac',1324348473,'/admin/index.php',0),(20111220,3,0,'MOZILLA',5.00,'Mac',1324348487,'/account/logout.php',0),(20111220,3,0,'MOZILLA',5.00,'Mac',1324348487,'/index.php',0),(20111220,3,0,'MOZILLA',5.00,'Mac',1324348490,'/account/login.php',0),(20111220,3,0,'MOZILLA',5.00,'Mac',1324348496,'/account/login.php',0),(20111220,3,0,'MOZILLA',5.00,'Mac',1324348497,'/my/index.php',0),(20111220,3,0,'MOZILLA',5.00,'Mac',1324348501,'/projects/nty/',0),(20111220,3,101,'MOZILLA',5.00,'Mac',1324348518,'/project/admin/index.php',0),(20111220,3,101,'MOZILLA',5.00,'Mac',1324348531,'/project/admin/servicebar.php',0),(20111220,3,101,'MOZILLA',5.00,'Mac',1324348534,'/project/admin/editservice.php',0),(20111220,3,101,'MOZILLA',5.00,'Mac',1324348537,'/project/admin/servicebar.php',0),(20111220,3,0,'MOZILLA',5.00,'Mac',1324348542,'/projects/nty/',0),(20111220,3,101,'MOZILLA',5.00,'Mac',1324348546,'/project/admin/index.php',0),(20111220,3,101,'MOZILLA',5.00,'Mac',1324348549,'/project/admin/servicebar.php',0),(20111220,3,101,'MOZILLA',5.00,'Mac',1324348552,'/project/admin/editservice.php',0),(20111220,3,101,'MOZILLA',5.00,'Mac',1324348556,'/project/admin/servicebar.php',0),(20111220,3,101,'MOZILLA',5.00,'Mac',1324348560,'/project/admin/editservice.php',0),(20111220,3,101,'MOZILLA',5.00,'Mac',1324348575,'/plugins/git/index.php',0),(20111220,3,0,'MOZILLA',5.00,'Mac',1324348575,'/index.php',0),(20111220,3,101,'MOZILLA',5.00,'Mac',1324348592,'/project/admin/editservice.php',0),(20111220,3,101,'MOZILLA',5.00,'Mac',1324348617,'/forum/index.php',0),(20111220,3,101,'MOZILLA',5.00,'Mac',1324348621,'/plugins/git/index.php',0),(20111220,3,0,'MOZILLA',5.00,'Mac',1324348622,'/index.php',0),(20111220,3,101,'MOZILLA',5.00,'Mac',1324348624,'/forum/index.php',0),(20111220,3,101,'MOZILLA',5.00,'Mac',1324348643,'/plugins/git/index.php',0),(20111220,3,0,'MOZILLA',5.00,'Mac',1324348643,'/index.php',0),(20111220,3,101,'MOZILLA',5.00,'Mac',1324348647,'/forum/index.php',0),(20111220,3,101,'MOZILLA',5.00,'Mac',1324348657,'/svn/index.php',0),(20111220,3,101,'MOZILLA',5.00,'Mac',1324348674,'/plugins/git/index.php',0),(20111220,3,0,'MOZILLA',5.00,'Mac',1324348675,'/index.php',0),(20111220,3,101,'MOZILLA',5.00,'Mac',1324348678,'/svn/index.php',0),(20111220,3,101,'MOZILLA',5.00,'Mac',1324348701,'/plugins/git/index.php',0),(20111220,3,0,'MOZILLA',5.00,'Mac',1324348701,'/index.php',0),(20111220,3,101,'MOZILLA',5.00,'Mac',1324348753,'/svn/index.php',0),(20111220,3,101,'MOZILLA',5.00,'Mac',1324348759,'/plugins/git/index.php',0),(20111220,3,0,'MOZILLA',5.00,'Mac',1324348759,'/index.php',0),(20111220,3,101,'MOZILLA',5.00,'Mac',1324348932,'/svn/index.php',0),(20111220,3,101,'MOZILLA',5.00,'Mac',1324348961,'/plugins/git/index.php',0),(20111220,3,0,'MOZILLA',5.00,'Mac',1324348961,'/index.php',0),(20111220,3,101,'MOZILLA',5.00,'Mac',1324349003,'/svn/index.php',0),(20111220,3,101,'MOZILLA',5.00,'Mac',1324349005,'/plugins/git/index.php',0),(20111220,3,0,'MOZILLA',5.00,'Mac',1324349005,'/index.php',0),(20111220,3,101,'MOZILLA',5.00,'Mac',1324349105,'/svn/index.php',0),(20111220,3,101,'MOZILLA',5.00,'Mac',1324349107,'/plugins/git/index.php',0),(20111220,3,0,'MOZILLA',5.00,'Mac',1324349108,'/index.php',0),(20111220,3,101,'MOZILLA',5.00,'Mac',1324349125,'/svn/index.php',0),(20111220,3,101,'MOZILLA',5.00,'Mac',1324349127,'/plugins/git/index.php',0),(20111220,3,101,'MOZILLA',5.00,'Mac',1324349151,'/svn/index.php',0),(20111220,3,101,'MOZILLA',5.00,'Mac',1324349156,'/project/admin/index.php',0),(20111220,3,101,'MOZILLA',5.00,'Mac',1324349161,'/project/admin/servicebar.php',0),(20111220,3,101,'MOZILLA',5.00,'Mac',1324349210,'/plugins/git/index.php',0),(20111220,3,101,'MOZILLA',5.00,'Mac',1324349270,'/project/admin/servicebar.php',0),(20111220,3,0,'MOZILLA',5.00,'Mac',1324349273,'/account/logout.php',0),(20111220,3,0,'MOZILLA',5.00,'Mac',1324349273,'/index.php',0),(20111220,3,0,'MOZILLA',5.00,'Mac',1324349276,'/account/login.php',0),(20111220,3,0,'MOZILLA',5.00,'Mac',1324349285,'/account/login.php',0),(20111220,3,0,'MOZILLA',5.00,'Mac',1324349286,'/my/index.php',0),(20111220,3,0,'MOZILLA',5.00,'Mac',1324349297,'/account/logout.php',0),(20111220,3,0,'MOZILLA',5.00,'Mac',1324349297,'/index.php',0),(20111220,3,0,'MOZILLA',5.00,'Mac',1324349300,'/account/login.php',0),(20111220,3,0,'MOZILLA',5.00,'Mac',1324349305,'/account/login.php',0),(20111220,3,0,'MOZILLA',5.00,'Mac',1324349306,'/my/index.php',0),(20111220,3,0,'MOZILLA',5.00,'Mac',1324349308,'/admin/index.php',0),(20111220,3,0,'MOZILLA',5.00,'Mac',1324349322,'/admin/grouplist.php',0),(20111220,3,101,'MOZILLA',5.00,'Mac',1324349324,'/admin/groupedit.php',0),(20111220,3,101,'MOZILLA',5.00,'Mac',1324349329,'/project/admin/index.php',0),(20111220,3,101,'MOZILLA',5.00,'Mac',1324349332,'/project/admin/servicebar.php',0),(20111220,3,0,'MOZILLA',5.00,'Mac',1324349337,'/admin/index.php',0),(20111220,3,0,'MOZILLA',5.00,'Mac',1324349341,'/plugins/pluginsadministration/index.php',0),(20111220,3,0,'MOZILLA',5.00,'Mac',1324349349,'/plugins/pluginsadministration/index.php',0),(20111220,3,0,'MOZILLA',5.00,'Mac',1324349359,'/account/logout.php',0),(20111220,3,0,'MOZILLA',5.00,'Mac',1324349359,'/index.php',0),(20111220,3,0,'MOZILLA',5.00,'Mac',1324349361,'/account/login.php',0),(20111220,3,0,'MOZILLA',5.00,'Mac',1324349367,'/account/login.php',0),(20111220,3,0,'MOZILLA',5.00,'Mac',1324349371,'/account/login.php',0),(20111220,3,0,'MOZILLA',5.00,'Mac',1324349372,'/my/index.php',0),(20111220,3,0,'MOZILLA',5.00,'Mac',1324349385,'/my/index.php',0),(20111220,3,0,'MOZILLA',5.00,'Mac',1324349388,'/projects/nty/',0),(20111220,3,101,'MOZILLA',5.00,'Mac',1324349391,'/plugins/git/index.php',0),(20111220,3,101,'MOZILLA',5.00,'Mac',1324349419,'/plugins/git/index.php',0),(20111220,3,101,'MOZILLA',5.00,'Mac',1324349435,'/plugins/git/index.php',0),(20111220,4,101,'MOZILLA',5.00,'Mac',1324350459,'/plugins/git/index.php',0),(20111220,4,101,'MOZILLA',5.00,'Mac',1324350459,'/plugins/git/index.php',0),(20111220,4,101,'MOZILLA',5.00,'Mac',1324350479,'/plugins/git/index.php',0),(20111220,4,101,'MOZILLA',5.00,'Mac',1324350479,'/plugins/git/index.php',0),(20111220,4,101,'MOZILLA',5.00,'Mac',1324350564,'/plugins/git/index.php',0),(20111220,4,101,'MOZILLA',5.00,'Mac',1324350564,'/plugins/git/index.php',0),(20111220,4,101,'MOZILLA',5.00,'Mac',1324350750,'/plugins/git/index.php',0),(20111220,4,101,'MOZILLA',5.00,'Mac',1324350751,'/plugins/git/index.php',0),(20111220,4,101,'MOZILLA',5.00,'Mac',1324350853,'/plugins/git/index.php',0),(20111220,4,101,'MOZILLA',5.00,'Mac',1324350853,'/plugins/git/index.php',0),(20111220,4,101,'MOZILLA',5.00,'Mac',1324352412,'/plugins/git/index.php',0),(20111220,4,101,'MOZILLA',5.00,'Mac',1324352413,'/plugins/git/index.php',0),(20111220,4,101,'MOZILLA',5.00,'Mac',1324352421,'/plugins/git/index.php',0),(20111220,4,101,'MOZILLA',5.00,'Mac',1324352422,'/plugins/git/index.php',0),(20111220,4,101,'MOZILLA',5.00,'Mac',1324352430,'/plugins/git/index.php',0),(20111220,4,101,'MOZILLA',5.00,'Mac',1324352430,'/plugins/git/index.php',0),(20111220,4,101,'MOZILLA',5.00,'Mac',1324352439,'/plugins/git/index.php',0),(20111220,4,101,'MOZILLA',5.00,'Mac',1324352439,'/plugins/git/index.php',0),(20111220,4,101,'MOZILLA',5.00,'Mac',1324352443,'/plugins/git/index.php',0),(20111220,4,101,'MOZILLA',5.00,'Mac',1324352444,'/plugins/git/index.php',0),(20111220,4,101,'MOZILLA',5.00,'Mac',1324352453,'/plugins/git/index.php',0),(20111220,4,101,'MOZILLA',5.00,'Mac',1324352456,'/plugins/git/index.php',0),(20111220,4,101,'MOZILLA',5.00,'Mac',1324352457,'/plugins/git/index.php',0),(20111220,4,101,'MOZILLA',5.00,'Mac',1324352458,'/plugins/git/index.php',0),(20111220,4,101,'MOZILLA',5.00,'Mac',1324352460,'/plugins/git/index.php',0),(20111220,4,101,'MOZILLA',5.00,'Mac',1324352486,'/plugins/git/index.php',0),(20111220,4,101,'MOZILLA',5.00,'Mac',1324352487,'/plugins/git/index.php',0),(20111220,4,101,'MOZILLA',5.00,'Mac',1324352768,'/plugins/git/index.php',0),(20111220,4,101,'MOZILLA',5.00,'Mac',1324353254,'/plugins/git/index.php',0),(20111220,4,0,'MOZILLA',5.00,'Mac',1324353388,'/my/index.php',0),(20111220,4,0,'MOZILLA',5.00,'Mac',1324353391,'/account/preferences.php',0),(20111220,4,0,'MOZILLA',5.00,'Mac',1324353399,'/account/updateprefs.php',0),(20111220,4,0,'MOZILLA',5.00,'Mac',1324353399,'/account/preferences.php',0),(20111220,4,0,'MOZILLA',5.00,'Mac',1324353403,'/softwaremap/index.php',0),(20111220,4,0,'MOZILLA',5.00,'Mac',1324353403,'/softwaremap/trove_list.php',0),(20111220,4,0,'MOZILLA',5.00,'Mac',1324353405,'/index.php',0),(20111220,4,0,'MOZILLA',5.00,'Mac',1324353406,'/my/index.php',0),(20111220,4,0,'MOZILLA',5.00,'Mac',1324353408,'/projects/nty/',0),(20111220,4,101,'MOZILLA',5.00,'Mac',1324353412,'/plugins/git/index.php',0),(20111220,4,101,'MOZILLA',5.00,'Mac',1324353433,'/plugins/git/index.php',0),(20111220,4,101,'MOZILLA',5.00,'Mac',1324353438,'/plugins/git/index.php',0),(20111220,4,101,'MOZILLA',5.00,'Mac',1324353487,'/plugins/git/index.php',0),(20111220,4,101,'MOZILLA',5.00,'Mac',1324353487,'/plugins/git/index.php',0),(20111220,4,101,'MOZILLA',5.00,'Mac',1324353496,'/plugins/git/index.php',0),(20111220,4,101,'MOZILLA',5.00,'Mac',1324353497,'/plugins/git/index.php',0),(20111220,4,101,'MOZILLA',5.00,'Mac',1324353500,'/plugins/git/index.php',0),(20111220,4,101,'MOZILLA',5.00,'Mac',1324353505,'/plugins/git/index.php',0),(20111220,4,101,'MOZILLA',5.00,'Mac',1324353509,'/project/admin/index.php',0),(20111220,4,101,'MOZILLA',5.00,'Mac',1324353519,'/plugins/git/index.php',0),(20111220,4,101,'MOZILLA',5.00,'Mac',1324353522,'/plugins/git/index.php/101/view/2/',0),(20111220,4,101,'MOZILLA',5.00,'Mac',1324353526,'/plugins/git/index.php',0),(20111220,4,101,'MOZILLA',5.00,'Mac',1324353530,'/plugins/git/index.php',0),(20111220,4,101,'MOZILLA',5.00,'Mac',1324353532,'/plugins/git/index.php',0),(20111220,9,101,'MOZILLA',5.00,'Mac',1324370458,'/plugins/git/index.php',0),(20111222,0,0,'MOZILLA',5.00,'Linux',1324508820,'/index.php',0),(20111222,0,0,'MOZILLA',5.00,'Linux',1324508821,'/index.php',0),(20111222,0,0,'MOZILLA',5.00,'Linux',1324508823,'/my/index.php',0),(20111222,0,0,'MOZILLA',5.00,'Linux',1324508823,'/my/index.php',0),(20111222,0,0,'MOZILLA',5.00,'Linux',1324508824,'/account/login.php',0),(20111222,0,0,'MOZILLA',5.00,'Linux',1324508825,'/account/login.php',0),(20111222,0,0,'MOZILLA',5.00,'Linux',1324508827,'/account/login.php',0),(20111222,0,0,'MOZILLA',5.00,'Linux',1324508828,'/my/index.php',0),(20111222,0,0,'MOZILLA',5.00,'Linux',1324508828,'/my/index.php',0),(20111222,0,0,'MOZILLA',5.00,'Linux',1324509173,'/index.php',0),(20111222,0,0,'MOZILLA',5.00,'Linux',1324509174,'/index.php',0),(20111222,0,0,'MOZILLA',5.00,'Linux',1324509176,'/my/index.php',0),(20111222,0,0,'MOZILLA',5.00,'Linux',1324509176,'/my/index.php',0),(20111222,0,0,'MOZILLA',5.00,'Linux',1324509177,'/account/login.php',0),(20111222,0,0,'MOZILLA',5.00,'Linux',1324509179,'/account/login.php',0),(20111222,0,0,'MOZILLA',5.00,'Linux',1324509180,'/my/index.php',0),(20111222,0,0,'MOZILLA',5.00,'Linux',1324509181,'/my/index.php',0),(20111222,0,0,'MOZILLA',5.00,'Mac',1324509513,'/index.php',0),(20111222,0,0,'MOZILLA',5.00,'Mac',1324509513,'/index.php',0),(20111222,0,0,'MOZILLA',5.00,'Mac',1324509514,'/my/index.php',0),(20111222,0,0,'MOZILLA',5.00,'Mac',1324509514,'/account/login.php',0),(20111222,0,0,'MOZILLA',5.00,'Mac',1324509515,'/account/login.php',0),(20111222,0,0,'MOZILLA',5.00,'Mac',1324509515,'/my/index.php',0),(20111222,0,0,'MOZILLA',5.00,'Mac',1324509581,'/index.php',0),(20111222,0,0,'MOZILLA',5.00,'Mac',1324509581,'/index.php',0),(20111222,0,0,'MOZILLA',5.00,'Mac',1324509582,'/my/index.php',0),(20111222,0,0,'MOZILLA',5.00,'Mac',1324509582,'/account/login.php',0),(20111222,0,0,'MOZILLA',5.00,'Mac',1324509582,'/account/login.php',0),(20111222,0,0,'MOZILLA',5.00,'Mac',1324509583,'/my/index.php',0),(20111222,0,0,'MOZILLA',5.00,'Mac',1324509588,'/index.php',0),(20111222,0,0,'MOZILLA',5.00,'Mac',1324509588,'/index.php',0),(20111222,0,0,'MOZILLA',5.00,'Mac',1324509589,'/my/index.php',0),(20111222,0,0,'MOZILLA',5.00,'Mac',1324509589,'/account/login.php',0),(20111222,0,0,'MOZILLA',5.00,'Mac',1324509590,'/account/login.php',0),(20111222,0,0,'MOZILLA',5.00,'Mac',1324509590,'/my/index.php',0),(20111222,0,0,'MOZILLA',5.00,'Mac',1324509967,'/index.php',0),(20111222,0,0,'MOZILLA',5.00,'Mac',1324509967,'/index.php',0),(20111222,0,0,'MOZILLA',5.00,'Mac',1324509984,'/account/login.php',0),(20111222,0,0,'MOZILLA',5.00,'Mac',1324509985,'/account/login.php',0),(20111222,0,0,'MOZILLA',5.00,'Mac',1324509994,'/account/login.php',0),(20111222,0,0,'MOZILLA',5.00,'Mac',1324509994,'/my/index.php',0),(20111222,0,0,'MOZILLA',5.00,'Mac',1324510024,'/index.php',0),(20111222,0,0,'MOZILLA',5.00,'Mac',1324510024,'/index.php',0),(20111222,0,0,'MOZILLA',5.00,'Mac',1324510025,'/my/index.php',0),(20111222,0,0,'MOZILLA',5.00,'Mac',1324510025,'/account/login.php',0),(20111222,0,0,'MOZILLA',5.00,'Mac',1324510026,'/account/login.php',0),(20111222,0,0,'MOZILLA',5.00,'Mac',1324510026,'/my/index.php',0),(20111222,0,0,'MOZILLA',5.00,'Mac',1324510047,'/index.php',0),(20111222,0,0,'MOZILLA',5.00,'Mac',1324510048,'/index.php',0),(20111222,0,0,'MOZILLA',5.00,'Mac',1324510049,'/my/index.php',0),(20111222,0,0,'MOZILLA',5.00,'Mac',1324510049,'/account/login.php',0),(20111222,0,0,'MOZILLA',5.00,'Mac',1324510049,'/account/login.php',0),(20111222,0,0,'MOZILLA',5.00,'Mac',1324510050,'/my/index.php',0);
/*!40000 ALTER TABLE `activity_log_old` ENABLE KEYS */;
UNLOCK TABLES;

--
-- Table structure for table `activity_log_old_old`
--

DROP TABLE IF EXISTS `activity_log_old_old`;
/*!40101 SET @saved_cs_client     = @@character_set_client */;
/*!40101 SET character_set_client = utf8 */;
CREATE TABLE `activity_log_old_old` (
  `day` int(11) NOT NULL default '0',
  `hour` int(11) NOT NULL default '0',
  `group_id` int(11) NOT NULL default '0',
  `browser` varchar(8) NOT NULL default 'OTHER',
  `ver` float(10,2) NOT NULL default '0.00',
  `platform` varchar(8) NOT NULL default 'OTHER',
  `time` int(11) NOT NULL default '0',
  `page` text,
  `type` int(11) NOT NULL default '0',
  KEY `idx_activity_log_day` (`day`),
  KEY `idx_activity_log_group` (`group_id`),
  KEY `type_idx` (`type`)
) ENGINE=MyISAM DEFAULT CHARSET=utf8;
/*!40101 SET character_set_client = @saved_cs_client */;

--
-- Dumping data for table `activity_log_old_old`
--

LOCK TABLES `activity_log_old_old` WRITE;
/*!40000 ALTER TABLE `activity_log_old_old` DISABLE KEYS */;
/*!40000 ALTER TABLE `activity_log_old_old` ENABLE KEYS */;
UNLOCK TABLES;

--
-- Table structure for table `artifact`
--

DROP TABLE IF EXISTS `artifact`;
/*!40101 SET @saved_cs_client     = @@character_set_client */;
/*!40101 SET character_set_client = utf8 */;
CREATE TABLE `artifact` (
  `artifact_id` int(11) NOT NULL auto_increment,
  `group_artifact_id` int(11) NOT NULL,
  `use_artifact_permissions` tinyint(1) NOT NULL default '0',
  `status_id` int(11) NOT NULL default '1',
  `submitted_by` int(11) NOT NULL default '100',
  `open_date` int(11) NOT NULL default '0',
  `close_date` int(11) NOT NULL default '0',
  `last_update_date` int(11) unsigned NOT NULL default '0',
  `summary` text NOT NULL,
  `details` text NOT NULL,
  `severity` int(11) NOT NULL default '0',
  PRIMARY KEY  (`artifact_id`),
  KEY `idx_fk_group_artifact_id` (`group_artifact_id`),
  KEY `idx_fk_status_id` (`status_id`),
  KEY `idx_fk_submitted_by` (`submitted_by`)
) ENGINE=MyISAM AUTO_INCREMENT=2 DEFAULT CHARSET=utf8;
/*!40101 SET character_set_client = @saved_cs_client */;

--
-- Dumping data for table `artifact`
--

LOCK TABLES `artifact` WRITE;
/*!40000 ALTER TABLE `artifact` DISABLE KEYS */;
INSERT INTO `artifact` VALUES (1,101,0,1,102,1319208954,0,1319208954,'edfgvb','',5);
/*!40000 ALTER TABLE `artifact` ENABLE KEYS */;
UNLOCK TABLES;

--
-- Table structure for table `artifact_canned_responses`
--

DROP TABLE IF EXISTS `artifact_canned_responses`;
/*!40101 SET @saved_cs_client     = @@character_set_client */;
/*!40101 SET character_set_client = utf8 */;
CREATE TABLE `artifact_canned_responses` (
  `artifact_canned_id` int(11) NOT NULL auto_increment,
  `group_artifact_id` int(11) NOT NULL default '0',
  `title` text,
  `body` text,
  PRIMARY KEY  (`artifact_canned_id`),
  KEY `idx_artifact_canned_response_group_artifact_id` (`group_artifact_id`)
) ENGINE=MyISAM DEFAULT CHARSET=utf8;
/*!40101 SET character_set_client = @saved_cs_client */;

--
-- Dumping data for table `artifact_canned_responses`
--

LOCK TABLES `artifact_canned_responses` WRITE;
/*!40000 ALTER TABLE `artifact_canned_responses` DISABLE KEYS */;
/*!40000 ALTER TABLE `artifact_canned_responses` ENABLE KEYS */;
UNLOCK TABLES;

--
-- Table structure for table `artifact_cc`
--

DROP TABLE IF EXISTS `artifact_cc`;
/*!40101 SET @saved_cs_client     = @@character_set_client */;
/*!40101 SET character_set_client = utf8 */;
CREATE TABLE `artifact_cc` (
  `artifact_cc_id` int(11) NOT NULL auto_increment,
  `artifact_id` int(11) NOT NULL default '0',
  `email` varchar(255) NOT NULL default '',
  `added_by` int(11) NOT NULL default '0',
  `comment` text NOT NULL,
  `date` int(11) NOT NULL default '0',
  PRIMARY KEY  (`artifact_cc_id`),
  KEY `artifact_id_idx` (`artifact_id`)
) ENGINE=MyISAM DEFAULT CHARSET=utf8;
/*!40101 SET character_set_client = @saved_cs_client */;

--
-- Dumping data for table `artifact_cc`
--

LOCK TABLES `artifact_cc` WRITE;
/*!40000 ALTER TABLE `artifact_cc` DISABLE KEYS */;
/*!40000 ALTER TABLE `artifact_cc` ENABLE KEYS */;
UNLOCK TABLES;

--
-- Table structure for table `artifact_dependencies`
--

DROP TABLE IF EXISTS `artifact_dependencies`;
/*!40101 SET @saved_cs_client     = @@character_set_client */;
/*!40101 SET character_set_client = utf8 */;
CREATE TABLE `artifact_dependencies` (
  `artifact_depend_id` int(11) NOT NULL auto_increment,
  `artifact_id` int(11) NOT NULL default '0',
  `is_dependent_on_artifact_id` int(11) NOT NULL default '0',
  PRIMARY KEY  (`artifact_depend_id`),
  KEY `idx_artifact_dependencies_artifact_id` (`artifact_id`),
  KEY `idx_actifact_is_dependent_on_artifact_id` (`is_dependent_on_artifact_id`)
) ENGINE=MyISAM DEFAULT CHARSET=utf8;
/*!40101 SET character_set_client = @saved_cs_client */;

--
-- Dumping data for table `artifact_dependencies`
--

LOCK TABLES `artifact_dependencies` WRITE;
/*!40000 ALTER TABLE `artifact_dependencies` DISABLE KEYS */;
/*!40000 ALTER TABLE `artifact_dependencies` ENABLE KEYS */;
UNLOCK TABLES;

--
-- Table structure for table `artifact_field`
--

DROP TABLE IF EXISTS `artifact_field`;
/*!40101 SET @saved_cs_client     = @@character_set_client */;
/*!40101 SET character_set_client = utf8 */;
CREATE TABLE `artifact_field` (
  `field_id` int(11) NOT NULL auto_increment,
  `group_artifact_id` int(11) NOT NULL,
  `field_set_id` int(11) unsigned NOT NULL default '0',
  `field_name` varchar(255) NOT NULL default '',
  `data_type` int(11) NOT NULL default '0',
  `display_type` varchar(255) NOT NULL default '',
  `display_size` varchar(255) NOT NULL default '',
  `label` varchar(255) NOT NULL default '',
  `description` text NOT NULL,
  `scope` char(1) NOT NULL default '',
  `required` int(11) NOT NULL default '0',
  `empty_ok` int(11) NOT NULL default '0',
  `keep_history` int(11) NOT NULL default '0',
  `special` int(11) NOT NULL default '0',
  `value_function` text,
  `default_value` text NOT NULL,
  PRIMARY KEY  (`field_id`,`group_artifact_id`),
  KEY `idx_fk_field_name` (`field_name`),
  KEY `idx_fk_group_artifact_id` (`group_artifact_id`),
  KEY `idx_fname_grp` (`field_name`(20),`group_artifact_id`)
) ENGINE=MyISAM AUTO_INCREMENT=32 DEFAULT CHARSET=utf8;
/*!40101 SET character_set_client = @saved_cs_client */;

--
-- Dumping data for table `artifact_field`
--

LOCK TABLES `artifact_field` WRITE;
/*!40000 ALTER TABLE `artifact_field` DISABLE KEYS */;
INSERT INTO `artifact_field` VALUES (7,1,1,'submitted_by',5,'SB','','Submitted by','User who originally submitted the artifact','',0,1,0,1,'artifact_submitters',''),(6,1,1,'open_date',4,'DF','','Submitted on','Date and time for the initial artifact submission','',0,0,0,1,'',''),(5,1,1,'summary',1,'TF','60/150','Summary','One line description of the artifact','',0,0,1,0,NULL,''),(1,1,1,'artifact_id',2,'TF','6/10','Artifact ID','Unique artifact identifier','',0,0,0,1,NULL,''),(4,1,2,'assigned_to',5,'SB','','Assigned to','Who is in charge of solving the artifact','',0,1,1,0,'group_members','100'),(31,1,1,'last_update_date',4,'DF','','Last Modified On','Date and time of the latest modification in an artifact','',0,0,0,1,'',''),(3,1,1,'category_id',2,'SB','','Category','Generally correspond to high level modules or functionalities of your software (e.g. User interface, Configuration Manager, Scheduler, Memory Manager...)','',0,1,1,0,NULL,'100'),(2,1,2,'status_id',2,'SB','','Status','Artifact Status','',0,0,1,0,NULL,'1'),(30,1,2,'stage',2,'SB','','Stage','Stage in the life cycle of the artifact','',0,0,1,0,NULL,'1'),(8,1,1,'severity',2,'SB','','Severity','Impact of the artifact on the system (Critical, Major,...)','',0,0,1,0,NULL,'5'),(10,1,1,'comment_type_id',2,'SB','','Comment Type','Specify the nature of the  follow up comment attached to this artifact (Workaround, Test Case, Impacted Files,...)','',0,1,0,1,NULL,'100'),(9,1,1,'details',1,'TA','60/7','Original Submission','A full description of the artifact','',0,1,1,0,NULL,''),(16,1,2,'resolution_id',2,'SB','','Resolution','How you have decided to fix the artifact (Fixed, Work for me, Duplicate,..)','',0,1,1,0,NULL,'100'),(20,1,1,'bug_group_id',2,'SB','','Group','Characterizes the nature of the artifact (e.g. Feature Request, Action Request, Crash Error, Documentation Typo, Installation Problem,...','',0,1,1,0,NULL,'100'),(11,1,1,'category_version_id',2,'SB','','Component Version','The version of the System Component (aka Category) impacted by the artifact','P',0,1,1,0,NULL,'100'),(12,1,1,'platform_version_id',2,'SB','','Platform Version','The name and version of the platform your software was running on when the artifact occured (e.g. Solaris 2.8, Linux 2.4, Windows NT4 SP2,...)','P',0,1,1,0,NULL,'100'),(13,1,2,'reproducibility_id',2,'SB','','Reproducibility','How easy is it to reproduce the artifact','S',0,0,1,0,NULL,'100'),(14,1,2,'size_id',2,'SB','','Size (loc)','The size of the code you need to develop or rework in order to fix the artifact','S',0,1,1,0,NULL,'100'),(15,1,2,'fix_release_id',2,'SB','','Fixed Release','The release in which the artifact was actually fixed','P',0,1,1,0,NULL,'100'),(17,1,2,'hours',3,'TF','5/5','Effort','Number of hours of work needed to fix the artifact (including testing)','S',0,1,1,0,NULL,''),(18,1,2,'plan_release_id',2,'SB','','Planned Release','The release in which you initially planned the artifact to be fixed','P',0,1,1,0,NULL,'100'),(19,1,1,'component_version',1,'TF','10/40','Component Version','Version of the system component (or work product) impacted by the artifact. Same as the other Component Version field <u>except</u> this one is free text.','S',0,1,1,0,NULL,''),(22,1,1,'priority',2,'SB','','Priority','How quickly the artifact must be fixed (Immediate, Normal, Low, Later,...)','S',0,1,1,0,NULL,'100'),(23,1,1,'keywords',1,'TF','60/120','Keywords','A list of comma separated keywords associated with a artifact','S',0,1,1,0,NULL,''),(24,1,1,'release_id',2,'SB','','Release','The release (global version number) impacted by the artifact','P',0,1,1,0,NULL,'100'),(26,1,1,'originator_name',1,'TF','20/40','Originator Name','The name of the person who reported the artifact (if different from the submitter field)','S',0,1,1,0,NULL,''),(27,1,1,'originator_email',1,'TF','20/40','Originator Email','Email address of the person who reported the artifact. Automatically included in the artifact email notification process.','S',0,1,1,0,NULL,''),(28,1,1,'originator_phone',1,'TF','10/40','Originator Phone','Phone number of the person who reported the artifact','S',0,1,1,0,NULL,''),(29,1,2,'close_date',4,'DF','','Close Date','Close Date','',0,1,0,0,NULL,'0'),(2,2,4,'percent',2,'TF','3/3','Percentage of completion (1-100)','Integer value between 0-100','',0,0,1,0,NULL,'0'),(4,2,4,'hours',3,'TF','5/5','Effort','Number of hours of work needed to fix the artifact (including testing)','',0,1,1,0,NULL,'0.00'),(5,2,4,'start_date',4,'DF','','Start Date','Start Date','',0,1,1,0,NULL,'0'),(6,2,4,'close_date',4,'DF','','Close Date','Close Date','',0,0,0,1,NULL,'0'),(7,2,3,'summary',1,'TF','60/150','Summary','One line description of the artifact','',0,0,1,0,NULL,''),(8,2,3,'details',1,'TA','60/7','Original Submission','A full description of the artifact','',0,1,1,0,NULL,''),(11,2,4,'status_id',2,'SB','','Status','Artifact Status','',0,0,1,0,NULL,'1'),(15,2,4,'stage',2,'SB','','Stage','Stage in the life cycle of the artifact','',0,0,1,0,NULL,'1'),(1,2,3,'artifact_id',2,'TF','6/10','Artifact ID','Unique artifact identifier','',0,0,0,1,NULL,''),(10,2,3,'open_date',4,'DF','','Submitted on','Date and time for the initial artifact submission','',0,0,0,1,'',''),(9,2,3,'multi_assigned_to',5,'MB','','Assigned to (multiple)','Who is in charge of this artifact','',0,1,1,0,'group_members','100'),(12,2,3,'subproject_id',2,'SB','','Subproject','Generally correspond to high level modules or functionalities of your software (e.g. User interface, Configuration Manager, Scheduler, Memory Manager...)','',0,1,1,0,NULL,'100'),(13,2,3,'submitted_by',5,'SB','','Submitted by','User who originally submitted the artifact','',0,1,0,1,'artifact_submitters',''),(14,2,3,'severity',2,'SB','','Priority','How quickly the artifact must be completed','',0,0,1,0,NULL,'5'),(16,2,3,'last_update_date',4,'DF','','Last Modified On','Date and time of the latest modification in an artifact','',0,0,0,1,'',''),(17,2,4,'due_date',4,'DF','','Due Date','Due Date','',0,1,1,0,NULL,'0'),(18,2,4,'end_date',4,'DF','','End Date','End Date','',0,1,1,0,NULL,'0'),(9,3,5,'submitted_by',5,'SB','','Submitted by','User who originally submitted the artifact','',0,1,0,1,'artifact_submitters',''),(7,3,6,'status_id',2,'SB','','Status','Artifact Status','',0,0,1,0,NULL,'1'),(12,3,6,'stage',2,'SB','','Stage','Stage in the life cycle of the artifact','',0,0,1,0,NULL,'1'),(6,3,6,'assigned_to',5,'SB','','Assigned to','Who is in charge of solving the artifact','',0,1,1,0,'group_members','100'),(5,3,5,'category_id',2,'SB','','Category','Generally correspond to high level modules or functionalities of your software (e.g. User interface, Configuration Manager, Scheduler, Memory Manager...)','',0,1,1,0,NULL,'100'),(4,3,5,'open_date',4,'DF','','Submitted on','Date and time for the initial artifact submission','',0,0,0,1,'',''),(3,3,5,'details',1,'TA','60/7','Original Submission','A full description of the artifact','',0,1,1,0,NULL,''),(2,3,5,'summary',1,'TF','60/150','Summary','One line description of the artifact','',0,0,1,0,NULL,''),(1,3,5,'artifact_id',2,'TF','6/10','Artifact ID','Unique artifact identifier','',0,0,0,1,NULL,''),(10,3,6,'close_date',4,'DF','','Close Date','Close Date','',0,1,0,0,NULL,'0'),(11,3,5,'severity',2,'SB','','Priority','How quickly the artifact must be completed','',0,0,1,0,NULL,'5'),(13,3,5,'last_update_date',4,'DF','','Last Modified On','Date and time of the latest modification in an artifact','',0,0,0,1,'',''),(1,4,7,'submitted_by',5,'SB','','Submitted by','User who originally submitted the artifact','',0,1,0,1,'artifact_submitters',''),(2,4,7,'open_date',4,'DF','','Submitted on','Date and time for the initial artifact submission','',0,0,0,1,'',''),(3,4,7,'close_date',4,'DF','','Close Date','Close Date','',0,1,0,0,NULL,'0'),(4,4,7,'summary',1,'TF','60/150','Summary','One line description of the artifact','',0,0,1,0,NULL,''),(5,4,7,'artifact_id',2,'TF','6/10','Artifact ID','Unique artifact identifier','',0,0,0,1,NULL,''),(6,4,7,'status_id',2,'SB','','Status','Artifact Status','',0,0,1,0,NULL,'1'),(11,4,7,'stage',2,'SB','','Stage','Stage in the life cycle of the artifact','',0,0,1,0,NULL,'1'),(7,4,7,'severity',2,'SB','','Severity','Impact of the artifact on the system (Critical, Major,...)','',0,0,1,0,NULL,'5'),(8,4,7,'details',1,'TA','60/7','Original Submission','A full description of the artifact','',0,1,1,0,NULL,''),(9,4,7,'assigned_to',5,'SB','','Assigned to','Who is in charge of solving the artifact','',0,1,1,0,'group_members','100'),(10,4,7,'multi_assigned_to',5,'MB','','Assigned to (multiple)','Who is in charge of this artifact','',0,1,1,0,'group_members','100'),(12,4,7,'last_update_date',4,'DF','','Last Modified On','Date and time of the latest modification in an artifact','',0,0,0,1,'',''),(1,5,8,'submitted_by',5,'SB','','Submitted by','User who originally submitted the artifact','',0,1,0,1,'artifact_submitters',''),(2,5,8,'open_date',4,'DF','','Submitted on','Date and time for the initial artifact submission','',0,0,0,1,'',''),(3,5,8,'summary',1,'TF','60/150','Summary','One line description of the artifact','',0,0,1,0,NULL,''),(4,5,8,'artifact_id',2,'TF','6/10','Artifact ID','Unique artifact identifier','',0,0,0,1,NULL,''),(5,5,9,'plain_text',1,'TA','60/7','Patch text','Plain-text version of the patch','',0,1,0,0,NULL,''),(6,5,10,'assigned_to',5,'SB','','Assigned to','Who is in charge of solving the artifact','',0,1,1,0,'group_members','100'),(7,5,8,'category_id',2,'SB','','Category','Patch categories (e.g. mail module,gant chart module,interface, etc)','',0,1,1,0,NULL,'100'),(8,5,8,'details',1,'TA','60/7','Description','Description of functionality and application of the patch','',0,1,1,0,NULL,''),(9,5,10,'status_id',2,'SB','','Status','Artifact Status','',0,0,1,0,NULL,'1'),(10,5,8,'severity',2,'SB','','Severity','Impact of the artifact on the system (Critical, Major,...)','',0,0,1,0,NULL,'5'),(11,5,8,'release_id',2,'SB','','Release','The release (global version number) impacted by the artifact','P',0,1,1,0,NULL,'100'),(12,5,10,'stage',2,'SB','','Stage','Stage in the life cycle of the artifact','P',0,1,1,0,NULL,'100'),(13,5,8,'last_update_date',4,'DF','','Last Modified On','Date and time of the latest modification in an artifact','',0,0,0,1,'',''),(1,7,14,'submitted_by',5,'SB','','Submitted by','User who originally submitted the artifact','',0,1,1,1,'artifact_submitters',''),(2,7,14,'open_date',4,'DF','','Submitted on','Date and time for the initial artifact submission','',0,0,0,1,NULL,''),(3,7,14,'close_date',4,'DF','','Close Date','Close Date','',0,0,0,0,NULL,'0'),(4,7,14,'summary',1,'TF','60/150','Summary','One line description of the artifact','',0,0,1,0,NULL,''),(5,7,14,'artifact_id',2,'TF','6/10','Artifact ID','Unique artifact identifier','',0,0,0,1,NULL,''),(6,7,14,'severity',2,'SB','','Priority','Customer priority','',0,0,1,0,NULL,'5'),(7,7,14,'details',1,'TA','60/7','Original Submission','A full description of the artifact','',0,1,1,0,NULL,''),(8,7,14,'category',2,'SB','','Category','Category this story belongs to (e.g. User interface, reporting, account management, etc.)','',0,1,1,0,NULL,'100'),(9,7,14,'customer_value',2,'TF','','Value','Customer value for this story (integer))','',0,1,1,0,NULL,'0'),(10,7,14,'acceptance_criteria',1,'TA','80/3','Acceptance criteria','Description of customer acceptance criteria for this story','',0,1,1,0,NULL,''),(11,7,14,'product',2,'SB','80/3','Product','Product impacted by story (for multi-product project)','',0,1,1,0,NULL,'100'),(12,7,14,'customer',2,'SB','','Customer','Customer(s) that requested this story (for multi-customer projects)','',0,1,1,0,NULL,'100'),(13,7,15,'status_id',2,'SB','','Status','Artifact Status','',0,0,1,0,NULL,'1'),(14,7,15,'assigned_to',5,'SB','','Owner','Who is in charge of this story','',0,1,1,0,'group_members','100'),(15,7,15,'stage',2,'SB','','Stage','Stage in the life cycle of the artifact','',0,0,1,0,NULL,'1'),(16,7,15,'initial_effort',2,'TF','','Initial Effort Estimate','Initial estimation of effort','',0,1,1,0,NULL,'0'),(17,7,15,'current_effort',2,'TF','','Current Effort Estimate','Current estimation of effort','',0,1,1,0,NULL,'0'),(18,7,15,'release',2,'SB','','Release','Planned release for this story','',0,1,1,0,NULL,'100'),(19,7,15,'iteration',2,'TF','','Iteration','Iteration number when the story is planned.','',0,1,1,0,NULL,'0'),(20,7,15,'rank',2,'TF','','Rank','Rank of story in current sprint (i.e priority)','',0,1,1,0,NULL,'0'),(21,7,15,'backlog',2,'SB','','Backlog','Sprint or Product backlog?','',0,0,1,0,NULL,'101'),(22,7,15,'remaining_effort',2,'TF','','Remaining Effort','Remaining Effort','',0,1,1,0,NULL,'0'),(23,7,14,'last_update_date',4,'DF','','Last Modified On','Date and time of the latest modification in an artifact','',0,0,0,1,'',''),(7,101,16,'submitted_by',5,'SB','','Submitted by','User who originally submitted the artifact','',0,1,1,1,'artifact_submitters',''),(6,101,16,'open_date',4,'DF','','Submitted on','Date and time for the initial artifact submission','',0,0,0,1,'',''),(5,101,16,'summary',1,'TF','60/150','Summary','One line description of the artifact','',0,0,1,0,'',''),(1,101,16,'artifact_id',2,'TF','6/10','Artifact ID','Unique artifact identifier','',0,0,0,1,'',''),(4,101,17,'assigned_to',5,'SB','','Assigned to','Who is in charge of solving the artifact','',0,1,1,0,'group_members','100'),(3,101,16,'category_id',2,'SB','','Category','Generally correspond to high level modules or functionalities of your software (e.g. User interface, Configuration Manager, Scheduler, Memory Manager...)','',0,1,1,0,'','100'),(2,101,17,'status_id',2,'SB','','Status','Artifact Status','',0,0,1,0,'','1'),(30,101,17,'stage',2,'SB','','Stage','Stage in the life cycle of the artifact','',0,0,1,0,'','1'),(8,101,16,'severity',2,'SB','','Severity','Impact of the artifact on the system (Critical, Major,...)','',0,0,1,0,'','5'),(10,101,16,'comment_type_id',2,'SB','','Comment Type','Specify the nature of the  follow up comment attached to this artifact (Workaround, Test Case, Impacted Files,...)','',0,1,0,1,'','100'),(9,101,16,'details',1,'TA','60/7','Original Submission','A full description of the artifact','',0,1,1,0,'',''),(16,101,17,'resolution_id',2,'SB','','Resolution','How you have decided to fix the artifact (Fixed, Work for me, Duplicate,..)','',0,1,1,0,'','100'),(20,101,16,'bug_group_id',2,'SB','','Group','Characterizes the nature of the artifact (e.g. Feature Request, Action Request, Crash Error, Documentation Typo, Installation Problem,...','',0,1,1,0,'','100'),(31,101,16,'last_update_date',4,'DF','','Last Modified On','Date and time of the latest modification in an artifact','',0,0,0,1,'',''),(11,101,16,'category_version_id',2,'SB','','Component Version','The version of the System Component (aka Category) impacted by the artifact','P',0,1,1,0,'','100'),(12,101,16,'platform_version_id',2,'SB','','Platform Version','The name and version of the platform your software was running on when the artifact occured (e.g. Solaris 2.8, Linux 2.4, Windows NT4 SP2,...)','P',0,1,1,0,'','100'),(13,101,17,'reproducibility_id',2,'SB','','Reproducibility','How easy is it to reproduce the artifact','S',0,0,1,0,'','100'),(14,101,17,'size_id',2,'SB','','Size (loc)','The size of the code you need to develop or rework in order to fix the artifact','S',0,1,1,0,'','100'),(15,101,17,'fix_release_id',2,'SB','','Fixed Release','The release in which the artifact was actually fixed','P',0,1,1,0,'','100'),(17,101,17,'hours',3,'TF','5/5','Effort','Number of hours of work needed to fix the artifact (including testing)','S',0,1,1,0,'',''),(18,101,17,'plan_release_id',2,'SB','','Planned Release','The release in which you initially planned the artifact to be fixed','P',0,1,1,0,'','100'),(19,101,16,'component_version',1,'TF','10/40','Component Version','Version of the system component (or work product) impacted by the artifact. Same as the other Component Version field <u>except</u> this one is free text.','S',0,1,1,0,'',''),(22,101,16,'priority',2,'SB','','Priority','How quickly the artifact must be fixed (Immediate, Normal, Low, Later,...)','S',0,1,1,0,'','100'),(23,101,16,'keywords',1,'TF','60/120','Keywords','A list of comma separated keywords associated with a artifact','S',0,1,1,0,'',''),(24,101,16,'release_id',2,'SB','','Release','The release (global version number) impacted by the artifact','P',0,1,1,0,'','100'),(26,101,16,'originator_name',1,'TF','20/40','Originator Name','The name of the person who reported the artifact (if different from the submitter field)','S',0,1,1,0,'',''),(27,101,16,'originator_email',1,'TF','20/40','Originator Email','Email address of the person who reported the artifact. Automatically included in the artifact email notification process.','S',0,1,1,0,'',''),(28,101,16,'originator_phone',1,'TF','10/40','Originator Phone','Phone number of the person who reported the artifact','S',0,1,1,0,'',''),(29,101,17,'close_date',4,'DF','','Close Date','Close Date','',0,1,0,0,'','0'),(2,102,19,'percent',2,'TF','3/3','Percentage of completion (1-100)','Integer value between 0-100','',0,0,1,0,'','0'),(4,102,19,'hours',3,'TF','5/5','Effort','Number of hours of work needed to fix the artifact (including testing)','',0,1,1,0,'','0.00'),(5,102,19,'start_date',4,'DF','','Start Date','Start Date','',0,1,1,0,'','0'),(6,102,19,'close_date',4,'DF','','Close Date','Close Date','',0,0,0,1,'','0'),(7,102,18,'summary',1,'TF','60/150','Summary','One line description of the artifact','',0,0,1,0,'',''),(8,102,18,'details',1,'TA','60/7','Original Submission','A full description of the artifact','',0,1,1,0,'',''),(11,102,19,'status_id',2,'SB','','Status','Artifact Status','',0,0,1,0,'','1'),(15,102,19,'stage',2,'SB','','Stage','Stage in the life cycle of the artifact','',0,0,1,0,'','1'),(1,102,18,'artifact_id',2,'TF','6/10','Artifact ID','Unique artifact identifier','',0,0,0,1,'',''),(10,102,18,'open_date',4,'DF','','Submitted on','Date and time for the initial artifact submission','',0,0,0,1,'',''),(9,102,18,'multi_assigned_to',5,'MB','','Assigned to (multiple)','Who is in charge of this artifact','',0,1,1,0,'group_members','100'),(12,102,18,'subproject_id',2,'SB','','Subproject','Generally correspond to high level modules or functionalities of your software (e.g. User interface, Configuration Manager, Scheduler, Memory Manager...)','',0,1,1,0,'','100'),(13,102,18,'submitted_by',5,'SB','','Submitted by','User who originally submitted the artifact','',0,1,1,1,'artifact_submitters',''),(14,102,18,'severity',2,'SB','','Priority','How quickly the artifact must be completed','',0,0,1,0,'','5'),(16,102,18,'last_update_date',4,'DF','','Last Modified On','Date and time of the latest modification in an artifact','',0,0,0,1,'',''),(17,102,19,'due_date',4,'DF','','Due Date','Due Date','',0,1,1,0,'','0'),(18,102,19,'end_date',4,'DF','','End Date','End Date','',0,1,1,0,'','0'),(9,103,20,'submitted_by',5,'SB','','Submitted by','User who originally submitted the artifact','',0,1,1,1,'artifact_submitters',''),(7,103,21,'status_id',2,'SB','','Status','Artifact Status','',0,0,1,0,'','1'),(12,103,21,'stage',2,'SB','','Stage','Stage in the life cycle of the artifact','',0,0,1,0,'','1'),(6,103,21,'assigned_to',5,'SB','','Assigned to','Who is in charge of solving the artifact','',0,1,1,0,'group_members','100'),(5,103,20,'category_id',2,'SB','','Category','Generally correspond to high level modules or functionalities of your software (e.g. User interface, Configuration Manager, Scheduler, Memory Manager...)','',0,1,1,0,'','100'),(4,103,20,'open_date',4,'DF','','Submitted on','Date and time for the initial artifact submission','',0,0,0,1,'',''),(3,103,20,'details',1,'TA','60/7','Original Submission','A full description of the artifact','',0,1,1,0,'',''),(2,103,20,'summary',1,'TF','60/150','Summary','One line description of the artifact','',0,0,1,0,'',''),(1,103,20,'artifact_id',2,'TF','6/10','Artifact ID','Unique artifact identifier','',0,0,0,1,'',''),(10,103,21,'close_date',4,'DF','','Close Date','Close Date','',0,1,0,0,'','0'),(11,103,20,'severity',2,'SB','','Priority','How quickly the artifact must be completed','',0,0,1,0,'','5'),(13,103,20,'last_update_date',4,'DF','','Last Modified On','Date and time of the latest modification in an artifact','',0,0,0,1,'',''),(1,104,22,'submitted_by',5,'SB','','Submitted by','User who originally submitted the artifact','',0,1,1,1,'artifact_submitters',''),(2,104,22,'open_date',4,'DF','','Submitted on','Date and time for the initial artifact submission','',0,0,0,1,'',''),(3,104,22,'close_date',4,'DF','','Close Date','Close Date','',0,0,0,0,'','0'),(4,104,22,'summary',1,'TF','60/150','Summary','One line description of the artifact','',0,0,1,0,'',''),(5,104,22,'artifact_id',2,'TF','6/10','Artifact ID','Unique artifact identifier','',0,0,0,1,'',''),(13,104,23,'status_id',2,'SB','','Status','Artifact Status','',0,0,1,0,'','1'),(6,104,22,'severity',2,'SB','','Priority','Customer priority','',0,0,1,0,'','5'),(7,104,22,'details',1,'TA','60/7','Original Submission','A full description of the artifact','',0,1,1,0,'',''),(14,104,23,'assigned_to',5,'SB','','Owner','Who is in charge of this story','',0,1,1,0,'group_members','100'),(15,104,23,'stage',2,'SB','','Stage','Stage in the life cycle of the artifact','',0,0,1,0,'','1'),(16,104,23,'initial_effort',2,'TF','','Initial Effort Estimate','Initial estimation of effort','',0,1,1,0,'','0'),(17,104,23,'current_effort',2,'TF','','Current Effort Estimate','Current estimation of effort','',0,1,1,0,'','0'),(18,104,23,'release',2,'SB','','Release','Planned release for this story','',0,1,1,0,'','100'),(19,104,23,'iteration',2,'TF','','Iteration','Iteration number when the story is planned.','',0,1,1,0,'','0'),(8,104,22,'category',2,'SB','','Category','Category this story belongs to (e.g. User interface, reporting, account management, etc.)','',0,1,1,0,'','100'),(9,104,22,'customer_value',2,'TF','','Value','Customer value for this story (integer))','',0,1,1,0,'','0'),(10,104,22,'acceptance_criteria',1,'TA','80/3','Acceptance criteria','Description of customer acceptance criteria for this story','',0,1,1,0,'',''),(11,104,22,'product',2,'SB','80/3','Product','Product impacted by story (for multi-product project)','',0,1,1,0,'','100'),(12,104,22,'customer',2,'SB','','Customer','Customer(s) that requested this story (for multi-customer projects)','',0,1,1,0,'','100'),(21,104,23,'backlog',2,'SB','','Backlog','Sprint or Product backlog?','',0,0,1,0,'','101'),(20,104,23,'rank',2,'TF','','Rank','Rank of story in current sprint (i.e priority)','',0,1,1,0,'','0'),(22,104,23,'remaining_effort',2,'TF','','Remaining Effort','Remaining Effort','',0,1,1,0,'','0'),(23,104,22,'last_update_date',4,'DF','','Last Modified On','Date and time of the latest modification in an artifact','',0,0,0,1,'',''),(7,106,24,'submitted_by',5,'SB','','Submitted by','User who originally submitted the artifact','',0,1,1,1,'artifact_submitters',''),(6,106,24,'open_date',4,'DF','','Submitted on','Date and time for the initial artifact submission','',0,0,0,1,'',''),(5,106,24,'summary',1,'TF','60/150','Summary','One line description of the artifact','',0,0,1,0,'',''),(1,106,24,'artifact_id',2,'TF','6/10','Artifact ID','Unique artifact identifier','',0,0,0,1,'',''),(4,106,25,'assigned_to',5,'SB','','Assigned to','Who is in charge of solving the artifact','',0,1,1,0,'group_members','100'),(31,106,24,'last_update_date',4,'DF','','Last Modified On','Date and time of the latest modification in an artifact','',0,0,0,1,'',''),(3,106,24,'category_id',2,'SB','','Category','Generally correspond to high level modules or functionalities of your software (e.g. User interface, Configuration Manager, Scheduler, Memory Manager...)','',0,1,1,0,'','100'),(2,106,25,'status_id',2,'SB','','Status','Artifact Status','',0,0,1,0,'','1'),(30,106,25,'stage',2,'SB','','Stage','Stage in the life cycle of the artifact','',0,0,1,0,'','1'),(8,106,24,'severity',2,'SB','','Severity','Impact of the artifact on the system (Critical, Major,...)','',0,0,1,0,'','5'),(10,106,24,'comment_type_id',2,'SB','','Comment Type','Specify the nature of the  follow up comment attached to this artifact (Workaround, Test Case, Impacted Files,...)','',0,1,0,1,'','100'),(9,106,24,'details',1,'TA','60/7','Original Submission','A full description of the artifact','',0,1,1,0,'',''),(16,106,25,'resolution_id',2,'SB','','Resolution','How you have decided to fix the artifact (Fixed, Work for me, Duplicate,..)','',0,1,1,0,'','100'),(20,106,24,'bug_group_id',2,'SB','','Group','Characterizes the nature of the artifact (e.g. Feature Request, Action Request, Crash Error, Documentation Typo, Installation Problem,...','',0,1,1,0,'','100'),(11,106,24,'category_version_id',2,'SB','','Component Version','The version of the System Component (aka Category) impacted by the artifact','P',0,1,1,0,'','100'),(12,106,24,'platform_version_id',2,'SB','','Platform Version','The name and version of the platform your software was running on when the artifact occured (e.g. Solaris 2.8, Linux 2.4, Windows NT4 SP2,...)','P',0,1,1,0,'','100'),(13,106,25,'reproducibility_id',2,'SB','','Reproducibility','How easy is it to reproduce the artifact','S',0,0,1,0,'','100'),(14,106,25,'size_id',2,'SB','','Size (loc)','The size of the code you need to develop or rework in order to fix the artifact','S',0,1,1,0,'','100'),(15,106,25,'fix_release_id',2,'SB','','Fixed Release','The release in which the artifact was actually fixed','P',0,1,1,0,'','100'),(17,106,25,'hours',3,'TF','5/5','Effort','Number of hours of work needed to fix the artifact (including testing)','S',0,1,1,0,'',''),(18,106,25,'plan_release_id',2,'SB','','Planned Release','The release in which you initially planned the artifact to be fixed','P',0,1,1,0,'','100'),(19,106,24,'component_version',1,'TF','10/40','Component Version','Version of the system component (or work product) impacted by the artifact. Same as the other Component Version field <u>except</u> this one is free text.','S',0,1,1,0,'',''),(22,106,24,'priority',2,'SB','','Priority','How quickly the artifact must be fixed (Immediate, Normal, Low, Later,...)','S',0,1,1,0,'','100'),(23,106,24,'keywords',1,'TF','60/120','Keywords','A list of comma separated keywords associated with a artifact','S',0,1,1,0,'',''),(24,106,24,'release_id',2,'SB','','Release','The release (global version number) impacted by the artifact','P',0,1,1,0,'','100'),(26,106,24,'originator_name',1,'TF','20/40','Originator Name','The name of the person who reported the artifact (if different from the submitter field)','S',0,1,1,0,'',''),(27,106,24,'originator_email',1,'TF','20/40','Originator Email','Email address of the person who reported the artifact. Automatically included in the artifact email notification process.','S',0,1,1,0,'',''),(28,106,24,'originator_phone',1,'TF','10/40','Originator Phone','Phone number of the person who reported the artifact','S',0,1,1,0,'',''),(29,106,25,'close_date',4,'DF','','Close Date','Close Date','',0,1,0,0,'','0'),(2,107,27,'percent',2,'TF','3/3','Percentage of completion (1-100)','Integer value between 0-100','',0,0,1,0,'','0'),(4,107,27,'hours',3,'TF','5/5','Effort','Number of hours of work needed to fix the artifact (including testing)','',0,1,1,0,'','0.00'),(5,107,27,'start_date',4,'DF','','Start Date','Start Date','',0,1,1,0,'','0'),(6,107,27,'close_date',4,'DF','','Close Date','Close Date','',0,0,0,1,'','0'),(7,107,26,'summary',1,'TF','60/150','Summary','One line description of the artifact','',0,0,1,0,'',''),(8,107,26,'details',1,'TA','60/7','Original Submission','A full description of the artifact','',0,1,1,0,'',''),(11,107,27,'status_id',2,'SB','','Status','Artifact Status','',0,0,1,0,'','1'),(15,107,27,'stage',2,'SB','','Stage','Stage in the life cycle of the artifact','',0,0,1,0,'','1'),(1,107,26,'artifact_id',2,'TF','6/10','Artifact ID','Unique artifact identifier','',0,0,0,1,'',''),(10,107,26,'open_date',4,'DF','','Submitted on','Date and time for the initial artifact submission','',0,0,0,1,'',''),(9,107,26,'multi_assigned_to',5,'MB','','Assigned to (multiple)','Who is in charge of this artifact','',0,1,1,0,'group_members','100'),(12,107,26,'subproject_id',2,'SB','','Subproject','Generally correspond to high level modules or functionalities of your software (e.g. User interface, Configuration Manager, Scheduler, Memory Manager...)','',0,1,1,0,'','100'),(13,107,26,'submitted_by',5,'SB','','Submitted by','User who originally submitted the artifact','',0,1,1,1,'artifact_submitters',''),(14,107,26,'severity',2,'SB','','Priority','How quickly the artifact must be completed','',0,0,1,0,'','5'),(16,107,26,'last_update_date',4,'DF','','Last Modified On','Date and time of the latest modification in an artifact','',0,0,0,1,'',''),(17,107,27,'due_date',4,'DF','','Due Date','Due Date','',0,1,1,0,'','0'),(18,107,27,'end_date',4,'DF','','End Date','End Date','',0,1,1,0,'','0'),(9,108,28,'submitted_by',5,'SB','','Submitted by','User who originally submitted the artifact','',0,1,1,1,'artifact_submitters',''),(7,108,29,'status_id',2,'SB','','Status','Artifact Status','',0,0,1,0,'','1'),(12,108,29,'stage',2,'SB','','Stage','Stage in the life cycle of the artifact','',0,0,1,0,'','1'),(6,108,29,'assigned_to',5,'SB','','Assigned to','Who is in charge of solving the artifact','',0,1,1,0,'group_members','100'),(5,108,28,'category_id',2,'SB','','Category','Generally correspond to high level modules or functionalities of your software (e.g. User interface, Configuration Manager, Scheduler, Memory Manager...)','',0,1,1,0,'','100'),(4,108,28,'open_date',4,'DF','','Submitted on','Date and time for the initial artifact submission','',0,0,0,1,'',''),(3,108,28,'details',1,'TA','60/7','Original Submission','A full description of the artifact','',0,1,1,0,'',''),(2,108,28,'summary',1,'TF','60/150','Summary','One line description of the artifact','',0,0,1,0,'',''),(1,108,28,'artifact_id',2,'TF','6/10','Artifact ID','Unique artifact identifier','',0,0,0,1,'',''),(10,108,29,'close_date',4,'DF','','Close Date','Close Date','',0,1,0,0,'','0'),(11,108,28,'severity',2,'SB','','Priority','How quickly the artifact must be completed','',0,0,1,0,'','5'),(13,108,28,'last_update_date',4,'DF','','Last Modified On','Date and time of the latest modification in an artifact','',0,0,0,1,'',''),(1,109,30,'submitted_by',5,'SB','','Submitted by','User who originally submitted the artifact','',0,1,1,1,'artifact_submitters',''),(2,109,30,'open_date',4,'DF','','Submitted on','Date and time for the initial artifact submission','',0,0,0,1,'',''),(3,109,30,'close_date',4,'DF','','Close Date','Close Date','',0,0,0,0,'','0'),(4,109,30,'summary',1,'TF','60/150','Summary','One line description of the artifact','',0,0,1,0,'',''),(5,109,30,'artifact_id',2,'TF','6/10','Artifact ID','Unique artifact identifier','',0,0,0,1,'',''),(6,109,30,'severity',2,'SB','','Priority','Customer priority','',0,0,1,0,'','5'),(7,109,30,'details',1,'TA','60/7','Original Submission','A full description of the artifact','',0,1,1,0,'',''),(8,109,30,'category',2,'SB','','Category','Category this story belongs to (e.g. User interface, reporting, account management, etc.)','',0,1,1,0,'','100'),(9,109,30,'customer_value',2,'TF','','Value','Customer value for this story (integer))','',0,1,1,0,'','0'),(10,109,30,'acceptance_criteria',1,'TA','80/3','Acceptance criteria','Description of customer acceptance criteria for this story','',0,1,1,0,'',''),(11,109,30,'product',2,'SB','80/3','Product','Product impacted by story (for multi-product project)','',0,1,1,0,'','100'),(12,109,30,'customer',2,'SB','','Customer','Customer(s) that requested this story (for multi-customer projects)','',0,1,1,0,'','100'),(13,109,31,'status_id',2,'SB','','Status','Artifact Status','',0,0,1,0,'','1'),(14,109,31,'assigned_to',5,'SB','','Owner','Who is in charge of this story','',0,1,1,0,'group_members','100'),(15,109,31,'stage',2,'SB','','Stage','Stage in the life cycle of the artifact','',0,0,1,0,'','1'),(16,109,31,'initial_effort',2,'TF','','Initial Effort Estimate','Initial estimation of effort','',0,1,1,0,'','0'),(17,109,31,'current_effort',2,'TF','','Current Effort Estimate','Current estimation of effort','',0,1,1,0,'','0'),(18,109,31,'release',2,'SB','','Release','Planned release for this story','',0,1,1,0,'','100'),(19,109,31,'iteration',2,'TF','','Iteration','Iteration number when the story is planned.','',0,1,1,0,'','0'),(20,109,31,'rank',2,'TF','','Rank','Rank of story in current sprint (i.e priority)','',0,1,1,0,'','0'),(21,109,31,'backlog',2,'SB','','Backlog','Sprint or Product backlog?','',0,0,1,0,'','101'),(22,109,31,'remaining_effort',2,'TF','','Remaining Effort','Remaining Effort','',0,1,1,0,'','0'),(23,109,30,'last_update_date',4,'DF','','Last Modified On','Date and time of the latest modification in an artifact','',0,0,0,1,'','');
/*!40000 ALTER TABLE `artifact_field` ENABLE KEYS */;
UNLOCK TABLES;

--
-- Table structure for table `artifact_field_set`
--

DROP TABLE IF EXISTS `artifact_field_set`;
/*!40101 SET @saved_cs_client     = @@character_set_client */;
/*!40101 SET character_set_client = utf8 */;
CREATE TABLE `artifact_field_set` (
  `field_set_id` int(11) unsigned NOT NULL auto_increment,
  `group_artifact_id` int(11) unsigned NOT NULL default '0',
  `name` text NOT NULL,
  `description` text NOT NULL,
  `rank` int(11) unsigned NOT NULL default '0',
  PRIMARY KEY  (`field_set_id`),
  KEY `idx_fk_group_artifact_id` (`group_artifact_id`)
) ENGINE=MyISAM AUTO_INCREMENT=32 DEFAULT CHARSET=utf8;
/*!40101 SET character_set_client = @saved_cs_client */;

--
-- Dumping data for table `artifact_field_set`
--

LOCK TABLES `artifact_field_set` WRITE;
/*!40000 ALTER TABLE `artifact_field_set` DISABLE KEYS */;
INSERT INTO `artifact_field_set` VALUES (1,1,'fieldset_default_bugs_lbl_key','fieldset_default_bugs_desc_key',10),(2,1,'fieldset_status_bugs_lbl_key','fieldset_status_bugs_desc_key',20),(3,2,'fieldset_default_tasks_lbl_key','fieldset_default_tasks_desc_key',10),(4,2,'fieldset_status_tasks_lbl_key','fieldset_status_tasks_desc_key',20),(5,3,'fieldset_default_SR_lbl_key','fieldset_default_SR_desc_key',10),(6,3,'fieldset_status_SR_lbl_key','fieldset_status_SR_desc_key',20),(7,4,'fieldset_default_lbl_key','fieldset_default_desc_key',10),(8,5,'fieldset_default_patches_lbl_key','fieldset_default_patches_desc_key',10),(9,5,'fieldset_patchtext_patches_lbl_key','fieldset_patchtext_patches_desc_key',20),(10,5,'fieldset_status_patches_lbl_key','fieldset_status_patches_desc_key',30),(14,7,'fieldset_scrum_description_lbl_key','fieldset_scrum_description_desc_key',10),(15,7,'fieldset_scrum_status_lbl_key','fieldset_scrum_status_desc_key',20),(16,101,'fieldset_default_bugs_lbl_key','fieldset_default_bugs_desc_key',10),(17,101,'fieldset_status_bugs_lbl_key','fieldset_status_bugs_desc_key',20),(18,102,'fieldset_default_tasks_lbl_key','fieldset_default_tasks_desc_key',10),(19,102,'fieldset_status_tasks_lbl_key','fieldset_status_tasks_desc_key',20),(20,103,'fieldset_default_SR_lbl_key','fieldset_default_SR_desc_key',10),(21,103,'fieldset_status_SR_lbl_key','fieldset_status_SR_desc_key',20),(22,104,'fieldset_scrum_description_lbl_key','fieldset_scrum_description_desc_key',10),(23,104,'fieldset_scrum_status_lbl_key','fieldset_scrum_status_desc_key',20),(24,106,'fieldset_default_bugs_lbl_key','fieldset_default_bugs_desc_key',10),(25,106,'fieldset_status_bugs_lbl_key','fieldset_status_bugs_desc_key',20),(26,107,'fieldset_default_tasks_lbl_key','fieldset_default_tasks_desc_key',10),(27,107,'fieldset_status_tasks_lbl_key','fieldset_status_tasks_desc_key',20),(28,108,'fieldset_default_SR_lbl_key','fieldset_default_SR_desc_key',10),(29,108,'fieldset_status_SR_lbl_key','fieldset_status_SR_desc_key',20),(30,109,'fieldset_scrum_description_lbl_key','fieldset_scrum_description_desc_key',10),(31,109,'fieldset_scrum_status_lbl_key','fieldset_scrum_status_desc_key',20);
/*!40000 ALTER TABLE `artifact_field_set` ENABLE KEYS */;
UNLOCK TABLES;

--
-- Table structure for table `artifact_field_usage`
--

DROP TABLE IF EXISTS `artifact_field_usage`;
/*!40101 SET @saved_cs_client     = @@character_set_client */;
/*!40101 SET character_set_client = utf8 */;
CREATE TABLE `artifact_field_usage` (
  `field_id` int(11) NOT NULL default '0',
  `group_artifact_id` int(11) NOT NULL default '0',
  `use_it` int(11) NOT NULL default '0',
  `place` int(11) default NULL,
  KEY `idx_fk` (`field_id`,`group_artifact_id`)
) ENGINE=MyISAM DEFAULT CHARSET=utf8;
/*!40101 SET character_set_client = @saved_cs_client */;

--
-- Dumping data for table `artifact_field_usage`
--

LOCK TABLES `artifact_field_usage` WRITE;
/*!40000 ALTER TABLE `artifact_field_usage` DISABLE KEYS */;
INSERT INTO `artifact_field_usage` VALUES (7,1,1,0),(6,1,1,0),(5,1,1,900),(1,1,1,0),(4,1,1,50),(3,1,1,10),(2,1,1,60),(30,1,0,0),(8,1,1,20),(10,1,1,NULL),(9,1,1,1000),(16,1,1,40),(20,1,1,30),(31,1,1,0),(2,2,1,20),(3,2,1,30),(4,2,1,40),(5,2,1,60),(17,2,1,62),(18,2,1,64),(6,2,0,0),(7,2,1,900),(8,2,1,1000),(11,2,1,50),(15,2,0,0),(1,2,1,1),(10,2,1,0),(16,2,1,0),(9,3,1,NULL),(7,3,1,30),(12,3,0,0),(6,3,1,20),(5,3,1,10),(4,3,1,5),(3,3,1,1000),(2,3,1,900),(1,3,1,1),(13,3,1,0),(9,2,1,70),(12,2,1,10),(11,1,0,0),(12,1,0,0),(13,1,0,0),(14,1,0,0),(15,1,0,0),(17,1,0,0),(18,1,0,0),(19,1,0,0),(22,1,0,0),(23,1,0,0),(24,1,0,0),(26,1,0,0),(27,1,0,0),(28,1,0,0),(29,1,0,0),(13,2,1,0),(14,2,1,30),(10,3,0,0),(11,3,1,40),(1,4,1,0),(2,4,1,0),(3,4,0,0),(4,4,1,10),(5,4,1,0),(6,4,0,0),(7,4,1,0),(8,4,1,20),(9,4,1,30),(10,4,0,40),(11,4,0,0),(12,4,1,0),(1,5,1,0),(2,5,1,0),(3,5,1,30),(4,5,1,0),(5,5,1,70),(6,5,1,0),(7,5,1,10),(8,5,1,50),(9,5,1,0),(10,5,1,0),(11,5,0,0),(12,5,1,0),(13,5,1,0),(1,7,0,30),(2,7,0,40),(3,7,0,0),(4,7,1,10),(5,7,1,0),(13,7,1,1000),(6,7,1,70),(7,7,1,20),(14,7,1,60),(15,7,1,50),(16,7,1,70),(17,7,1,80),(18,7,0,20),(19,7,1,30),(8,7,0,60),(9,7,1,90),(10,7,0,100),(11,7,0,50),(12,7,1,80),(21,7,1,10),(20,7,0,40),(22,7,1,90),(23,7,1,45),(7,101,1,0),(6,101,1,0),(5,101,1,900),(1,101,1,0),(4,101,1,50),(3,101,1,10),(2,101,1,60),(30,101,0,0),(8,101,1,20),(10,101,1,NULL),(9,101,1,1000),(16,101,1,40),(20,101,1,30),(31,101,1,0),(11,101,0,0),(12,101,0,0),(13,101,0,0),(14,101,0,0),(15,101,0,0),(17,101,0,0),(18,101,0,0),(19,101,0,0),(22,101,0,0),(23,101,0,0),(24,101,0,0),(26,101,0,0),(27,101,0,0),(28,101,0,0),(29,101,0,0),(2,102,1,20),(4,102,1,40),(5,102,1,60),(6,102,0,0),(7,102,1,900),(8,102,1,1000),(11,102,1,50),(15,102,0,0),(1,102,1,1),(10,102,1,0),(9,102,1,70),(12,102,1,10),(13,102,1,0),(14,102,1,30),(16,102,1,0),(17,102,1,62),(18,102,1,64),(9,103,1,NULL),(7,103,1,30),(12,103,0,0),(6,103,1,20),(5,103,1,10),(4,103,1,5),(3,103,1,1000),(2,103,1,900),(1,103,1,1),(10,103,0,0),(11,103,1,40),(13,103,1,0),(1,104,0,30),(2,104,0,40),(3,104,0,0),(4,104,1,10),(5,104,1,0),(13,104,1,1000),(6,104,1,70),(7,104,1,20),(14,104,1,60),(15,104,1,50),(16,104,1,70),(17,104,1,80),(18,104,0,20),(19,104,1,30),(8,104,0,60),(9,104,1,90),(10,104,0,100),(11,104,0,50),(12,104,1,80),(21,104,1,10),(20,104,0,40),(22,104,1,90),(23,104,1,45),(7,106,1,0),(6,106,1,0),(5,106,1,900),(1,106,1,0),(4,106,1,50),(31,106,1,0),(3,106,1,10),(2,106,1,60),(30,106,0,0),(8,106,1,20),(10,106,1,NULL),(9,106,1,1000),(16,106,1,40),(20,106,1,30),(11,106,0,0),(12,106,0,0),(13,106,0,0),(14,106,0,0),(15,106,0,0),(17,106,0,0),(18,106,0,0),(19,106,0,0),(22,106,0,0),(23,106,0,0),(24,106,0,0),(26,106,0,0),(27,106,0,0),(28,106,0,0),(29,106,0,0),(2,107,1,20),(4,107,1,40),(5,107,1,60),(6,107,0,0),(7,107,1,900),(8,107,1,1000),(11,107,1,50),(15,107,0,0),(1,107,1,1),(10,107,1,0),(9,107,1,70),(12,107,1,10),(13,107,1,0),(14,107,1,30),(16,107,1,0),(17,107,1,62),(18,107,1,64),(9,108,1,NULL),(7,108,1,30),(12,108,0,0),(6,108,1,20),(5,108,1,10),(4,108,1,5),(3,108,1,1000),(2,108,1,900),(1,108,1,1),(10,108,0,0),(11,108,1,40),(13,108,1,0),(1,109,0,30),(2,109,0,40),(3,109,0,0),(4,109,1,10),(5,109,1,0),(6,109,1,70),(7,109,1,20),(8,109,0,60),(9,109,1,90),(10,109,0,100),(11,109,0,50),(12,109,1,80),(13,109,1,1000),(14,109,1,60),(15,109,1,50),(16,109,1,70),(17,109,1,80),(18,109,0,20),(19,109,1,30),(20,109,0,40),(21,109,1,10),(22,109,1,90),(23,109,1,45);
/*!40000 ALTER TABLE `artifact_field_usage` ENABLE KEYS */;
UNLOCK TABLES;

--
-- Table structure for table `artifact_field_value`
--

DROP TABLE IF EXISTS `artifact_field_value`;
/*!40101 SET @saved_cs_client     = @@character_set_client */;
/*!40101 SET character_set_client = utf8 */;
CREATE TABLE `artifact_field_value` (
  `field_id` int(11) NOT NULL,
  `artifact_id` int(11) NOT NULL,
  `valueInt` int(11) default NULL,
  `valueText` text,
  `valueFloat` float(10,4) default NULL,
  `valueDate` int(11) default NULL,
  KEY `idx_valueInt` (`artifact_id`,`field_id`,`valueInt`),
  KEY `xtrk_valueInt` (`valueInt`)
) ENGINE=MyISAM DEFAULT CHARSET=utf8;
/*!40101 SET character_set_client = @saved_cs_client */;

--
-- Dumping data for table `artifact_field_value`
--

LOCK TABLES `artifact_field_value` WRITE;
/*!40000 ALTER TABLE `artifact_field_value` DISABLE KEYS */;
INSERT INTO `artifact_field_value` VALUES (3,1,100,NULL,NULL,NULL),(20,1,100,NULL,NULL,NULL),(16,1,100,NULL,NULL,NULL),(4,1,100,NULL,NULL,NULL);
/*!40000 ALTER TABLE `artifact_field_value` ENABLE KEYS */;
UNLOCK TABLES;

--
-- Table structure for table `artifact_field_value_list`
--

DROP TABLE IF EXISTS `artifact_field_value_list`;
/*!40101 SET @saved_cs_client     = @@character_set_client */;
/*!40101 SET character_set_client = utf8 */;
CREATE TABLE `artifact_field_value_list` (
  `field_id` int(11) NOT NULL default '0',
  `group_artifact_id` int(11) NOT NULL default '0',
  `value_id` int(11) NOT NULL default '0',
  `value` text NOT NULL,
  `description` text NOT NULL,
  `order_id` int(11) NOT NULL default '0',
  `status` char(1) NOT NULL default 'A',
  PRIMARY KEY  (`field_id`,`group_artifact_id`,`value_id`),
  KEY `idx_fv_group_artifact_id` (`group_artifact_id`),
  KEY `idx_fv_value_id` (`value_id`),
  KEY `idx_fv_status` (`status`)
) ENGINE=MyISAM DEFAULT CHARSET=utf8;
/*!40101 SET character_set_client = @saved_cs_client */;

--
-- Dumping data for table `artifact_field_value_list`
--

LOCK TABLES `artifact_field_value_list` WRITE;
/*!40000 ALTER TABLE `artifact_field_value_list` DISABLE KEYS */;
INSERT INTO `artifact_field_value_list` VALUES (2,1,1,'Open','The artifact has been submitted',20,'P'),(2,1,3,'Closed','The artifact is no longer active. See the Resolution field for details on how it was resolved.',400,'P'),(30,1,1,'New','The artifact has just been submitted',20,'A'),(30,1,2,'Analyzed','The cause of the artifact has been identified and documented',30,'A'),(30,1,3,'Accepted','The artifact will be worked on.',40,'A'),(30,1,4,'Under Implementation','The artifact is being worked on.',50,'A'),(30,1,5,'Ready for Review','Updated/Created non-software work product (e.g. documentation) is ready for review and approval.',60,'A'),(30,1,6,'Ready for Test','Updated/Created software is ready to be included in the next build',70,'A'),(30,1,7,'In Test','Updated/Created software is in the build and is ready to enter the test phase',80,'A'),(30,1,8,'Approved','The artifact fix has been succesfully tested. It is approved and awaiting release.',90,'A'),(30,1,9,'Declined','The artifact was not accepted.',100,'A'),(30,1,10,'Done','The artifact is closed.',110,'A'),(3,1,100,'None','',10,'P'),(8,1,1,'1 - Ordinary','',10,'P'),(8,1,2,'2','',20,'P'),(8,1,3,'3','',30,'P'),(8,1,4,'4','',40,'P'),(8,1,5,'5 - Major','',50,'P'),(8,1,6,'6','',60,'P'),(8,1,7,'7','',70,'P'),(8,1,8,'8','',80,'P'),(8,1,9,'9 - Critical','',90,'P'),(10,1,100,'None','',10,'P'),(16,1,100,'None','',10,'P'),(16,1,1,'Fixed','The bug was resolved',20,'A'),(16,1,2,'Invalid','The submitted bug is not valid for some reason (wrong description, using incorrect software version,...)',30,'A'),(16,1,3,'Wont Fix','The bug won\'t be fixed (probably because it is very minor)',40,'A'),(16,1,4,'Later','The bug will be fixed later (no date given)',50,'A'),(16,1,5,'Remind','The bug will be fixed later but keep in the remind state for easy identification',60,'A'),(16,1,6,'Works for me','The project team was unable to reproduce the bug',70,'A'),(16,1,7,'Duplicate','This bug is already covered by another bug description (see related bugs list)',80,'A'),(11,2,1,'Open','The artifact has been submitted',20,'P'),(11,2,3,'Closed','The artifact is no longer active. See the Resolution field for details on how it was resolved.',400,'P'),(15,2,1,'New','The artifact has just been submitted',20,'A'),(15,2,2,'Analyzed','The cause of the artifact has been identified and documented',30,'A'),(15,2,3,'Accepted','The artifact will be worked on.',40,'A'),(15,2,4,'Under Implementation','The artifact is being worked on.',50,'A'),(15,2,5,'Ready for Review','Updated/Created non-software work product (e.g. documentation) is ready for review and approval.',60,'A'),(15,2,6,'Ready for Test','Updated/Created software is ready to be included in the next build',70,'A'),(15,2,7,'In Test','Updated/Created software is in the build and is ready to enter the test phase',80,'A'),(15,2,8,'Approved','The artifact fix has been succesfully tested. It is approved and awaiting release.',90,'A'),(15,2,9,'Declined','The artifact was not accepted.',100,'A'),(15,2,10,'Done','The artifact is closed.',110,'A'),(12,2,100,'None','',10,'P'),(2,2,1095,'95%','',95,'A'),(2,2,1090,'90%','',90,'A'),(2,2,1085,'85%','',85,'A'),(2,2,1080,'80%','',80,'A'),(2,2,1075,'75%','',75,'A'),(2,2,1070,'70%','',70,'A'),(2,2,1065,'65%','',65,'A'),(2,2,1060,'60%','',60,'A'),(2,2,1055,'55%','',55,'A'),(2,2,1050,'50%','',50,'A'),(2,2,1045,'45%','',45,'A'),(2,2,1040,'40%','',40,'A'),(2,2,1035,'35%','',35,'A'),(2,2,1030,'30%','',30,'A'),(2,2,1025,'25%','',25,'A'),(2,2,1020,'20%','',20,'A'),(2,2,1015,'15%','',15,'A'),(2,2,1010,'10%','',10,'A'),(2,2,1000,'Not started','',0,'A'),(2,2,1100,'100%','',100,'P'),(7,3,1,'Open','The artifact has been submitted',20,'P'),(7,3,3,'Closed','The artifact is no longer active. See the Resolution field for details on how it was resolved.',400,'P'),(12,3,1,'New','The artifact has just been submitted',20,'A'),(12,3,2,'Analyzed','The cause of the artifact has been identified and documented',30,'A'),(12,3,3,'Accepted','The artifact will be worked on.',40,'A'),(12,3,4,'Under Implementation','The artifact is being worked on.',50,'A'),(12,3,5,'Ready for Review','Updated/Created non-software work product (e.g. documentation) is ready for review and approval.',60,'A'),(12,3,6,'Ready for Test','Updated/Created software is ready to be included in the next build',70,'A'),(12,3,7,'In Test','Updated/Created software is in the build and is ready to enter the test phase',80,'A'),(12,3,8,'Approved','The artifact fix has been succesfully tested. It is approved and awaiting release.',90,'A'),(12,3,9,'Declined','The artifact was not accepted.',100,'A'),(12,3,10,'Done','The artifact is closed.',110,'A'),(5,3,100,'None','',10,'P'),(8,3,1095,'95%','',95,'A'),(8,3,1090,'90%','',90,'A'),(8,3,1085,'85%','',85,'A'),(8,3,1080,'80%','',80,'A'),(8,3,1075,'75%','',75,'A'),(8,3,1070,'70%','',70,'A'),(8,3,1065,'65%','',65,'A'),(8,3,1060,'60%','',60,'A'),(8,3,1055,'55%','',55,'A'),(8,3,1050,'50%','',50,'A'),(8,3,1045,'45%','',45,'A'),(8,3,1040,'40%','',40,'A'),(8,3,1035,'35%','',35,'A'),(8,3,1030,'30%','',30,'A'),(8,3,1025,'25%','',25,'A'),(8,3,1020,'20%','',20,'A'),(8,3,1015,'15%','',15,'A'),(8,3,1010,'10%','',10,'A'),(8,3,1000,'Not started','',0,'A'),(8,3,1100,'100%','',100,'A'),(11,1,100,'None','',10,'P'),(12,1,100,'None','',10,'P'),(13,1,100,'None','',10,'P'),(14,1,100,'None','',10,'P'),(15,1,100,'None','',10,'P'),(18,1,100,'None','',10,'P'),(20,1,100,'None','',10,'P'),(22,1,100,'None','',10,'P'),(24,1,100,'None','',10,'P'),(14,2,1,'1 - Lowest','',10,'P'),(14,2,2,'2','',20,'P'),(14,2,3,'3','',30,'P'),(14,2,4,'4','',40,'P'),(14,2,5,'5 - Medium','',50,'P'),(14,2,6,'6','',60,'P'),(14,2,7,'7','',70,'P'),(14,2,8,'8','',80,'P'),(14,2,9,'9 - Highest','',90,'P'),(11,3,1,'1 - Lowest','',10,'P'),(11,3,2,'2','',20,'P'),(11,3,3,'3','',30,'P'),(11,3,4,'4','',40,'P'),(11,3,5,'5 - Medium','',50,'P'),(11,3,6,'6','',60,'P'),(11,3,7,'7','',70,'P'),(11,3,8,'8','',80,'P'),(11,3,9,'9 - Highest','',90,'P'),(6,4,1,'Open','The artifact has been submitted',20,'P'),(6,4,3,'Closed','The artifact is no longer active. See the Resolution field for details on how it was resolved.',400,'P'),(11,4,1,'New','The artifact has just been submitted',20,'A'),(11,4,2,'Analyzed','The cause of the artifact has been identified and documented',30,'A'),(11,4,3,'Accepted','The artifact will be worked on.',40,'A'),(11,4,4,'Under Implementation','The artifact is being worked on.',50,'A'),(11,4,5,'Ready for Review','Updated/Created non-software work product (e.g. documentation) is ready for review and approval.',60,'A'),(11,4,6,'Ready for Test','Updated/Created software is ready to be included in the next build',70,'A'),(11,4,7,'In Test','Updated/Created software is in the build and is ready to enter the test phase',80,'A'),(11,4,8,'Approved','The artifact fix has been succesfully tested. It is approved and awaiting release.',90,'A'),(11,4,9,'Declined','The artifact was not accepted.',100,'A'),(11,4,10,'Done','The artifact is closed.',110,'A'),(7,4,1,'1 - Ordinary','',10,'P'),(7,4,2,'2','',20,'P'),(7,4,3,'3','',30,'P'),(7,4,4,'4','',40,'P'),(7,4,5,'5 - Major','',50,'P'),(7,4,6,'6','',60,'P'),(7,4,7,'7','',70,'P'),(7,4,8,'8','',80,'P'),(7,4,9,'9 - Critical','',90,'P'),(7,5,100,'None','',10,'P'),(9,5,1,'Open','The artifact has been submitted',20,'P'),(9,5,3,'Closed','The artifact is no longer active',400,'P'),(10,5,1,'1 - Ordinary','',10,'P'),(10,5,2,'2','',20,'P'),(10,5,3,'3','',30,'P'),(10,5,4,'4','',40,'P'),(10,5,5,'5 - Major','',50,'P'),(10,5,6,'6','',60,'P'),(10,5,7,'7','',70,'P'),(10,5,8,'8','',80,'P'),(10,5,9,'9 - Critical','',90,'P'),(12,5,1,'Accepted','The artifact will be worked on. If it won\'t be worked on, indicate why and close it',10,'A'),(12,5,2,'Declined','The artifact was not accepted.',50,'A'),(15,7,1,'New','The artifact has just been submitted',20,'A'),(15,7,2,'Analyzed','The cause of the artifact has been identified and documented',30,'A'),(15,7,3,'Accepted','The artifact will be worked on.',40,'A'),(15,7,4,'Under Implementation','The artifact is being worked on.',50,'A'),(15,7,5,'Ready for Review','Updated/Created non-software work product (e.g. documentation) is ready for review and approval.',60,'A'),(15,7,6,'Ready for Test','Updated/Created software is ready to be included in the next build',70,'A'),(15,7,7,'In Test','Updated/Created software is in the build and is ready to enter the test phase',80,'A'),(15,7,8,'Approved','The artifact fix has been succesfully tested. It is approved and awaiting release.',90,'A'),(15,7,9,'Declined','The artifact was not accepted.',200,'A'),(15,7,10,'Done','The artifact is closed.',110,'H'),(15,7,11,'Deployed','Artifact in production',110,'A'),(13,7,1,'Open','The artifact has been submitted',20,'P'),(13,7,3,'Closed','The artifact is no longer active. See the Resolution field for details on how it was resolved.',400,'P'),(6,7,1,'1 - Ordinary','',10,'A'),(6,7,2,'2','',20,'A'),(6,7,3,'3','',30,'A'),(6,7,4,'4','',40,'A'),(6,7,5,'5 - Major','',50,'A'),(6,7,6,'6','',60,'A'),(6,7,7,'7','',70,'A'),(6,7,8,'8','',80,'A'),(6,7,9,'9 - Critical','',90,'A'),(18,7,100,'None','',10,'P'),(8,7,100,'None','',10,'P'),(11,7,100,'None','',10,'P'),(12,7,100,'None','',10,'P'),(21,7,100,'None','',10,'P'),(21,7,101,'Product Backlog','Product Backlog',20,'A'),(21,7,102,'Sprint Backlog','Sprint Backlog',30,'A'),(2,101,1,'Open','The artifact has been submitted',20,'P'),(2,101,3,'Closed','The artifact is no longer active. See the Resolution field for details on how it was resolved.',400,'P'),(30,101,1,'New','The artifact has just been submitted',20,'A'),(30,101,2,'Analyzed','The cause of the artifact has been identified and documented',30,'A'),(30,101,3,'Accepted','The artifact will be worked on.',40,'A'),(30,101,4,'Under Implementation','The artifact is being worked on.',50,'A'),(30,101,5,'Ready for Review','Updated/Created non-software work product (e.g. documentation) is ready for review and approval.',60,'A'),(30,101,6,'Ready for Test','Updated/Created software is ready to be included in the next build',70,'A'),(30,101,7,'In Test','Updated/Created software is in the build and is ready to enter the test phase',80,'A'),(30,101,8,'Approved','The artifact fix has been succesfully tested. It is approved and awaiting release.',90,'A'),(30,101,9,'Declined','The artifact was not accepted.',100,'A'),(30,101,10,'Done','The artifact is closed.',110,'A'),(3,101,100,'None','',10,'P'),(8,101,1,'1 - Ordinary','',10,'P'),(8,101,2,'2','',20,'P'),(8,101,3,'3','',30,'P'),(8,101,4,'4','',40,'P'),(8,101,5,'5 - Major','',50,'P'),(8,101,6,'6','',60,'P'),(8,101,7,'7','',70,'P'),(8,101,8,'8','',80,'P'),(8,101,9,'9 - Critical','',90,'P'),(10,101,100,'None','',10,'P'),(16,101,100,'None','',10,'P'),(16,101,1,'Fixed','The bug was resolved',20,'A'),(16,101,2,'Invalid','The submitted bug is not valid for some reason (wrong description, using incorrect software version,...)',30,'A'),(16,101,3,'Wont Fix','The bug won\'t be fixed (probably because it is very minor)',40,'A'),(16,101,4,'Later','The bug will be fixed later (no date given)',50,'A'),(16,101,5,'Remind','The bug will be fixed later but keep in the remind state for easy identification',60,'A'),(16,101,6,'Works for me','The project team was unable to reproduce the bug',70,'A'),(16,101,7,'Duplicate','This bug is already covered by another bug description (see related bugs list)',80,'A'),(11,101,100,'None','',10,'P'),(12,101,100,'None','',10,'P'),(13,101,100,'None','',10,'P'),(14,101,100,'None','',10,'P'),(15,101,100,'None','',10,'P'),(18,101,100,'None','',10,'P'),(20,101,100,'None','',10,'P'),(22,101,100,'None','',10,'P'),(24,101,100,'None','',10,'P'),(11,102,1,'Open','The artifact has been submitted',20,'P'),(11,102,3,'Closed','The artifact is no longer active. See the Resolution field for details on how it was resolved.',400,'P'),(15,102,1,'New','The artifact has just been submitted',20,'A'),(15,102,2,'Analyzed','The cause of the artifact has been identified and documented',30,'A'),(15,102,3,'Accepted','The artifact will be worked on.',40,'A'),(15,102,4,'Under Implementation','The artifact is being worked on.',50,'A'),(15,102,5,'Ready for Review','Updated/Created non-software work product (e.g. documentation) is ready for review and approval.',60,'A'),(15,102,6,'Ready for Test','Updated/Created software is ready to be included in the next build',70,'A'),(15,102,7,'In Test','Updated/Created software is in the build and is ready to enter the test phase',80,'A'),(15,102,8,'Approved','The artifact fix has been succesfully tested. It is approved and awaiting release.',90,'A'),(15,102,9,'Declined','The artifact was not accepted.',100,'A'),(15,102,10,'Done','The artifact is closed.',110,'A'),(12,102,100,'None','',10,'P'),(2,102,1095,'95%','',95,'A'),(2,102,1090,'90%','',90,'A'),(2,102,1085,'85%','',85,'A'),(2,102,1080,'80%','',80,'A'),(2,102,1075,'75%','',75,'A'),(2,102,1070,'70%','',70,'A'),(2,102,1065,'65%','',65,'A'),(2,102,1060,'60%','',60,'A'),(2,102,1055,'55%','',55,'A'),(2,102,1050,'50%','',50,'A'),(2,102,1045,'45%','',45,'A'),(2,102,1040,'40%','',40,'A'),(2,102,1035,'35%','',35,'A'),(2,102,1030,'30%','',30,'A'),(2,102,1025,'25%','',25,'A'),(2,102,1020,'20%','',20,'A'),(2,102,1015,'15%','',15,'A'),(2,102,1010,'10%','',10,'A'),(2,102,1000,'Not started','',0,'A'),(2,102,1100,'100%','',100,'P'),(14,102,1,'1 - Lowest','',10,'P'),(14,102,2,'2','',20,'P'),(14,102,3,'3','',30,'P'),(14,102,4,'4','',40,'P'),(14,102,5,'5 - Medium','',50,'P'),(14,102,6,'6','',60,'P'),(14,102,7,'7','',70,'P'),(14,102,8,'8','',80,'P'),(14,102,9,'9 - Highest','',90,'P'),(7,103,1,'Open','The artifact has been submitted',20,'P'),(7,103,3,'Closed','The artifact is no longer active. See the Resolution field for details on how it was resolved.',400,'P'),(12,103,1,'New','The artifact has just been submitted',20,'A'),(12,103,2,'Analyzed','The cause of the artifact has been identified and documented',30,'A'),(12,103,3,'Accepted','The artifact will be worked on.',40,'A'),(12,103,4,'Under Implementation','The artifact is being worked on.',50,'A'),(12,103,5,'Ready for Review','Updated/Created non-software work product (e.g. documentation) is ready for review and approval.',60,'A'),(12,103,6,'Ready for Test','Updated/Created software is ready to be included in the next build',70,'A'),(12,103,7,'In Test','Updated/Created software is in the build and is ready to enter the test phase',80,'A'),(12,103,8,'Approved','The artifact fix has been succesfully tested. It is approved and awaiting release.',90,'A'),(12,103,9,'Declined','The artifact was not accepted.',100,'A'),(12,103,10,'Done','The artifact is closed.',110,'A'),(5,103,100,'None','',10,'P'),(8,103,1095,'95%','',95,'A'),(8,103,1090,'90%','',90,'A'),(8,103,1085,'85%','',85,'A'),(8,103,1080,'80%','',80,'A'),(8,103,1075,'75%','',75,'A'),(8,103,1070,'70%','',70,'A'),(8,103,1065,'65%','',65,'A'),(8,103,1060,'60%','',60,'A'),(8,103,1055,'55%','',55,'A'),(8,103,1050,'50%','',50,'A'),(8,103,1045,'45%','',45,'A'),(8,103,1040,'40%','',40,'A'),(8,103,1035,'35%','',35,'A'),(8,103,1030,'30%','',30,'A'),(8,103,1025,'25%','',25,'A'),(8,103,1020,'20%','',20,'A'),(8,103,1015,'15%','',15,'A'),(8,103,1010,'10%','',10,'A'),(8,103,1000,'Not started','',0,'A'),(8,103,1100,'100%','',100,'A'),(11,103,1,'1 - Lowest','',10,'P'),(11,103,2,'2','',20,'P'),(11,103,3,'3','',30,'P'),(11,103,4,'4','',40,'P'),(11,103,5,'5 - Medium','',50,'P'),(11,103,6,'6','',60,'P'),(11,103,7,'7','',70,'P'),(11,103,8,'8','',80,'P'),(11,103,9,'9 - Highest','',90,'P'),(15,104,1,'New','The artifact has just been submitted',20,'A'),(15,104,2,'Analyzed','The cause of the artifact has been identified and documented',30,'A'),(15,104,3,'Accepted','The artifact will be worked on.',40,'A'),(15,104,4,'Under Implementation','The artifact is being worked on.',50,'A'),(15,104,5,'Ready for Review','Updated/Created non-software work product (e.g. documentation) is ready for review and approval.',60,'A'),(15,104,6,'Ready for Test','Updated/Created software is ready to be included in the next build',70,'A'),(15,104,7,'In Test','Updated/Created software is in the build and is ready to enter the test phase',80,'A'),(15,104,8,'Approved','The artifact fix has been succesfully tested. It is approved and awaiting release.',90,'A'),(15,104,9,'Declined','The artifact was not accepted.',200,'A'),(15,104,10,'Done','The artifact is closed.',110,'H'),(15,104,11,'Deployed','Artifact in production',110,'A'),(13,104,1,'Open','The artifact has been submitted',20,'P'),(13,104,3,'Closed','The artifact is no longer active. See the Resolution field for details on how it was resolved.',400,'P'),(6,104,1,'1 - Ordinary','',10,'A'),(6,104,2,'2','',20,'A'),(6,104,3,'3','',30,'A'),(6,104,4,'4','',40,'A'),(6,104,5,'5 - Major','',50,'A'),(6,104,6,'6','',60,'A'),(6,104,7,'7','',70,'A'),(6,104,8,'8','',80,'A'),(6,104,9,'9 - Critical','',90,'A'),(18,104,100,'None','',10,'P'),(8,104,100,'None','',10,'P'),(11,104,100,'None','',10,'P'),(12,104,100,'None','',10,'P'),(21,104,100,'None','',10,'P'),(21,104,101,'Product Backlog','Product Backlog',20,'A'),(21,104,102,'Sprint Backlog','Sprint Backlog',30,'A'),(2,106,1,'Open','The artifact has been submitted',20,'P'),(2,106,3,'Closed','The artifact is no longer active. See the Resolution field for details on how it was resolved.',400,'P'),(30,106,1,'New','The artifact has just been submitted',20,'A'),(30,106,2,'Analyzed','The cause of the artifact has been identified and documented',30,'A'),(30,106,3,'Accepted','The artifact will be worked on.',40,'A'),(30,106,4,'Under Implementation','The artifact is being worked on.',50,'A'),(30,106,5,'Ready for Review','Updated/Created non-software work product (e.g. documentation) is ready for review and approval.',60,'A'),(30,106,6,'Ready for Test','Updated/Created software is ready to be included in the next build',70,'A'),(30,106,7,'In Test','Updated/Created software is in the build and is ready to enter the test phase',80,'A'),(30,106,8,'Approved','The artifact fix has been succesfully tested. It is approved and awaiting release.',90,'A'),(30,106,9,'Declined','The artifact was not accepted.',100,'A'),(30,106,10,'Done','The artifact is closed.',110,'A'),(3,106,100,'None','',10,'P'),(8,106,1,'1 - Ordinary','',10,'P'),(8,106,2,'2','',20,'P'),(8,106,3,'3','',30,'P'),(8,106,4,'4','',40,'P'),(8,106,5,'5 - Major','',50,'P'),(8,106,6,'6','',60,'P'),(8,106,7,'7','',70,'P'),(8,106,8,'8','',80,'P'),(8,106,9,'9 - Critical','',90,'P'),(10,106,100,'None','',10,'P'),(16,106,100,'None','',10,'P'),(16,106,1,'Fixed','The bug was resolved',20,'A'),(16,106,2,'Invalid','The submitted bug is not valid for some reason (wrong description, using incorrect software version,...)',30,'A'),(16,106,3,'Wont Fix','The bug won\'t be fixed (probably because it is very minor)',40,'A'),(16,106,4,'Later','The bug will be fixed later (no date given)',50,'A'),(16,106,5,'Remind','The bug will be fixed later but keep in the remind state for easy identification',60,'A'),(16,106,6,'Works for me','The project team was unable to reproduce the bug',70,'A'),(16,106,7,'Duplicate','This bug is already covered by another bug description (see related bugs list)',80,'A'),(11,106,100,'None','',10,'P'),(12,106,100,'None','',10,'P'),(13,106,100,'None','',10,'P'),(14,106,100,'None','',10,'P'),(15,106,100,'None','',10,'P'),(18,106,100,'None','',10,'P'),(20,106,100,'None','',10,'P'),(22,106,100,'None','',10,'P'),(24,106,100,'None','',10,'P'),(11,107,1,'Open','The artifact has been submitted',20,'P'),(11,107,3,'Closed','The artifact is no longer active. See the Resolution field for details on how it was resolved.',400,'P'),(15,107,1,'New','The artifact has just been submitted',20,'A'),(15,107,2,'Analyzed','The cause of the artifact has been identified and documented',30,'A'),(15,107,3,'Accepted','The artifact will be worked on.',40,'A'),(15,107,4,'Under Implementation','The artifact is being worked on.',50,'A'),(15,107,5,'Ready for Review','Updated/Created non-software work product (e.g. documentation) is ready for review and approval.',60,'A'),(15,107,6,'Ready for Test','Updated/Created software is ready to be included in the next build',70,'A'),(15,107,7,'In Test','Updated/Created software is in the build and is ready to enter the test phase',80,'A'),(15,107,8,'Approved','The artifact fix has been succesfully tested. It is approved and awaiting release.',90,'A'),(15,107,9,'Declined','The artifact was not accepted.',100,'A'),(15,107,10,'Done','The artifact is closed.',110,'A'),(12,107,100,'None','',10,'P'),(2,107,1095,'95%','',95,'A'),(2,107,1090,'90%','',90,'A'),(2,107,1085,'85%','',85,'A'),(2,107,1080,'80%','',80,'A'),(2,107,1075,'75%','',75,'A'),(2,107,1070,'70%','',70,'A'),(2,107,1065,'65%','',65,'A'),(2,107,1060,'60%','',60,'A'),(2,107,1055,'55%','',55,'A'),(2,107,1050,'50%','',50,'A'),(2,107,1045,'45%','',45,'A'),(2,107,1040,'40%','',40,'A'),(2,107,1035,'35%','',35,'A'),(2,107,1030,'30%','',30,'A'),(2,107,1025,'25%','',25,'A'),(2,107,1020,'20%','',20,'A'),(2,107,1015,'15%','',15,'A'),(2,107,1010,'10%','',10,'A'),(2,107,1000,'Not started','',0,'A'),(2,107,1100,'100%','',100,'P'),(14,107,1,'1 - Lowest','',10,'P'),(14,107,2,'2','',20,'P'),(14,107,3,'3','',30,'P'),(14,107,4,'4','',40,'P'),(14,107,5,'5 - Medium','',50,'P'),(14,107,6,'6','',60,'P'),(14,107,7,'7','',70,'P'),(14,107,8,'8','',80,'P'),(14,107,9,'9 - Highest','',90,'P'),(7,108,1,'Open','The artifact has been submitted',20,'P'),(7,108,3,'Closed','The artifact is no longer active. See the Resolution field for details on how it was resolved.',400,'P'),(12,108,1,'New','The artifact has just been submitted',20,'A'),(12,108,2,'Analyzed','The cause of the artifact has been identified and documented',30,'A'),(12,108,3,'Accepted','The artifact will be worked on.',40,'A'),(12,108,4,'Under Implementation','The artifact is being worked on.',50,'A'),(12,108,5,'Ready for Review','Updated/Created non-software work product (e.g. documentation) is ready for review and approval.',60,'A'),(12,108,6,'Ready for Test','Updated/Created software is ready to be included in the next build',70,'A'),(12,108,7,'In Test','Updated/Created software is in the build and is ready to enter the test phase',80,'A'),(12,108,8,'Approved','The artifact fix has been succesfully tested. It is approved and awaiting release.',90,'A'),(12,108,9,'Declined','The artifact was not accepted.',100,'A'),(12,108,10,'Done','The artifact is closed.',110,'A'),(5,108,100,'None','',10,'P'),(8,108,1095,'95%','',95,'A'),(8,108,1090,'90%','',90,'A'),(8,108,1085,'85%','',85,'A'),(8,108,1080,'80%','',80,'A'),(8,108,1075,'75%','',75,'A'),(8,108,1070,'70%','',70,'A'),(8,108,1065,'65%','',65,'A'),(8,108,1060,'60%','',60,'A'),(8,108,1055,'55%','',55,'A'),(8,108,1050,'50%','',50,'A'),(8,108,1045,'45%','',45,'A'),(8,108,1040,'40%','',40,'A'),(8,108,1035,'35%','',35,'A'),(8,108,1030,'30%','',30,'A'),(8,108,1025,'25%','',25,'A'),(8,108,1020,'20%','',20,'A'),(8,108,1015,'15%','',15,'A'),(8,108,1010,'10%','',10,'A'),(8,108,1000,'Not started','',0,'A'),(8,108,1100,'100%','',100,'A'),(11,108,1,'1 - Lowest','',10,'P'),(11,108,2,'2','',20,'P'),(11,108,3,'3','',30,'P'),(11,108,4,'4','',40,'P'),(11,108,5,'5 - Medium','',50,'P'),(11,108,6,'6','',60,'P'),(11,108,7,'7','',70,'P'),(11,108,8,'8','',80,'P'),(11,108,9,'9 - Highest','',90,'P'),(15,109,1,'New','The artifact has just been submitted',20,'A'),(15,109,2,'Analyzed','The cause of the artifact has been identified and documented',30,'A'),(15,109,3,'Accepted','The artifact will be worked on.',40,'A'),(15,109,4,'Under Implementation','The artifact is being worked on.',50,'A'),(15,109,5,'Ready for Review','Updated/Created non-software work product (e.g. documentation) is ready for review and approval.',60,'A'),(15,109,6,'Ready for Test','Updated/Created software is ready to be included in the next build',70,'A'),(15,109,7,'In Test','Updated/Created software is in the build and is ready to enter the test phase',80,'A'),(15,109,8,'Approved','The artifact fix has been succesfully tested. It is approved and awaiting release.',90,'A'),(15,109,9,'Declined','The artifact was not accepted.',200,'A'),(15,109,10,'Done','The artifact is closed.',110,'H'),(15,109,11,'Deployed','Artifact in production',110,'A'),(13,109,1,'Open','The artifact has been submitted',20,'P'),(13,109,3,'Closed','The artifact is no longer active. See the Resolution field for details on how it was resolved.',400,'P'),(6,109,1,'1 - Ordinary','',10,'A'),(6,109,2,'2','',20,'A'),(6,109,3,'3','',30,'A'),(6,109,4,'4','',40,'A'),(6,109,5,'5 - Major','',50,'A'),(6,109,6,'6','',60,'A'),(6,109,7,'7','',70,'A'),(6,109,8,'8','',80,'A'),(6,109,9,'9 - Critical','',90,'A'),(18,109,100,'None','',10,'P'),(8,109,100,'None','',10,'P'),(11,109,100,'None','',10,'P'),(12,109,100,'None','',10,'P'),(21,109,100,'None','',10,'P'),(21,109,101,'Product Backlog','Product Backlog',20,'A'),(21,109,102,'Sprint Backlog','Sprint Backlog',30,'A');
/*!40000 ALTER TABLE `artifact_field_value_list` ENABLE KEYS */;
UNLOCK TABLES;

--
-- Table structure for table `artifact_file`
--

DROP TABLE IF EXISTS `artifact_file`;
/*!40101 SET @saved_cs_client     = @@character_set_client */;
/*!40101 SET character_set_client = utf8 */;
CREATE TABLE `artifact_file` (
  `id` int(11) NOT NULL auto_increment,
  `artifact_id` int(11) NOT NULL default '0',
  `description` text NOT NULL,
  `bin_data` longblob NOT NULL,
  `filename` text NOT NULL,
  `filesize` int(11) NOT NULL,
  `filetype` text NOT NULL,
  `adddate` int(11) NOT NULL default '0',
  `submitted_by` int(11) NOT NULL,
  PRIMARY KEY  (`id`),
  KEY `artifact_id` (`artifact_id`)
) ENGINE=MyISAM DEFAULT CHARSET=utf8 MAX_ROWS=1000000 AVG_ROW_LENGTH=1000000;
/*!40101 SET character_set_client = @saved_cs_client */;

--
-- Dumping data for table `artifact_file`
--

LOCK TABLES `artifact_file` WRITE;
/*!40000 ALTER TABLE `artifact_file` DISABLE KEYS */;
/*!40000 ALTER TABLE `artifact_file` ENABLE KEYS */;
UNLOCK TABLES;

--
-- Table structure for table `artifact_global_notification`
--

DROP TABLE IF EXISTS `artifact_global_notification`;
/*!40101 SET @saved_cs_client     = @@character_set_client */;
/*!40101 SET character_set_client = utf8 */;
CREATE TABLE `artifact_global_notification` (
  `id` int(11) unsigned NOT NULL auto_increment,
  `tracker_id` int(11) NOT NULL,
  `addresses` text NOT NULL,
  `all_updates` tinyint(1) NOT NULL,
  `check_permissions` tinyint(1) NOT NULL,
  PRIMARY KEY  (`id`),
  KEY `tracker_id` (`tracker_id`)
) ENGINE=MyISAM DEFAULT CHARSET=utf8;
/*!40101 SET character_set_client = @saved_cs_client */;

--
-- Dumping data for table `artifact_global_notification`
--

LOCK TABLES `artifact_global_notification` WRITE;
/*!40000 ALTER TABLE `artifact_global_notification` DISABLE KEYS */;
/*!40000 ALTER TABLE `artifact_global_notification` ENABLE KEYS */;
UNLOCK TABLES;

--
-- Table structure for table `artifact_group_list`
--

DROP TABLE IF EXISTS `artifact_group_list`;
/*!40101 SET @saved_cs_client     = @@character_set_client */;
/*!40101 SET character_set_client = utf8 */;
CREATE TABLE `artifact_group_list` (
  `group_artifact_id` int(11) NOT NULL auto_increment,
  `group_id` int(11) NOT NULL,
  `name` text,
  `description` text,
  `item_name` text,
  `allow_copy` int(11) NOT NULL default '0',
  `submit_instructions` text,
  `browse_instructions` text,
  `status` char(1) NOT NULL default 'A',
  `deletion_date` int(11) default NULL,
  `instantiate_for_new_projects` int(11) NOT NULL default '0',
  `stop_notification` int(11) NOT NULL default '0',
  PRIMARY KEY  (`group_artifact_id`),
  KEY `idx_fk_group_id` (`group_id`)
) ENGINE=MyISAM AUTO_INCREMENT=110 DEFAULT CHARSET=utf8;
/*!40101 SET character_set_client = @saved_cs_client */;

--
-- Dumping data for table `artifact_group_list`
--

LOCK TABLES `artifact_group_list` WRITE;
/*!40000 ALTER TABLE `artifact_group_list` DISABLE KEYS */;
INSERT INTO `artifact_group_list` VALUES (1,100,'Bugs','Bugs Tracker','bug',0,NULL,NULL,'A',NULL,1,0),(2,100,'Tasks','Tasks Tracker','task',0,NULL,NULL,'A',NULL,1,0),(3,100,'Support Requests','Support Requests Tracker','SR',0,NULL,NULL,'A',NULL,1,0),(4,100,'Empty','Empty Tracker','',0,NULL,NULL,'A',NULL,0,0),(5,100,'Patches','Patch Tracker','patch',0,NULL,NULL,'A',NULL,0,0),(7,100,'Scrum Backlog','Scrum backlog used to store user stories and to plan sprints','story',1,NULL,NULL,'A',NULL,1,0),(100,100,'None','None','',0,NULL,NULL,'A',NULL,0,0),(101,101,'Bugs','Bugs Tracker','bug',0,'','','A',NULL,1,0),(102,101,'Tasks','Tasks Tracker','task',0,'','','A',NULL,1,0),(103,101,'Support Requests','Support Requests Tracker','SR',0,'','','A',NULL,1,0),(104,101,'Scrum Backlog','Scrum backlog used to store user stories and to plan sprints','story',1,'','','A',NULL,1,0),(106,102,'Bugs','Bugs Tracker','bug',0,'','','A',NULL,1,0),(107,102,'Tasks','Tasks Tracker','task',0,'','','A',NULL,1,0),(108,102,'Support Requests','Support Requests Tracker','SR',0,'','','A',NULL,1,0),(109,102,'Scrum Backlog','Scrum backlog used to store user stories and to plan sprints','story',1,'','','A',NULL,1,0);
/*!40000 ALTER TABLE `artifact_group_list` ENABLE KEYS */;
UNLOCK TABLES;

--
-- Table structure for table `artifact_history`
--

DROP TABLE IF EXISTS `artifact_history`;
/*!40101 SET @saved_cs_client     = @@character_set_client */;
/*!40101 SET character_set_client = utf8 */;
CREATE TABLE `artifact_history` (
  `artifact_history_id` int(11) NOT NULL auto_increment,
  `artifact_id` int(11) NOT NULL default '0',
  `field_name` varchar(255) NOT NULL,
  `old_value` text NOT NULL,
  `new_value` text NOT NULL,
  `mod_by` int(11) NOT NULL default '0',
  `email` varchar(100) NOT NULL,
  `date` int(11) default NULL,
  `type` int(11) default NULL,
  `format` tinyint(4) NOT NULL default '0',
  PRIMARY KEY  (`artifact_history_id`),
  KEY `idx_artifact_history_artifact_id` (`artifact_id`),
  KEY `field_name` (`field_name`(10))
) ENGINE=MyISAM DEFAULT CHARSET=utf8;
/*!40101 SET character_set_client = @saved_cs_client */;

--
-- Dumping data for table `artifact_history`
--

LOCK TABLES `artifact_history` WRITE;
/*!40000 ALTER TABLE `artifact_history` DISABLE KEYS */;
/*!40000 ALTER TABLE `artifact_history` ENABLE KEYS */;
UNLOCK TABLES;

--
-- Table structure for table `artifact_notification`
--

DROP TABLE IF EXISTS `artifact_notification`;
/*!40101 SET @saved_cs_client     = @@character_set_client */;
/*!40101 SET character_set_client = utf8 */;
CREATE TABLE `artifact_notification` (
  `user_id` int(11) NOT NULL default '0',
  `group_artifact_id` int(11) NOT NULL default '0',
  `role_id` int(11) NOT NULL default '0',
  `event_id` int(11) NOT NULL default '0',
  `notify` int(11) NOT NULL default '1',
  KEY `user_id_idx` (`user_id`),
  KEY `group_artifact_id_idx` (`group_artifact_id`)
) ENGINE=MyISAM DEFAULT CHARSET=utf8;
/*!40101 SET character_set_client = @saved_cs_client */;

--
-- Dumping data for table `artifact_notification`
--

LOCK TABLES `artifact_notification` WRITE;
/*!40000 ALTER TABLE `artifact_notification` DISABLE KEYS */;
/*!40000 ALTER TABLE `artifact_notification` ENABLE KEYS */;
UNLOCK TABLES;

--
-- Table structure for table `artifact_notification_event`
--

DROP TABLE IF EXISTS `artifact_notification_event`;
/*!40101 SET @saved_cs_client     = @@character_set_client */;
/*!40101 SET character_set_client = utf8 */;
CREATE TABLE `artifact_notification_event` (
  `event_id` int(11) NOT NULL default '0',
  `group_artifact_id` int(11) NOT NULL default '0',
  `event_label` varchar(255) default NULL,
  `rank` int(11) NOT NULL default '0',
  `short_description_msg` varchar(255) default NULL,
  `description_msg` varchar(255) default NULL,
  KEY `event_id_idx` (`event_id`),
  KEY `group_artifact_id_idx` (`group_artifact_id`)
) ENGINE=MyISAM DEFAULT CHARSET=utf8;
/*!40101 SET character_set_client = @saved_cs_client */;

--
-- Dumping data for table `artifact_notification_event`
--

LOCK TABLES `artifact_notification_event` WRITE;
/*!40000 ALTER TABLE `artifact_notification_event` DISABLE KEYS */;
INSERT INTO `artifact_notification_event` VALUES (1,101,'ROLE_CHANGE',10,'event_ROLE_CHANGE_shortdesc','event_ROLE_CHANGE_desc'),(2,101,'NEW_COMMENT',20,'event_NEW_COMMENT_short_desc','event_NEW_COMMENT_desc'),(3,101,'NEW_FILE',30,'event_NEW_FILE_short_desc','event_NEW_FILE_desc'),(4,101,'CC_CHANGE',40,'event_CC_CHANGE_short_desc','event_CC_CHANGE_desc'),(5,101,'CLOSED',50,'event_CLOSED_short_desc','event_CLOSED_desc'),(6,101,'PSS_CHANGE',60,'event_PSS_CHANGE_short_desc','event_PSS_CHANGE_desc'),(7,101,'ANY_OTHER_CHANGE',70,'event_ANY_OTHER_CHANGE_short_desc','event_ANY_OTHER_CHANGE_desc'),(8,101,'I_MADE_IT',80,'event_I_MADE_IT_short_desc','event_I_MADE_IT_desc'),(9,101,'NEW_ARTIFACT',90,'event_NEW_ARTIFACT_short_desc','event_NEW_ARTIFACT_desc'),(10,101,'COMMENT_CHANGE',100,'event_COMMENT_CHANGE_short_desc','event_COMMENT_CHANGE_desc'),(1,102,'ROLE_CHANGE',10,'event_ROLE_CHANGE_shortdesc','event_ROLE_CHANGE_desc'),(2,102,'NEW_COMMENT',20,'event_NEW_COMMENT_short_desc','event_NEW_COMMENT_desc'),(3,102,'NEW_FILE',30,'event_NEW_FILE_short_desc','event_NEW_FILE_desc'),(4,102,'CC_CHANGE',40,'event_CC_CHANGE_short_desc','event_CC_CHANGE_desc'),(5,102,'CLOSED',50,'event_CLOSED_short_desc','event_CLOSED_desc'),(6,102,'PSS_CHANGE',60,'event_PSS_CHANGE_short_desc','event_PSS_CHANGE_desc'),(7,102,'ANY_OTHER_CHANGE',70,'event_ANY_OTHER_CHANGE_short_desc','event_ANY_OTHER_CHANGE_desc'),(8,102,'I_MADE_IT',80,'event_I_MADE_IT_short_desc','event_I_MADE_IT_desc'),(9,102,'NEW_ARTIFACT',90,'event_NEW_ARTIFACT_short_desc','event_NEW_ARTIFACT_desc'),(10,102,'COMMENT_CHANGE',100,'event_COMMENT_CHANGE_short_desc','event_COMMENT_CHANGE_desc'),(1,103,'ROLE_CHANGE',10,'event_ROLE_CHANGE_shortdesc','event_ROLE_CHANGE_desc'),(2,103,'NEW_COMMENT',20,'event_NEW_COMMENT_short_desc','event_NEW_COMMENT_desc'),(3,103,'NEW_FILE',30,'event_NEW_FILE_short_desc','event_NEW_FILE_desc'),(4,103,'CC_CHANGE',40,'event_CC_CHANGE_short_desc','event_CC_CHANGE_desc'),(5,103,'CLOSED',50,'event_CLOSED_short_desc','event_CLOSED_desc'),(6,103,'PSS_CHANGE',60,'event_PSS_CHANGE_short_desc','event_PSS_CHANGE_desc'),(7,103,'ANY_OTHER_CHANGE',70,'event_ANY_OTHER_CHANGE_short_desc','event_ANY_OTHER_CHANGE_desc'),(8,103,'I_MADE_IT',80,'event_I_MADE_IT_short_desc','event_I_MADE_IT_desc'),(9,103,'NEW_ARTIFACT',90,'event_NEW_ARTIFACT_short_desc','event_NEW_ARTIFACT_desc'),(10,103,'COMMENT_CHANGE',100,'event_COMMENT_CHANGE_short_desc','event_COMMENT_CHANGE_desc'),(1,104,'ROLE_CHANGE',10,'event_ROLE_CHANGE_shortdesc','event_ROLE_CHANGE_desc'),(2,104,'NEW_COMMENT',20,'event_NEW_COMMENT_short_desc','event_NEW_COMMENT_desc'),(3,104,'NEW_FILE',30,'event_NEW_FILE_short_desc','event_NEW_FILE_desc'),(4,104,'CC_CHANGE',40,'event_CC_CHANGE_short_desc','event_CC_CHANGE_desc'),(5,104,'CLOSED',50,'event_CLOSED_short_desc','event_CLOSED_desc'),(6,104,'PSS_CHANGE',60,'event_PSS_CHANGE_short_desc','event_PSS_CHANGE_desc'),(7,104,'ANY_OTHER_CHANGE',70,'event_ANY_OTHER_CHANGE_short_desc','event_ANY_OTHER_CHANGE_desc'),(8,104,'I_MADE_IT',80,'event_I_MADE_IT_short_desc','event_I_MADE_IT_desc'),(9,104,'NEW_ARTIFACT',90,'event_NEW_ARTIFACT_short_desc','event_NEW_ARTIFACT_desc'),(10,104,'COMMENT_CHANGE',100,'event_COMMENT_CHANGE_short_desc','event_COMMENT_CHANGE_desc'),(1,106,'ROLE_CHANGE',10,'event_ROLE_CHANGE_shortdesc','event_ROLE_CHANGE_desc'),(2,106,'NEW_COMMENT',20,'event_NEW_COMMENT_short_desc','event_NEW_COMMENT_desc'),(3,106,'NEW_FILE',30,'event_NEW_FILE_short_desc','event_NEW_FILE_desc'),(4,106,'CC_CHANGE',40,'event_CC_CHANGE_short_desc','event_CC_CHANGE_desc'),(5,106,'CLOSED',50,'event_CLOSED_short_desc','event_CLOSED_desc'),(6,106,'PSS_CHANGE',60,'event_PSS_CHANGE_short_desc','event_PSS_CHANGE_desc'),(7,106,'ANY_OTHER_CHANGE',70,'event_ANY_OTHER_CHANGE_short_desc','event_ANY_OTHER_CHANGE_desc'),(8,106,'I_MADE_IT',80,'event_I_MADE_IT_short_desc','event_I_MADE_IT_desc'),(9,106,'NEW_ARTIFACT',90,'event_NEW_ARTIFACT_short_desc','event_NEW_ARTIFACT_desc'),(10,106,'COMMENT_CHANGE',100,'event_COMMENT_CHANGE_short_desc','event_COMMENT_CHANGE_desc'),(1,107,'ROLE_CHANGE',10,'event_ROLE_CHANGE_shortdesc','event_ROLE_CHANGE_desc'),(2,107,'NEW_COMMENT',20,'event_NEW_COMMENT_short_desc','event_NEW_COMMENT_desc'),(3,107,'NEW_FILE',30,'event_NEW_FILE_short_desc','event_NEW_FILE_desc'),(4,107,'CC_CHANGE',40,'event_CC_CHANGE_short_desc','event_CC_CHANGE_desc'),(5,107,'CLOSED',50,'event_CLOSED_short_desc','event_CLOSED_desc'),(6,107,'PSS_CHANGE',60,'event_PSS_CHANGE_short_desc','event_PSS_CHANGE_desc'),(7,107,'ANY_OTHER_CHANGE',70,'event_ANY_OTHER_CHANGE_short_desc','event_ANY_OTHER_CHANGE_desc'),(8,107,'I_MADE_IT',80,'event_I_MADE_IT_short_desc','event_I_MADE_IT_desc'),(9,107,'NEW_ARTIFACT',90,'event_NEW_ARTIFACT_short_desc','event_NEW_ARTIFACT_desc'),(10,107,'COMMENT_CHANGE',100,'event_COMMENT_CHANGE_short_desc','event_COMMENT_CHANGE_desc'),(1,108,'ROLE_CHANGE',10,'event_ROLE_CHANGE_shortdesc','event_ROLE_CHANGE_desc'),(2,108,'NEW_COMMENT',20,'event_NEW_COMMENT_short_desc','event_NEW_COMMENT_desc'),(3,108,'NEW_FILE',30,'event_NEW_FILE_short_desc','event_NEW_FILE_desc'),(4,108,'CC_CHANGE',40,'event_CC_CHANGE_short_desc','event_CC_CHANGE_desc'),(5,108,'CLOSED',50,'event_CLOSED_short_desc','event_CLOSED_desc'),(6,108,'PSS_CHANGE',60,'event_PSS_CHANGE_short_desc','event_PSS_CHANGE_desc'),(7,108,'ANY_OTHER_CHANGE',70,'event_ANY_OTHER_CHANGE_short_desc','event_ANY_OTHER_CHANGE_desc'),(8,108,'I_MADE_IT',80,'event_I_MADE_IT_short_desc','event_I_MADE_IT_desc'),(9,108,'NEW_ARTIFACT',90,'event_NEW_ARTIFACT_short_desc','event_NEW_ARTIFACT_desc'),(10,108,'COMMENT_CHANGE',100,'event_COMMENT_CHANGE_short_desc','event_COMMENT_CHANGE_desc'),(1,109,'ROLE_CHANGE',10,'event_ROLE_CHANGE_shortdesc','event_ROLE_CHANGE_desc'),(2,109,'NEW_COMMENT',20,'event_NEW_COMMENT_short_desc','event_NEW_COMMENT_desc'),(3,109,'NEW_FILE',30,'event_NEW_FILE_short_desc','event_NEW_FILE_desc'),(4,109,'CC_CHANGE',40,'event_CC_CHANGE_short_desc','event_CC_CHANGE_desc'),(5,109,'CLOSED',50,'event_CLOSED_short_desc','event_CLOSED_desc'),(6,109,'PSS_CHANGE',60,'event_PSS_CHANGE_short_desc','event_PSS_CHANGE_desc'),(7,109,'ANY_OTHER_CHANGE',70,'event_ANY_OTHER_CHANGE_short_desc','event_ANY_OTHER_CHANGE_desc'),(8,109,'I_MADE_IT',80,'event_I_MADE_IT_short_desc','event_I_MADE_IT_desc'),(9,109,'NEW_ARTIFACT',90,'event_NEW_ARTIFACT_short_desc','event_NEW_ARTIFACT_desc'),(10,109,'COMMENT_CHANGE',100,'event_COMMENT_CHANGE_short_desc','event_COMMENT_CHANGE_desc');
/*!40000 ALTER TABLE `artifact_notification_event` ENABLE KEYS */;
UNLOCK TABLES;

--
-- Table structure for table `artifact_notification_event_default`
--

DROP TABLE IF EXISTS `artifact_notification_event_default`;
/*!40101 SET @saved_cs_client     = @@character_set_client */;
/*!40101 SET character_set_client = utf8 */;
CREATE TABLE `artifact_notification_event_default` (
  `event_id` int(11) NOT NULL default '0',
  `event_label` varchar(255) default NULL,
  `rank` int(11) NOT NULL default '0',
  `short_description_msg` varchar(255) default NULL,
  `description_msg` varchar(255) default NULL,
  KEY `event_id_idx` (`event_id`)
) ENGINE=MyISAM DEFAULT CHARSET=utf8;
/*!40101 SET character_set_client = @saved_cs_client */;

--
-- Dumping data for table `artifact_notification_event_default`
--

LOCK TABLES `artifact_notification_event_default` WRITE;
/*!40000 ALTER TABLE `artifact_notification_event_default` DISABLE KEYS */;
INSERT INTO `artifact_notification_event_default` VALUES (1,'ROLE_CHANGE',10,'event_ROLE_CHANGE_shortdesc','event_ROLE_CHANGE_desc'),(2,'NEW_COMMENT',20,'event_NEW_COMMENT_short_desc','event_NEW_COMMENT_desc'),(3,'NEW_FILE',30,'event_NEW_FILE_short_desc','event_NEW_FILE_desc'),(4,'CC_CHANGE',40,'event_CC_CHANGE_short_desc','event_CC_CHANGE_desc'),(5,'CLOSED',50,'event_CLOSED_short_desc','event_CLOSED_desc'),(6,'PSS_CHANGE',60,'event_PSS_CHANGE_short_desc','event_PSS_CHANGE_desc'),(7,'ANY_OTHER_CHANGE',70,'event_ANY_OTHER_CHANGE_short_desc','event_ANY_OTHER_CHANGE_desc'),(8,'I_MADE_IT',80,'event_I_MADE_IT_short_desc','event_I_MADE_IT_desc'),(9,'NEW_ARTIFACT',90,'event_NEW_ARTIFACT_short_desc','event_NEW_ARTIFACT_desc'),(10,'COMMENT_CHANGE',100,'event_COMMENT_CHANGE_short_desc','event_COMMENT_CHANGE_desc');
/*!40000 ALTER TABLE `artifact_notification_event_default` ENABLE KEYS */;
UNLOCK TABLES;

--
-- Table structure for table `artifact_notification_role`
--

DROP TABLE IF EXISTS `artifact_notification_role`;
/*!40101 SET @saved_cs_client     = @@character_set_client */;
/*!40101 SET character_set_client = utf8 */;
CREATE TABLE `artifact_notification_role` (
  `role_id` int(11) NOT NULL default '0',
  `group_artifact_id` int(11) NOT NULL default '0',
  `role_label` varchar(255) default NULL,
  `rank` int(11) NOT NULL default '0',
  `short_description_msg` varchar(255) default NULL,
  `description_msg` varchar(255) default NULL,
  KEY `role_id_idx` (`role_id`),
  KEY `group_artifact_id_idx` (`group_artifact_id`)
) ENGINE=MyISAM DEFAULT CHARSET=utf8;
/*!40101 SET character_set_client = @saved_cs_client */;

--
-- Dumping data for table `artifact_notification_role`
--

LOCK TABLES `artifact_notification_role` WRITE;
/*!40000 ALTER TABLE `artifact_notification_role` DISABLE KEYS */;
INSERT INTO `artifact_notification_role` VALUES (1,101,'SUBMITTER',10,'role_SUBMITTER_short_desc','role_SUBMITTER_desc'),(2,101,'ASSIGNEE',20,'role_ASSIGNEE_short_desc','role_ASSIGNEE_desc'),(3,101,'CC',30,'role_CC_short_desc','role_CC_desc'),(4,101,'COMMENTER',40,'role_COMMENTER_short_desc','role_COMMENTER_desc'),(1,102,'SUBMITTER',10,'role_SUBMITTER_short_desc','role_SUBMITTER_desc'),(2,102,'ASSIGNEE',20,'role_ASSIGNEE_short_desc','role_ASSIGNEE_desc'),(3,102,'CC',30,'role_CC_short_desc','role_CC_desc'),(4,102,'COMMENTER',40,'role_COMMENTER_short_desc','role_COMMENTER_desc'),(1,103,'SUBMITTER',10,'role_SUBMITTER_short_desc','role_SUBMITTER_desc'),(2,103,'ASSIGNEE',20,'role_ASSIGNEE_short_desc','role_ASSIGNEE_desc'),(3,103,'CC',30,'role_CC_short_desc','role_CC_desc'),(4,103,'COMMENTER',40,'role_COMMENTER_short_desc','role_COMMENTER_desc'),(1,104,'SUBMITTER',10,'role_SUBMITTER_short_desc','role_SUBMITTER_desc'),(2,104,'ASSIGNEE',20,'role_ASSIGNEE_short_desc','role_ASSIGNEE_desc'),(3,104,'CC',30,'role_CC_short_desc','role_CC_desc'),(4,104,'COMMENTER',40,'role_COMMENTER_short_desc','role_COMMENTER_desc'),(1,106,'SUBMITTER',10,'role_SUBMITTER_short_desc','role_SUBMITTER_desc'),(2,106,'ASSIGNEE',20,'role_ASSIGNEE_short_desc','role_ASSIGNEE_desc'),(3,106,'CC',30,'role_CC_short_desc','role_CC_desc'),(4,106,'COMMENTER',40,'role_COMMENTER_short_desc','role_COMMENTER_desc'),(1,107,'SUBMITTER',10,'role_SUBMITTER_short_desc','role_SUBMITTER_desc'),(2,107,'ASSIGNEE',20,'role_ASSIGNEE_short_desc','role_ASSIGNEE_desc'),(3,107,'CC',30,'role_CC_short_desc','role_CC_desc'),(4,107,'COMMENTER',40,'role_COMMENTER_short_desc','role_COMMENTER_desc'),(1,108,'SUBMITTER',10,'role_SUBMITTER_short_desc','role_SUBMITTER_desc'),(2,108,'ASSIGNEE',20,'role_ASSIGNEE_short_desc','role_ASSIGNEE_desc'),(3,108,'CC',30,'role_CC_short_desc','role_CC_desc'),(4,108,'COMMENTER',40,'role_COMMENTER_short_desc','role_COMMENTER_desc'),(1,109,'SUBMITTER',10,'role_SUBMITTER_short_desc','role_SUBMITTER_desc'),(2,109,'ASSIGNEE',20,'role_ASSIGNEE_short_desc','role_ASSIGNEE_desc'),(3,109,'CC',30,'role_CC_short_desc','role_CC_desc'),(4,109,'COMMENTER',40,'role_COMMENTER_short_desc','role_COMMENTER_desc');
/*!40000 ALTER TABLE `artifact_notification_role` ENABLE KEYS */;
UNLOCK TABLES;

--
-- Table structure for table `artifact_notification_role_default`
--

DROP TABLE IF EXISTS `artifact_notification_role_default`;
/*!40101 SET @saved_cs_client     = @@character_set_client */;
/*!40101 SET character_set_client = utf8 */;
CREATE TABLE `artifact_notification_role_default` (
  `role_id` int(11) NOT NULL default '0',
  `role_label` varchar(255) default NULL,
  `rank` int(11) NOT NULL default '0',
  `short_description_msg` varchar(255) default NULL,
  `description_msg` varchar(255) default NULL,
  KEY `role_id_idx` (`role_id`)
) ENGINE=MyISAM DEFAULT CHARSET=utf8;
/*!40101 SET character_set_client = @saved_cs_client */;

--
-- Dumping data for table `artifact_notification_role_default`
--

LOCK TABLES `artifact_notification_role_default` WRITE;
/*!40000 ALTER TABLE `artifact_notification_role_default` DISABLE KEYS */;
INSERT INTO `artifact_notification_role_default` VALUES (1,'SUBMITTER',10,'role_SUBMITTER_short_desc','role_SUBMITTER_desc'),(2,'ASSIGNEE',20,'role_ASSIGNEE_short_desc','role_ASSIGNEE_desc'),(3,'CC',30,'role_CC_short_desc','role_CC_desc'),(4,'COMMENTER',40,'role_COMMENTER_short_desc','role_COMMENTER_desc');
/*!40000 ALTER TABLE `artifact_notification_role_default` ENABLE KEYS */;
UNLOCK TABLES;

--
-- Table structure for table `artifact_perm`
--

DROP TABLE IF EXISTS `artifact_perm`;
/*!40101 SET @saved_cs_client     = @@character_set_client */;
/*!40101 SET character_set_client = utf8 */;
CREATE TABLE `artifact_perm` (
  `id` int(11) NOT NULL auto_increment,
  `group_artifact_id` int(11) NOT NULL,
  `user_id` int(11) NOT NULL,
  `perm_level` int(11) NOT NULL default '0',
  PRIMARY KEY  (`id`),
  UNIQUE KEY `unique_user` (`group_artifact_id`,`user_id`)
) ENGINE=MyISAM AUTO_INCREMENT=17 DEFAULT CHARSET=utf8;
/*!40101 SET character_set_client = @saved_cs_client */;

--
-- Dumping data for table `artifact_perm`
--

LOCK TABLES `artifact_perm` WRITE;
/*!40000 ALTER TABLE `artifact_perm` DISABLE KEYS */;
INSERT INTO `artifact_perm` VALUES (1,101,102,3),(2,102,102,3),(3,103,102,3),(4,104,102,3),(5,101,103,0),(6,104,103,0),(7,103,103,0),(8,102,103,0),(9,101,104,0),(10,104,104,0),(11,103,104,0),(12,102,104,0),(13,106,106,3),(14,107,106,3),(15,108,106,3),(16,109,106,3);
/*!40000 ALTER TABLE `artifact_perm` ENABLE KEYS */;
UNLOCK TABLES;

--
-- Table structure for table `artifact_report`
--

DROP TABLE IF EXISTS `artifact_report`;
/*!40101 SET @saved_cs_client     = @@character_set_client */;
/*!40101 SET character_set_client = utf8 */;
CREATE TABLE `artifact_report` (
  `report_id` int(11) NOT NULL auto_increment,
  `group_artifact_id` int(11) NOT NULL default '100',
  `user_id` int(11) NOT NULL default '100',
  `name` varchar(80) default NULL,
  `description` varchar(255) default NULL,
  `scope` char(1) NOT NULL default 'I',
  `is_default` int(1) default '0',
  PRIMARY KEY  (`report_id`),
  KEY `group_artifact_id_idx` (`group_artifact_id`),
  KEY `user_id_idx` (`user_id`),
  KEY `scope_idx` (`scope`)
) ENGINE=MyISAM AUTO_INCREMENT=109 DEFAULT CHARSET=utf8;
/*!40101 SET character_set_client = @saved_cs_client */;

--
-- Dumping data for table `artifact_report`
--

LOCK TABLES `artifact_report` WRITE;
/*!40000 ALTER TABLE `artifact_report` DISABLE KEYS */;
INSERT INTO `artifact_report` VALUES (100,100,100,'Default','The system default artifact report','S',0),(2,2,100,'Tasks','Tasks Report','P',0),(3,3,100,'SR','Support Requests Report','P',0),(4,1,100,'Bugs','Bugs Report','P',0),(6,7,100,'Scrum','Scrum Report','P',1),(101,101,100,'Bugs','Bugs Report','P',0),(102,102,100,'Tasks','Tasks Report','P',0),(103,103,100,'SR','Support Requests Report','P',0),(104,104,100,'Scrum','Scrum Report','P',1),(105,106,100,'Bugs','Bugs Report','P',0),(106,107,100,'Tasks','Tasks Report','P',0),(107,108,100,'SR','Support Requests Report','P',0),(108,109,100,'Scrum','Scrum Report','P',1);
/*!40000 ALTER TABLE `artifact_report` ENABLE KEYS */;
UNLOCK TABLES;

--
-- Table structure for table `artifact_report_field`
--

DROP TABLE IF EXISTS `artifact_report_field`;
/*!40101 SET @saved_cs_client     = @@character_set_client */;
/*!40101 SET character_set_client = utf8 */;
CREATE TABLE `artifact_report_field` (
  `report_id` int(11) NOT NULL default '100',
  `field_name` varchar(255) default NULL,
  `show_on_query` int(11) default NULL,
  `show_on_result` int(11) default NULL,
  `place_query` int(11) default NULL,
  `place_result` int(11) default NULL,
  `col_width` int(11) default NULL,
  KEY `profile_id_idx` (`report_id`),
  KEY `field_name_idx` (`field_name`)
) ENGINE=MyISAM DEFAULT CHARSET=utf8;
/*!40101 SET character_set_client = @saved_cs_client */;

--
-- Dumping data for table `artifact_report_field`
--

LOCK TABLES `artifact_report_field` WRITE;
/*!40000 ALTER TABLE `artifact_report_field` DISABLE KEYS */;
INSERT INTO `artifact_report_field` VALUES (100,'category_id',1,0,10,NULL,NULL),(100,'assigned_to',1,1,30,40,NULL),(100,'status_id',1,0,20,NULL,NULL),(100,'artifact_id',1,1,50,10,NULL),(100,'summary',0,1,NULL,20,NULL),(100,'open_date',1,1,40,30,NULL),(100,'submitted_by',0,1,NULL,50,NULL),(100,'severity',0,0,NULL,NULL,NULL),(2,'subproject_id',1,1,10,30,NULL),(2,'multi_assigned_to',1,1,20,60,NULL),(2,'status_id',1,1,30,100,NULL),(2,'summary',0,1,NULL,20,NULL),(2,'start_date',0,1,NULL,40,NULL),(2,'close_date',0,1,NULL,50,NULL),(2,'hours',0,1,NULL,70,NULL),(2,'percent_complete',0,1,NULL,80,NULL),(2,'artifact_id',0,1,NULL,1,NULL),(3,'category_id',1,0,10,NULL,NULL),(3,'status_id',1,0,30,NULL,NULL),(3,'summary',0,0,NULL,20,NULL),(3,'open_date',0,1,NULL,30,NULL),(3,'submitted_by',0,1,NULL,50,NULL),(3,'severity',0,1,NULL,NULL,NULL),(3,'artifact_id',0,1,NULL,10,NULL),(3,'assigned_to',1,1,20,40,NULL),(4,'category_id',1,0,10,NULL,NULL),(4,'assigned_to',1,1,30,40,NULL),(4,'status_id',1,0,40,NULL,NULL),(4,'artifact_id',0,1,NULL,10,NULL),(4,'summary',0,1,NULL,20,NULL),(4,'open_date',0,1,NULL,30,NULL),(4,'submitted_by',0,1,NULL,50,NULL),(4,'bug_group_id',1,0,20,NULL,NULL),(6,'initial_effort',0,1,NULL,80,NULL),(6,'stage',0,1,NULL,60,NULL),(6,'assigned_to',1,1,50,70,NULL),(6,'rank',0,1,NULL,40,NULL),(6,'iteration',1,1,30,50,NULL),(6,'summary',1,1,40,20,NULL),(6,'backlog',1,1,10,30,NULL),(6,'artifact_id',0,1,NULL,10,NULL),(6,'current_effort',0,1,NULL,90,NULL),(6,'remaining_effort',0,1,NULL,100,NULL),(6,'status_id',1,0,60,NULL,NULL),(101,'category_id',1,0,10,0,0),(101,'assigned_to',1,1,30,40,0),(101,'status_id',1,0,40,0,0),(101,'artifact_id',0,1,0,10,0),(101,'summary',0,1,0,20,0),(101,'open_date',0,1,0,30,0),(101,'submitted_by',0,1,0,50,0),(101,'bug_group_id',1,0,20,0,0),(102,'subproject_id',1,1,10,30,0),(102,'multi_assigned_to',1,1,20,60,0),(102,'status_id',1,1,30,100,0),(102,'summary',0,1,0,20,0),(102,'start_date',0,1,0,40,0),(102,'close_date',0,1,0,50,0),(102,'hours',0,1,0,70,0),(102,'percent_complete',0,1,0,80,0),(102,'artifact_id',0,1,0,1,0),(103,'category_id',1,0,10,0,0),(103,'status_id',1,0,30,0,0),(103,'summary',0,0,0,20,0),(103,'open_date',0,1,0,30,0),(103,'submitted_by',0,1,0,50,0),(103,'severity',0,1,0,0,0),(103,'artifact_id',0,1,0,10,0),(103,'assigned_to',1,1,20,40,0),(104,'initial_effort',0,1,0,80,0),(104,'stage',0,1,0,60,0),(104,'assigned_to',1,1,50,70,0),(104,'rank',0,1,0,40,0),(104,'iteration',1,1,30,50,0),(104,'summary',1,1,40,20,0),(104,'backlog',1,1,10,30,0),(104,'artifact_id',0,1,0,10,0),(104,'current_effort',0,1,0,90,0),(104,'remaining_effort',0,1,0,100,0),(104,'status_id',1,0,60,0,0),(105,'category_id',1,0,10,0,0),(105,'assigned_to',1,1,30,40,0),(105,'status_id',1,0,40,0,0),(105,'artifact_id',0,1,0,10,0),(105,'summary',0,1,0,20,0),(105,'open_date',0,1,0,30,0),(105,'submitted_by',0,1,0,50,0),(105,'bug_group_id',1,0,20,0,0),(106,'subproject_id',1,1,10,30,0),(106,'multi_assigned_to',1,1,20,60,0),(106,'status_id',1,1,30,100,0),(106,'summary',0,1,0,20,0),(106,'start_date',0,1,0,40,0),(106,'close_date',0,1,0,50,0),(106,'hours',0,1,0,70,0),(106,'percent_complete',0,1,0,80,0),(106,'artifact_id',0,1,0,1,0),(107,'category_id',1,0,10,0,0),(107,'status_id',1,0,30,0,0),(107,'summary',0,0,0,20,0),(107,'open_date',0,1,0,30,0),(107,'submitted_by',0,1,0,50,0),(107,'severity',0,1,0,0,0),(107,'artifact_id',0,1,0,10,0),(107,'assigned_to',1,1,20,40,0),(108,'initial_effort',0,1,0,80,0),(108,'stage',0,1,0,60,0),(108,'assigned_to',1,1,50,70,0),(108,'rank',0,1,0,40,0),(108,'iteration',1,1,30,50,0),(108,'summary',1,1,40,20,0),(108,'backlog',1,1,10,30,0),(108,'artifact_id',0,1,0,10,0),(108,'current_effort',0,1,0,90,0),(108,'remaining_effort',0,1,0,100,0),(108,'status_id',1,0,60,0,0);
/*!40000 ALTER TABLE `artifact_report_field` ENABLE KEYS */;
UNLOCK TABLES;

--
-- Table structure for table `artifact_rule`
--

DROP TABLE IF EXISTS `artifact_rule`;
/*!40101 SET @saved_cs_client     = @@character_set_client */;
/*!40101 SET character_set_client = utf8 */;
CREATE TABLE `artifact_rule` (
  `id` int(11) unsigned NOT NULL auto_increment,
  `group_artifact_id` int(11) unsigned NOT NULL default '0',
  `source_field_id` int(11) unsigned NOT NULL default '0',
  `source_value_id` int(11) unsigned NOT NULL default '0',
  `target_field_id` int(11) unsigned NOT NULL default '0',
  `rule_type` tinyint(4) unsigned NOT NULL default '0',
  `target_value_id` int(11) unsigned default NULL,
  PRIMARY KEY  (`id`),
  KEY `group_artifact_id` (`group_artifact_id`)
) ENGINE=MyISAM DEFAULT CHARSET=utf8;
/*!40101 SET character_set_client = @saved_cs_client */;

--
-- Dumping data for table `artifact_rule`
--

LOCK TABLES `artifact_rule` WRITE;
/*!40000 ALTER TABLE `artifact_rule` DISABLE KEYS */;
/*!40000 ALTER TABLE `artifact_rule` ENABLE KEYS */;
UNLOCK TABLES;

--
-- Table structure for table `artifact_watcher`
--

DROP TABLE IF EXISTS `artifact_watcher`;
/*!40101 SET @saved_cs_client     = @@character_set_client */;
/*!40101 SET character_set_client = utf8 */;
CREATE TABLE `artifact_watcher` (
  `user_id` int(11) NOT NULL default '0',
  `watchee_id` int(11) NOT NULL default '0',
  `artifact_group_id` int(11) NOT NULL default '0',
  KEY `watchee_id_idx` (`watchee_id`,`artifact_group_id`),
  KEY `user_id_idx` (`user_id`,`artifact_group_id`)
) ENGINE=MyISAM DEFAULT CHARSET=utf8;
/*!40101 SET character_set_client = @saved_cs_client */;

--
-- Dumping data for table `artifact_watcher`
--

LOCK TABLES `artifact_watcher` WRITE;
/*!40000 ALTER TABLE `artifact_watcher` DISABLE KEYS */;
/*!40000 ALTER TABLE `artifact_watcher` ENABLE KEYS */;
UNLOCK TABLES;

--
-- Table structure for table `bug`
--

DROP TABLE IF EXISTS `bug`;
/*!40101 SET @saved_cs_client     = @@character_set_client */;
/*!40101 SET character_set_client = utf8 */;
CREATE TABLE `bug` (
  `bug_id` int(11) NOT NULL auto_increment,
  `group_id` int(11) NOT NULL default '0',
  `status_id` int(11) NOT NULL default '1',
  `severity` int(11) NOT NULL default '5',
  `category_id` int(11) NOT NULL default '100',
  `submitted_by` int(11) NOT NULL default '100',
  `assigned_to` int(11) NOT NULL default '100',
  `date` int(11) NOT NULL default '0',
  `summary` text,
  `details` text,
  `close_date` int(11) default NULL,
  `bug_group_id` int(11) NOT NULL default '100',
  `resolution_id` int(11) NOT NULL default '100',
  `category_version_id` int(11) NOT NULL default '100',
  `platform_version_id` int(11) NOT NULL default '100',
  `reproducibility_id` int(11) NOT NULL default '100',
  `size_id` int(11) NOT NULL default '100',
  `fix_release_id` int(11) NOT NULL default '100',
  `plan_release_id` int(11) NOT NULL default '100',
  `hours` float(10,2) NOT NULL default '0.00',
  `component_version` varchar(255) NOT NULL default '',
  `fix_release` varchar(255) NOT NULL default '',
  `plan_release` varchar(255) NOT NULL default '',
  `priority` int(11) NOT NULL default '100',
  `keywords` varchar(255) NOT NULL default '',
  `release_id` int(11) NOT NULL default '100',
  `release_name` varchar(255) NOT NULL default '',
  `originator_name` varchar(255) NOT NULL default '',
  `originator_email` varchar(255) NOT NULL default '',
  `originator_phone` varchar(255) NOT NULL default '',
  `custom_tf1` varchar(255) NOT NULL default '',
  `custom_tf2` varchar(255) NOT NULL default '',
  `custom_tf3` varchar(255) NOT NULL default '',
  `custom_tf4` varchar(255) NOT NULL default '',
  `custom_tf5` varchar(255) NOT NULL default '',
  `custom_tf6` varchar(255) NOT NULL default '',
  `custom_tf7` varchar(255) NOT NULL default '',
  `custom_tf8` varchar(255) NOT NULL default '',
  `custom_tf9` varchar(255) NOT NULL default '',
  `custom_tf10` varchar(255) NOT NULL default '',
  `custom_ta1` text NOT NULL,
  `custom_ta2` text NOT NULL,
  `custom_ta3` text NOT NULL,
  `custom_ta4` text NOT NULL,
  `custom_ta5` text NOT NULL,
  `custom_ta6` text NOT NULL,
  `custom_ta7` text NOT NULL,
  `custom_ta8` text NOT NULL,
  `custom_ta9` text NOT NULL,
  `custom_ta10` text NOT NULL,
  `custom_sb1` int(11) NOT NULL default '100',
  `custom_sb2` int(11) NOT NULL default '100',
  `custom_sb3` int(11) NOT NULL default '100',
  `custom_sb4` int(11) NOT NULL default '100',
  `custom_sb5` int(11) NOT NULL default '100',
  `custom_sb6` int(11) NOT NULL default '100',
  `custom_sb7` int(11) NOT NULL default '100',
  `custom_sb8` int(11) NOT NULL default '100',
  `custom_sb9` int(11) NOT NULL default '100',
  `custom_sb10` int(11) NOT NULL default '100',
  `custom_df1` int(11) NOT NULL default '0',
  `custom_df2` int(11) NOT NULL default '0',
  `custom_df3` int(11) NOT NULL default '0',
  `custom_df4` int(11) NOT NULL default '0',
  `custom_df5` int(11) NOT NULL default '0',
  PRIMARY KEY  (`bug_id`),
  KEY `idx_bug_group_id` (`group_id`)
) ENGINE=MyISAM AUTO_INCREMENT=101 DEFAULT CHARSET=utf8;
/*!40101 SET character_set_client = @saved_cs_client */;

--
-- Dumping data for table `bug`
--

LOCK TABLES `bug` WRITE;
/*!40000 ALTER TABLE `bug` DISABLE KEYS */;
INSERT INTO `bug` VALUES (100,100,3,1,100,100,100,1058260700,'None','',0,100,100,100,100,100,100,100,100,0.00,'','','',100,'',100,'','','','','','','','','','','','','','','','','','','','','','','','',100,100,100,100,100,100,100,100,100,100,0,0,0,0,0);
/*!40000 ALTER TABLE `bug` ENABLE KEYS */;
UNLOCK TABLES;

--
-- Table structure for table `bug_bug_dependencies`
--

DROP TABLE IF EXISTS `bug_bug_dependencies`;
/*!40101 SET @saved_cs_client     = @@character_set_client */;
/*!40101 SET character_set_client = utf8 */;
CREATE TABLE `bug_bug_dependencies` (
  `bug_depend_id` int(11) NOT NULL auto_increment,
  `bug_id` int(11) NOT NULL default '0',
  `is_dependent_on_bug_id` int(11) NOT NULL default '0',
  PRIMARY KEY  (`bug_depend_id`),
  KEY `idx_bug_bug_dependencies_bug_id` (`bug_id`),
  KEY `idx_bug_bug_is_dependent_on_task_id` (`is_dependent_on_bug_id`)
) ENGINE=MyISAM DEFAULT CHARSET=utf8;
/*!40101 SET character_set_client = @saved_cs_client */;

--
-- Dumping data for table `bug_bug_dependencies`
--

LOCK TABLES `bug_bug_dependencies` WRITE;
/*!40000 ALTER TABLE `bug_bug_dependencies` DISABLE KEYS */;
/*!40000 ALTER TABLE `bug_bug_dependencies` ENABLE KEYS */;
UNLOCK TABLES;

--
-- Table structure for table `bug_canned_responses`
--

DROP TABLE IF EXISTS `bug_canned_responses`;
/*!40101 SET @saved_cs_client     = @@character_set_client */;
/*!40101 SET character_set_client = utf8 */;
CREATE TABLE `bug_canned_responses` (
  `bug_canned_id` int(11) NOT NULL auto_increment,
  `group_id` int(11) NOT NULL default '0',
  `title` text,
  `body` text,
  PRIMARY KEY  (`bug_canned_id`),
  KEY `idx_bug_canned_response_group_id` (`group_id`)
) ENGINE=MyISAM DEFAULT CHARSET=utf8;
/*!40101 SET character_set_client = @saved_cs_client */;

--
-- Dumping data for table `bug_canned_responses`
--

LOCK TABLES `bug_canned_responses` WRITE;
/*!40000 ALTER TABLE `bug_canned_responses` DISABLE KEYS */;
/*!40000 ALTER TABLE `bug_canned_responses` ENABLE KEYS */;
UNLOCK TABLES;

--
-- Table structure for table `bug_cc`
--

DROP TABLE IF EXISTS `bug_cc`;
/*!40101 SET @saved_cs_client     = @@character_set_client */;
/*!40101 SET character_set_client = utf8 */;
CREATE TABLE `bug_cc` (
  `bug_cc_id` int(11) NOT NULL auto_increment,
  `bug_id` int(11) NOT NULL default '0',
  `email` varchar(255) NOT NULL default '',
  `added_by` int(11) NOT NULL default '0',
  `comment` text NOT NULL,
  `date` int(11) NOT NULL default '0',
  PRIMARY KEY  (`bug_cc_id`),
  KEY `bug_id_idx` (`bug_id`)
) ENGINE=MyISAM DEFAULT CHARSET=utf8;
/*!40101 SET character_set_client = @saved_cs_client */;

--
-- Dumping data for table `bug_cc`
--

LOCK TABLES `bug_cc` WRITE;
/*!40000 ALTER TABLE `bug_cc` DISABLE KEYS */;
/*!40000 ALTER TABLE `bug_cc` ENABLE KEYS */;
UNLOCK TABLES;

--
-- Table structure for table `bug_field`
--

DROP TABLE IF EXISTS `bug_field`;
/*!40101 SET @saved_cs_client     = @@character_set_client */;
/*!40101 SET character_set_client = utf8 */;
CREATE TABLE `bug_field` (
  `bug_field_id` int(11) NOT NULL auto_increment,
  `field_name` varchar(255) NOT NULL default '',
  `display_type` varchar(255) NOT NULL default '',
  `display_size` varchar(255) NOT NULL default '',
  `label` varchar(255) NOT NULL default '',
  `description` text NOT NULL,
  `scope` char(1) NOT NULL default '',
  `required` int(11) NOT NULL default '0',
  `empty_ok` int(11) NOT NULL default '0',
  `keep_history` int(11) NOT NULL default '0',
  `special` int(11) NOT NULL default '0',
  `custom` int(11) NOT NULL default '0',
  `value_function` varchar(255) default NULL,
  PRIMARY KEY  (`bug_field_id`),
  KEY `idx_bug_field_name` (`field_name`)
) ENGINE=MyISAM AUTO_INCREMENT=605 DEFAULT CHARSET=utf8;
/*!40101 SET character_set_client = @saved_cs_client */;

--
-- Dumping data for table `bug_field`
--

LOCK TABLES `bug_field` WRITE;
/*!40000 ALTER TABLE `bug_field` DISABLE KEYS */;
INSERT INTO `bug_field` VALUES (90,'bug_id','TF','6/10','Bug ID','Unique bug identifier','S',1,0,0,1,0,NULL),(91,'group_id','TF','','Group ID','Unique project identifier','S',1,0,0,1,0,NULL),(92,'submitted_by','SB','','Submitted by','User who originally submitted the bug','S',1,1,0,1,0,NULL),(93,'date','DF','10/15','Submitted on','Date and time for the initial bug submission','S',1,0,0,1,0,'bug_submitters'),(94,'close_date','DF','10/15','Closed on','Date and time when the bug status was changed to \'Closed\'','S',1,1,0,1,0,NULL),(101,'status_id','SB','','Status','Bug Status','P',1,0,1,0,0,NULL),(102,'severity','SB','','Severity','Impact of the bug on the system (Critical, Major,...)','S',1,0,1,0,0,NULL),(103,'category_id','SB','','Category','Generally correspond to high level modules or functionalities of your software (e.g. User interface, Configuration Manager, Scheduler, Memory Manager...)','P',0,1,1,0,0,NULL),(104,'assigned_to','SB','','Assigned to','Who is in charge of solving the bug','S',1,1,1,0,0,'bug_technicians'),(105,'summary','TF','60/120','Summary','One line description of the bug','S',1,0,1,1,0,NULL),(106,'details','TA','60/7','Original Submission','A full description of the bug','S',1,1,1,1,0,NULL),(107,'bug_group_id','SB','','Bug Group','Characterizes the nature of the bug (e.g. Feature Request, Action Request, Crash Error, Documentation Typo, Installation Problem,...','P',0,1,1,0,0,NULL),(108,'resolution_id','SB','','Resolution','How you have decided to fix the bug (Fixed, Work for me, Duplicate,..)','S',1,1,1,0,0,NULL),(200,'category_version_id','SB','','Component Version','The version of the System Component (aka Bug Category) impacted by the bug','P',0,1,1,0,0,NULL),(201,'platform_version_id','SB','','Platform Version','The name and version of the platform your software was running on when the bug occured (e.g. Solaris 2.8, Linux 2.4, Windows NT4 SP2,...)','P',0,1,1,0,0,NULL),(202,'reproducibility_id','SB','','Reproducibility','How easy is it to reproduce the bug','S',0,0,1,0,0,NULL),(203,'size_id','SB','','Size (loc)','The size of the code you need to develop or rework in order to fix the bug','S',0,1,1,0,0,NULL),(204,'fix_release_id','SB','','Fixed Release','The release in which the bug was actually fixed','P',0,1,1,0,0,NULL),(205,'comment_type_id','SB','','Comment Type','Specify the nature of the  follow up comment attached to this bug (Workaround, Test Case, Impacted Files,...)','P',1,1,0,1,0,NULL),(206,'hours','TF','5/5','Effort','Number of hours of work needed to fix the bug (including testing)','S',0,1,1,0,0,NULL),(207,'plan_release_id','SB','','Planned Release','The release in which you initially planned the bug to be fixed','P',0,1,1,0,0,NULL),(208,'component_version','TF','10/40','Component Version','Version of the system component (or work product) impacted by the bug. Same as the other Component Version field <u>except</u> this one is free text.','S',0,1,1,0,0,NULL),(209,'fix_release','TF','10/40','Fixed Release','The release in which the bug was actually fixed. Same as the other Fixed Release field <u>except</u> this one is free text.','S',0,1,1,0,0,NULL),(210,'plan_release','TF','10/40','Planned Release','The release in which you initially planned the bug to be fixed. Same as the other Planned Release field <u>except</u> this one is free text.','S',0,1,1,0,0,NULL),(211,'priority','SB','','Priority','How quickly the bug must be fixed (Immediate, Normal, Low, Later,...)','S',0,1,1,0,0,NULL),(212,'keywords','TF','60/120','Keywords','A list of comma separated keywords associated with a bug','S',0,1,1,0,0,NULL),(213,'release_id','SB','','Release','The release (global version number) impacted by the bug','P',0,1,1,0,0,NULL),(214,'release_name','TF','10/40','Release','The release (global version number) impacted by the bug. Same as the other Release field <u>except</u> this one is free text.','S',0,1,1,0,0,NULL),(215,'originator_name','TF','20/40','Originator Name','The name of the person who reported the bug (if different from the submitter field)','S',0,1,1,0,0,NULL),(216,'originator_email','TF','20/40','Originator Email','Email address of the person who reported the bug. Automatically included in the bug email notification process.','S',0,1,1,0,0,NULL),(217,'originator_phone','TF','10/40','Originator Phone','Phone number of the person who reported the bug','S',0,1,1,0,0,NULL),(300,'custom_tf1','TF','10/15','Custom Text Field #1','Customizable Text Field (one line, up to 255 characters','P',0,1,1,0,1,NULL),(301,'custom_tf2','TF','10/15','Custom Text Field #2','Customizable Text Field (one line, up to 255 characters','P',0,1,1,0,1,NULL),(302,'custom_tf3','TF','10/15','Custom Text Field #3','Customizable Text Field (one line, up to 255 characters','P',0,1,1,0,1,NULL),(303,'custom_tf4','TF','10/15','Custom Text Field #4','Customizable Text Field (one line, up to 255 characters','P',0,1,1,0,1,NULL),(304,'custom_tf5','TF','10/15','Custom Text Field #5','Customizable Text Field (one line, up to 255 characters','P',0,1,1,0,1,NULL),(305,'custom_tf6','TF','10/15','Custom Text Field #6','Customizable Text Field (one line, up to 255 characters','P',0,1,1,0,1,NULL),(306,'custom_tf7','TF','10/15','Custom Text Field #7','Customizable Text Field (one line, up to 255 characters','P',0,1,1,0,1,NULL),(307,'custom_tf8','TF','10/15','Custom Text Field #8','Customizable Text Field (one line, up to 255 characters','P',0,1,1,0,1,NULL),(308,'custom_tf9','TF','10/15','Custom Text Field #9','Customizable Text Field (one line, up to 255 characters','P',0,1,1,0,1,NULL),(309,'custom_tf10','TF','10/15','Custom Text Field #10','Customizable Text Field (one line, up to 255 characters','P',0,1,1,0,1,NULL),(400,'custom_ta1','TA','60/3','Custom Text Area #1','Customizable Text Area (multi-line text)','P',0,1,1,0,1,NULL),(401,'custom_ta2','TA','60/3','Custom Text Area #2','Customizable Text Area (multi-line text)','P',0,1,1,0,1,NULL),(402,'custom_ta3','TA','60/3','Custom Text Area #3','Customizable Text Area (multi-line text)','P',0,1,1,0,1,NULL),(403,'custom_ta4','TA','60/3','Custom Text Area #4','Customizable Text Area (multi-line text)','P',0,1,1,0,1,NULL),(404,'custom_ta5','TA','60/3','Custom Text Area #5','Customizable Text Area (multi-line text)','P',0,1,1,0,1,NULL),(405,'custom_ta6','TA','60/3','Custom Text Area #6','Customizable Text Area (multi-line text)','P',0,1,1,0,1,NULL),(406,'custom_ta7','TA','60/3','Custom Text Area #7','Customizable Text Area (multi-line text)','P',0,1,1,0,1,NULL),(407,'custom_ta8','TA','60/3','Custom Text Area #8','Customizable Text Area (multi-line text)','P',0,1,1,0,1,NULL),(408,'custom_ta9','TA','60/3','Custom Text Area #9','Customizable Text Area (multi-line text)','P',0,1,1,0,1,NULL),(409,'custom_ta10','TA','60/3','Custom Text Area #10','Customizable Text Area (multi-line text)','P',0,1,1,0,1,NULL),(500,'custom_sb1','SB','','Custom Select Box #1','Customizable Select Box (pull down menu with predefined values)','P',0,1,1,0,1,NULL),(501,'custom_sb2','SB','','Custom Select Box #2','Customizable Select Box (pull down menu with predefined values)','P',0,1,1,0,1,NULL),(502,'custom_sb3','SB','','Custom Select Box #3','Customizable Select Box (pull down menu with predefined values)','P',0,1,1,0,1,NULL),(503,'custom_sb4','SB','','Custom Select Box #4','Customizable Select Box (pull down menu with predefined values)','P',0,1,1,0,1,NULL),(504,'custom_sb5','SB','','Custom Select Box #5','Customizable Select Box (pull down menu with predefined values)','P',0,1,1,0,1,NULL),(505,'custom_sb6','SB','','Custom Select Box #6','Customizable Select Box (pull down menu with predefined values)','P',0,1,1,0,1,NULL),(506,'custom_sb7','SB','','Custom Select Box #7','Customizable Select Box (pull down menu with predefined values)','P',0,1,1,0,1,NULL),(507,'custom_sb8','SB','','Custom Select Box #8','Customizable Select Box (pull down menu with predefined values)','P',0,1,1,0,1,NULL),(508,'custom_sb9','SB','','Custom Select Box #9','Customizable Select Box (pull down menu with predefined values)','P',0,1,1,0,1,NULL),(509,'custom_sb10','SB','','Custom Select Box #10','Customizable Select Box (pull down menu with predefined values)','P',0,1,1,0,1,NULL),(600,'custom_df1','DF','10/10','Custom Date Field #1','Customizable Date Field','P',0,1,1,0,1,NULL),(601,'custom_df2','DF','10/10','Custom Date Field #2','Customizable Date Field','P',0,1,1,0,1,NULL),(602,'custom_df3','DF','10/10','Custom Date Field #3','Customizable Date Field','P',0,1,1,0,1,NULL),(603,'custom_df4','DF','10/10','Custom Date Field #4','Customizable Date Field','P',0,1,1,0,1,NULL),(604,'custom_df5','DF','10/10','Custom Date Field #5','Customizable Date Field','P',0,1,1,0,1,NULL);
/*!40000 ALTER TABLE `bug_field` ENABLE KEYS */;
UNLOCK TABLES;

--
-- Table structure for table `bug_field_usage`
--

DROP TABLE IF EXISTS `bug_field_usage`;
/*!40101 SET @saved_cs_client     = @@character_set_client */;
/*!40101 SET character_set_client = utf8 */;
CREATE TABLE `bug_field_usage` (
  `bug_field_id` int(11) NOT NULL default '0',
  `group_id` int(11) NOT NULL default '0',
  `use_it` int(11) NOT NULL default '0',
  `show_on_add` int(11) NOT NULL default '0',
  `show_on_add_members` int(11) NOT NULL default '0',
  `place` int(11) default NULL,
  `custom_label` varchar(255) default NULL,
  `custom_description` varchar(255) default NULL,
  `custom_display_size` varchar(255) default NULL,
  `custom_empty_ok` int(11) default NULL,
  `custom_keep_history` int(11) default NULL,
  `custom_value_function` varchar(255) default NULL,
  KEY `idx_bug_fu_field_id` (`bug_field_id`),
  KEY `idx_bug_fu_group_id` (`group_id`)
) ENGINE=MyISAM DEFAULT CHARSET=utf8;
/*!40101 SET character_set_client = @saved_cs_client */;

--
-- Dumping data for table `bug_field_usage`
--

LOCK TABLES `bug_field_usage` WRITE;
/*!40000 ALTER TABLE `bug_field_usage` DISABLE KEYS */;
INSERT INTO `bug_field_usage` VALUES (90,100,1,0,0,10,NULL,NULL,NULL,NULL,NULL,NULL),(91,100,1,1,1,30,NULL,NULL,NULL,NULL,NULL,NULL),(92,100,1,0,0,20,NULL,NULL,NULL,NULL,NULL,NULL),(93,100,1,0,0,40,NULL,NULL,NULL,NULL,NULL,NULL),(94,100,1,0,0,50,NULL,NULL,NULL,NULL,NULL,NULL),(101,100,1,0,0,600,NULL,NULL,NULL,NULL,NULL,NULL),(102,100,1,0,1,200,NULL,NULL,NULL,NULL,NULL,NULL),(103,100,1,1,1,100,NULL,NULL,NULL,NULL,NULL,NULL),(104,100,1,0,1,500,NULL,NULL,NULL,NULL,NULL,NULL),(105,100,1,1,1,700000,NULL,NULL,NULL,NULL,NULL,NULL),(106,100,1,1,1,700001,NULL,NULL,NULL,NULL,NULL,NULL),(107,100,1,1,1,300,NULL,NULL,NULL,NULL,NULL,NULL),(108,100,1,0,0,400,NULL,NULL,NULL,NULL,NULL,NULL),(200,100,0,0,0,1000,NULL,NULL,NULL,NULL,NULL,NULL),(201,100,0,0,0,1100,NULL,NULL,NULL,NULL,NULL,NULL),(202,100,0,0,0,1200,NULL,NULL,NULL,NULL,NULL,NULL),(203,100,0,0,0,1300,NULL,NULL,NULL,NULL,NULL,NULL),(204,100,0,0,0,1400,NULL,NULL,NULL,NULL,NULL,NULL),(205,100,1,0,0,1500,NULL,NULL,NULL,NULL,NULL,NULL),(206,100,0,0,0,1700,NULL,NULL,NULL,NULL,NULL,NULL),(207,100,0,0,0,1600,NULL,NULL,NULL,NULL,NULL,NULL),(208,100,0,0,0,1800,NULL,NULL,NULL,NULL,NULL,NULL),(209,100,0,0,0,1900,NULL,NULL,NULL,NULL,NULL,NULL),(210,100,0,0,0,2000,NULL,NULL,NULL,NULL,NULL,NULL),(211,100,0,0,0,250,NULL,NULL,NULL,NULL,NULL,NULL),(212,100,0,0,0,3000,NULL,NULL,NULL,NULL,NULL,NULL),(213,100,0,0,0,800,NULL,NULL,NULL,NULL,NULL,NULL),(214,100,0,0,0,800,NULL,NULL,NULL,NULL,NULL,NULL),(215,100,0,0,0,550,NULL,NULL,NULL,NULL,NULL,NULL),(216,100,0,0,0,560,NULL,NULL,NULL,NULL,NULL,NULL),(217,100,0,0,0,570,NULL,NULL,NULL,NULL,NULL,NULL),(300,100,0,0,0,30000,NULL,NULL,NULL,NULL,NULL,NULL),(301,100,0,0,0,30100,NULL,NULL,NULL,NULL,NULL,NULL),(302,100,0,0,0,30200,NULL,NULL,NULL,NULL,NULL,NULL),(303,100,0,0,0,30300,NULL,NULL,NULL,NULL,NULL,NULL),(304,100,0,0,0,30400,NULL,NULL,NULL,NULL,NULL,NULL),(305,100,0,0,0,30500,NULL,NULL,NULL,NULL,NULL,NULL),(306,100,0,0,0,30600,NULL,NULL,NULL,NULL,NULL,NULL),(307,100,0,0,0,30700,NULL,NULL,NULL,NULL,NULL,NULL),(308,100,0,0,0,30800,NULL,NULL,NULL,NULL,NULL,NULL),(309,100,0,0,0,30900,NULL,NULL,NULL,NULL,NULL,NULL),(400,100,0,0,0,40000,NULL,NULL,NULL,NULL,NULL,NULL),(401,100,0,0,0,40100,NULL,NULL,NULL,NULL,NULL,NULL),(402,100,0,0,0,40200,NULL,NULL,NULL,NULL,NULL,NULL),(403,100,0,0,0,40300,NULL,NULL,NULL,NULL,NULL,NULL),(404,100,0,0,0,40400,NULL,NULL,NULL,NULL,NULL,NULL),(405,100,0,0,0,40500,NULL,NULL,NULL,NULL,NULL,NULL),(406,100,0,0,0,40600,NULL,NULL,NULL,NULL,NULL,NULL),(407,100,0,0,0,40700,NULL,NULL,NULL,NULL,NULL,NULL),(408,100,0,0,0,40800,NULL,NULL,NULL,NULL,NULL,NULL),(409,100,0,0,0,40900,NULL,NULL,NULL,NULL,NULL,NULL),(500,100,0,0,0,50000,NULL,NULL,NULL,NULL,NULL,NULL),(501,100,0,0,0,50100,NULL,NULL,NULL,NULL,NULL,NULL),(502,100,0,0,0,50200,NULL,NULL,NULL,NULL,NULL,NULL),(503,100,0,0,0,50300,NULL,NULL,NULL,NULL,NULL,NULL),(504,100,0,0,0,50400,NULL,NULL,NULL,NULL,NULL,NULL),(505,100,0,0,0,50500,NULL,NULL,NULL,NULL,NULL,NULL),(506,100,0,0,0,50600,NULL,NULL,NULL,NULL,NULL,NULL),(507,100,0,0,0,50700,NULL,NULL,NULL,NULL,NULL,NULL),(508,100,0,0,0,50800,NULL,NULL,NULL,NULL,NULL,NULL),(509,100,0,0,0,50900,NULL,NULL,NULL,NULL,NULL,NULL),(600,100,0,0,0,60000,NULL,NULL,NULL,NULL,NULL,NULL),(601,100,0,0,0,60100,NULL,NULL,NULL,NULL,NULL,NULL),(602,100,0,0,0,60200,NULL,NULL,NULL,NULL,NULL,NULL),(603,100,0,0,0,60300,NULL,NULL,NULL,NULL,NULL,NULL),(604,100,0,0,0,60400,NULL,NULL,NULL,NULL,NULL,NULL);
/*!40000 ALTER TABLE `bug_field_usage` ENABLE KEYS */;
UNLOCK TABLES;

--
-- Table structure for table `bug_field_value`
--

DROP TABLE IF EXISTS `bug_field_value`;
/*!40101 SET @saved_cs_client     = @@character_set_client */;
/*!40101 SET character_set_client = utf8 */;
CREATE TABLE `bug_field_value` (
  `bug_fv_id` int(11) NOT NULL auto_increment,
  `bug_field_id` int(11) NOT NULL default '0',
  `group_id` int(11) NOT NULL default '0',
  `value_id` int(11) NOT NULL default '0',
  `value` text NOT NULL,
  `description` text NOT NULL,
  `order_id` int(11) NOT NULL default '0',
  `status` char(1) NOT NULL default 'A',
  PRIMARY KEY  (`bug_fv_id`),
  KEY `idx_bug_fv_field_id` (`bug_fv_id`),
  KEY `idx_bug_fv_group_id` (`group_id`),
  KEY `idx_bug_fv_value_id` (`value_id`),
  KEY `idx_bug_fv_status` (`status`)
) ENGINE=MyISAM AUTO_INCREMENT=410 DEFAULT CHARSET=utf8;
/*!40101 SET character_set_client = @saved_cs_client */;

--
-- Dumping data for table `bug_field_value`
--

LOCK TABLES `bug_field_value` WRITE;
/*!40000 ALTER TABLE `bug_field_value` DISABLE KEYS */;
INSERT INTO `bug_field_value` VALUES (101,101,100,1,'Open','The bug has been submitted',20,'P'),(102,101,100,3,'Closed','The bug is no longer active. See the Resolution field for details on how it was resolved.',400,'P'),(104,101,100,4,'Analyzed','The cause of the bug has been identified and documented',30,'H'),(105,101,100,5,'Accepted','The bug will be worked on. If it won\'t be worked on, indicate why in the Resolution field and close it',50,'H'),(106,101,100,6,'Ready for Review','Updated/Created non-software work product (e.g. documentation) is ready for review and approval.',70,'H'),(107,101,100,7,'Ready for Test','Updated/Created software is ready to be included in the next build',90,'H'),(108,101,100,8,'In Test','Updated/Created software is in the build and is ready to enter the test phase',110,'H'),(109,101,100,9,'Approved','The bug fix has been succesfully tested. It is approved and awaiting release.',130,'H'),(110,101,100,10,'Declined','The bug was not accepted. Alternatively, you can also Set the status to \"Closed\" and use the Resolution field to explain why it was declined',150,'H'),(131,102,100,1,'1 - Ordinary','',10,'A'),(132,102,100,2,'2','',20,'A'),(133,102,100,3,'3','',30,'A'),(134,102,100,4,'4','',40,'A'),(135,102,100,5,'5 - Major','',50,'A'),(136,102,100,6,'6','',60,'A'),(137,102,100,7,'7','',70,'A'),(138,102,100,8,'8','',80,'A'),(139,102,100,9,'9 - Critical','',90,'A'),(150,103,100,100,'None','',10,'P'),(160,107,100,100,'None','',10,'P'),(170,108,100,100,'None','',10,'P'),(171,108,100,1,'Fixed','The bug was resolved',20,'A'),(172,108,100,2,'Invalid','The submitted bug is not valid for some reason (wrong description, using incorrect software version,...)',30,'A'),(173,108,100,3,'Wont Fix','The bug won\'t be fixed (probably because it is very minor)',40,'A'),(174,108,100,4,'Later','The bug will be fixed later (no date given)',50,'A'),(175,108,100,5,'Remind','The bug will be fixed later but keep in the remind state for easy identification',60,'A'),(176,108,100,6,'Works for me','The project team was unable to reproduce the bug',70,'A'),(177,108,100,7,'Duplicate','This bug is already covered by another bug description (see related bugs list)',80,'A'),(200,200,100,100,'None','',10,'P'),(210,201,100,100,'None','',10,'P'),(220,202,100,100,'None','',10,'P'),(221,202,100,110,'Every Time','',20,'P'),(222,202,100,120,'Intermittent','',30,'P'),(223,202,100,130,'Once','',40,'P'),(240,203,100,100,'None','',10,'P'),(241,203,100,110,'Low <30','',20,'A'),(242,203,100,120,'Medium 30 - 200','',30,'A'),(243,203,100,130,'High >200','',40,'A'),(250,204,100,100,'None','',10,'P'),(260,205,100,100,'None','',10,'P'),(270,207,100,100,'None','',10,'P'),(280,211,100,100,'None','',10,'P'),(281,211,100,120,'Later','',20,'A'),(282,211,100,130,'Later+','',30,'H'),(283,211,100,140,'Later++','',40,'H'),(284,211,100,150,'Low','',50,'A'),(285,211,100,160,'Low+','',60,'H'),(286,211,100,170,'Low++','',70,'H'),(287,211,100,180,'Normal','',80,'A'),(288,211,100,190,'Normal+','',90,'H'),(289,211,100,200,'Normal++','',100,'H'),(290,211,100,210,'High','',110,'A'),(291,211,100,220,'High+','',120,'H'),(292,211,100,230,'High++','',130,'H'),(293,211,100,240,'Immediate','',140,'A'),(294,211,100,250,'Immediate+','',150,'H'),(295,211,100,260,'Immediate++','',160,'H'),(300,213,100,100,'None','',10,'P'),(400,500,100,100,'None','',10,'P'),(401,501,100,100,'None','',10,'P'),(402,502,100,100,'None','',10,'P'),(403,503,100,100,'None','',10,'P'),(404,504,100,100,'None','',10,'P'),(405,505,100,100,'None','',10,'P'),(406,506,100,100,'None','',10,'P'),(407,507,100,100,'None','',10,'P'),(408,508,100,100,'None','',10,'P'),(409,509,100,100,'None','',10,'P');
/*!40000 ALTER TABLE `bug_field_value` ENABLE KEYS */;
UNLOCK TABLES;

--
-- Table structure for table `bug_file`
--

DROP TABLE IF EXISTS `bug_file`;
/*!40101 SET @saved_cs_client     = @@character_set_client */;
/*!40101 SET character_set_client = utf8 */;
CREATE TABLE `bug_file` (
  `bug_file_id` int(11) NOT NULL auto_increment,
  `bug_id` int(11) NOT NULL default '0',
  `submitted_by` int(11) NOT NULL default '0',
  `date` int(11) NOT NULL default '0',
  `description` text NOT NULL,
  `file` longblob NOT NULL,
  `filename` text NOT NULL,
  `filesize` int(11) NOT NULL default '0',
  `filetype` text NOT NULL,
  PRIMARY KEY  (`bug_file_id`),
  KEY `bug_id_idx` (`bug_id`)
) ENGINE=MyISAM DEFAULT CHARSET=utf8;
/*!40101 SET character_set_client = @saved_cs_client */;

--
-- Dumping data for table `bug_file`
--

LOCK TABLES `bug_file` WRITE;
/*!40000 ALTER TABLE `bug_file` DISABLE KEYS */;
/*!40000 ALTER TABLE `bug_file` ENABLE KEYS */;
UNLOCK TABLES;

--
-- Table structure for table `bug_filter`
--

DROP TABLE IF EXISTS `bug_filter`;
/*!40101 SET @saved_cs_client     = @@character_set_client */;
/*!40101 SET character_set_client = utf8 */;
CREATE TABLE `bug_filter` (
  `filter_id` int(11) NOT NULL auto_increment,
  `user_id` int(11) NOT NULL default '0',
  `group_id` int(11) NOT NULL default '0',
  `sql_clause` text NOT NULL,
  `is_active` int(11) NOT NULL default '0',
  PRIMARY KEY  (`filter_id`)
) ENGINE=MyISAM DEFAULT CHARSET=utf8;
/*!40101 SET character_set_client = @saved_cs_client */;

--
-- Dumping data for table `bug_filter`
--

LOCK TABLES `bug_filter` WRITE;
/*!40000 ALTER TABLE `bug_filter` DISABLE KEYS */;
/*!40000 ALTER TABLE `bug_filter` ENABLE KEYS */;
UNLOCK TABLES;

--
-- Table structure for table `bug_history`
--

DROP TABLE IF EXISTS `bug_history`;
/*!40101 SET @saved_cs_client     = @@character_set_client */;
/*!40101 SET character_set_client = utf8 */;
CREATE TABLE `bug_history` (
  `bug_history_id` int(11) NOT NULL auto_increment,
  `bug_id` int(11) NOT NULL default '0',
  `field_name` text NOT NULL,
  `old_value` text NOT NULL,
  `mod_by` int(11) NOT NULL default '0',
  `date` int(11) default NULL,
  `type` int(11) default NULL,
  PRIMARY KEY  (`bug_history_id`),
  KEY `idx_bug_history_bug_id` (`bug_id`)
) ENGINE=MyISAM DEFAULT CHARSET=utf8;
/*!40101 SET character_set_client = @saved_cs_client */;

--
-- Dumping data for table `bug_history`
--

LOCK TABLES `bug_history` WRITE;
/*!40000 ALTER TABLE `bug_history` DISABLE KEYS */;
/*!40000 ALTER TABLE `bug_history` ENABLE KEYS */;
UNLOCK TABLES;

--
-- Table structure for table `bug_notification`
--

DROP TABLE IF EXISTS `bug_notification`;
/*!40101 SET @saved_cs_client     = @@character_set_client */;
/*!40101 SET character_set_client = utf8 */;
CREATE TABLE `bug_notification` (
  `user_id` int(11) NOT NULL default '0',
  `role_id` int(11) NOT NULL default '0',
  `event_id` int(11) NOT NULL default '0',
  `notify` int(11) NOT NULL default '1',
  KEY `user_id_idx` (`user_id`)
) ENGINE=MyISAM DEFAULT CHARSET=utf8;
/*!40101 SET character_set_client = @saved_cs_client */;

--
-- Dumping data for table `bug_notification`
--

LOCK TABLES `bug_notification` WRITE;
/*!40000 ALTER TABLE `bug_notification` DISABLE KEYS */;
/*!40000 ALTER TABLE `bug_notification` ENABLE KEYS */;
UNLOCK TABLES;

--
-- Table structure for table `bug_notification_event`
--

DROP TABLE IF EXISTS `bug_notification_event`;
/*!40101 SET @saved_cs_client     = @@character_set_client */;
/*!40101 SET character_set_client = utf8 */;
CREATE TABLE `bug_notification_event` (
  `event_id` int(11) NOT NULL default '0',
  `event_label` varchar(255) default NULL,
  `short_description` varchar(40) default NULL,
  `description` varchar(255) default NULL,
  `rank` int(11) NOT NULL default '0',
  KEY `event_id_idx` (`event_id`)
) ENGINE=MyISAM DEFAULT CHARSET=utf8;
/*!40101 SET character_set_client = @saved_cs_client */;

--
-- Dumping data for table `bug_notification_event`
--

LOCK TABLES `bug_notification_event` WRITE;
/*!40000 ALTER TABLE `bug_notification_event` DISABLE KEYS */;
INSERT INTO `bug_notification_event` VALUES (1,'ROLE_CHANGE','Role has changed','I\'m added to or removed from this role',10),(2,'NEW_COMMENT','New comment','A new followup comment is added',20),(3,'NEW_FILE','New attachment','A new file attachment is added',30),(4,'CC_CHANGE','CC Change','A new CC address is added/removed',40),(5,'CLOSED','Bug closed','The bug is closed',50),(6,'PSS_CHANGE','PSS change','Priority,Status,Severity changes',60),(7,'ANY_OTHER_CHANGE','Any other Changes','Any changes not mentioned above',70),(8,'I_MADE_IT','I did it','I am the author of the change',80),(9,'NEW_BUG','New Bug','A new bug has been submitted',90);
/*!40000 ALTER TABLE `bug_notification_event` ENABLE KEYS */;
UNLOCK TABLES;

--
-- Table structure for table `bug_notification_role`
--

DROP TABLE IF EXISTS `bug_notification_role`;
/*!40101 SET @saved_cs_client     = @@character_set_client */;
/*!40101 SET character_set_client = utf8 */;
CREATE TABLE `bug_notification_role` (
  `role_id` int(11) NOT NULL default '0',
  `role_label` varchar(255) default NULL,
  `short_description` varchar(40) default NULL,
  `description` varchar(255) default NULL,
  `rank` int(11) NOT NULL default '0',
  KEY `role_id_idx` (`role_id`)
) ENGINE=MyISAM DEFAULT CHARSET=utf8;
/*!40101 SET character_set_client = @saved_cs_client */;

--
-- Dumping data for table `bug_notification_role`
--

LOCK TABLES `bug_notification_role` WRITE;
/*!40000 ALTER TABLE `bug_notification_role` DISABLE KEYS */;
INSERT INTO `bug_notification_role` VALUES (1,'SUBMITTER','Submitter','The person who submitted the bug',10),(2,'ASSIGNEE','Assignee','The person to whom the bug was assigned',20),(3,'CC','CC','The person who is in the CC list',30),(4,'COMMENTER','Commenter','A person who once posted a follow-up comment',40);
/*!40000 ALTER TABLE `bug_notification_role` ENABLE KEYS */;
UNLOCK TABLES;

--
-- Table structure for table `bug_report`
--

DROP TABLE IF EXISTS `bug_report`;
/*!40101 SET @saved_cs_client     = @@character_set_client */;
/*!40101 SET character_set_client = utf8 */;
CREATE TABLE `bug_report` (
  `report_id` int(11) NOT NULL auto_increment,
  `group_id` int(11) NOT NULL default '100',
  `user_id` int(11) NOT NULL default '100',
  `name` varchar(80) default NULL,
  `description` varchar(255) default NULL,
  `scope` char(1) NOT NULL default 'I',
  PRIMARY KEY  (`report_id`),
  KEY `group_id_idx` (`group_id`),
  KEY `user_id_idx` (`user_id`),
  KEY `scope_idx` (`scope`)
) ENGINE=MyISAM AUTO_INCREMENT=101 DEFAULT CHARSET=utf8;
/*!40101 SET character_set_client = @saved_cs_client */;

--
-- Dumping data for table `bug_report`
--

LOCK TABLES `bug_report` WRITE;
/*!40000 ALTER TABLE `bug_report` DISABLE KEYS */;
INSERT INTO `bug_report` VALUES (100,100,100,'Default','The system default bug report','S');
/*!40000 ALTER TABLE `bug_report` ENABLE KEYS */;
UNLOCK TABLES;

--
-- Table structure for table `bug_report_field`
--

DROP TABLE IF EXISTS `bug_report_field`;
/*!40101 SET @saved_cs_client     = @@character_set_client */;
/*!40101 SET character_set_client = utf8 */;
CREATE TABLE `bug_report_field` (
  `report_id` int(11) NOT NULL default '100',
  `field_name` varchar(255) default NULL,
  `show_on_query` int(11) default NULL,
  `show_on_result` int(11) default NULL,
  `place_query` int(11) default NULL,
  `place_result` int(11) default NULL,
  `col_width` int(11) default NULL,
  KEY `profile_id_idx` (`report_id`)
) ENGINE=MyISAM DEFAULT CHARSET=utf8;
/*!40101 SET character_set_client = @saved_cs_client */;

--
-- Dumping data for table `bug_report_field`
--

LOCK TABLES `bug_report_field` WRITE;
/*!40000 ALTER TABLE `bug_report_field` DISABLE KEYS */;
INSERT INTO `bug_report_field` VALUES (100,'category_id',1,0,10,NULL,NULL),(100,'bug_group_id',1,0,20,NULL,NULL),(100,'assigned_to',1,1,30,40,NULL),(100,'status_id',1,0,40,NULL,NULL),(100,'bug_id',0,1,NULL,10,NULL),(100,'summary',0,1,NULL,20,NULL),(100,'date',0,1,NULL,30,NULL),(100,'submitted_by',0,1,NULL,50,NULL);
/*!40000 ALTER TABLE `bug_report_field` ENABLE KEYS */;
UNLOCK TABLES;

--
-- Table structure for table `bug_task_dependencies`
--

DROP TABLE IF EXISTS `bug_task_dependencies`;
/*!40101 SET @saved_cs_client     = @@character_set_client */;
/*!40101 SET character_set_client = utf8 */;
CREATE TABLE `bug_task_dependencies` (
  `bug_depend_id` int(11) NOT NULL auto_increment,
  `bug_id` int(11) NOT NULL default '0',
  `is_dependent_on_task_id` int(11) NOT NULL default '0',
  PRIMARY KEY  (`bug_depend_id`),
  KEY `idx_bug_task_dependencies_bug_id` (`bug_id`),
  KEY `idx_bug_task_is_dependent_on_task_id` (`is_dependent_on_task_id`)
) ENGINE=MyISAM DEFAULT CHARSET=utf8;
/*!40101 SET character_set_client = @saved_cs_client */;

--
-- Dumping data for table `bug_task_dependencies`
--

LOCK TABLES `bug_task_dependencies` WRITE;
/*!40000 ALTER TABLE `bug_task_dependencies` DISABLE KEYS */;
/*!40000 ALTER TABLE `bug_task_dependencies` ENABLE KEYS */;
UNLOCK TABLES;

--
-- Table structure for table `bug_watcher`
--

DROP TABLE IF EXISTS `bug_watcher`;
/*!40101 SET @saved_cs_client     = @@character_set_client */;
/*!40101 SET character_set_client = utf8 */;
CREATE TABLE `bug_watcher` (
  `user_id` int(11) NOT NULL default '0',
  `watchee_id` int(11) NOT NULL default '0',
  KEY `user_id_idx` (`user_id`),
  KEY `watchee_id_idx` (`watchee_id`)
) ENGINE=MyISAM DEFAULT CHARSET=utf8;
/*!40101 SET character_set_client = @saved_cs_client */;

--
-- Dumping data for table `bug_watcher`
--

LOCK TABLES `bug_watcher` WRITE;
/*!40000 ALTER TABLE `bug_watcher` DISABLE KEYS */;
/*!40000 ALTER TABLE `bug_watcher` ENABLE KEYS */;
UNLOCK TABLES;

--
-- Table structure for table `cross_references`
--

DROP TABLE IF EXISTS `cross_references`;
/*!40101 SET @saved_cs_client     = @@character_set_client */;
/*!40101 SET character_set_client = utf8 */;
CREATE TABLE `cross_references` (
  `id` int(11) unsigned NOT NULL auto_increment,
  `created_at` int(11) NOT NULL default '0',
  `user_id` int(11) unsigned NOT NULL default '0',
  `source_type` varchar(255) NOT NULL,
  `source_keyword` varchar(32) NOT NULL,
  `source_id` varchar(255) NOT NULL default '0',
  `source_gid` int(11) unsigned NOT NULL default '0',
  `target_type` varchar(255) NOT NULL,
  `target_keyword` varchar(32) NOT NULL,
  `target_id` varchar(255) NOT NULL default '0',
  `target_gid` int(11) unsigned NOT NULL default '0',
  PRIMARY KEY  (`id`)
) ENGINE=MyISAM DEFAULT CHARSET=utf8;
/*!40101 SET character_set_client = @saved_cs_client */;

--
-- Dumping data for table `cross_references`
--

LOCK TABLES `cross_references` WRITE;
/*!40000 ALTER TABLE `cross_references` DISABLE KEYS */;
/*!40000 ALTER TABLE `cross_references` ENABLE KEYS */;
UNLOCK TABLES;

--
-- Table structure for table `cvs_branches`
--

DROP TABLE IF EXISTS `cvs_branches`;
/*!40101 SET @saved_cs_client     = @@character_set_client */;
/*!40101 SET character_set_client = utf8 */;
CREATE TABLE `cvs_branches` (
  `id` mediumint(9) NOT NULL auto_increment,
  `branch` varchar(64) character set utf8 collate utf8_bin NOT NULL default '',
  PRIMARY KEY  (`id`),
  UNIQUE KEY `branch` (`branch`)
) ENGINE=MyISAM DEFAULT CHARSET=utf8;
/*!40101 SET character_set_client = @saved_cs_client */;

--
-- Dumping data for table `cvs_branches`
--

LOCK TABLES `cvs_branches` WRITE;
/*!40000 ALTER TABLE `cvs_branches` DISABLE KEYS */;
/*!40000 ALTER TABLE `cvs_branches` ENABLE KEYS */;
UNLOCK TABLES;

--
-- Table structure for table `cvs_checkins`
--

DROP TABLE IF EXISTS `cvs_checkins`;
/*!40101 SET @saved_cs_client     = @@character_set_client */;
/*!40101 SET character_set_client = utf8 */;
CREATE TABLE `cvs_checkins` (
  `type` enum('Change','Add','Remove') default NULL,
  `ci_when` datetime NOT NULL default '0000-00-00 00:00:00',
  `whoid` mediumint(9) NOT NULL default '0',
  `repositoryid` mediumint(9) NOT NULL default '0',
  `dirid` mediumint(9) NOT NULL default '0',
  `fileid` mediumint(9) NOT NULL default '0',
  `revision` varchar(32) character set utf8 collate utf8_bin default NULL,
  `stickytag` varchar(255) character set utf8 collate utf8_bin NOT NULL default '',
  `branchid` mediumint(9) NOT NULL default '0',
  `addedlines` int(11) NOT NULL default '999',
  `removedlines` int(11) NOT NULL default '999',
  `commitid` int(11) NOT NULL default '0',
  `descid` int(11) NOT NULL default '0',
  UNIQUE KEY `repositoryid` (`repositoryid`,`dirid`,`fileid`,`revision`),
  KEY `ci_when` (`ci_when`),
  KEY `repositoryid_2` (`repositoryid`),
  KEY `dirid` (`dirid`),
  KEY `fileid` (`fileid`),
  KEY `branchid` (`branchid`),
  KEY `commitid` (`commitid`)
) ENGINE=MyISAM DEFAULT CHARSET=utf8;
/*!40101 SET character_set_client = @saved_cs_client */;

--
-- Dumping data for table `cvs_checkins`
--

LOCK TABLES `cvs_checkins` WRITE;
/*!40000 ALTER TABLE `cvs_checkins` DISABLE KEYS */;
/*!40000 ALTER TABLE `cvs_checkins` ENABLE KEYS */;
UNLOCK TABLES;

--
-- Table structure for table `cvs_commits`
--

DROP TABLE IF EXISTS `cvs_commits`;
/*!40101 SET @saved_cs_client     = @@character_set_client */;
/*!40101 SET character_set_client = utf8 */;
CREATE TABLE `cvs_commits` (
  `id` mediumint(9) NOT NULL auto_increment,
  `comm_when` timestamp NOT NULL default CURRENT_TIMESTAMP on update CURRENT_TIMESTAMP,
  `whoid` mediumint(9) NOT NULL default '0',
  PRIMARY KEY  (`id`),
  KEY `whoid` (`whoid`)
) ENGINE=MyISAM DEFAULT CHARSET=utf8;
/*!40101 SET character_set_client = @saved_cs_client */;

--
-- Dumping data for table `cvs_commits`
--

LOCK TABLES `cvs_commits` WRITE;
/*!40000 ALTER TABLE `cvs_commits` DISABLE KEYS */;
/*!40000 ALTER TABLE `cvs_commits` ENABLE KEYS */;
UNLOCK TABLES;

--
-- Table structure for table `cvs_descs`
--

DROP TABLE IF EXISTS `cvs_descs`;
/*!40101 SET @saved_cs_client     = @@character_set_client */;
/*!40101 SET character_set_client = utf8 */;
CREATE TABLE `cvs_descs` (
  `id` mediumint(9) NOT NULL auto_increment,
  `description` text,
  `hash` bigint(20) NOT NULL default '0',
  PRIMARY KEY  (`id`),
  KEY `hash` (`hash`)
) ENGINE=MyISAM DEFAULT CHARSET=utf8;
/*!40101 SET character_set_client = @saved_cs_client */;

--
-- Dumping data for table `cvs_descs`
--

LOCK TABLES `cvs_descs` WRITE;
/*!40000 ALTER TABLE `cvs_descs` DISABLE KEYS */;
/*!40000 ALTER TABLE `cvs_descs` ENABLE KEYS */;
UNLOCK TABLES;

--
-- Table structure for table `cvs_dirs`
--

DROP TABLE IF EXISTS `cvs_dirs`;
/*!40101 SET @saved_cs_client     = @@character_set_client */;
/*!40101 SET character_set_client = utf8 */;
CREATE TABLE `cvs_dirs` (
  `id` mediumint(9) NOT NULL auto_increment,
  `dir` varchar(128) character set utf8 collate utf8_bin NOT NULL default '',
  PRIMARY KEY  (`id`),
  UNIQUE KEY `dir` (`dir`)
) ENGINE=MyISAM DEFAULT CHARSET=utf8;
/*!40101 SET character_set_client = @saved_cs_client */;

--
-- Dumping data for table `cvs_dirs`
--

LOCK TABLES `cvs_dirs` WRITE;
/*!40000 ALTER TABLE `cvs_dirs` DISABLE KEYS */;
/*!40000 ALTER TABLE `cvs_dirs` ENABLE KEYS */;
UNLOCK TABLES;

--
-- Table structure for table `cvs_files`
--

DROP TABLE IF EXISTS `cvs_files`;
/*!40101 SET @saved_cs_client     = @@character_set_client */;
/*!40101 SET character_set_client = utf8 */;
CREATE TABLE `cvs_files` (
  `id` mediumint(9) NOT NULL auto_increment,
  `file` varchar(128) character set utf8 collate utf8_bin NOT NULL default '',
  PRIMARY KEY  (`id`),
  UNIQUE KEY `file` (`file`)
) ENGINE=MyISAM DEFAULT CHARSET=utf8;
/*!40101 SET character_set_client = @saved_cs_client */;

--
-- Dumping data for table `cvs_files`
--

LOCK TABLES `cvs_files` WRITE;
/*!40000 ALTER TABLE `cvs_files` DISABLE KEYS */;
/*!40000 ALTER TABLE `cvs_files` ENABLE KEYS */;
UNLOCK TABLES;

--
-- Table structure for table `cvs_repositories`
--

DROP TABLE IF EXISTS `cvs_repositories`;
/*!40101 SET @saved_cs_client     = @@character_set_client */;
/*!40101 SET character_set_client = utf8 */;
CREATE TABLE `cvs_repositories` (
  `id` mediumint(9) NOT NULL auto_increment,
  `repository` varchar(64) character set utf8 collate utf8_bin NOT NULL default '',
  PRIMARY KEY  (`id`),
  UNIQUE KEY `repository` (`repository`)
) ENGINE=MyISAM DEFAULT CHARSET=utf8;
/*!40101 SET character_set_client = @saved_cs_client */;

--
-- Dumping data for table `cvs_repositories`
--

LOCK TABLES `cvs_repositories` WRITE;
/*!40000 ALTER TABLE `cvs_repositories` DISABLE KEYS */;
/*!40000 ALTER TABLE `cvs_repositories` ENABLE KEYS */;
UNLOCK TABLES;

--
-- Table structure for table `cvs_tags`
--

DROP TABLE IF EXISTS `cvs_tags`;
/*!40101 SET @saved_cs_client     = @@character_set_client */;
/*!40101 SET character_set_client = utf8 */;
CREATE TABLE `cvs_tags` (
  `repositoryid` mediumint(9) NOT NULL default '0',
  `branchid` mediumint(9) NOT NULL default '0',
  `dirid` mediumint(9) NOT NULL default '0',
  `fileid` mediumint(9) NOT NULL default '0',
  `revision` varchar(32) character set utf8 collate utf8_bin NOT NULL default '',
  KEY `repositoryid_2` (`repositoryid`),
  KEY `dirid` (`dirid`),
  KEY `fileid` (`fileid`),
  KEY `branchid` (`branchid`)
) ENGINE=MyISAM DEFAULT CHARSET=utf8;
/*!40101 SET character_set_client = @saved_cs_client */;

--
-- Dumping data for table `cvs_tags`
--

LOCK TABLES `cvs_tags` WRITE;
/*!40000 ALTER TABLE `cvs_tags` DISABLE KEYS */;
/*!40000 ALTER TABLE `cvs_tags` ENABLE KEYS */;
UNLOCK TABLES;

--
-- Table structure for table `db_images`
--

DROP TABLE IF EXISTS `db_images`;
/*!40101 SET @saved_cs_client     = @@character_set_client */;
/*!40101 SET character_set_client = utf8 */;
CREATE TABLE `db_images` (
  `id` int(11) NOT NULL auto_increment,
  `group_id` int(11) NOT NULL default '0',
  `description` text NOT NULL,
  `bin_data` longblob NOT NULL,
  `filename` text NOT NULL,
  `filesize` int(11) NOT NULL default '0',
  `filetype` text NOT NULL,
  `width` int(11) NOT NULL default '0',
  `height` int(11) NOT NULL default '0',
  PRIMARY KEY  (`id`),
  KEY `idx_db_images_group` (`group_id`)
) ENGINE=MyISAM DEFAULT CHARSET=utf8;
/*!40101 SET character_set_client = @saved_cs_client */;

--
-- Dumping data for table `db_images`
--

LOCK TABLES `db_images` WRITE;
/*!40000 ALTER TABLE `db_images` DISABLE KEYS */;
/*!40000 ALTER TABLE `db_images` ENABLE KEYS */;
UNLOCK TABLES;

--
-- Table structure for table `doc_data`
--

DROP TABLE IF EXISTS `doc_data`;
/*!40101 SET @saved_cs_client     = @@character_set_client */;
/*!40101 SET character_set_client = utf8 */;
CREATE TABLE `doc_data` (
  `docid` int(11) NOT NULL auto_increment,
  `title` varchar(255) NOT NULL default '',
  `data` longblob NOT NULL,
  `updatedate` int(11) NOT NULL default '0',
  `createdate` int(11) NOT NULL default '0',
  `created_by` int(11) NOT NULL default '0',
  `doc_group` int(11) NOT NULL default '0',
  `rank` int(11) NOT NULL default '0',
  `description` text,
  `filename` text,
  `filesize` int(10) unsigned NOT NULL default '0',
  `filetype` text,
  PRIMARY KEY  (`docid`),
  KEY `idx_doc_group_doc_group` (`doc_group`)
) ENGINE=MyISAM DEFAULT CHARSET=utf8;
/*!40101 SET character_set_client = @saved_cs_client */;

--
-- Dumping data for table `doc_data`
--

LOCK TABLES `doc_data` WRITE;
/*!40000 ALTER TABLE `doc_data` DISABLE KEYS */;
/*!40000 ALTER TABLE `doc_data` ENABLE KEYS */;
UNLOCK TABLES;

--
-- Table structure for table `doc_groups`
--

DROP TABLE IF EXISTS `doc_groups`;
/*!40101 SET @saved_cs_client     = @@character_set_client */;
/*!40101 SET character_set_client = utf8 */;
CREATE TABLE `doc_groups` (
  `doc_group` int(12) NOT NULL auto_increment,
  `groupname` varchar(255) NOT NULL default '',
  `group_rank` int(11) NOT NULL default '0',
  `group_id` int(11) NOT NULL default '0',
  PRIMARY KEY  (`doc_group`),
  KEY `idx_doc_groups_group` (`group_id`)
) ENGINE=MyISAM AUTO_INCREMENT=3 DEFAULT CHARSET=utf8;
/*!40101 SET character_set_client = @saved_cs_client */;

--
-- Dumping data for table `doc_groups`
--

LOCK TABLES `doc_groups` WRITE;
/*!40000 ALTER TABLE `doc_groups` DISABLE KEYS */;
INSERT INTO `doc_groups` VALUES (1,'Documents',10,101),(2,'Documents',10,102);
/*!40000 ALTER TABLE `doc_groups` ENABLE KEYS */;
UNLOCK TABLES;

--
-- Table structure for table `doc_log`
--

DROP TABLE IF EXISTS `doc_log`;
/*!40101 SET @saved_cs_client     = @@character_set_client */;
/*!40101 SET character_set_client = utf8 */;
CREATE TABLE `doc_log` (
  `user_id` int(11) NOT NULL default '0',
  `docid` int(11) NOT NULL default '0',
  `time` int(11) NOT NULL default '0',
  KEY `all_idx` (`user_id`,`docid`),
  KEY `time_idx` (`time`),
  KEY `docid_idx` (`docid`)
) ENGINE=MyISAM DEFAULT CHARSET=utf8;
/*!40101 SET character_set_client = @saved_cs_client */;

--
-- Dumping data for table `doc_log`
--

LOCK TABLES `doc_log` WRITE;
/*!40000 ALTER TABLE `doc_log` DISABLE KEYS */;
/*!40000 ALTER TABLE `doc_log` ENABLE KEYS */;
UNLOCK TABLES;

--
-- Table structure for table `feedback`
--

DROP TABLE IF EXISTS `feedback`;
/*!40101 SET @saved_cs_client     = @@character_set_client */;
/*!40101 SET character_set_client = utf8 */;
CREATE TABLE `feedback` (
  `session_hash` char(32) NOT NULL,
  `feedback` text NOT NULL,
  `created_at` datetime NOT NULL,
  PRIMARY KEY  (`session_hash`)
) ENGINE=MyISAM DEFAULT CHARSET=utf8;
/*!40101 SET character_set_client = @saved_cs_client */;

--
-- Dumping data for table `feedback`
--

LOCK TABLES `feedback` WRITE;
/*!40000 ALTER TABLE `feedback` DISABLE KEYS */;
/*!40000 ALTER TABLE `feedback` ENABLE KEYS */;
UNLOCK TABLES;

--
-- Table structure for table `filedownload_log`
--

DROP TABLE IF EXISTS `filedownload_log`;
/*!40101 SET @saved_cs_client     = @@character_set_client */;
/*!40101 SET character_set_client = utf8 */;
CREATE TABLE `filedownload_log` (
  `user_id` int(11) NOT NULL default '0',
  `filerelease_id` int(11) NOT NULL default '0',
  `time` int(11) NOT NULL default '0',
  KEY `all_idx` (`user_id`,`filerelease_id`),
  KEY `time_idx` (`time`),
  KEY `filerelease_id_idx` (`filerelease_id`)
) ENGINE=MyISAM DEFAULT CHARSET=utf8;
/*!40101 SET character_set_client = @saved_cs_client */;

--
-- Dumping data for table `filedownload_log`
--

LOCK TABLES `filedownload_log` WRITE;
/*!40000 ALTER TABLE `filedownload_log` DISABLE KEYS */;
/*!40000 ALTER TABLE `filedownload_log` ENABLE KEYS */;
UNLOCK TABLES;

--
-- Table structure for table `filemodule`
--

DROP TABLE IF EXISTS `filemodule`;
/*!40101 SET @saved_cs_client     = @@character_set_client */;
/*!40101 SET character_set_client = utf8 */;
CREATE TABLE `filemodule` (
  `filemodule_id` int(11) NOT NULL auto_increment,
  `group_id` int(11) NOT NULL default '0',
  `module_name` varchar(40) default NULL,
  `recent_filerelease` varchar(20) NOT NULL default '',
  PRIMARY KEY  (`filemodule_id`),
  KEY `idx_filemodule_group_id` (`group_id`)
) ENGINE=MyISAM AUTO_INCREMENT=3 DEFAULT CHARSET=utf8;
/*!40101 SET character_set_client = @saved_cs_client */;

--
-- Dumping data for table `filemodule`
--

LOCK TABLES `filemodule` WRITE;
/*!40000 ALTER TABLE `filemodule` DISABLE KEYS */;
INSERT INTO `filemodule` VALUES (1,101,'nty',''),(2,102,'garden','');
/*!40000 ALTER TABLE `filemodule` ENABLE KEYS */;
UNLOCK TABLES;

--
-- Table structure for table `filemodule_monitor`
--

DROP TABLE IF EXISTS `filemodule_monitor`;
/*!40101 SET @saved_cs_client     = @@character_set_client */;
/*!40101 SET character_set_client = utf8 */;
CREATE TABLE `filemodule_monitor` (
  `filemodule_id` int(11) NOT NULL default '0',
  `user_id` int(11) NOT NULL default '0',
  KEY `idx_filemodule_monitor_id` (`filemodule_id`)
) ENGINE=MyISAM DEFAULT CHARSET=utf8;
/*!40101 SET character_set_client = @saved_cs_client */;

--
-- Dumping data for table `filemodule_monitor`
--

LOCK TABLES `filemodule_monitor` WRITE;
/*!40000 ALTER TABLE `filemodule_monitor` DISABLE KEYS */;
/*!40000 ALTER TABLE `filemodule_monitor` ENABLE KEYS */;
UNLOCK TABLES;

--
-- Table structure for table `filerelease`
--

DROP TABLE IF EXISTS `filerelease`;
/*!40101 SET @saved_cs_client     = @@character_set_client */;
/*!40101 SET character_set_client = utf8 */;
CREATE TABLE `filerelease` (
  `filerelease_id` int(11) NOT NULL auto_increment,
  `group_id` int(11) NOT NULL default '0',
  `user_id` int(11) NOT NULL default '0',
  `unix_box` varchar(20) NOT NULL default 'remission',
  `unix_partition` int(11) NOT NULL default '0',
  `text_notes` text,
  `text_changes` text,
  `release_version` varchar(20) default NULL,
  `filename` varchar(80) default NULL,
  `filemodule_id` int(11) NOT NULL default '0',
  `file_type` varchar(50) default NULL,
  `release_time` int(11) NOT NULL default '0',
  `downloads` int(11) NOT NULL default '0',
  `file_size` int(11) default NULL,
  `post_time` int(11) NOT NULL default '0',
  `text_format` int(11) NOT NULL default '0',
  `downloads_week` int(11) NOT NULL default '0',
  `status` char(1) NOT NULL default 'N',
  `old_filename` varchar(80) NOT NULL default '',
  PRIMARY KEY  (`filerelease_id`),
  KEY `group_id_idx` (`group_id`),
  KEY `user_id_idx` (`user_id`),
  KEY `unix_box_idx` (`unix_box`),
  KEY `post_time_idx` (`post_time`),
  KEY `idx_release_time` (`release_time`)
) ENGINE=MyISAM DEFAULT CHARSET=utf8;
/*!40101 SET character_set_client = @saved_cs_client */;

--
-- Dumping data for table `filerelease`
--

LOCK TABLES `filerelease` WRITE;
/*!40000 ALTER TABLE `filerelease` DISABLE KEYS */;
/*!40000 ALTER TABLE `filerelease` ENABLE KEYS */;
UNLOCK TABLES;

--
-- Table structure for table `forge_upgrade_bucket`
--

DROP TABLE IF EXISTS `forge_upgrade_bucket`;
/*!40101 SET @saved_cs_client     = @@character_set_client */;
/*!40101 SET character_set_client = utf8 */;
CREATE TABLE `forge_upgrade_bucket` (
  `id` int(11) unsigned NOT NULL auto_increment,
  `script` varchar(255) NOT NULL default '',
  `start_date` datetime NOT NULL default '0000-00-00 00:00:00',
  `end_date` datetime NOT NULL default '0000-00-00 00:00:00',
  `status` tinyint(4) NOT NULL default '0',
  PRIMARY KEY  (`id`)
) ENGINE=InnoDB AUTO_INCREMENT=52 DEFAULT CHARSET=utf8;
/*!40101 SET character_set_client = @saved_cs_client */;

--
-- Dumping data for table `forge_upgrade_bucket`
--

LOCK TABLES `forge_upgrade_bucket` WRITE;
/*!40000 ALTER TABLE `forge_upgrade_bucket` DISABLE KEYS */;
INSERT INTO `forge_upgrade_bucket` VALUES (1,'/usr/share/codendi/src/db/mysql/updates/2010/201007220743_add_table_notification_delegation.php','2011-10-17 15:34:36','2011-10-17 15:34:36',3),(2,'/usr/share/codendi/src/db/mysql/updates/2010/201007291109_modify_pk_table_notification_delegation.php','2011-10-17 15:34:36','2011-10-17 15:34:36',3),(3,'/usr/share/codendi/src/db/mysql/updates/2010/201008200802_reduce_load_on_user_table.php','2011-10-17 15:34:36','2011-10-17 15:34:36',3),(4,'/usr/share/codendi/src/db/mysql/updates/2010/201009280731_add_table_groups_notif_delegation_message.php','2011-10-17 15:34:36','2011-10-17 15:34:36',3),(5,'/usr/share/codendi/plugins/docman/db/mysql/updates/201010181624_add_table_plugin_docman_version_deleted.php','2011-10-17 15:34:36','2011-10-17 15:34:36',3),(6,'/usr/share/codendi/src/db/mysql/updates/2010/201010191436_add_table_frs_file_deleted.php','2011-10-17 15:34:36','2011-10-17 15:34:36',3),(7,'/usr/share/codendi/src/db/mysql/updates/2010/201010201546_fill_frs_file_deleted.php','2011-10-17 15:34:36','2011-10-17 15:34:36',3),(8,'/usr/share/codendi/plugins/docman/db/mysql/updates/201010201624_add_table_plugin_docman_item_deleted.php','2011-10-17 15:34:36','2011-10-17 15:34:36',3),(9,'/usr/share/codendi/src/db/mysql/updates/2010/201011230835_add_column_format_to_artifact_history.php','2011-10-17 15:34:36','2011-10-17 15:34:36',3),(10,'/usr/share/codendi/src/db/mysql/updates/2010/201012140821_improve_frs_file.php','2011-10-17 15:34:36','2011-10-17 15:34:36',3),(11,'/usr/share/codendi/src/db/mysql/updates/2010/201012240808_add_table_frs_log.php','2011-10-17 15:34:36','2011-10-17 15:34:36',3),(12,'/usr/share/codendi/src/db/mysql/updates/2011/201103081738_add_column_filepath_to_frs_file.php','2011-10-17 15:34:36','2011-10-17 15:34:36',3),(13,'/usr/share/codendi/src/db/mysql/updates/2011/201103281122_add_wiki_attachment_delete_mechanism.php','2011-10-17 15:34:36','2011-10-17 15:34:36',3),(14,'/usr/share/codendi/src/db/mysql/updates/2011/201108241423_remove_slmbug_and_story.php','2011-10-17 15:34:36','2011-10-17 15:34:36',3),(15,'/usr/share/codendi/src/db/mysql/updates/2011/201108311456_add_image_renderer.php','2011-10-17 15:34:36','2011-10-17 15:34:36',3),(16,'/usr/share/codendi/plugins/docman/db/mysql/updates/201110171036_add_docman_approval_user_index.php','2011-10-21 09:30:45','2011-10-21 09:30:45',1),(31,'/usr/share/codendi/plugins/git/db/mysql/updates/201102081526_add_table_plugin_git_post_receive_mail.php','2011-12-22 17:01:18','2011-12-22 17:01:18',1),(32,'/usr/share/codendi/plugins/git/db/mysql/updates/201102090815_add_column_repository_events_mailing_prefix.php','2011-12-22 17:01:18','2011-12-22 17:01:18',2),(33,'/usr/share/codendi/plugins/git/db/mysql/updates/201102090815_add_column_repository_events_mailing_prefix.php','2011-12-22 17:05:23','2011-12-22 17:05:23',1),(34,'/usr/share/codendi/plugins/git/updates/2011/201102091302_deploy_post_receive_to_existing_repositories.php','2011-12-22 17:05:23','2011-12-22 17:05:23',1),(35,'/usr/share/codendi/plugins/git/db/mysql/updates/201106281541_add_backend_type.php','2011-12-22 17:05:23','2011-12-22 17:05:23',1),(36,'/usr/share/codendi/plugins/git/db/mysql/updates/201107071731_add_permission_type.php','2011-12-22 17:05:23','2011-12-22 17:05:23',1),(37,'/usr/share/codendi/plugins/tracker/db/mysql/updates/2011/201108311118_add_widget_renderer.php','2011-12-22 17:05:23','2011-12-22 17:05:23',1),(38,'/usr/share/codendi/plugins/tracker/db/mysql/updates/2011/201109151443_reactivate_plugin_in_templates.php','2011-12-22 17:05:23','2011-12-22 17:05:23',1),(39,'/usr/share/codendi/plugins/tracker/db/mysql/updates/2011/201110051717_add_postaction_field_date_table.php','2011-12-22 17:05:23','2011-12-22 17:05:23',1),(40,'/usr/share/codendi/src/db/mysql/updates/2011/201111021759_id_sharing.php','2011-12-22 17:05:23','2011-12-22 17:05:23',1),(41,'/usr/share/codendi/plugins/git/db/mysql/updates/201111090857_add_table_plugin_git_log.php','2011-12-22 17:05:23','2011-12-22 17:05:23',1),(42,'/usr/share/codendi/plugins/git/db/mysql/updates/201112130946_add_user_id.php','2011-12-22 17:05:23','2011-12-22 17:05:23',1),(43,'/usr/share/codendi/plugins/git/db/mysql/updates/201112150858_add_repository_scope.php','2011-12-22 17:05:23','2011-12-22 17:05:23',2),(44,'/usr/share/codendi/plugins/git/db/mysql/updates/201112150858_add_repository_scope.php','2011-12-22 17:05:46','2011-12-22 17:05:46',1),(45,'/usr/share/codendi/plugins/git/db/mysql/updates/201112151709_add_repository_namespace.php','2011-12-22 17:05:46','2011-12-22 17:05:46',2),(46,'/usr/share/codendi/plugins/git/db/mysql/updates/201112151709_add_repository_namespace.php','2011-12-22 17:06:03','2011-12-22 17:06:03',1),(47,'/usr/share/codendi/plugins/git/db/mysql/updates/201112160838_delete_user_id.php','2011-12-22 17:06:03','2011-12-22 17:06:03',1),(48,'/usr/share/codendi/src/db/mysql/updates/2012/201201181909_add_index_on_svn_commits_table.php','2012-02-01 06:00:34','2012-02-01 06:00:34',1),(49,'/usr/share/codendi/src/db/mysql/updates/2012/201201231552_add_table_soap_limits.php','2012-02-01 06:00:34','2012-02-01 06:00:34',1),(50,'/usr/share/codendi/plugins/git/db/mysql/updates/201201251529_update_push_date.php','2012-02-01 06:00:34','2012-02-01 06:00:34',1),(51,'/usr/share/codendi/plugins/tracker/db/mysql/updates/2012/201202031104_add_shared_field_columns.php','2012-02-01 06:00:34','2012-02-01 06:00:34',1);
/*!40000 ALTER TABLE `forge_upgrade_bucket` ENABLE KEYS */;
UNLOCK TABLES;

--
-- Table structure for table `forge_upgrade_log`
--

DROP TABLE IF EXISTS `forge_upgrade_log`;
/*!40101 SET @saved_cs_client     = @@character_set_client */;
/*!40101 SET character_set_client = utf8 */;
CREATE TABLE `forge_upgrade_log` (
  `id` int(11) unsigned NOT NULL auto_increment,
  `bucket_id` int(11) unsigned default NULL,
  `timestamp` datetime NOT NULL default '0000-00-00 00:00:00',
  `logger` varchar(64) NOT NULL default '',
  `level` varchar(32) NOT NULL default '',
  `message` text NOT NULL,
  `thread` varchar(32) NOT NULL default '',
  `file` varchar(255) NOT NULL default '',
  `line` int(11) NOT NULL default '0',
  PRIMARY KEY  (`id`),
  KEY `bucket_id` (`bucket_id`),
  CONSTRAINT `forge_upgrade_log_ibfk_1` FOREIGN KEY (`bucket_id`) REFERENCES `forge_upgrade_bucket` (`id`) ON DELETE CASCADE
) ENGINE=InnoDB AUTO_INCREMENT=89 DEFAULT CHARSET=utf8;
/*!40101 SET character_set_client = @saved_cs_client */;

--
-- Dumping data for table `forge_upgrade_log`
--

LOCK TABLES `forge_upgrade_log` WRITE;
/*!40000 ALTER TABLE `forge_upgrade_log` DISABLE KEYS */;
INSERT INTO `forge_upgrade_log` VALUES (1,16,'2011-10-21 09:30:45','ForgeUpgrade','INFO','Processing b201110171036_add_docman_approval_user_index','11571','/usr/share/forgeupgrade/src/ForgeUpgrade.php',293),(2,16,'2011-10-21 09:30:45','ForgeUpgrade','INFO','PreUp OK','11571','/usr/share/forgeupgrade/src/ForgeUpgrade.php',297),(3,16,'2011-10-21 09:30:45','ForgeUpgrade','INFO','Up OK','11571','/usr/share/forgeupgrade/src/ForgeUpgrade.php',301),(4,16,'2011-10-21 09:30:45','ForgeUpgrade','INFO','PostUp OK','11571','/usr/share/forgeupgrade/src/ForgeUpgrade.php',304),(5,31,'2011-12-22 17:01:18','ForgeUpgrade','INFO','Processing b201102081526_add_table_plugin_git_post_receive_mail','20735','/usr/share/forgeupgrade/src/ForgeUpgrade.php',293),(6,31,'2011-12-22 17:01:18','ForgeUpgrade','INFO','PreUp OK','20735','/usr/share/forgeupgrade/src/ForgeUpgrade.php',297),(7,31,'2011-12-22 17:01:18','ForgeUpgrade','INFO','Up OK','20735','/usr/share/forgeupgrade/src/ForgeUpgrade.php',301),(8,31,'2011-12-22 17:01:18','ForgeUpgrade','INFO','PostUp OK','20735','/usr/share/forgeupgrade/src/ForgeUpgrade.php',304),(9,32,'2011-12-22 17:01:18','ForgeUpgrade','INFO','Processing b201102090815_add_column_repository_events_mailing_prefix','20735','/usr/share/forgeupgrade/src/ForgeUpgrade.php',293),(10,32,'2011-12-22 17:01:18','ForgeUpgrade','INFO','PreUp OK','20735','/usr/share/forgeupgrade/src/ForgeUpgrade.php',297),(11,32,'2011-12-22 17:01:18','ForgeUpgrade','ERROR','An error occured while adding the column repository_events_mailing_prefix to the table plugin_git','20735','/usr/share/forgeupgrade/src/ForgeUpgrade.php',333),(12,33,'2011-12-22 17:05:23','ForgeUpgrade','INFO','Processing b201102090815_add_column_repository_events_mailing_prefix','20773','/usr/share/forgeupgrade/src/ForgeUpgrade.php',293),(13,33,'2011-12-22 17:05:23','ForgeUpgrade','INFO','PreUp OK','20773','/usr/share/forgeupgrade/src/ForgeUpgrade.php',297),(14,33,'2011-12-22 17:05:23','ForgeUpgrade','INFO','Up OK','20773','/usr/share/forgeupgrade/src/ForgeUpgrade.php',301),(15,33,'2011-12-22 17:05:23','ForgeUpgrade','INFO','PostUp OK','20773','/usr/share/forgeupgrade/src/ForgeUpgrade.php',304),(16,34,'2011-12-22 17:05:23','ForgeUpgrade','INFO','Processing b201102091302_deploy_post_receive_to_existing_repositories','20773','/usr/share/forgeupgrade/src/ForgeUpgrade.php',293),(17,34,'2011-12-22 17:05:23','ForgeUpgrade','INFO','PreUp OK','20773','/usr/share/forgeupgrade/src/ForgeUpgrade.php',297),(18,34,'2011-12-22 17:05:23','ForgeUpgrade_Bucket','INFO','Deploy /var/lib/codendi/gitroot/nty/hoooola.git/hooks/post-receive','20773','/usr/share/tuleap_jm1974/plugins/git/updates/2011/201102091302_deploy_post_receive_to_existing_repositories.php',33),(19,34,'2011-12-22 17:05:23','ForgeUpgrade_Bucket','INFO','Deploy /var/lib/codendi/gitroot/nty/hej.git/hooks/post-receive','20773','/usr/share/tuleap_jm1974/plugins/git/updates/2011/201102091302_deploy_post_receive_to_existing_repositories.php',33),(20,34,'2011-12-22 17:05:23','ForgeUpgrade','INFO','Up OK','20773','/usr/share/forgeupgrade/src/ForgeUpgrade.php',301),(21,34,'2011-12-22 17:05:23','ForgeUpgrade','INFO','PostUp OK','20773','/usr/share/forgeupgrade/src/ForgeUpgrade.php',304),(22,35,'2011-12-22 17:05:23','ForgeUpgrade','INFO','Processing b201106281541_add_backend_type','20773','/usr/share/forgeupgrade/src/ForgeUpgrade.php',293),(23,35,'2011-12-22 17:05:23','ForgeUpgrade','INFO','PreUp OK','20773','/usr/share/forgeupgrade/src/ForgeUpgrade.php',297),(24,35,'2011-12-22 17:05:23','ForgeUpgrade','INFO','Up OK','20773','/usr/share/forgeupgrade/src/ForgeUpgrade.php',301),(25,35,'2011-12-22 17:05:23','ForgeUpgrade','INFO','PostUp OK','20773','/usr/share/forgeupgrade/src/ForgeUpgrade.php',304),(26,36,'2011-12-22 17:05:23','ForgeUpgrade','INFO','Processing b201107071731_add_permission_type','20773','/usr/share/forgeupgrade/src/ForgeUpgrade.php',293),(27,36,'2011-12-22 17:05:23','ForgeUpgrade','INFO','PreUp OK','20773','/usr/share/forgeupgrade/src/ForgeUpgrade.php',297),(28,36,'2011-12-22 17:05:23','ForgeUpgrade','INFO','Up OK','20773','/usr/share/forgeupgrade/src/ForgeUpgrade.php',301),(29,36,'2011-12-22 17:05:23','ForgeUpgrade','INFO','PostUp OK','20773','/usr/share/forgeupgrade/src/ForgeUpgrade.php',304),(30,37,'2011-12-22 17:05:23','ForgeUpgrade','INFO','Processing b201108311118_add_widget_renderer','20773','/usr/share/forgeupgrade/src/ForgeUpgrade.php',293),(31,37,'2011-12-22 17:05:23','ForgeUpgrade','INFO','PreUp OK','20773','/usr/share/forgeupgrade/src/ForgeUpgrade.php',297),(32,37,'2011-12-22 17:05:23','ForgeUpgrade','INFO','Up OK','20773','/usr/share/forgeupgrade/src/ForgeUpgrade.php',301),(33,37,'2011-12-22 17:05:23','ForgeUpgrade','INFO','PostUp OK','20773','/usr/share/forgeupgrade/src/ForgeUpgrade.php',304),(34,38,'2011-12-22 17:05:23','ForgeUpgrade','INFO','Processing b201109151443_reactivate_plugin_in_templates','20773','/usr/share/forgeupgrade/src/ForgeUpgrade.php',293),(35,38,'2011-12-22 17:05:23','ForgeUpgrade','INFO','PreUp OK','20773','/usr/share/forgeupgrade/src/ForgeUpgrade.php',297),(36,38,'2011-12-22 17:05:23','ForgeUpgrade','INFO','Up OK','20773','/usr/share/forgeupgrade/src/ForgeUpgrade.php',301),(37,38,'2011-12-22 17:05:23','ForgeUpgrade','INFO','PostUp OK','20773','/usr/share/forgeupgrade/src/ForgeUpgrade.php',304),(38,39,'2011-12-22 17:05:23','ForgeUpgrade','INFO','Processing b201110051717_add_postaction_field_date_table','20773','/usr/share/forgeupgrade/src/ForgeUpgrade.php',293),(39,39,'2011-12-22 17:05:23','ForgeUpgrade','INFO','PreUp OK','20773','/usr/share/forgeupgrade/src/ForgeUpgrade.php',297),(40,39,'2011-12-22 17:05:23','ForgeUpgrade','INFO','Up OK','20773','/usr/share/forgeupgrade/src/ForgeUpgrade.php',301),(41,39,'2011-12-22 17:05:23','ForgeUpgrade','INFO','PostUp OK','20773','/usr/share/forgeupgrade/src/ForgeUpgrade.php',304),(42,40,'2011-12-22 17:05:23','ForgeUpgrade','INFO','Processing b201111021759_id_sharing','20773','/usr/share/forgeupgrade/src/ForgeUpgrade.php',293),(43,40,'2011-12-22 17:05:23','ForgeUpgrade','INFO','PreUp OK','20773','/usr/share/forgeupgrade/src/ForgeUpgrade.php',297),(44,40,'2011-12-22 17:05:23','ForgeUpgrade','INFO','Up OK','20773','/usr/share/forgeupgrade/src/ForgeUpgrade.php',301),(45,40,'2011-12-22 17:05:23','ForgeUpgrade','INFO','PostUp OK','20773','/usr/share/forgeupgrade/src/ForgeUpgrade.php',304),(46,41,'2011-12-22 17:05:23','ForgeUpgrade','INFO','Processing b201111090857_add_table_plugin_git_log','20773','/usr/share/forgeupgrade/src/ForgeUpgrade.php',293),(47,41,'2011-12-22 17:05:23','ForgeUpgrade','INFO','PreUp OK','20773','/usr/share/forgeupgrade/src/ForgeUpgrade.php',297),(48,41,'2011-12-22 17:05:23','ForgeUpgrade','INFO','Up OK','20773','/usr/share/forgeupgrade/src/ForgeUpgrade.php',301),(49,41,'2011-12-22 17:05:23','ForgeUpgrade','INFO','PostUp OK','20773','/usr/share/forgeupgrade/src/ForgeUpgrade.php',304),(50,42,'2011-12-22 17:05:23','ForgeUpgrade','INFO','Processing b201112130946_add_user_id','20773','/usr/share/forgeupgrade/src/ForgeUpgrade.php',293),(51,42,'2011-12-22 17:05:23','ForgeUpgrade','INFO','PreUp OK','20773','/usr/share/forgeupgrade/src/ForgeUpgrade.php',297),(52,42,'2011-12-22 17:05:23','ForgeUpgrade','INFO','Up OK','20773','/usr/share/forgeupgrade/src/ForgeUpgrade.php',301),(53,42,'2011-12-22 17:05:23','ForgeUpgrade','INFO','PostUp OK','20773','/usr/share/forgeupgrade/src/ForgeUpgrade.php',304),(54,43,'2011-12-22 17:05:23','ForgeUpgrade','INFO','Processing b201112150858_add_repository_scope','20773','/usr/share/forgeupgrade/src/ForgeUpgrade.php',293),(55,43,'2011-12-22 17:05:23','ForgeUpgrade','INFO','PreUp OK','20773','/usr/share/forgeupgrade/src/ForgeUpgrade.php',297),(56,43,'2011-12-22 17:05:23','ForgeUpgrade','ERROR','An error occured while adding the column repository_scope to the table plugin_git','20773','/usr/share/forgeupgrade/src/ForgeUpgrade.php',333),(57,44,'2011-12-22 17:05:46','ForgeUpgrade','INFO','Processing b201112150858_add_repository_scope','20788','/usr/share/forgeupgrade/src/ForgeUpgrade.php',293),(58,44,'2011-12-22 17:05:46','ForgeUpgrade','INFO','PreUp OK','20788','/usr/share/forgeupgrade/src/ForgeUpgrade.php',297),(59,44,'2011-12-22 17:05:46','ForgeUpgrade','INFO','Up OK','20788','/usr/share/forgeupgrade/src/ForgeUpgrade.php',301),(60,44,'2011-12-22 17:05:46','ForgeUpgrade','INFO','PostUp OK','20788','/usr/share/forgeupgrade/src/ForgeUpgrade.php',304),(61,45,'2011-12-22 17:05:46','ForgeUpgrade','INFO','Processing b201112151709_add_repository_namespace','20788','/usr/share/forgeupgrade/src/ForgeUpgrade.php',293),(62,45,'2011-12-22 17:05:46','ForgeUpgrade','INFO','PreUp OK','20788','/usr/share/forgeupgrade/src/ForgeUpgrade.php',297),(63,45,'2011-12-22 17:05:46','ForgeUpgrade','ERROR','An error occured while adding the column repository_namespace to the table plugin_git','20788','/usr/share/forgeupgrade/src/ForgeUpgrade.php',333),(64,46,'2011-12-22 17:06:03','ForgeUpgrade','INFO','Processing b201112151709_add_repository_namespace','20794','/usr/share/forgeupgrade/src/ForgeUpgrade.php',293),(65,46,'2011-12-22 17:06:03','ForgeUpgrade','INFO','PreUp OK','20794','/usr/share/forgeupgrade/src/ForgeUpgrade.php',297),(66,46,'2011-12-22 17:06:03','ForgeUpgrade','INFO','Up OK','20794','/usr/share/forgeupgrade/src/ForgeUpgrade.php',301),(67,46,'2011-12-22 17:06:03','ForgeUpgrade','INFO','PostUp OK','20794','/usr/share/forgeupgrade/src/ForgeUpgrade.php',304),(68,47,'2011-12-22 17:06:03','ForgeUpgrade','INFO','Processing b201112160838_delete_user_id','20794','/usr/share/forgeupgrade/src/ForgeUpgrade.php',293),(69,47,'2011-12-22 17:06:03','ForgeUpgrade','INFO','PreUp OK','20794','/usr/share/forgeupgrade/src/ForgeUpgrade.php',297),(70,47,'2011-12-22 17:06:03','ForgeUpgrade','INFO','Up OK','20794','/usr/share/forgeupgrade/src/ForgeUpgrade.php',301),(71,47,'2011-12-22 17:06:03','ForgeUpgrade','INFO','PostUp OK','20794','/usr/share/forgeupgrade/src/ForgeUpgrade.php',304),(72,48,'2012-02-01 06:00:34','ForgeUpgrade','INFO','Processing b201201181909_add_index_on_svn_commits_table','2974','/usr/share/forgeupgrade/src/ForgeUpgrade.php',293),(73,48,'2012-02-01 06:00:34','ForgeUpgrade','INFO','PreUp OK','2974','/usr/share/forgeupgrade/src/ForgeUpgrade.php',297),(74,48,'2012-02-01 06:00:34','ForgeUpgrade_Bucket','WARN','Following operations might take a while, please be patient...','2974','/usr/share/tuleap_jm1974/src/db/mysql/updates/2012/201201181909_add_index_on_svn_commits_table.php',36),(75,48,'2012-02-01 06:00:34','ForgeUpgrade','INFO','Up OK','2974','/usr/share/forgeupgrade/src/ForgeUpgrade.php',301),(76,48,'2012-02-01 06:00:34','ForgeUpgrade','INFO','PostUp OK','2974','/usr/share/forgeupgrade/src/ForgeUpgrade.php',304),(77,49,'2012-02-01 06:00:34','ForgeUpgrade','INFO','Processing b201201231552_add_table_soap_limits','2974','/usr/share/forgeupgrade/src/ForgeUpgrade.php',293),(78,49,'2012-02-01 06:00:34','ForgeUpgrade','INFO','PreUp OK','2974','/usr/share/forgeupgrade/src/ForgeUpgrade.php',297),(79,49,'2012-02-01 06:00:34','ForgeUpgrade','INFO','Up OK','2974','/usr/share/forgeupgrade/src/ForgeUpgrade.php',301),(80,49,'2012-02-01 06:00:34','ForgeUpgrade','INFO','PostUp OK','2974','/usr/share/forgeupgrade/src/ForgeUpgrade.php',304),(81,50,'2012-02-01 06:00:34','ForgeUpgrade','INFO','Processing b201201251529_update_push_date','2974','/usr/share/forgeupgrade/src/ForgeUpgrade.php',293),(82,50,'2012-02-01 06:00:34','ForgeUpgrade','INFO','PreUp OK','2974','/usr/share/forgeupgrade/src/ForgeUpgrade.php',297),(83,50,'2012-02-01 06:00:34','ForgeUpgrade','INFO','Up OK','2974','/usr/share/forgeupgrade/src/ForgeUpgrade.php',301),(84,50,'2012-02-01 06:00:34','ForgeUpgrade','INFO','PostUp OK','2974','/usr/share/forgeupgrade/src/ForgeUpgrade.php',304),(85,51,'2012-02-01 06:00:34','ForgeUpgrade','INFO','Processing b201202031104_add_shared_field_columns','2974','/usr/share/forgeupgrade/src/ForgeUpgrade.php',293),(86,51,'2012-02-01 06:00:34','ForgeUpgrade','INFO','PreUp OK','2974','/usr/share/forgeupgrade/src/ForgeUpgrade.php',297),(87,51,'2012-02-01 06:00:34','ForgeUpgrade','INFO','Up OK','2974','/usr/share/forgeupgrade/src/ForgeUpgrade.php',301),(88,51,'2012-02-01 06:00:34','ForgeUpgrade','INFO','PostUp OK','2974','/usr/share/forgeupgrade/src/ForgeUpgrade.php',304);
/*!40000 ALTER TABLE `forge_upgrade_log` ENABLE KEYS */;
UNLOCK TABLES;

--
-- Table structure for table `forum`
--

DROP TABLE IF EXISTS `forum`;
/*!40101 SET @saved_cs_client     = @@character_set_client */;
/*!40101 SET character_set_client = utf8 */;
CREATE TABLE `forum` (
  `msg_id` int(11) NOT NULL auto_increment,
  `group_forum_id` int(11) NOT NULL default '0',
  `posted_by` int(11) NOT NULL default '0',
  `subject` text NOT NULL,
  `body` text NOT NULL,
  `date` int(11) NOT NULL default '0',
  `is_followup_to` int(11) NOT NULL default '0',
  `thread_id` int(11) NOT NULL default '0',
  `has_followups` int(11) default '0',
  PRIMARY KEY  (`msg_id`),
  KEY `idx_forum_group_forum_id` (`group_forum_id`),
  KEY `idx_forum_is_followup_to` (`is_followup_to`),
  KEY `idx_forum_thread_id` (`thread_id`),
  KEY `idx_forum_id_date` (`group_forum_id`,`date`),
  KEY `idx_forum_id_date_followup` (`group_forum_id`,`date`,`is_followup_to`),
  KEY `idx_forum_thread_date_followup` (`thread_id`,`date`,`is_followup_to`)
) ENGINE=MyISAM AUTO_INCREMENT=7 DEFAULT CHARSET=utf8;
/*!40101 SET character_set_client = @saved_cs_client */;

--
-- Dumping data for table `forum`
--

LOCK TABLES `forum` WRITE;
/*!40000 ALTER TABLE `forum` DISABLE KEYS */;
INSERT INTO `forum` VALUES (1,4,100,'Bienvenue sur Nicolas First Project Open Discussion','Bienvenue sur Nicolas First Project Open Discussion',1318860907,0,1,0),(2,5,100,'Bienvenue sur Nicolas First Project Help','Bienvenue sur Nicolas First Project Help',1318860907,0,2,0),(3,6,100,'Bienvenue sur Nicolas First Project Developers','Bienvenue sur Nicolas First Project Developers',1318860907,0,3,0),(4,7,100,'Bienvenue sur The Garden Project Open Discussion','Bienvenue sur The Garden Project Open Discussion',1328027982,0,4,0),(5,8,100,'Bienvenue sur The Garden Project Help','Bienvenue sur The Garden Project Help',1328027982,0,5,0),(6,9,100,'Bienvenue sur The Garden Project Developers','Bienvenue sur The Garden Project Developers',1328027982,0,6,0);
/*!40000 ALTER TABLE `forum` ENABLE KEYS */;
UNLOCK TABLES;

--
-- Table structure for table `forum_agg_msg_count`
--

DROP TABLE IF EXISTS `forum_agg_msg_count`;
/*!40101 SET @saved_cs_client     = @@character_set_client */;
/*!40101 SET character_set_client = utf8 */;
CREATE TABLE `forum_agg_msg_count` (
  `group_forum_id` int(11) NOT NULL,
  `count` int(11) NOT NULL,
  PRIMARY KEY  (`group_forum_id`)
) ENGINE=MyISAM DEFAULT CHARSET=utf8;
/*!40101 SET character_set_client = @saved_cs_client */;

--
-- Dumping data for table `forum_agg_msg_count`
--

LOCK TABLES `forum_agg_msg_count` WRITE;
/*!40000 ALTER TABLE `forum_agg_msg_count` DISABLE KEYS */;
INSERT INTO `forum_agg_msg_count` VALUES (4,1),(5,1),(6,1);
/*!40000 ALTER TABLE `forum_agg_msg_count` ENABLE KEYS */;
UNLOCK TABLES;

--
-- Table structure for table `forum_group_list`
--

DROP TABLE IF EXISTS `forum_group_list`;
/*!40101 SET @saved_cs_client     = @@character_set_client */;
/*!40101 SET character_set_client = utf8 */;
CREATE TABLE `forum_group_list` (
  `group_forum_id` int(11) NOT NULL auto_increment,
  `group_id` int(11) NOT NULL default '0',
  `forum_name` text NOT NULL,
  `is_public` int(11) NOT NULL default '0',
  `description` text,
  PRIMARY KEY  (`group_forum_id`),
  KEY `idx_forum_group_list_group_id` (`group_id`),
  FULLTEXT KEY `description` (`description`)
) ENGINE=MyISAM AUTO_INCREMENT=10 DEFAULT CHARSET=utf8;
/*!40101 SET character_set_client = @saved_cs_client */;

--
-- Dumping data for table `forum_group_list`
--

LOCK TABLES `forum_group_list` WRITE;
/*!40000 ALTER TABLE `forum_group_list` DISABLE KEYS */;
INSERT INTO `forum_group_list` VALUES (1,100,'Open Discussion',1,'General Discussion'),(2,100,'Help',1,'Get Help'),(3,100,'Developers',0,'Project Developer Discussion'),(4,101,'Open Discussion',1,'General Discussion'),(5,101,'Help',1,'Get Help'),(6,101,'Developers',0,'Project Developer Discussion'),(7,102,'Open Discussion',1,'General Discussion'),(8,102,'Help',1,'Get Help'),(9,102,'Developers',0,'Project Developer Discussion');
/*!40000 ALTER TABLE `forum_group_list` ENABLE KEYS */;
UNLOCK TABLES;

--
-- Table structure for table `forum_monitored_forums`
--

DROP TABLE IF EXISTS `forum_monitored_forums`;
/*!40101 SET @saved_cs_client     = @@character_set_client */;
/*!40101 SET character_set_client = utf8 */;
CREATE TABLE `forum_monitored_forums` (
  `monitor_id` int(11) NOT NULL auto_increment,
  `forum_id` int(11) NOT NULL default '0',
  `user_id` int(11) NOT NULL default '0',
  PRIMARY KEY  (`monitor_id`),
  KEY `idx_forum_monitor_thread_id` (`forum_id`),
  KEY `idx_forum_monitor_combo_id` (`forum_id`,`user_id`)
) ENGINE=MyISAM AUTO_INCREMENT=7 DEFAULT CHARSET=utf8;
/*!40101 SET character_set_client = @saved_cs_client */;

--
-- Dumping data for table `forum_monitored_forums`
--

LOCK TABLES `forum_monitored_forums` WRITE;
/*!40000 ALTER TABLE `forum_monitored_forums` DISABLE KEYS */;
INSERT INTO `forum_monitored_forums` VALUES (1,4,102),(2,5,102),(3,6,102),(4,7,106),(5,8,106),(6,9,106);
/*!40000 ALTER TABLE `forum_monitored_forums` ENABLE KEYS */;
UNLOCK TABLES;

--
-- Table structure for table `forum_monitored_threads`
--

DROP TABLE IF EXISTS `forum_monitored_threads`;
/*!40101 SET @saved_cs_client     = @@character_set_client */;
/*!40101 SET character_set_client = utf8 */;
CREATE TABLE `forum_monitored_threads` (
  `thread_monitor_id` int(11) NOT NULL auto_increment,
  `forum_id` int(11) NOT NULL default '0',
  `thread_id` int(11) NOT NULL default '0',
  `user_id` int(11) NOT NULL default '0',
  PRIMARY KEY  (`thread_monitor_id`)
) ENGINE=MyISAM DEFAULT CHARSET=utf8;
/*!40101 SET character_set_client = @saved_cs_client */;

--
-- Dumping data for table `forum_monitored_threads`
--

LOCK TABLES `forum_monitored_threads` WRITE;
/*!40000 ALTER TABLE `forum_monitored_threads` DISABLE KEYS */;
/*!40000 ALTER TABLE `forum_monitored_threads` ENABLE KEYS */;
UNLOCK TABLES;

--
-- Table structure for table `forum_saved_place`
--

DROP TABLE IF EXISTS `forum_saved_place`;
/*!40101 SET @saved_cs_client     = @@character_set_client */;
/*!40101 SET character_set_client = utf8 */;
CREATE TABLE `forum_saved_place` (
  `saved_place_id` int(11) NOT NULL auto_increment,
  `user_id` int(11) NOT NULL default '0',
  `forum_id` int(11) NOT NULL default '0',
  `save_date` int(11) NOT NULL default '0',
  PRIMARY KEY  (`saved_place_id`)
) ENGINE=MyISAM DEFAULT CHARSET=utf8;
/*!40101 SET character_set_client = @saved_cs_client */;

--
-- Dumping data for table `forum_saved_place`
--

LOCK TABLES `forum_saved_place` WRITE;
/*!40000 ALTER TABLE `forum_saved_place` DISABLE KEYS */;
/*!40000 ALTER TABLE `forum_saved_place` ENABLE KEYS */;
UNLOCK TABLES;

--
-- Table structure for table `forum_thread_id`
--

DROP TABLE IF EXISTS `forum_thread_id`;
/*!40101 SET @saved_cs_client     = @@character_set_client */;
/*!40101 SET character_set_client = utf8 */;
CREATE TABLE `forum_thread_id` (
  `thread_id` int(11) NOT NULL auto_increment,
  PRIMARY KEY  (`thread_id`)
) ENGINE=MyISAM AUTO_INCREMENT=7 DEFAULT CHARSET=utf8;
/*!40101 SET character_set_client = @saved_cs_client */;

--
-- Dumping data for table `forum_thread_id`
--

LOCK TABLES `forum_thread_id` WRITE;
/*!40000 ALTER TABLE `forum_thread_id` DISABLE KEYS */;
INSERT INTO `forum_thread_id` VALUES (1),(2),(3),(4),(5),(6);
/*!40000 ALTER TABLE `forum_thread_id` ENABLE KEYS */;
UNLOCK TABLES;

--
-- Table structure for table `frs_dlstats_agg`
--

DROP TABLE IF EXISTS `frs_dlstats_agg`;
/*!40101 SET @saved_cs_client     = @@character_set_client */;
/*!40101 SET character_set_client = utf8 */;
CREATE TABLE `frs_dlstats_agg` (
  `file_id` int(11) NOT NULL default '0',
  `day` int(11) NOT NULL default '0',
  `downloads_http` int(11) NOT NULL default '0',
  `downloads_ftp` int(11) NOT NULL default '0',
  KEY `file_id_idx` (`file_id`),
  KEY `day_idx` (`day`),
  KEY `downloads_http_idx` (`downloads_http`),
  KEY `downloads_ftp_idx` (`downloads_ftp`)
) ENGINE=MyISAM DEFAULT CHARSET=utf8;
/*!40101 SET character_set_client = @saved_cs_client */;

--
-- Dumping data for table `frs_dlstats_agg`
--

LOCK TABLES `frs_dlstats_agg` WRITE;
/*!40000 ALTER TABLE `frs_dlstats_agg` DISABLE KEYS */;
/*!40000 ALTER TABLE `frs_dlstats_agg` ENABLE KEYS */;
UNLOCK TABLES;

--
-- Table structure for table `frs_dlstats_file_agg`
--

DROP TABLE IF EXISTS `frs_dlstats_file_agg`;
/*!40101 SET @saved_cs_client     = @@character_set_client */;
/*!40101 SET character_set_client = utf8 */;
CREATE TABLE `frs_dlstats_file_agg` (
  `file_id` int(11) NOT NULL default '0',
  `day` int(11) NOT NULL default '0',
  `downloads` int(11) NOT NULL default '0',
  KEY `idx_dlstats_file_file_id` (`file_id`),
  KEY `idx_dlstats_file_day` (`day`),
  KEY `idx_dlstats_file_down` (`downloads`)
) ENGINE=MyISAM DEFAULT CHARSET=utf8;
/*!40101 SET character_set_client = @saved_cs_client */;

--
-- Dumping data for table `frs_dlstats_file_agg`
--

LOCK TABLES `frs_dlstats_file_agg` WRITE;
/*!40000 ALTER TABLE `frs_dlstats_file_agg` DISABLE KEYS */;
INSERT INTO `frs_dlstats_file_agg` VALUES (0,20111016,0),(0,20111017,0),(0,20111018,0),(0,20111019,0),(0,20111220,0);
/*!40000 ALTER TABLE `frs_dlstats_file_agg` ENABLE KEYS */;
UNLOCK TABLES;

--
-- Table structure for table `frs_dlstats_filetotal_agg`
--

DROP TABLE IF EXISTS `frs_dlstats_filetotal_agg`;
/*!40101 SET @saved_cs_client     = @@character_set_client */;
/*!40101 SET character_set_client = utf8 */;
CREATE TABLE `frs_dlstats_filetotal_agg` (
  `file_id` int(11) NOT NULL default '0',
  `downloads` int(11) NOT NULL default '0',
  KEY `idx_stats_agr_tmp_fid` (`file_id`)
) ENGINE=MyISAM DEFAULT CHARSET=utf8;
/*!40101 SET character_set_client = @saved_cs_client */;

--
-- Dumping data for table `frs_dlstats_filetotal_agg`
--

LOCK TABLES `frs_dlstats_filetotal_agg` WRITE;
/*!40000 ALTER TABLE `frs_dlstats_filetotal_agg` DISABLE KEYS */;
/*!40000 ALTER TABLE `frs_dlstats_filetotal_agg` ENABLE KEYS */;
UNLOCK TABLES;

--
-- Table structure for table `frs_dlstats_group_agg`
--

DROP TABLE IF EXISTS `frs_dlstats_group_agg`;
/*!40101 SET @saved_cs_client     = @@character_set_client */;
/*!40101 SET character_set_client = utf8 */;
CREATE TABLE `frs_dlstats_group_agg` (
  `group_id` int(11) NOT NULL default '0',
  `day` int(11) NOT NULL default '0',
  `downloads` int(11) NOT NULL default '0',
  KEY `group_id_idx` (`group_id`),
  KEY `day_idx` (`day`),
  KEY `downloads_idx` (`downloads`)
) ENGINE=MyISAM DEFAULT CHARSET=utf8;
/*!40101 SET character_set_client = @saved_cs_client */;

--
-- Dumping data for table `frs_dlstats_group_agg`
--

LOCK TABLES `frs_dlstats_group_agg` WRITE;
/*!40000 ALTER TABLE `frs_dlstats_group_agg` DISABLE KEYS */;
/*!40000 ALTER TABLE `frs_dlstats_group_agg` ENABLE KEYS */;
UNLOCK TABLES;

--
-- Table structure for table `frs_dlstats_grouptotal_agg`
--

DROP TABLE IF EXISTS `frs_dlstats_grouptotal_agg`;
/*!40101 SET @saved_cs_client     = @@character_set_client */;
/*!40101 SET character_set_client = utf8 */;
CREATE TABLE `frs_dlstats_grouptotal_agg` (
  `group_id` int(11) NOT NULL default '0',
  `downloads` int(11) NOT NULL default '0',
  KEY `idx_stats_agr_tmp_gid` (`group_id`)
) ENGINE=MyISAM DEFAULT CHARSET=utf8;
/*!40101 SET character_set_client = @saved_cs_client */;

--
-- Dumping data for table `frs_dlstats_grouptotal_agg`
--

LOCK TABLES `frs_dlstats_grouptotal_agg` WRITE;
/*!40000 ALTER TABLE `frs_dlstats_grouptotal_agg` DISABLE KEYS */;
INSERT INTO `frs_dlstats_grouptotal_agg` VALUES (1,0),(46,0),(99,0),(101,0);
/*!40000 ALTER TABLE `frs_dlstats_grouptotal_agg` ENABLE KEYS */;
UNLOCK TABLES;

--
-- Table structure for table `frs_file`
--

DROP TABLE IF EXISTS `frs_file`;
/*!40101 SET @saved_cs_client     = @@character_set_client */;
/*!40101 SET character_set_client = utf8 */;
CREATE TABLE `frs_file` (
  `file_id` int(11) NOT NULL auto_increment,
  `filename` text,
  `filepath` varchar(255) default NULL,
  `release_id` int(11) NOT NULL default '0',
  `type_id` int(11) NOT NULL default '0',
  `processor_id` int(11) NOT NULL default '0',
  `release_time` int(11) NOT NULL default '0',
  `file_size` bigint(20) NOT NULL default '0',
  `post_date` int(11) NOT NULL default '0',
  `status` char(1) NOT NULL default 'A',
  `computed_md5` varchar(32) default NULL,
  `reference_md5` varchar(32) default NULL,
  `user_id` int(11) default NULL,
  PRIMARY KEY  (`file_id`),
  KEY `idx_frs_file_release_id` (`release_id`),
  KEY `idx_frs_file_type` (`type_id`),
  KEY `idx_frs_file_date` (`post_date`),
  KEY `idx_frs_file_processor` (`processor_id`),
  KEY `idx_frs_file_name` (`filename`(45))
) ENGINE=MyISAM DEFAULT CHARSET=utf8;
/*!40101 SET character_set_client = @saved_cs_client */;

--
-- Dumping data for table `frs_file`
--

LOCK TABLES `frs_file` WRITE;
/*!40000 ALTER TABLE `frs_file` DISABLE KEYS */;
/*!40000 ALTER TABLE `frs_file` ENABLE KEYS */;
UNLOCK TABLES;

--
-- Table structure for table `frs_file_deleted`
--

DROP TABLE IF EXISTS `frs_file_deleted`;
/*!40101 SET @saved_cs_client     = @@character_set_client */;
/*!40101 SET character_set_client = utf8 */;
CREATE TABLE `frs_file_deleted` (
  `file_id` int(11) NOT NULL,
  `filename` text,
  `filepath` varchar(255) default NULL,
  `release_id` int(11) NOT NULL default '0',
  `type_id` int(11) NOT NULL default '0',
  `processor_id` int(11) NOT NULL default '0',
  `release_time` int(11) NOT NULL default '0',
  `file_size` bigint(20) NOT NULL default '0',
  `post_date` int(11) NOT NULL default '0',
  `status` char(1) NOT NULL default 'A',
  `computed_md5` varchar(32) default NULL,
  `reference_md5` varchar(32) default NULL,
  `user_id` int(11) default NULL,
  `delete_date` int(11) unsigned default NULL,
  `purge_date` int(11) unsigned default NULL,
  PRIMARY KEY  (`file_id`),
  KEY `idx_delete_date` (`delete_date`),
  KEY `idx_purge_date` (`purge_date`)
) ENGINE=MyISAM DEFAULT CHARSET=utf8;
/*!40101 SET character_set_client = @saved_cs_client */;

--
-- Dumping data for table `frs_file_deleted`
--

LOCK TABLES `frs_file_deleted` WRITE;
/*!40000 ALTER TABLE `frs_file_deleted` DISABLE KEYS */;
/*!40000 ALTER TABLE `frs_file_deleted` ENABLE KEYS */;
UNLOCK TABLES;

--
-- Table structure for table `frs_filetype`
--

DROP TABLE IF EXISTS `frs_filetype`;
/*!40101 SET @saved_cs_client     = @@character_set_client */;
/*!40101 SET character_set_client = utf8 */;
CREATE TABLE `frs_filetype` (
  `type_id` int(11) NOT NULL auto_increment,
  `name` text,
  PRIMARY KEY  (`type_id`)
) ENGINE=MyISAM AUTO_INCREMENT=10000 DEFAULT CHARSET=utf8;
/*!40101 SET character_set_client = @saved_cs_client */;

--
-- Dumping data for table `frs_filetype`
--

LOCK TABLES `frs_filetype` WRITE;
/*!40000 ALTER TABLE `frs_filetype` DISABLE KEYS */;
INSERT INTO `frs_filetype` VALUES (2000,'Binary .rpm'),(2100,'Binary .deb'),(3000,'Binary .zip'),(3001,'Binary .bz2'),(3002,'Binary .gz'),(3020,'Binary .tar.gz, .tgz'),(3100,'Binary .jar'),(3150,'Binary installer'),(3900,'Other Binary File'),(4000,'Source .rpm'),(5000,'Source .zip'),(5001,'Source .bz2'),(5002,'Source .gz'),(5020,'Source .tar.gz, .tgz'),(5900,'Other Source File'),(8000,'.Documentation (any format)'),(8001,'text'),(8002,'html'),(8003,'pdf'),(9999,'Other');
/*!40000 ALTER TABLE `frs_filetype` ENABLE KEYS */;
UNLOCK TABLES;

--
-- Table structure for table `frs_log`
--

DROP TABLE IF EXISTS `frs_log`;
/*!40101 SET @saved_cs_client     = @@character_set_client */;
/*!40101 SET character_set_client = utf8 */;
CREATE TABLE `frs_log` (
  `log_id` int(11) NOT NULL auto_increment,
  `time` int(11) NOT NULL default '0',
  `user_id` int(11) NOT NULL default '0',
  `group_id` int(11) NOT NULL default '0',
  `item_id` int(11) NOT NULL,
  `action_id` int(11) NOT NULL,
  PRIMARY KEY  (`log_id`),
  KEY `idx_frs_log_group_item` (`group_id`,`item_id`)
) ENGINE=MyISAM DEFAULT CHARSET=utf8;
/*!40101 SET character_set_client = @saved_cs_client */;

--
-- Dumping data for table `frs_log`
--

LOCK TABLES `frs_log` WRITE;
/*!40000 ALTER TABLE `frs_log` DISABLE KEYS */;
/*!40000 ALTER TABLE `frs_log` ENABLE KEYS */;
UNLOCK TABLES;

--
-- Table structure for table `frs_package`
--

DROP TABLE IF EXISTS `frs_package`;
/*!40101 SET @saved_cs_client     = @@character_set_client */;
/*!40101 SET character_set_client = utf8 */;
CREATE TABLE `frs_package` (
  `package_id` int(11) NOT NULL auto_increment,
  `group_id` int(11) NOT NULL default '0',
  `name` text,
  `status_id` int(11) NOT NULL default '0',
  `rank` int(11) NOT NULL default '0',
  `approve_license` tinyint(1) NOT NULL default '1',
  PRIMARY KEY  (`package_id`),
  KEY `idx_package_group_id` (`group_id`)
) ENGINE=MyISAM DEFAULT CHARSET=utf8;
/*!40101 SET character_set_client = @saved_cs_client */;

--
-- Dumping data for table `frs_package`
--

LOCK TABLES `frs_package` WRITE;
/*!40000 ALTER TABLE `frs_package` DISABLE KEYS */;
/*!40000 ALTER TABLE `frs_package` ENABLE KEYS */;
UNLOCK TABLES;

--
-- Table structure for table `frs_processor`
--

DROP TABLE IF EXISTS `frs_processor`;
/*!40101 SET @saved_cs_client     = @@character_set_client */;
/*!40101 SET character_set_client = utf8 */;
CREATE TABLE `frs_processor` (
  `processor_id` int(11) NOT NULL auto_increment,
  `name` text,
  `rank` int(11) NOT NULL default '0',
  `group_id` int(11) NOT NULL default '0',
  PRIMARY KEY  (`processor_id`)
) ENGINE=MyISAM AUTO_INCREMENT=10000 DEFAULT CHARSET=utf8;
/*!40101 SET character_set_client = @saved_cs_client */;

--
-- Dumping data for table `frs_processor`
--

LOCK TABLES `frs_processor` WRITE;
/*!40000 ALTER TABLE `frs_processor` DISABLE KEYS */;
INSERT INTO `frs_processor` VALUES (1000,'i386',10,100),(1500,'x86_64',15,100),(2000,'PPC',20,100),(3000,'MIPS',30,100),(4000,'Sparc',40,100),(5000,'UltraSparc',50,100),(6000,'IA64',60,100),(7000,'Alpha',70,100),(8000,'Any',80,100),(9999,'Other',90,100);
/*!40000 ALTER TABLE `frs_processor` ENABLE KEYS */;
UNLOCK TABLES;

--
-- Table structure for table `frs_release`
--

DROP TABLE IF EXISTS `frs_release`;
/*!40101 SET @saved_cs_client     = @@character_set_client */;
/*!40101 SET character_set_client = utf8 */;
CREATE TABLE `frs_release` (
  `release_id` int(11) NOT NULL auto_increment,
  `package_id` int(11) NOT NULL default '0',
  `name` text,
  `notes` text,
  `changes` text,
  `status_id` int(11) NOT NULL default '0',
  `preformatted` int(11) NOT NULL default '0',
  `release_date` int(11) NOT NULL default '0',
  `released_by` int(11) NOT NULL default '0',
  PRIMARY KEY  (`release_id`),
  KEY `idx_frs_release_by` (`released_by`),
  KEY `idx_frs_release_date` (`release_date`),
  KEY `idx_frs_release_package` (`package_id`)
) ENGINE=MyISAM DEFAULT CHARSET=utf8;
/*!40101 SET character_set_client = @saved_cs_client */;

--
-- Dumping data for table `frs_release`
--

LOCK TABLES `frs_release` WRITE;
/*!40000 ALTER TABLE `frs_release` DISABLE KEYS */;
/*!40000 ALTER TABLE `frs_release` ENABLE KEYS */;
UNLOCK TABLES;

--
-- Table structure for table `group_cvs_full_history`
--

DROP TABLE IF EXISTS `group_cvs_full_history`;
/*!40101 SET @saved_cs_client     = @@character_set_client */;
/*!40101 SET character_set_client = utf8 */;
CREATE TABLE `group_cvs_full_history` (
  `group_id` int(11) NOT NULL default '0',
  `user_id` int(11) NOT NULL default '0',
  `day` int(11) NOT NULL default '0',
  `cvs_commits` int(11) NOT NULL default '0',
  `cvs_adds` int(11) NOT NULL default '0',
  `cvs_checkouts` int(11) NOT NULL default '0',
  `cvs_browse` int(11) NOT NULL default '0',
  KEY `group_id_idx` (`group_id`),
  KEY `user_id_idx` (`user_id`),
  KEY `day_idx` (`day`)
) ENGINE=MyISAM DEFAULT CHARSET=utf8;
/*!40101 SET character_set_client = @saved_cs_client */;

--
-- Dumping data for table `group_cvs_full_history`
--

LOCK TABLES `group_cvs_full_history` WRITE;
/*!40000 ALTER TABLE `group_cvs_full_history` DISABLE KEYS */;
/*!40000 ALTER TABLE `group_cvs_full_history` ENABLE KEYS */;
UNLOCK TABLES;

--
-- Table structure for table `group_cvs_history`
--

DROP TABLE IF EXISTS `group_cvs_history`;
/*!40101 SET @saved_cs_client     = @@character_set_client */;
/*!40101 SET character_set_client = utf8 */;
CREATE TABLE `group_cvs_history` (
  `group_id` int(11) NOT NULL default '0',
  `user_name` varchar(80) NOT NULL default '',
  `cvs_commits` int(11) NOT NULL default '0',
  `cvs_commits_wk` int(11) NOT NULL default '0',
  `cvs_adds` int(11) NOT NULL default '0',
  `cvs_adds_wk` int(11) NOT NULL default '0',
  KEY `group_id_idx` (`group_id`),
  KEY `user_name_idx` (`user_name`)
) ENGINE=MyISAM DEFAULT CHARSET=utf8;
/*!40101 SET character_set_client = @saved_cs_client */;

--
-- Dumping data for table `group_cvs_history`
--

LOCK TABLES `group_cvs_history` WRITE;
/*!40000 ALTER TABLE `group_cvs_history` DISABLE KEYS */;
/*!40000 ALTER TABLE `group_cvs_history` ENABLE KEYS */;
UNLOCK TABLES;

--
-- Table structure for table `group_desc`
--

DROP TABLE IF EXISTS `group_desc`;
/*!40101 SET @saved_cs_client     = @@character_set_client */;
/*!40101 SET character_set_client = utf8 */;
CREATE TABLE `group_desc` (
  `group_desc_id` int(11) NOT NULL auto_increment,
  `desc_required` tinyint(1) NOT NULL default '0',
  `desc_name` varchar(255) NOT NULL,
  `desc_description` text,
  `desc_rank` int(11) NOT NULL default '0',
  `desc_type` enum('line','text') NOT NULL default 'text',
  PRIMARY KEY  (`group_desc_id`),
  UNIQUE KEY `desc_name` (`desc_name`)
) ENGINE=MyISAM AUTO_INCREMENT=105 DEFAULT CHARSET=utf8;
/*!40101 SET character_set_client = @saved_cs_client */;

--
-- Dumping data for table `group_desc`
--

LOCK TABLES `group_desc` WRITE;
/*!40000 ALTER TABLE `group_desc` DISABLE KEYS */;
INSERT INTO `group_desc` VALUES (101,1,'project_desc_name:full_desc','project_desc_desc:full_desc',10,'text'),(104,0,'project_desc_name:other_comments','project_desc_desc:other_comments',100,'text');
/*!40000 ALTER TABLE `group_desc` ENABLE KEYS */;
UNLOCK TABLES;

--
-- Table structure for table `group_desc_value`
--

DROP TABLE IF EXISTS `group_desc_value`;
/*!40101 SET @saved_cs_client     = @@character_set_client */;
/*!40101 SET character_set_client = utf8 */;
CREATE TABLE `group_desc_value` (
  `desc_value_id` int(11) NOT NULL auto_increment,
  `group_id` int(11) NOT NULL,
  `group_desc_id` int(11) NOT NULL,
  `value` text NOT NULL,
  PRIMARY KEY  (`desc_value_id`)
) ENGINE=MyISAM AUTO_INCREMENT=3 DEFAULT CHARSET=utf8;
/*!40101 SET character_set_client = @saved_cs_client */;

--
-- Dumping data for table `group_desc_value`
--

LOCK TABLES `group_desc_value` WRITE;
/*!40000 ALTER TABLE `group_desc_value` DISABLE KEYS */;
INSERT INTO `group_desc_value` VALUES (1,101,101,'fgb'),(2,102,101,'Test for automated validation');
/*!40000 ALTER TABLE `group_desc_value` ENABLE KEYS */;
UNLOCK TABLES;

--
-- Table structure for table `group_history`
--

DROP TABLE IF EXISTS `group_history`;
/*!40101 SET @saved_cs_client     = @@character_set_client */;
/*!40101 SET character_set_client = utf8 */;
CREATE TABLE `group_history` (
  `group_history_id` int(11) NOT NULL auto_increment,
  `group_id` int(11) NOT NULL default '0',
  `field_name` text NOT NULL,
  `old_value` text NOT NULL,
  `mod_by` int(11) NOT NULL default '0',
  `date` int(11) default NULL,
  PRIMARY KEY  (`group_history_id`),
  KEY `idx_group_history_group_id` (`group_id`)
) ENGINE=MyISAM AUTO_INCREMENT=51 DEFAULT CHARSET=utf8;
/*!40101 SET character_set_client = @saved_cs_client */;

--
-- Dumping data for table `group_history`
--

LOCK TABLES `group_history` WRITE;
/*!40000 ALTER TABLE `group_history` DISABLE KEYS */;
INSERT INTO `group_history` VALUES (1,1,'added_user %% nicolas','nicolas',101,1318860819),(2,101,'approved','x',101,1318860960),(3,101,'perm_granted_for_document %% fygfhn','ugroup_registered_users_name_key',102,1319109966),(4,101,'perm_granted_for_document %% fygfhn','ugroup_project_members_name_key',102,1319109966),(5,101,'perm_granted_for_document %% fygfhn','ugroup_project_admins_name_key',102,1319109966),(6,101,'added_user %% johan','johan',101,1324348072),(7,101,'changed_member_perm','',101,1324348448),(8,101,'perm_granted_for_field %% Artifact ID (bouges)','ugroup_anonymous_users_name_key',103,1324569981),(9,101,'perm_granted_for_field %% Submitted by (bouges)','ugroup_anonymous_users_name_key',103,1324569981),(10,101,'perm_granted_for_field %% Last Modified On (bouges)','ugroup_anonymous_users_name_key',103,1324569981),(11,101,'perm_granted_for_field %% Submitted on (bouges)','ugroup_anonymous_users_name_key',103,1324569981),(12,101,'perm_granted_for_field %% Summary (bouges)','ugroup_registered_users_name_key',103,1324569981),(13,101,'perm_granted_for_field %% Summary (bouges)','ugroup_anonymous_users_name_key',103,1324569981),(14,101,'perm_granted_for_field %% Summary (bouges)','ugroup_project_members_name_key',103,1324569981),(15,101,'perm_granted_for_field %% Original Submission (bouges)','ugroup_registered_users_name_key',103,1324569981),(16,101,'perm_granted_for_field %% Original Submission (bouges)','ugroup_anonymous_users_name_key',103,1324569981),(17,101,'perm_granted_for_field %% Original Submission (bouges)','ugroup_project_members_name_key',103,1324569981),(18,101,'perm_granted_for_field %% Severity (bouges)','ugroup_registered_users_name_key',103,1324569981),(19,101,'perm_granted_for_field %% Severity (bouges)','ugroup_anonymous_users_name_key',103,1324569981),(20,101,'perm_granted_for_field %% Severity (bouges)','ugroup_project_members_name_key',103,1324569981),(21,101,'perm_granted_for_field %% Category (bouges)','ugroup_registered_users_name_key',103,1324569981),(22,101,'perm_granted_for_field %% Category (bouges)','ugroup_anonymous_users_name_key',103,1324569981),(23,101,'perm_granted_for_field %% Category (bouges)','ugroup_project_members_name_key',103,1324569981),(24,101,'perm_granted_for_field %% Status (bouges)','ugroup_registered_users_name_key',103,1324569981),(25,101,'perm_granted_for_field %% Status (bouges)','ugroup_anonymous_users_name_key',103,1324569981),(26,101,'perm_granted_for_field %% Status (bouges)','ugroup_project_members_name_key',103,1324569981),(27,101,'perm_granted_for_field %% Resolution (bouges)','ugroup_registered_users_name_key',103,1324569981),(28,101,'perm_granted_for_field %% Resolution (bouges)','ugroup_anonymous_users_name_key',103,1324569981),(29,101,'perm_granted_for_field %% Resolution (bouges)','ugroup_project_members_name_key',103,1324569981),(30,101,'perm_granted_for_field %% Assigned to (bouges)','ugroup_registered_users_name_key',103,1324569981),(31,101,'perm_granted_for_field %% Assigned to (bouges)','ugroup_anonymous_users_name_key',103,1324569981),(32,101,'perm_granted_for_field %% Assigned to (bouges)','ugroup_project_members_name_key',103,1324569981),(33,101,'perm_granted_for_field %% Attachments (bouges)','ugroup_registered_users_name_key',103,1324569981),(34,101,'perm_granted_for_field %% Attachments (bouges)','ugroup_anonymous_users_name_key',103,1324569981),(35,101,'perm_granted_for_field %% Attachments (bouges)','ugroup_project_members_name_key',103,1324569981),(36,101,'perm_granted_for_field %% Cross references (bouges)','ugroup_anonymous_users_name_key',103,1324569981),(37,101,'perm_granted_for_field %% Permissions on artifact (bouges)','ugroup_project_admins_name_key',103,1324569981),(38,101,'perm_granted_for_field %% Closed Date (bouges)','ugroup_registered_users_name_key',103,1324580251),(39,101,'perm_granted_for_field %% Closed Date (bouges)','ugroup_anonymous_users_name_key',103,1324580251),(40,101,'perm_granted_for_field %% Closed Date (bouges)','ugroup_project_members_name_key',103,1324580251),(41,101,'perm_granted_for_field %% Start Date (bouges)','ugroup_registered_users_name_key',103,1324580542),(42,101,'perm_granted_for_field %% Start Date (bouges)','ugroup_anonymous_users_name_key',103,1324580542),(43,101,'perm_granted_for_field %% Start Date (bouges)','ugroup_project_members_name_key',103,1324580542),(44,101,'changed_public_info','',103,1324587685),(45,101,'changed_public_info','',103,1324587769),(46,101,'changed_public_info','',103,1324588804),(47,101,'added_user %% testuser','testuser',101,1326722711),(48,101,'changed_member_perm','',101,1326724217),(49,102,'approved','x',101,1328028047),(50,102,'added_user %% project_member','project_member',106,1328031879);
/*!40000 ALTER TABLE `group_history` ENABLE KEYS */;
UNLOCK TABLES;

--
-- Table structure for table `group_svn_full_history`
--

DROP TABLE IF EXISTS `group_svn_full_history`;
/*!40101 SET @saved_cs_client     = @@character_set_client */;
/*!40101 SET character_set_client = utf8 */;
CREATE TABLE `group_svn_full_history` (
  `group_id` int(11) NOT NULL default '0',
  `user_id` int(11) NOT NULL default '0',
  `day` int(11) NOT NULL default '0',
  `svn_commits` int(11) NOT NULL default '0',
  `svn_adds` int(11) NOT NULL default '0',
  `svn_deletes` int(11) NOT NULL default '0',
  `svn_checkouts` int(11) NOT NULL default '0',
  `svn_access_count` int(11) NOT NULL default '0',
  `svn_browse` int(11) NOT NULL default '0',
  UNIQUE KEY `accessid` (`group_id`,`user_id`,`day`),
  KEY `group_id_idx` (`group_id`),
  KEY `user_id_idx` (`user_id`),
  KEY `day_idx` (`day`)
) ENGINE=MyISAM DEFAULT CHARSET=utf8;
/*!40101 SET character_set_client = @saved_cs_client */;

--
-- Dumping data for table `group_svn_full_history`
--

LOCK TABLES `group_svn_full_history` WRITE;
/*!40000 ALTER TABLE `group_svn_full_history` DISABLE KEYS */;
/*!40000 ALTER TABLE `group_svn_full_history` ENABLE KEYS */;
UNLOCK TABLES;

--
-- Table structure for table `group_type`
--

DROP TABLE IF EXISTS `group_type`;
/*!40101 SET @saved_cs_client     = @@character_set_client */;
/*!40101 SET character_set_client = utf8 */;
CREATE TABLE `group_type` (
  `type_id` int(11) NOT NULL,
  `name` text NOT NULL,
  PRIMARY KEY  (`type_id`)
) ENGINE=MyISAM DEFAULT CHARSET=utf8;
/*!40101 SET character_set_client = @saved_cs_client */;

--
-- Dumping data for table `group_type`
--

LOCK TABLES `group_type` WRITE;
/*!40000 ALTER TABLE `group_type` DISABLE KEYS */;
INSERT INTO `group_type` VALUES (1,'project'),(2,'template'),(3,'test_project');
/*!40000 ALTER TABLE `group_type` ENABLE KEYS */;
UNLOCK TABLES;

--
-- Table structure for table `groups`
--

DROP TABLE IF EXISTS `groups`;
/*!40101 SET @saved_cs_client     = @@character_set_client */;
/*!40101 SET character_set_client = utf8 */;
CREATE TABLE `groups` (
  `group_id` int(11) NOT NULL auto_increment,
  `group_name` varchar(255) default NULL,
  `is_public` int(11) NOT NULL default '0',
  `status` char(1) NOT NULL default 'A',
  `unix_group_name` varchar(30) NOT NULL default '',
  `unix_box` varchar(20) NOT NULL default 'shell1',
  `http_domain` varchar(80) default NULL,
  `short_description` varchar(255) default NULL,
  `cvs_box` varchar(20) NOT NULL default 'cvs1',
  `svn_box` varchar(20) NOT NULL default 'svn1',
  `license` varchar(16) default NULL,
  `license_other` text,
  `register_time` int(11) NOT NULL default '0',
  `rand_hash` text,
  `new_bug_address` text NOT NULL,
  `new_patch_address` text NOT NULL,
  `new_support_address` text NOT NULL,
  `new_task_address` text NOT NULL,
  `type` int(11) NOT NULL default '1',
  `built_from_template` int(11) NOT NULL default '100',
  `send_all_bugs` int(11) NOT NULL default '0',
  `send_all_patches` int(11) NOT NULL default '0',
  `send_all_support` int(11) NOT NULL default '0',
  `send_all_tasks` int(11) NOT NULL default '0',
  `bug_preamble` text NOT NULL,
  `support_preamble` text NOT NULL,
  `patch_preamble` text NOT NULL,
  `pm_preamble` text NOT NULL,
  `xrx_export_ettm` int(11) NOT NULL default '0',
  `bug_allow_anon` int(11) NOT NULL default '1',
  `cvs_tracker` int(11) NOT NULL default '1',
  `cvs_watch_mode` int(11) NOT NULL default '0',
  `cvs_events_mailing_list` text NOT NULL,
  `cvs_events_mailing_header` varchar(64) character set utf8 collate utf8_bin default NULL,
  `cvs_preamble` text NOT NULL,
  `cvs_is_private` tinyint(1) NOT NULL default '0',
  `svn_tracker` int(11) NOT NULL default '1',
  `svn_mandatory_ref` tinyint(4) NOT NULL default '0',
  `svn_events_mailing_list` text NOT NULL,
  `svn_events_mailing_header` varchar(64) character set utf8 collate utf8_bin default NULL,
  `svn_preamble` text NOT NULL,
  `svn_accessfile` text,
  PRIMARY KEY  (`group_id`),
  KEY `idx_groups_status` (`status`),
  KEY `idx_groups_public` (`is_public`),
  KEY `idx_groups_unix` (`unix_group_name`),
  KEY `idx_groups_type` (`type`)
) ENGINE=MyISAM AUTO_INCREMENT=103 DEFAULT CHARSET=utf8;
/*!40101 SET character_set_client = @saved_cs_client */;

--
-- Dumping data for table `groups`
--

LOCK TABLES `groups` WRITE;
/*!40000 ALTER TABLE `groups` DISABLE KEYS */;
INSERT INTO `groups` VALUES (1,'Codendi Administration Project',1,'A','codendi','shell1','codendi.antibott.cro.enalean.com','Codendi Administration Project','cvs1','svn1','cdi','',940000000,'','codendi-admin@antibott.cro.enalean.com','codendi-admin@antibott.cro.enalean.com','codendi-admin@antibott.cro.enalean.com','',1,100,1,1,1,0,'','','','',0,1,1,0,'','','',0,1,0,'','','',NULL),(46,'Site News',0,'A','sitenews','shell1','sitenews.antibott.cro.enalean.com','Site News Private Project. All Site News should be posted from this project','cvs1','svn1','cdi','',940000000,'','','','','',1,100,0,0,0,0,'','','','',0,1,0,0,'','','',0,0,0,'','','',NULL),(100,'Default Site Template',0,'s','none','shell1','','The default Codendi template','','','','',940000000,'','','','','',2,100,0,0,0,0,'','','','',0,1,1,0,'','','',0,1,0,'','','',NULL),(99,'IM Administrators',0,'A','imadmingroup','shell1',NULL,'Group administrators of the IM server (OpenFire). DO *NOT* add real users to this group.','cvs1','svn1',NULL,NULL,940000000,'','','','','',1,100,0,0,0,0,'','','','',0,1,1,0,'',NULL,'',0,1,0,'',NULL,'',NULL),(101,'Test Project',1,'A','nty','shell1','antibott.cro.enalean.com','fgb','cvs1','svn1','xrx','',1318860907,'51568d14dba6f150d21f60c7ae6ec73d','','','','',1,100,0,0,0,0,'','','','',0,1,1,0,'',NULL,'',0,1,0,'',NULL,'',NULL),(102,'The Garden Project',1,'A','garden','shell1','piton.cro.enalean.com','Test for automated validation','cvs1','svn1','xrx','',1328027982,'0171506e0818c24f1c01d1aafc5de8ff','','','','',1,100,0,0,0,0,'','','','',0,1,1,0,'',NULL,'',0,1,0,'',NULL,'',NULL);
/*!40000 ALTER TABLE `groups` ENABLE KEYS */;
UNLOCK TABLES;

--
-- Table structure for table `groups_notif_delegation`
--

DROP TABLE IF EXISTS `groups_notif_delegation`;
/*!40101 SET @saved_cs_client     = @@character_set_client */;
/*!40101 SET character_set_client = utf8 */;
CREATE TABLE `groups_notif_delegation` (
  `group_id` int(11) NOT NULL default '0',
  `ugroup_id` int(11) NOT NULL,
  PRIMARY KEY  (`group_id`,`ugroup_id`)
) ENGINE=MyISAM DEFAULT CHARSET=utf8;
/*!40101 SET character_set_client = @saved_cs_client */;

--
-- Dumping data for table `groups_notif_delegation`
--

LOCK TABLES `groups_notif_delegation` WRITE;
/*!40000 ALTER TABLE `groups_notif_delegation` DISABLE KEYS */;
/*!40000 ALTER TABLE `groups_notif_delegation` ENABLE KEYS */;
UNLOCK TABLES;

--
-- Table structure for table `groups_notif_delegation_message`
--

DROP TABLE IF EXISTS `groups_notif_delegation_message`;
/*!40101 SET @saved_cs_client     = @@character_set_client */;
/*!40101 SET character_set_client = utf8 */;
CREATE TABLE `groups_notif_delegation_message` (
  `group_id` int(11) NOT NULL default '0',
  `msg_to_requester` text NOT NULL,
  PRIMARY KEY  (`group_id`)
) ENGINE=MyISAM DEFAULT CHARSET=utf8;
/*!40101 SET character_set_client = @saved_cs_client */;

--
-- Dumping data for table `groups_notif_delegation_message`
--

LOCK TABLES `groups_notif_delegation_message` WRITE;
/*!40000 ALTER TABLE `groups_notif_delegation_message` DISABLE KEYS */;
INSERT INTO `groups_notif_delegation_message` VALUES (100,'member_request_delegation_msg_to_requester'),(101,'member_request_delegation_msg_to_requester'),(102,'member_request_delegation_msg_to_requester');
/*!40000 ALTER TABLE `groups_notif_delegation_message` ENABLE KEYS */;
UNLOCK TABLES;

--
-- Table structure for table `image`
--

DROP TABLE IF EXISTS `image`;
/*!40101 SET @saved_cs_client     = @@character_set_client */;
/*!40101 SET character_set_client = utf8 */;
CREATE TABLE `image` (
  `image_id` int(11) NOT NULL auto_increment,
  `image_category` int(11) NOT NULL default '1',
  `image_type` varchar(40) NOT NULL default '',
  `image_data` blob,
  `group_id` int(11) NOT NULL default '0',
  `image_bytes` int(11) NOT NULL default '0',
  `image_caption` text,
  `organization_id` int(11) NOT NULL default '0',
  PRIMARY KEY  (`image_id`),
  KEY `image_category_idx` (`image_category`),
  KEY `image_type_idx` (`image_type`),
  KEY `group_id_idx` (`group_id`)
) ENGINE=MyISAM DEFAULT CHARSET=utf8;
/*!40101 SET character_set_client = @saved_cs_client */;

--
-- Dumping data for table `image`
--

LOCK TABLES `image` WRITE;
/*!40000 ALTER TABLE `image` DISABLE KEYS */;
/*!40000 ALTER TABLE `image` ENABLE KEYS */;
UNLOCK TABLES;

--
-- Table structure for table `layouts`
--

DROP TABLE IF EXISTS `layouts`;
/*!40101 SET @saved_cs_client     = @@character_set_client */;
/*!40101 SET character_set_client = utf8 */;
CREATE TABLE `layouts` (
  `id` int(11) unsigned NOT NULL auto_increment,
  `name` varchar(255) NOT NULL default '',
  `description` text NOT NULL,
  `scope` char(1) NOT NULL default 'S',
  PRIMARY KEY  (`id`)
) ENGINE=MyISAM AUTO_INCREMENT=5 DEFAULT CHARSET=utf8;
/*!40101 SET character_set_client = @saved_cs_client */;

--
-- Dumping data for table `layouts`
--

LOCK TABLES `layouts` WRITE;
/*!40000 ALTER TABLE `layouts` DISABLE KEYS */;
INSERT INTO `layouts` VALUES (1,'2 columns','Simple layout made of 2 columns','S'),(2,'3 columns','Simple layout made of 3 columns','S'),(3,'Left','Simple layout made of a main column and a small, left sided, column','S'),(4,'Right','Simple layout made of a main column and a small, right sided, column','S');
/*!40000 ALTER TABLE `layouts` ENABLE KEYS */;
UNLOCK TABLES;

--
-- Table structure for table `layouts_contents`
--

DROP TABLE IF EXISTS `layouts_contents`;
/*!40101 SET @saved_cs_client     = @@character_set_client */;
/*!40101 SET character_set_client = utf8 */;
CREATE TABLE `layouts_contents` (
  `owner_id` int(11) unsigned NOT NULL default '0',
  `owner_type` varchar(1) NOT NULL default 'u',
  `layout_id` int(11) unsigned NOT NULL default '0',
  `column_id` int(11) unsigned NOT NULL default '0',
  `name` varchar(255) NOT NULL default '',
  `rank` int(11) NOT NULL default '0',
  `is_minimized` tinyint(1) NOT NULL default '0',
  `is_removed` tinyint(1) NOT NULL default '0',
  `display_preferences` tinyint(1) NOT NULL default '0',
  `content_id` int(11) unsigned NOT NULL default '0',
  KEY `user_id` (`owner_id`,`owner_type`,`layout_id`,`name`,`content_id`)
) ENGINE=MyISAM DEFAULT CHARSET=utf8;
/*!40101 SET character_set_client = @saved_cs_client */;

--
-- Dumping data for table `layouts_contents`
--

LOCK TABLES `layouts_contents` WRITE;
/*!40000 ALTER TABLE `layouts_contents` DISABLE KEYS */;
INSERT INTO `layouts_contents` VALUES (100,'u',1,1,'myprojects',0,0,0,0,0),(101,'u',1,1,'myprojects',0,0,0,0,0),(100,'u',1,1,'mybookmarks',1,0,0,0,0),(101,'u',1,1,'mybookmarks',1,0,0,0,0),(100,'u',1,1,'mydocman',2,0,0,0,0),(101,'u',1,1,'mydocman',2,0,0,0,0),(100,'u',1,1,'mymonitoredforums',3,0,0,0,0),(101,'u',1,1,'mymonitoredforums',3,0,0,0,0),(100,'u',1,1,'mysurveys',4,0,0,0,0),(101,'u',1,1,'mysurveys',4,0,0,0,0),(101,'u',1,2,'myadmin',-2,0,0,0,0),(101,'u',1,2,'mysystemevent',-3,0,0,0,0),(100,'u',1,2,'myartifacts',0,0,0,0,0),(101,'u',1,2,'myartifacts',0,0,0,0,0),(100,'u',1,2,'mymonitoredfp',1,0,0,0,0),(101,'u',1,2,'mymonitoredfp',1,0,0,0,0),(1,'g',1,1,'projectdescription',0,0,0,0,0),(46,'g',1,1,'projectdescription',0,0,0,0,0),(100,'g',1,1,'projectdescription',0,0,0,0,0),(1,'g',1,1,'projectclassification',1,0,0,0,0),(46,'g',1,1,'projectclassification',1,0,0,0,0),(100,'g',1,1,'projectclassification',1,0,0,0,0),(1,'g',1,1,'projectpublicareas',2,0,0,0,0),(46,'g',1,1,'projectpublicareas',2,0,0,0,0),(100,'g',1,1,'projectpublicareas',2,0,0,0,0),(1,'g',1,2,'projectmembers',0,0,0,0,0),(46,'g',1,2,'projectmembers',0,0,0,0,0),(100,'g',1,2,'projectmembers',0,0,0,0,0),(100,'g',1,2,'projectlatestnews',1,0,0,0,0),(1,'g',1,2,'projectlatestnews',1,0,0,0,0),(46,'g',1,2,'projectlatestnews',1,0,0,0,0),(100,'g',1,2,'projectlatestfilereleases',2,0,0,0,0),(1,'g',1,2,'projectlatestfilereleases',2,0,0,0,0),(100,'g',1,2,'projectlatestsvncommits',3,0,0,0,0),(1,'g',1,2,'projectlatestsvncommits',3,0,0,0,0),(102,'u',1,1,'myprojects',0,0,0,0,0),(102,'u',1,1,'mybookmarks',1,0,0,0,0),(102,'u',1,1,'mymonitoredforums',2,0,0,0,0),(102,'u',1,1,'mysurveys',4,0,0,0,0),(102,'u',1,2,'myartifacts',0,0,0,0,0),(102,'u',1,2,'mymonitoredfp',1,0,0,0,0),(102,'u',1,1,'plugin_docman_mydocman',2,0,0,0,0),(101,'g',1,1,'projectclassification',1,0,0,0,0),(101,'g',1,1,'projectdescription',0,0,0,0,0),(101,'g',1,2,'projectlatestfilereleases',2,0,0,0,0),(101,'g',1,2,'projectlatestnews',1,0,0,0,0),(101,'g',1,2,'projectlatestsvncommits',3,0,0,0,0),(101,'g',1,2,'projectmembers',0,0,0,0,0),(101,'g',1,1,'projectpublicareas',2,0,0,0,0),(103,'u',1,1,'myprojects',0,0,0,0,0),(103,'u',1,1,'mybookmarks',1,0,0,0,0),(103,'u',1,1,'mymonitoredforums',2,0,0,0,0),(103,'u',1,1,'mysurveys',4,0,0,0,0),(103,'u',1,2,'myartifacts',0,0,0,0,0),(103,'u',1,2,'mymonitoredfp',1,0,0,0,0),(103,'u',1,1,'plugin_docman_mydocman',2,0,0,0,0),(104,'u',1,1,'myprojects',0,0,0,0,0),(104,'u',1,1,'mybookmarks',1,0,0,0,0),(104,'u',1,1,'mymonitoredforums',2,0,0,0,0),(104,'u',1,1,'mysurveys',4,0,0,0,0),(104,'u',1,2,'myartifacts',0,0,0,0,0),(104,'u',1,2,'mymonitoredfp',1,0,0,0,0),(104,'u',1,1,'plugin_docman_mydocman',2,0,0,0,0),(105,'u',1,1,'myprojects',0,0,0,0,0),(105,'u',1,1,'mybookmarks',1,0,0,0,0),(105,'u',1,1,'mymonitoredforums',2,0,0,0,0),(105,'u',1,1,'mysurveys',4,0,0,0,0),(105,'u',1,2,'myartifacts',0,0,0,0,0),(105,'u',1,2,'mymonitoredfp',1,0,0,0,0),(105,'u',1,1,'plugin_docman_mydocman',2,0,0,0,0),(106,'u',1,1,'myprojects',0,0,0,0,0),(106,'u',1,1,'mybookmarks',1,0,0,0,0),(106,'u',1,1,'mymonitoredforums',2,0,0,0,0),(106,'u',1,1,'mysurveys',4,0,0,0,0),(106,'u',1,2,'myartifacts',0,0,0,0,0),(106,'u',1,2,'mymonitoredfp',1,0,0,0,0),(106,'u',1,1,'plugin_docman_mydocman',2,0,0,0,0),(102,'g',1,1,'projectclassification',1,0,0,0,0),(102,'g',1,1,'projectdescription',0,0,0,0,0),(102,'g',1,2,'projectlatestfilereleases',2,0,0,0,0),(102,'g',1,2,'projectlatestnews',1,0,0,0,0),(102,'g',1,2,'projectlatestsvncommits',3,0,0,0,0),(102,'g',1,2,'projectmembers',0,0,0,0,0),(102,'g',1,1,'projectpublicareas',2,0,0,0,0);
/*!40000 ALTER TABLE `layouts_contents` ENABLE KEYS */;
UNLOCK TABLES;

--
-- Table structure for table `layouts_rows`
--

DROP TABLE IF EXISTS `layouts_rows`;
/*!40101 SET @saved_cs_client     = @@character_set_client */;
/*!40101 SET character_set_client = utf8 */;
CREATE TABLE `layouts_rows` (
  `id` int(11) unsigned NOT NULL auto_increment,
  `layout_id` int(11) unsigned NOT NULL default '0',
  `rank` int(11) NOT NULL default '0',
  PRIMARY KEY  (`id`),
  KEY `layout_id` (`layout_id`)
) ENGINE=MyISAM AUTO_INCREMENT=5 DEFAULT CHARSET=utf8;
/*!40101 SET character_set_client = @saved_cs_client */;

--
-- Dumping data for table `layouts_rows`
--

LOCK TABLES `layouts_rows` WRITE;
/*!40000 ALTER TABLE `layouts_rows` DISABLE KEYS */;
INSERT INTO `layouts_rows` VALUES (1,1,0),(2,2,0),(3,3,0),(4,4,0);
/*!40000 ALTER TABLE `layouts_rows` ENABLE KEYS */;
UNLOCK TABLES;

--
-- Table structure for table `layouts_rows_columns`
--

DROP TABLE IF EXISTS `layouts_rows_columns`;
/*!40101 SET @saved_cs_client     = @@character_set_client */;
/*!40101 SET character_set_client = utf8 */;
CREATE TABLE `layouts_rows_columns` (
  `id` int(11) unsigned NOT NULL auto_increment,
  `layout_row_id` int(11) unsigned NOT NULL default '0',
  `width` int(11) unsigned NOT NULL default '0',
  PRIMARY KEY  (`id`),
  KEY `layout_row_id` (`layout_row_id`)
) ENGINE=MyISAM AUTO_INCREMENT=10 DEFAULT CHARSET=utf8;
/*!40101 SET character_set_client = @saved_cs_client */;

--
-- Dumping data for table `layouts_rows_columns`
--

LOCK TABLES `layouts_rows_columns` WRITE;
/*!40000 ALTER TABLE `layouts_rows_columns` DISABLE KEYS */;
INSERT INTO `layouts_rows_columns` VALUES (1,1,50),(2,1,50),(3,2,33),(4,2,33),(5,2,33),(6,3,33),(7,3,66),(8,4,66),(9,4,33);
/*!40000 ALTER TABLE `layouts_rows_columns` ENABLE KEYS */;
UNLOCK TABLES;

--
-- Table structure for table `mail_group_list`
--

DROP TABLE IF EXISTS `mail_group_list`;
/*!40101 SET @saved_cs_client     = @@character_set_client */;
/*!40101 SET character_set_client = utf8 */;
CREATE TABLE `mail_group_list` (
  `group_list_id` int(11) NOT NULL auto_increment,
  `group_id` int(11) NOT NULL default '0',
  `list_name` text,
  `is_public` int(11) NOT NULL default '0',
  `password` varchar(16) default NULL,
  `list_admin` int(11) NOT NULL default '0',
  `status` int(11) NOT NULL default '0',
  `description` text,
  PRIMARY KEY  (`group_list_id`),
  KEY `idx_mail_group_list_group` (`group_id`)
) ENGINE=MyISAM AUTO_INCREMENT=6 DEFAULT CHARSET=utf8;
/*!40101 SET character_set_client = @saved_cs_client */;

--
-- Dumping data for table `mail_group_list`
--

LOCK TABLES `mail_group_list` WRITE;
/*!40000 ALTER TABLE `mail_group_list` DISABLE KEYS */;
INSERT INTO `mail_group_list` VALUES (1,101,'nty-devel',1,'4c75ab7448f1028c',102,1,'The really important stuff'),(2,101,'nty-interest',1,'cdb7634f371beb4d',102,1,'Let you see what we\'ve done with nty'),(3,1,'codendi-tutu',1,'ef121bb5af57d4ef',101,1,''),(4,1,'codendi-private',0,'25d194d0f2d76d0c',101,1,''),(5,101,'nty-noforumml',1,'9117a979a2d631c2',101,1,'');
/*!40000 ALTER TABLE `mail_group_list` ENABLE KEYS */;
UNLOCK TABLES;

--
-- Table structure for table `news_bytes`
--

DROP TABLE IF EXISTS `news_bytes`;
/*!40101 SET @saved_cs_client     = @@character_set_client */;
/*!40101 SET character_set_client = utf8 */;
CREATE TABLE `news_bytes` (
  `id` int(11) NOT NULL auto_increment,
  `group_id` int(11) NOT NULL default '0',
  `submitted_by` int(11) NOT NULL default '0',
  `is_approved` int(11) NOT NULL default '0',
  `date` int(11) NOT NULL default '0',
  `forum_id` int(11) NOT NULL default '0',
  `summary` text,
  `details` text,
  PRIMARY KEY  (`id`),
  KEY `idx_news_bytes_forum` (`forum_id`),
  KEY `idx_news_bytes_group` (`group_id`),
  KEY `idx_news_bytes_approved` (`is_approved`)
) ENGINE=MyISAM DEFAULT CHARSET=utf8;
/*!40101 SET character_set_client = @saved_cs_client */;

--
-- Dumping data for table `news_bytes`
--

LOCK TABLES `news_bytes` WRITE;
/*!40000 ALTER TABLE `news_bytes` DISABLE KEYS */;
/*!40000 ALTER TABLE `news_bytes` ENABLE KEYS */;
UNLOCK TABLES;

--
-- Table structure for table `notifications`
--

DROP TABLE IF EXISTS `notifications`;
/*!40101 SET @saved_cs_client     = @@character_set_client */;
/*!40101 SET character_set_client = utf8 */;
CREATE TABLE `notifications` (
  `user_id` int(11) NOT NULL default '0',
  `object_id` int(11) NOT NULL default '0',
  `type` varchar(100) NOT NULL default '',
  PRIMARY KEY  (`user_id`,`object_id`,`type`)
) ENGINE=MyISAM DEFAULT CHARSET=utf8;
/*!40101 SET character_set_client = @saved_cs_client */;

--
-- Dumping data for table `notifications`
--

LOCK TABLES `notifications` WRITE;
/*!40000 ALTER TABLE `notifications` DISABLE KEYS */;
/*!40000 ALTER TABLE `notifications` ENABLE KEYS */;
UNLOCK TABLES;

--
-- Table structure for table `owner_layouts`
--

DROP TABLE IF EXISTS `owner_layouts`;
/*!40101 SET @saved_cs_client     = @@character_set_client */;
/*!40101 SET character_set_client = utf8 */;
CREATE TABLE `owner_layouts` (
  `owner_id` int(11) unsigned NOT NULL default '0',
  `owner_type` varchar(1) NOT NULL default 'u',
  `layout_id` int(11) unsigned NOT NULL default '0',
  `is_default` tinyint(1) NOT NULL default '0',
  PRIMARY KEY  (`owner_id`,`owner_type`,`layout_id`)
) ENGINE=MyISAM DEFAULT CHARSET=utf8;
/*!40101 SET character_set_client = @saved_cs_client */;

--
-- Dumping data for table `owner_layouts`
--

LOCK TABLES `owner_layouts` WRITE;
/*!40000 ALTER TABLE `owner_layouts` DISABLE KEYS */;
INSERT INTO `owner_layouts` VALUES (100,'u',1,1),(101,'u',1,1),(1,'g',1,1),(46,'g',1,1),(100,'g',1,1),(102,'u',1,1),(101,'g',1,1),(103,'u',1,1),(104,'u',1,1),(105,'u',1,1),(106,'u',1,1),(102,'g',1,1);
/*!40000 ALTER TABLE `owner_layouts` ENABLE KEYS */;
UNLOCK TABLES;

--
-- Table structure for table `patch`
--

DROP TABLE IF EXISTS `patch`;
/*!40101 SET @saved_cs_client     = @@character_set_client */;
/*!40101 SET character_set_client = utf8 */;
CREATE TABLE `patch` (
  `patch_id` int(11) NOT NULL auto_increment,
  `group_id` int(11) NOT NULL default '0',
  `patch_status_id` int(11) NOT NULL default '0',
  `patch_category_id` int(11) NOT NULL default '0',
  `submitted_by` int(11) NOT NULL default '0',
  `assigned_to` int(11) NOT NULL default '0',
  `open_date` int(11) NOT NULL default '0',
  `summary` text,
  `code` longblob,
  `close_date` int(11) NOT NULL default '0',
  `filename` varchar(255) NOT NULL default '',
  `filesize` varchar(50) NOT NULL default '',
  `filetype` varchar(50) NOT NULL default '',
  PRIMARY KEY  (`patch_id`),
  KEY `idx_patch_group_id` (`group_id`)
) ENGINE=MyISAM DEFAULT CHARSET=utf8;
/*!40101 SET character_set_client = @saved_cs_client */;

--
-- Dumping data for table `patch`
--

LOCK TABLES `patch` WRITE;
/*!40000 ALTER TABLE `patch` DISABLE KEYS */;
/*!40000 ALTER TABLE `patch` ENABLE KEYS */;
UNLOCK TABLES;

--
-- Table structure for table `patch_category`
--

DROP TABLE IF EXISTS `patch_category`;
/*!40101 SET @saved_cs_client     = @@character_set_client */;
/*!40101 SET character_set_client = utf8 */;
CREATE TABLE `patch_category` (
  `patch_category_id` int(11) NOT NULL auto_increment,
  `group_id` int(11) NOT NULL default '0',
  `category_name` text NOT NULL,
  PRIMARY KEY  (`patch_category_id`),
  KEY `idx_patch_group_group_id` (`group_id`)
) ENGINE=MyISAM AUTO_INCREMENT=101 DEFAULT CHARSET=utf8;
/*!40101 SET character_set_client = @saved_cs_client */;

--
-- Dumping data for table `patch_category`
--

LOCK TABLES `patch_category` WRITE;
/*!40000 ALTER TABLE `patch_category` DISABLE KEYS */;
INSERT INTO `patch_category` VALUES (100,100,'None');
/*!40000 ALTER TABLE `patch_category` ENABLE KEYS */;
UNLOCK TABLES;

--
-- Table structure for table `patch_history`
--

DROP TABLE IF EXISTS `patch_history`;
/*!40101 SET @saved_cs_client     = @@character_set_client */;
/*!40101 SET character_set_client = utf8 */;
CREATE TABLE `patch_history` (
  `patch_history_id` int(11) NOT NULL auto_increment,
  `patch_id` int(11) NOT NULL default '0',
  `field_name` text NOT NULL,
  `old_value` text NOT NULL,
  `mod_by` int(11) NOT NULL default '0',
  `date` int(11) default NULL,
  PRIMARY KEY  (`patch_history_id`),
  KEY `idx_patch_history_patch_id` (`patch_id`)
) ENGINE=MyISAM DEFAULT CHARSET=utf8;
/*!40101 SET character_set_client = @saved_cs_client */;

--
-- Dumping data for table `patch_history`
--

LOCK TABLES `patch_history` WRITE;
/*!40000 ALTER TABLE `patch_history` DISABLE KEYS */;
/*!40000 ALTER TABLE `patch_history` ENABLE KEYS */;
UNLOCK TABLES;

--
-- Table structure for table `patch_status`
--

DROP TABLE IF EXISTS `patch_status`;
/*!40101 SET @saved_cs_client     = @@character_set_client */;
/*!40101 SET character_set_client = utf8 */;
CREATE TABLE `patch_status` (
  `patch_status_id` int(11) NOT NULL auto_increment,
  `status_name` text,
  PRIMARY KEY  (`patch_status_id`)
) ENGINE=MyISAM AUTO_INCREMENT=101 DEFAULT CHARSET=utf8;
/*!40101 SET character_set_client = @saved_cs_client */;

--
-- Dumping data for table `patch_status`
--

LOCK TABLES `patch_status` WRITE;
/*!40000 ALTER TABLE `patch_status` DISABLE KEYS */;
INSERT INTO `patch_status` VALUES (1,'Open'),(2,'Closed'),(3,'Deleted'),(4,'Postponed'),(100,'None');
/*!40000 ALTER TABLE `patch_status` ENABLE KEYS */;
UNLOCK TABLES;

--
-- Table structure for table `people_skill`
--

DROP TABLE IF EXISTS `people_skill`;
/*!40101 SET @saved_cs_client     = @@character_set_client */;
/*!40101 SET character_set_client = utf8 */;
CREATE TABLE `people_skill` (
  `skill_id` int(11) NOT NULL auto_increment,
  `name` text,
  PRIMARY KEY  (`skill_id`)
) ENGINE=MyISAM AUTO_INCREMENT=20 DEFAULT CHARSET=utf8;
/*!40101 SET character_set_client = @saved_cs_client */;

--
-- Dumping data for table `people_skill`
--

LOCK TABLES `people_skill` WRITE;
/*!40000 ALTER TABLE `people_skill` DISABLE KEYS */;
INSERT INTO `people_skill` VALUES (1,'3100 SQL'),(2,'3110 C/C++'),(3,'3120 Perl'),(4,'3130 PHP'),(5,'3140 Java'),(6,'3900 Other Prog. Lang.'),(7,'5100 Chinese'),(8,'5110 Japanese'),(9,'5120 Spanish'),(10,'5130 French'),(11,'5140 German'),(12,'5900 Other Spoken Lang.'),(13,'7100 UNIX Admin'),(14,'7110 Networking'),(15,'7120 Security'),(16,'7130 Writing'),(17,'7140 Editing'),(18,'7150 Databases'),(19,'7900 Other Skill Area');
/*!40000 ALTER TABLE `people_skill` ENABLE KEYS */;
UNLOCK TABLES;

--
-- Table structure for table `people_skill_inventory`
--

DROP TABLE IF EXISTS `people_skill_inventory`;
/*!40101 SET @saved_cs_client     = @@character_set_client */;
/*!40101 SET character_set_client = utf8 */;
CREATE TABLE `people_skill_inventory` (
  `skill_inventory_id` int(11) NOT NULL auto_increment,
  `user_id` int(11) NOT NULL default '0',
  `skill_id` int(11) NOT NULL default '0',
  `skill_level_id` int(11) NOT NULL default '0',
  `skill_year_id` int(11) NOT NULL default '0',
  PRIMARY KEY  (`skill_inventory_id`)
) ENGINE=MyISAM DEFAULT CHARSET=utf8;
/*!40101 SET character_set_client = @saved_cs_client */;

--
-- Dumping data for table `people_skill_inventory`
--

LOCK TABLES `people_skill_inventory` WRITE;
/*!40000 ALTER TABLE `people_skill_inventory` DISABLE KEYS */;
/*!40000 ALTER TABLE `people_skill_inventory` ENABLE KEYS */;
UNLOCK TABLES;

--
-- Table structure for table `people_skill_level`
--

DROP TABLE IF EXISTS `people_skill_level`;
/*!40101 SET @saved_cs_client     = @@character_set_client */;
/*!40101 SET character_set_client = utf8 */;
CREATE TABLE `people_skill_level` (
  `skill_level_id` int(11) NOT NULL auto_increment,
  `name` text,
  PRIMARY KEY  (`skill_level_id`)
) ENGINE=MyISAM AUTO_INCREMENT=61 DEFAULT CHARSET=utf8;
/*!40101 SET character_set_client = @saved_cs_client */;

--
-- Dumping data for table `people_skill_level`
--

LOCK TABLES `people_skill_level` WRITE;
/*!40000 ALTER TABLE `people_skill_level` DISABLE KEYS */;
INSERT INTO `people_skill_level` VALUES (10,'Want to Learn'),(20,'Familiar'),(30,'Competent'),(40,'Wizard'),(50,'Wrote The Book'),(60,'Wrote It');
/*!40000 ALTER TABLE `people_skill_level` ENABLE KEYS */;
UNLOCK TABLES;

--
-- Table structure for table `people_skill_year`
--

DROP TABLE IF EXISTS `people_skill_year`;
/*!40101 SET @saved_cs_client     = @@character_set_client */;
/*!40101 SET character_set_client = utf8 */;
CREATE TABLE `people_skill_year` (
  `skill_year_id` int(11) NOT NULL auto_increment,
  `name` text,
  PRIMARY KEY  (`skill_year_id`)
) ENGINE=MyISAM AUTO_INCREMENT=6 DEFAULT CHARSET=utf8;
/*!40101 SET character_set_client = @saved_cs_client */;

--
-- Dumping data for table `people_skill_year`
--

LOCK TABLES `people_skill_year` WRITE;
/*!40000 ALTER TABLE `people_skill_year` DISABLE KEYS */;
INSERT INTO `people_skill_year` VALUES (1,'< 6 Months'),(2,'6 Mo - 2 yr'),(3,'2 yr - 5 yr'),(4,'5 yr - 10 yr'),(5,'> 10 years');
/*!40000 ALTER TABLE `people_skill_year` ENABLE KEYS */;
UNLOCK TABLES;

--
-- Table structure for table `permissions`
--

DROP TABLE IF EXISTS `permissions`;
/*!40101 SET @saved_cs_client     = @@character_set_client */;
/*!40101 SET character_set_client = utf8 */;
CREATE TABLE `permissions` (
  `permission_type` varchar(255) NOT NULL,
  `object_id` varchar(255) NOT NULL,
  `ugroup_id` int(11) NOT NULL,
  KEY `object_id` (`object_id`(10))
) ENGINE=MyISAM DEFAULT CHARSET=utf8;
/*!40101 SET character_set_client = @saved_cs_client */;

--
-- Dumping data for table `permissions`
--

LOCK TABLES `permissions` WRITE;
/*!40000 ALTER TABLE `permissions` DISABLE KEYS */;
INSERT INTO `permissions` VALUES ('TRACKER_ACCESS_FULL','1',1),('TRACKER_FIELD_SUBMIT','1#3',2),('TRACKER_FIELD_SUBMIT','1#4',2),('TRACKER_FIELD_SUBMIT','1#5',2),('TRACKER_FIELD_SUBMIT','1#8',2),('TRACKER_FIELD_SUBMIT','1#9',2),('TRACKER_FIELD_SUBMIT','1#20',2),('TRACKER_FIELD_READ','1#1',1),('TRACKER_FIELD_READ','1#2',1),('TRACKER_FIELD_READ','1#3',1),('TRACKER_FIELD_READ','1#4',1),('TRACKER_FIELD_READ','1#5',1),('TRACKER_FIELD_READ','1#6',1),('TRACKER_FIELD_READ','1#7',1),('TRACKER_FIELD_READ','1#8',1),('TRACKER_FIELD_READ','1#9',1),('TRACKER_FIELD_READ','1#10',1),('TRACKER_FIELD_READ','1#11',1),('TRACKER_FIELD_READ','1#12',1),('TRACKER_FIELD_READ','1#13',1),('TRACKER_FIELD_READ','1#14',1),('TRACKER_FIELD_READ','1#15',1),('TRACKER_FIELD_READ','1#16',1),('TRACKER_FIELD_READ','1#17',1),('TRACKER_FIELD_READ','1#18',1),('TRACKER_FIELD_READ','1#19',1),('TRACKER_FIELD_READ','1#20',1),('TRACKER_FIELD_READ','1#22',1),('TRACKER_FIELD_READ','1#23',1),('TRACKER_FIELD_READ','1#24',1),('TRACKER_FIELD_READ','1#26',1),('TRACKER_FIELD_READ','1#27',1),('TRACKER_FIELD_READ','1#28',1),('TRACKER_FIELD_READ','1#29',1),('TRACKER_FIELD_READ','1#30',1),('TRACKER_FIELD_READ','1#31',1),('TRACKER_FIELD_UPDATE','1#2',3),('TRACKER_FIELD_UPDATE','1#3',3),('TRACKER_FIELD_UPDATE','1#4',3),('TRACKER_FIELD_UPDATE','1#5',3),('TRACKER_FIELD_UPDATE','1#8',3),('TRACKER_FIELD_UPDATE','1#9',3),('TRACKER_FIELD_UPDATE','1#10',3),('TRACKER_FIELD_UPDATE','1#11',3),('TRACKER_FIELD_UPDATE','1#12',3),('TRACKER_FIELD_UPDATE','1#13',3),('TRACKER_FIELD_UPDATE','1#14',3),('TRACKER_FIELD_UPDATE','1#15',3),('TRACKER_FIELD_UPDATE','1#16',3),('TRACKER_FIELD_UPDATE','1#17',3),('TRACKER_FIELD_UPDATE','1#18',3),('TRACKER_FIELD_UPDATE','1#19',3),('TRACKER_FIELD_UPDATE','1#20',3),('TRACKER_FIELD_UPDATE','1#22',3),('TRACKER_FIELD_UPDATE','1#23',3),('TRACKER_FIELD_UPDATE','1#24',3),('TRACKER_FIELD_UPDATE','1#26',3),('TRACKER_FIELD_UPDATE','1#27',3),('TRACKER_FIELD_UPDATE','1#28',3),('TRACKER_FIELD_UPDATE','1#29',3),('TRACKER_FIELD_UPDATE','1#30',3),('TRACKER_ACCESS_FULL','2',1),('TRACKER_FIELD_SUBMIT','2#2',3),('TRACKER_FIELD_SUBMIT','2#4',3),('TRACKER_FIELD_SUBMIT','2#5',3),('TRACKER_FIELD_SUBMIT','2#7',3),('TRACKER_FIELD_SUBMIT','2#8',3),('TRACKER_FIELD_SUBMIT','2#9',3),('TRACKER_FIELD_SUBMIT','2#12',3),('TRACKER_FIELD_SUBMIT','2#14',3),('TRACKER_FIELD_SUBMIT','2#17',3),('TRACKER_FIELD_SUBMIT','2#18',3),('TRACKER_FIELD_READ','2#1',1),('TRACKER_FIELD_READ','2#2',1),('TRACKER_FIELD_READ','2#4',1),('TRACKER_FIELD_READ','2#5',1),('TRACKER_FIELD_READ','2#6',1),('TRACKER_FIELD_READ','2#7',1),('TRACKER_FIELD_READ','2#8',1),('TRACKER_FIELD_READ','2#9',1),('TRACKER_FIELD_READ','2#10',1),('TRACKER_FIELD_READ','2#11',1),('TRACKER_FIELD_READ','2#12',1),('TRACKER_FIELD_READ','2#13',1),('TRACKER_FIELD_READ','2#14',1),('TRACKER_FIELD_READ','2#15',1),('TRACKER_FIELD_READ','2#16',1),('TRACKER_FIELD_READ','2#17',1),('TRACKER_FIELD_READ','2#18',1),('TRACKER_FIELD_UPDATE','2#2',3),('TRACKER_FIELD_UPDATE','2#4',3),('TRACKER_FIELD_UPDATE','2#5',3),('TRACKER_FIELD_UPDATE','2#7',3),('TRACKER_FIELD_UPDATE','2#8',3),('TRACKER_FIELD_UPDATE','2#9',3),('TRACKER_FIELD_UPDATE','2#11',3),('TRACKER_FIELD_UPDATE','2#12',3),('TRACKER_FIELD_UPDATE','2#14',3),('TRACKER_FIELD_UPDATE','2#15',3),('TRACKER_FIELD_UPDATE','2#17',3),('TRACKER_FIELD_UPDATE','2#18',3),('TRACKER_ACCESS_FULL','3',1),('TRACKER_FIELD_SUBMIT','3#2',1),('TRACKER_FIELD_SUBMIT','3#3',1),('TRACKER_FIELD_SUBMIT','3#5',1),('TRACKER_FIELD_SUBMIT','3#11',1),('TRACKER_FIELD_READ','3#1',1),('TRACKER_FIELD_READ','3#2',1),('TRACKER_FIELD_READ','3#3',1),('TRACKER_FIELD_READ','3#4',1),('TRACKER_FIELD_READ','3#5',1),('TRACKER_FIELD_READ','3#6',1),('TRACKER_FIELD_READ','3#7',1),('TRACKER_FIELD_READ','3#9',1),('TRACKER_FIELD_READ','3#10',1),('TRACKER_FIELD_READ','3#11',1),('TRACKER_FIELD_READ','3#12',1),('TRACKER_FIELD_READ','3#13',1),('TRACKER_FIELD_UPDATE','3#2',3),('TRACKER_FIELD_UPDATE','3#3',3),('TRACKER_FIELD_UPDATE','3#5',3),('TRACKER_FIELD_UPDATE','3#6',3),('TRACKER_FIELD_UPDATE','3#7',3),('TRACKER_FIELD_UPDATE','3#10',3),('TRACKER_FIELD_UPDATE','3#11',3),('TRACKER_FIELD_UPDATE','3#12',3),('TRACKER_ACCESS_FULL','4',1),('TRACKER_FIELD_SUBMIT','4#4',3),('TRACKER_FIELD_SUBMIT','4#7',3),('TRACKER_FIELD_SUBMIT','4#8',3),('TRACKER_FIELD_SUBMIT','4#9',3),('TRACKER_FIELD_SUBMIT','4#10',3),('TRACKER_FIELD_READ','4#1',1),('TRACKER_FIELD_READ','4#2',1),('TRACKER_FIELD_READ','4#3',1),('TRACKER_FIELD_READ','4#4',1),('TRACKER_FIELD_READ','4#5',1),('TRACKER_FIELD_READ','4#6',1),('TRACKER_FIELD_READ','4#7',1),('TRACKER_FIELD_READ','4#8',1),('TRACKER_FIELD_READ','4#9',1),('TRACKER_FIELD_READ','4#10',1),('TRACKER_FIELD_READ','4#11',1),('TRACKER_FIELD_READ','4#12',1),('TRACKER_FIELD_UPDATE','4#3',3),('TRACKER_FIELD_UPDATE','4#4',3),('TRACKER_FIELD_UPDATE','4#6',3),('TRACKER_FIELD_UPDATE','4#7',3),('TRACKER_FIELD_UPDATE','4#8',3),('TRACKER_FIELD_UPDATE','4#9',3),('TRACKER_FIELD_UPDATE','4#10',3),('TRACKER_FIELD_UPDATE','4#11',3),('TRACKER_ACCESS_FULL','5',1),('TRACKER_FIELD_SUBMIT','5#3',2),('TRACKER_FIELD_SUBMIT','5#5',2),('TRACKER_FIELD_SUBMIT','5#7',2),('TRACKER_FIELD_SUBMIT','5#8',2),('TRACKER_FIELD_SUBMIT','5#10',2),('TRACKER_FIELD_READ','5#1',1),('TRACKER_FIELD_READ','5#2',1),('TRACKER_FIELD_READ','5#3',1),('TRACKER_FIELD_READ','5#4',1),('TRACKER_FIELD_READ','5#5',1),('TRACKER_FIELD_READ','5#6',1),('TRACKER_FIELD_READ','5#7',1),('TRACKER_FIELD_READ','5#8',1),('TRACKER_FIELD_READ','5#9',1),('TRACKER_FIELD_READ','5#10',1),('TRACKER_FIELD_READ','5#11',1),('TRACKER_FIELD_READ','5#12',1),('TRACKER_FIELD_READ','5#13',1),('TRACKER_FIELD_UPDATE','5#3',3),('TRACKER_FIELD_UPDATE','5#5',3),('TRACKER_FIELD_UPDATE','5#6',3),('TRACKER_FIELD_UPDATE','5#7',3),('TRACKER_FIELD_UPDATE','5#8',3),('TRACKER_FIELD_UPDATE','5#9',3),('TRACKER_FIELD_UPDATE','5#10',3),('TRACKER_FIELD_UPDATE','5#11',3),('TRACKER_FIELD_UPDATE','5#12',3),('TRACKER_ACCESS_FULL','7',1),('TRACKER_FIELD_READ','7#1',1),('TRACKER_FIELD_READ','7#2',1),('TRACKER_FIELD_READ','7#3',1),('TRACKER_FIELD_READ','7#4',1),('TRACKER_FIELD_READ','7#5',1),('TRACKER_FIELD_READ','7#6',1),('TRACKER_FIELD_READ','7#7',1),('TRACKER_FIELD_READ','7#8',1),('TRACKER_FIELD_READ','7#9',1),('TRACKER_FIELD_READ','7#10',1),('TRACKER_FIELD_READ','7#11',1),('TRACKER_FIELD_READ','7#12',1),('TRACKER_FIELD_READ','7#13',1),('TRACKER_FIELD_READ','7#14',1),('TRACKER_FIELD_READ','7#15',1),('TRACKER_FIELD_READ','7#16',1),('TRACKER_FIELD_READ','7#17',1),('TRACKER_FIELD_READ','7#18',1),('TRACKER_FIELD_READ','7#19',1),('TRACKER_FIELD_READ','7#20',1),('TRACKER_FIELD_READ','7#21',1),('TRACKER_FIELD_READ','7#22',1),('TRACKER_FIELD_READ','7#23',1),('TRACKER_FIELD_SUBMIT','7#10',2),('TRACKER_FIELD_SUBMIT','7#20',2),('TRACKER_FIELD_SUBMIT','7#12',2),('TRACKER_FIELD_SUBMIT','7#6',3),('TRACKER_FIELD_SUBMIT','7#7',3),('TRACKER_FIELD_SUBMIT','7#21',2),('TRACKER_FIELD_SUBMIT','7#9',2),('TRACKER_FIELD_SUBMIT','7#16',2),('TRACKER_FIELD_SUBMIT','7#18',2),('TRACKER_FIELD_SUBMIT','7#19',2),('TRACKER_FIELD_SUBMIT','7#4',3),('TRACKER_FIELD_SUBMIT','7#8',2),('TRACKER_FIELD_SUBMIT','7#11',2),('TRACKER_FIELD_UPDATE','7#13',3),('TRACKER_FIELD_UPDATE','7#20',3),('TRACKER_FIELD_UPDATE','7#6',3),('TRACKER_FIELD_UPDATE','7#7',3),('TRACKER_FIELD_UPDATE','7#22',3),('TRACKER_FIELD_UPDATE','7#4',3),('TRACKER_FIELD_UPDATE','7#14',3),('TRACKER_FIELD_UPDATE','7#7',3),('TRACKER_FIELD_UPDATE','7#3',3),('TRACKER_FIELD_UPDATE','7#21',3),('TRACKER_FIELD_UPDATE','7#13',3),('TRACKER_FIELD_UPDATE','7#15',3),('TRACKER_FIELD_UPDATE','7#10',3),('TRACKER_FIELD_UPDATE','7#8',3),('TRACKER_FIELD_UPDATE','7#19',3),('TRACKER_FIELD_UPDATE','7#11',3),('TRACKER_FIELD_UPDATE','7#18',3),('TRACKER_FIELD_UPDATE','7#12',3),('TRACKER_FIELD_UPDATE','7#17',3),('TRACKER_FIELD_UPDATE','7#16',3),('TRACKER_FIELD_UPDATE','7#9',3),('PLUGIN_DOCMAN_READ','1',1),('PLUGIN_DOCMAN_READ','2',1),('PLUGIN_DOCMAN_READ','3',1),('PLUGIN_DOCMAN_READ','4',1),('PLUGIN_DOCMAN_READ','5',1),('PLUGIN_DOCMAN_READ','6',1),('PLUGIN_DOCMAN_READ','7',1),('PLUGIN_DOCMAN_READ','8',1),('PLUGIN_DOCMAN_READ','9',1),('PLUGIN_DOCMAN_READ','10',1),('PLUGIN_DOCMAN_READ','11',1),('PLUGIN_DOCMAN_READ','12',1),('PLUGIN_DOCMAN_READ','13',1),('PLUGIN_DOCMAN_READ','14',1),('PLUGIN_DOCMAN_READ','15',1),('PLUGIN_DOCMAN_READ','16',1),('PLUGIN_DOCMAN_READ','17',1),('PLUGIN_DOCMAN_READ','18',1),('PLUGIN_DOCMAN_READ','19',1),('PLUGIN_DOCMAN_READ','20',1),('PLUGIN_DOCMAN_READ','21',1),('PLUGIN_DOCMAN_READ','22',1),('PLUGIN_DOCMAN_READ','23',1),('PLUGIN_DOCMAN_READ','24',1),('PLUGIN_DOCMAN_READ','25',1),('PLUGIN_DOCMAN_READ','26',1),('PLUGIN_DOCMAN_READ','27',1),('PLUGIN_DOCMAN_MANAGE','1',3),('PLUGIN_DOCMAN_MANAGE','2',3),('PLUGIN_DOCMAN_MANAGE','3',3),('PLUGIN_DOCMAN_MANAGE','4',3),('PLUGIN_DOCMAN_MANAGE','5',3),('PLUGIN_DOCMAN_MANAGE','6',3),('PLUGIN_DOCMAN_MANAGE','7',3),('PLUGIN_DOCMAN_MANAGE','8',3),('PLUGIN_DOCMAN_MANAGE','9',3),('PLUGIN_DOCMAN_MANAGE','10',3),('PLUGIN_DOCMAN_MANAGE','11',3),('PLUGIN_DOCMAN_MANAGE','12',3),('PLUGIN_DOCMAN_MANAGE','13',3),('PLUGIN_DOCMAN_MANAGE','14',3),('PLUGIN_DOCMAN_MANAGE','15',3),('PLUGIN_DOCMAN_MANAGE','16',3),('PLUGIN_DOCMAN_MANAGE','17',3),('PLUGIN_DOCMAN_MANAGE','18',3),('PLUGIN_DOCMAN_MANAGE','19',3),('PLUGIN_DOCMAN_MANAGE','20',3),('PLUGIN_DOCMAN_MANAGE','21',3),('PLUGIN_DOCMAN_MANAGE','22',3),('PLUGIN_DOCMAN_MANAGE','23',3),('PLUGIN_DOCMAN_MANAGE','24',3),('PLUGIN_DOCMAN_MANAGE','25',3),('PLUGIN_DOCMAN_MANAGE','26',3),('PLUGIN_DOCMAN_MANAGE','27',3),('PLUGIN_DOCMAN_READ','28',2),('PLUGIN_DOCMAN_WRITE','28',3),('PLUGIN_DOCMAN_MANAGE','28',4),('PLUGIN_DOCMAN_ADMIN','100',4),('TRACKER_ACCESS_FULL','101',1),('PLUGIN_DOCMAN_READ','101',1),('PLUGIN_DOCMAN_MANAGE','101',3),('TRACKER_FIELD_SUBMIT','101#3',2),('TRACKER_FIELD_SUBMIT','101#4',2),('TRACKER_FIELD_SUBMIT','101#5',2),('TRACKER_FIELD_SUBMIT','101#8',2),('TRACKER_FIELD_SUBMIT','101#9',2),('TRACKER_FIELD_SUBMIT','101#20',2),('TRACKER_FIELD_READ','101#1',1),('TRACKER_FIELD_READ','101#2',1),('TRACKER_FIELD_READ','101#3',1),('TRACKER_FIELD_READ','101#4',1),('TRACKER_FIELD_READ','101#5',1),('TRACKER_FIELD_READ','101#6',1),('TRACKER_FIELD_READ','101#7',1),('TRACKER_FIELD_READ','101#8',1),('TRACKER_FIELD_READ','101#9',1),('TRACKER_FIELD_READ','101#10',1),('TRACKER_FIELD_READ','101#11',1),('TRACKER_FIELD_READ','101#12',1),('TRACKER_FIELD_READ','101#13',1),('TRACKER_FIELD_READ','101#14',1),('TRACKER_FIELD_READ','101#15',1),('TRACKER_FIELD_READ','101#16',1),('TRACKER_FIELD_READ','101#17',1),('TRACKER_FIELD_READ','101#18',1),('TRACKER_FIELD_READ','101#19',1),('TRACKER_FIELD_READ','101#20',1),('TRACKER_FIELD_READ','101#22',1),('TRACKER_FIELD_READ','101#23',1),('TRACKER_FIELD_READ','101#24',1),('TRACKER_FIELD_READ','101#26',1),('TRACKER_FIELD_READ','101#27',1),('TRACKER_FIELD_READ','101#28',1),('TRACKER_FIELD_READ','101#29',1),('TRACKER_FIELD_READ','101#30',1),('TRACKER_FIELD_READ','101#31',1),('TRACKER_FIELD_UPDATE','101#2',3),('TRACKER_FIELD_UPDATE','101#3',3),('TRACKER_FIELD_UPDATE','101#4',3),('TRACKER_FIELD_UPDATE','101#5',3),('TRACKER_FIELD_UPDATE','101#8',3),('TRACKER_FIELD_UPDATE','101#9',3),('TRACKER_FIELD_UPDATE','101#10',3),('TRACKER_FIELD_UPDATE','101#11',3),('TRACKER_FIELD_UPDATE','101#12',3),('TRACKER_FIELD_UPDATE','101#13',3),('TRACKER_FIELD_UPDATE','101#14',3),('TRACKER_FIELD_UPDATE','101#15',3),('TRACKER_FIELD_UPDATE','101#16',3),('TRACKER_FIELD_UPDATE','101#17',3),('TRACKER_FIELD_UPDATE','101#18',3),('TRACKER_FIELD_UPDATE','101#19',3),('TRACKER_FIELD_UPDATE','101#20',3),('TRACKER_FIELD_UPDATE','101#22',3),('TRACKER_FIELD_UPDATE','101#23',3),('TRACKER_FIELD_UPDATE','101#24',3),('TRACKER_FIELD_UPDATE','101#26',3),('TRACKER_FIELD_UPDATE','101#27',3),('TRACKER_FIELD_UPDATE','101#28',3),('TRACKER_FIELD_UPDATE','101#29',3),('TRACKER_FIELD_UPDATE','101#30',3),('TRACKER_ACCESS_FULL','102',1),('PLUGIN_DOCMAN_READ','102',1),('PLUGIN_DOCMAN_MANAGE','102',3),('TRACKER_FIELD_READ','102#1',1),('TRACKER_FIELD_READ','102#10',1),('TRACKER_FIELD_READ','102#11',1),('TRACKER_FIELD_UPDATE','102#11',3),('TRACKER_FIELD_SUBMIT','102#12',3),('TRACKER_FIELD_READ','102#12',1),('TRACKER_FIELD_UPDATE','102#12',3),('TRACKER_FIELD_READ','102#13',1),('TRACKER_FIELD_SUBMIT','102#14',3),('TRACKER_FIELD_READ','102#14',1),('TRACKER_FIELD_UPDATE','102#14',3),('TRACKER_FIELD_READ','102#15',1),('TRACKER_FIELD_UPDATE','102#15',3),('TRACKER_FIELD_READ','102#16',1),('TRACKER_FIELD_SUBMIT','102#17',3),('TRACKER_FIELD_READ','102#17',1),('TRACKER_FIELD_UPDATE','102#17',3),('TRACKER_FIELD_SUBMIT','102#18',3),('TRACKER_FIELD_READ','102#18',1),('TRACKER_FIELD_UPDATE','102#18',3),('TRACKER_FIELD_SUBMIT','102#2',3),('TRACKER_FIELD_READ','102#2',1),('TRACKER_FIELD_UPDATE','102#2',3),('TRACKER_FIELD_SUBMIT','102#4',3),('TRACKER_FIELD_READ','102#4',1),('TRACKER_FIELD_UPDATE','102#4',3),('TRACKER_FIELD_SUBMIT','102#5',3),('TRACKER_FIELD_READ','102#5',1),('TRACKER_FIELD_UPDATE','102#5',3),('TRACKER_FIELD_READ','102#6',1),('TRACKER_FIELD_SUBMIT','102#7',3),('TRACKER_FIELD_READ','102#7',1),('TRACKER_FIELD_UPDATE','102#7',3),('TRACKER_FIELD_SUBMIT','102#8',3),('TRACKER_FIELD_READ','102#8',1),('TRACKER_FIELD_UPDATE','102#8',3),('TRACKER_FIELD_SUBMIT','102#9',3),('TRACKER_FIELD_READ','102#9',1),('TRACKER_FIELD_UPDATE','102#9',3),('TRACKER_ACCESS_FULL','103',1),('PLUGIN_DOCMAN_READ','103',1),('PLUGIN_DOCMAN_MANAGE','103',3),('TRACKER_FIELD_READ','103#1',1),('TRACKER_FIELD_READ','103#10',1),('TRACKER_FIELD_UPDATE','103#10',3),('TRACKER_FIELD_SUBMIT','103#11',1),('TRACKER_FIELD_READ','103#11',1),('TRACKER_FIELD_UPDATE','103#11',3),('TRACKER_FIELD_READ','103#12',1),('TRACKER_FIELD_UPDATE','103#12',3),('TRACKER_FIELD_READ','103#13',1),('TRACKER_FIELD_SUBMIT','103#2',1),('TRACKER_FIELD_READ','103#2',1),('TRACKER_FIELD_UPDATE','103#2',3),('TRACKER_FIELD_SUBMIT','103#3',1),('TRACKER_FIELD_READ','103#3',1),('TRACKER_FIELD_UPDATE','103#3',3),('TRACKER_FIELD_READ','103#4',1),('TRACKER_FIELD_SUBMIT','103#5',1),('TRACKER_FIELD_READ','103#5',1),('TRACKER_FIELD_UPDATE','103#5',3),('TRACKER_FIELD_READ','103#6',1),('TRACKER_FIELD_UPDATE','103#6',3),('TRACKER_FIELD_READ','103#7',1),('TRACKER_FIELD_UPDATE','103#7',3),('TRACKER_FIELD_READ','103#9',1),('TRACKER_ACCESS_FULL','104',1),('PLUGIN_DOCMAN_READ','104',1),('PLUGIN_DOCMAN_MANAGE','104',3),('TRACKER_FIELD_READ','104#1',1),('TRACKER_FIELD_READ','104#10',1),('TRACKER_FIELD_SUBMIT','104#10',2),('TRACKER_FIELD_UPDATE','104#10',3),('TRACKER_FIELD_READ','104#11',1),('TRACKER_FIELD_SUBMIT','104#11',2),('TRACKER_FIELD_UPDATE','104#11',3),('TRACKER_FIELD_READ','104#12',1),('TRACKER_FIELD_SUBMIT','104#12',2),('TRACKER_FIELD_UPDATE','104#12',3),('TRACKER_FIELD_READ','104#13',1),('TRACKER_FIELD_UPDATE','104#13',3),('TRACKER_FIELD_UPDATE','104#13',3),('TRACKER_FIELD_READ','104#14',1),('TRACKER_FIELD_UPDATE','104#14',3),('TRACKER_FIELD_READ','104#15',1),('TRACKER_FIELD_UPDATE','104#15',3),('TRACKER_FIELD_READ','104#16',1),('TRACKER_FIELD_SUBMIT','104#16',2),('TRACKER_FIELD_UPDATE','104#16',3),('TRACKER_FIELD_READ','104#17',1),('TRACKER_FIELD_UPDATE','104#17',3),('TRACKER_FIELD_READ','104#18',1),('TRACKER_FIELD_SUBMIT','104#18',2),('TRACKER_FIELD_UPDATE','104#18',3),('TRACKER_FIELD_READ','104#19',1),('TRACKER_FIELD_SUBMIT','104#19',2),('TRACKER_FIELD_UPDATE','104#19',3),('TRACKER_FIELD_READ','104#2',1),('TRACKER_FIELD_READ','104#20',1),('TRACKER_FIELD_SUBMIT','104#20',2),('TRACKER_FIELD_UPDATE','104#20',3),('TRACKER_FIELD_READ','104#21',1),('TRACKER_FIELD_SUBMIT','104#21',2),('TRACKER_FIELD_UPDATE','104#21',3),('TRACKER_FIELD_READ','104#22',1),('TRACKER_FIELD_UPDATE','104#22',3),('TRACKER_FIELD_READ','104#23',1),('TRACKER_FIELD_READ','104#3',1),('TRACKER_FIELD_UPDATE','104#3',3),('TRACKER_FIELD_READ','104#4',1),('TRACKER_FIELD_SUBMIT','104#4',3),('TRACKER_FIELD_UPDATE','104#4',3),('TRACKER_FIELD_READ','104#5',1),('TRACKER_FIELD_READ','104#6',1),('TRACKER_FIELD_SUBMIT','104#6',3),('TRACKER_FIELD_UPDATE','104#6',3),('TRACKER_FIELD_READ','104#7',1),('TRACKER_FIELD_SUBMIT','104#7',3),('TRACKER_FIELD_UPDATE','104#7',3),('TRACKER_FIELD_UPDATE','104#7',3),('TRACKER_FIELD_READ','104#8',1),('TRACKER_FIELD_SUBMIT','104#8',2),('TRACKER_FIELD_UPDATE','104#8',3),('TRACKER_FIELD_READ','104#9',1),('TRACKER_FIELD_SUBMIT','104#9',2),('TRACKER_FIELD_UPDATE','104#9',3),('PLUGIN_DOCMAN_ADMIN','101',4),('PLUGIN_DOCMAN_READ','29',2),('PLUGIN_DOCMAN_WRITE','29',3),('PLUGIN_DOCMAN_MANAGE','29',4),('PLUGIN_DOCMAN_READ','30',2),('PLUGIN_DOCMAN_WRITE','30',3),('PLUGIN_DOCMAN_MANAGE','30',4),('PLUGIN_TRACKER_FIELD_READ','102',1),('PLUGIN_TRACKER_FIELD_READ','103',1),('PLUGIN_TRACKER_FIELD_READ','105',1),('PLUGIN_TRACKER_FIELD_READ','106',1),('PLUGIN_TRACKER_FIELD_READ','108',1),('PLUGIN_TRACKER_FIELD_SUBMIT','108',2),('PLUGIN_TRACKER_FIELD_UPDATE','108',3),('PLUGIN_TRACKER_FIELD_READ','109',1),('PLUGIN_TRACKER_FIELD_SUBMIT','109',2),('PLUGIN_TRACKER_FIELD_UPDATE','109',3),('PLUGIN_TRACKER_FIELD_READ','111',1),('PLUGIN_TRACKER_FIELD_SUBMIT','111',2),('PLUGIN_TRACKER_FIELD_UPDATE','111',3),('PLUGIN_TRACKER_FIELD_READ','113',1),('PLUGIN_TRACKER_FIELD_SUBMIT','113',2),('PLUGIN_TRACKER_FIELD_UPDATE','113',3),('PLUGIN_TRACKER_FIELD_READ','118',1),('PLUGIN_TRACKER_FIELD_SUBMIT','118',2),('PLUGIN_TRACKER_FIELD_UPDATE','118',3),('PLUGIN_TRACKER_FIELD_READ','121',1),('PLUGIN_TRACKER_FIELD_SUBMIT','121',2),('PLUGIN_TRACKER_FIELD_UPDATE','121',3),('PLUGIN_TRACKER_FIELD_READ','123',1),('PLUGIN_TRACKER_FIELD_SUBMIT','123',2),('PLUGIN_TRACKER_FIELD_UPDATE','123',3),('PLUGIN_TRACKER_FIELD_READ','125',1),('PLUGIN_TRACKER_FIELD_SUBMIT','125',2),('PLUGIN_TRACKER_FIELD_UPDATE','125',3),('PLUGIN_TRACKER_FIELD_READ','127',1),('PLUGIN_TRACKER_FIELD_UPDATE','130',4),('PLUGIN_TRACKER_ACCESS_FULL','105',1),('PLUGIN_TRACKER_FIELD_READ','134',1),('PLUGIN_TRACKER_FIELD_SUBMIT','134',2),('PLUGIN_TRACKER_FIELD_UPDATE','134',3),('PLUGIN_TRACKER_FIELD_READ','135',1),('PLUGIN_TRACKER_FIELD_SUBMIT','135',2),('PLUGIN_TRACKER_FIELD_UPDATE','135',3),('PLUGIN_TRACKER_WORKFLOW_TRANSITION','17',3),('PLUGIN_TRACKER_WORKFLOW_TRANSITION','16',3),('PLUGIN_TRACKER_WORKFLOW_TRANSITION','15',3),('TRACKER_ACCESS_FULL','106',1),('PLUGIN_DOCMAN_READ','106',1),('PLUGIN_DOCMAN_MANAGE','106',3),('TRACKER_FIELD_READ','106#1',1),('TRACKER_FIELD_READ','106#10',1),('TRACKER_FIELD_UPDATE','106#10',3),('TRACKER_FIELD_READ','106#11',1),('TRACKER_FIELD_UPDATE','106#11',3),('TRACKER_FIELD_READ','106#12',1),('TRACKER_FIELD_UPDATE','106#12',3),('TRACKER_FIELD_READ','106#13',1),('TRACKER_FIELD_UPDATE','106#13',3),('TRACKER_FIELD_READ','106#14',1),('TRACKER_FIELD_UPDATE','106#14',3),('TRACKER_FIELD_READ','106#15',1),('TRACKER_FIELD_UPDATE','106#15',3),('TRACKER_FIELD_READ','106#16',1),('TRACKER_FIELD_UPDATE','106#16',3),('TRACKER_FIELD_READ','106#17',1),('TRACKER_FIELD_UPDATE','106#17',3),('TRACKER_FIELD_READ','106#18',1),('TRACKER_FIELD_UPDATE','106#18',3),('TRACKER_FIELD_READ','106#19',1),('TRACKER_FIELD_UPDATE','106#19',3),('TRACKER_FIELD_READ','106#2',1),('TRACKER_FIELD_UPDATE','106#2',3),('TRACKER_FIELD_SUBMIT','106#20',2),('TRACKER_FIELD_READ','106#20',1),('TRACKER_FIELD_UPDATE','106#20',3),('TRACKER_FIELD_READ','106#22',1),('TRACKER_FIELD_UPDATE','106#22',3),('TRACKER_FIELD_READ','106#23',1),('TRACKER_FIELD_UPDATE','106#23',3),('TRACKER_FIELD_READ','106#24',1),('TRACKER_FIELD_UPDATE','106#24',3),('TRACKER_FIELD_READ','106#26',1),('TRACKER_FIELD_UPDATE','106#26',3),('TRACKER_FIELD_READ','106#27',1),('TRACKER_FIELD_UPDATE','106#27',3),('TRACKER_FIELD_READ','106#28',1),('TRACKER_FIELD_UPDATE','106#28',3),('TRACKER_FIELD_READ','106#29',1),('TRACKER_FIELD_UPDATE','106#29',3),('TRACKER_FIELD_SUBMIT','106#3',2),('TRACKER_FIELD_READ','106#3',1),('TRACKER_FIELD_UPDATE','106#3',3),('TRACKER_FIELD_READ','106#30',1),('TRACKER_FIELD_UPDATE','106#30',3),('TRACKER_FIELD_READ','106#31',1),('TRACKER_FIELD_SUBMIT','106#4',2),('TRACKER_FIELD_READ','106#4',1),('TRACKER_FIELD_UPDATE','106#4',3),('TRACKER_FIELD_SUBMIT','106#5',2),('TRACKER_FIELD_READ','106#5',1),('TRACKER_FIELD_UPDATE','106#5',3),('TRACKER_FIELD_READ','106#6',1),('TRACKER_FIELD_READ','106#7',1),('TRACKER_FIELD_SUBMIT','106#8',2),('TRACKER_FIELD_READ','106#8',1),('TRACKER_FIELD_UPDATE','106#8',3),('TRACKER_FIELD_SUBMIT','106#9',2),('TRACKER_FIELD_READ','106#9',1),('TRACKER_FIELD_UPDATE','106#9',3),('TRACKER_ACCESS_FULL','107',1),('PLUGIN_DOCMAN_READ','107',1),('PLUGIN_DOCMAN_MANAGE','107',3),('TRACKER_FIELD_READ','107#1',1),('TRACKER_FIELD_READ','107#10',1),('TRACKER_FIELD_READ','107#11',1),('TRACKER_FIELD_UPDATE','107#11',3),('TRACKER_FIELD_SUBMIT','107#12',3),('TRACKER_FIELD_READ','107#12',1),('TRACKER_FIELD_UPDATE','107#12',3),('TRACKER_FIELD_READ','107#13',1),('TRACKER_FIELD_SUBMIT','107#14',3),('TRACKER_FIELD_READ','107#14',1),('TRACKER_FIELD_UPDATE','107#14',3),('TRACKER_FIELD_READ','107#15',1),('TRACKER_FIELD_UPDATE','107#15',3),('TRACKER_FIELD_READ','107#16',1),('TRACKER_FIELD_SUBMIT','107#17',3),('TRACKER_FIELD_READ','107#17',1),('TRACKER_FIELD_UPDATE','107#17',3),('TRACKER_FIELD_SUBMIT','107#18',3),('TRACKER_FIELD_READ','107#18',1),('TRACKER_FIELD_UPDATE','107#18',3),('TRACKER_FIELD_SUBMIT','107#2',3),('TRACKER_FIELD_READ','107#2',1),('TRACKER_FIELD_UPDATE','107#2',3),('TRACKER_FIELD_SUBMIT','107#4',3),('TRACKER_FIELD_READ','107#4',1),('TRACKER_FIELD_UPDATE','107#4',3),('TRACKER_FIELD_SUBMIT','107#5',3),('TRACKER_FIELD_READ','107#5',1),('TRACKER_FIELD_UPDATE','107#5',3),('TRACKER_FIELD_READ','107#6',1),('TRACKER_FIELD_SUBMIT','107#7',3),('TRACKER_FIELD_READ','107#7',1),('TRACKER_FIELD_UPDATE','107#7',3),('TRACKER_FIELD_SUBMIT','107#8',3),('TRACKER_FIELD_READ','107#8',1),('TRACKER_FIELD_UPDATE','107#8',3),('TRACKER_FIELD_SUBMIT','107#9',3),('TRACKER_FIELD_READ','107#9',1),('TRACKER_FIELD_UPDATE','107#9',3),('TRACKER_ACCESS_FULL','108',1),('PLUGIN_DOCMAN_READ','108',1),('PLUGIN_DOCMAN_MANAGE','108',3),('TRACKER_FIELD_READ','108#1',1),('TRACKER_FIELD_READ','108#10',1),('TRACKER_FIELD_UPDATE','108#10',3),('TRACKER_FIELD_SUBMIT','108#11',1),('TRACKER_FIELD_READ','108#11',1),('TRACKER_FIELD_UPDATE','108#11',3),('TRACKER_FIELD_READ','108#12',1),('TRACKER_FIELD_UPDATE','108#12',3),('TRACKER_FIELD_READ','108#13',1),('TRACKER_FIELD_SUBMIT','108#2',1),('TRACKER_FIELD_READ','108#2',1),('TRACKER_FIELD_UPDATE','108#2',3),('TRACKER_FIELD_SUBMIT','108#3',1),('TRACKER_FIELD_READ','108#3',1),('TRACKER_FIELD_UPDATE','108#3',3),('TRACKER_FIELD_READ','108#4',1),('TRACKER_FIELD_SUBMIT','108#5',1),('TRACKER_FIELD_READ','108#5',1),('TRACKER_FIELD_UPDATE','108#5',3),('TRACKER_FIELD_READ','108#6',1),('TRACKER_FIELD_UPDATE','108#6',3),('TRACKER_FIELD_READ','108#7',1),('TRACKER_FIELD_UPDATE','108#7',3),('TRACKER_FIELD_READ','108#9',1),('TRACKER_ACCESS_FULL','109',1),('PLUGIN_DOCMAN_READ','109',1),('PLUGIN_DOCMAN_MANAGE','109',3),('TRACKER_FIELD_READ','109#1',1),('TRACKER_FIELD_READ','109#10',1),('TRACKER_FIELD_SUBMIT','109#10',2),('TRACKER_FIELD_UPDATE','109#10',3),('TRACKER_FIELD_READ','109#11',1),('TRACKER_FIELD_SUBMIT','109#11',2),('TRACKER_FIELD_UPDATE','109#11',3),('TRACKER_FIELD_READ','109#12',1),('TRACKER_FIELD_SUBMIT','109#12',2),('TRACKER_FIELD_UPDATE','109#12',3),('TRACKER_FIELD_READ','109#13',1),('TRACKER_FIELD_UPDATE','109#13',3),('TRACKER_FIELD_UPDATE','109#13',3),('TRACKER_FIELD_READ','109#14',1),('TRACKER_FIELD_UPDATE','109#14',3),('TRACKER_FIELD_READ','109#15',1),('TRACKER_FIELD_UPDATE','109#15',3),('TRACKER_FIELD_READ','109#16',1),('TRACKER_FIELD_SUBMIT','109#16',2),('TRACKER_FIELD_UPDATE','109#16',3),('TRACKER_FIELD_READ','109#17',1),('TRACKER_FIELD_UPDATE','109#17',3),('TRACKER_FIELD_READ','109#18',1),('TRACKER_FIELD_SUBMIT','109#18',2),('TRACKER_FIELD_UPDATE','109#18',3),('TRACKER_FIELD_READ','109#19',1),('TRACKER_FIELD_SUBMIT','109#19',2),('TRACKER_FIELD_UPDATE','109#19',3),('TRACKER_FIELD_READ','109#2',1),('TRACKER_FIELD_READ','109#20',1),('TRACKER_FIELD_SUBMIT','109#20',2),('TRACKER_FIELD_UPDATE','109#20',3),('TRACKER_FIELD_READ','109#21',1),('TRACKER_FIELD_SUBMIT','109#21',2),('TRACKER_FIELD_UPDATE','109#21',3),('TRACKER_FIELD_READ','109#22',1),('TRACKER_FIELD_UPDATE','109#22',3),('TRACKER_FIELD_READ','109#23',1),('TRACKER_FIELD_READ','109#3',1),('TRACKER_FIELD_UPDATE','109#3',3),('TRACKER_FIELD_READ','109#4',1),('TRACKER_FIELD_SUBMIT','109#4',3),('TRACKER_FIELD_UPDATE','109#4',3),('TRACKER_FIELD_READ','109#5',1),('TRACKER_FIELD_READ','109#6',1),('TRACKER_FIELD_SUBMIT','109#6',3),('TRACKER_FIELD_UPDATE','109#6',3),('TRACKER_FIELD_READ','109#7',1),('TRACKER_FIELD_SUBMIT','109#7',3),('TRACKER_FIELD_UPDATE','109#7',3),('TRACKER_FIELD_UPDATE','109#7',3),('TRACKER_FIELD_READ','109#8',1),('TRACKER_FIELD_SUBMIT','109#8',2),('TRACKER_FIELD_UPDATE','109#8',3),('TRACKER_FIELD_READ','109#9',1),('TRACKER_FIELD_SUBMIT','109#9',2),('TRACKER_FIELD_UPDATE','109#9',3),('PLUGIN_DOCMAN_ADMIN','102',4),('PLUGIN_DOCMAN_READ','31',2),('PLUGIN_DOCMAN_WRITE','31',3),('PLUGIN_DOCMAN_MANAGE','31',4),('WIKIPAGE_READ','188',4),('WIKIPAGE_READ','188',14),('WIKIPAGE_READ','196',4),('WIKIPAGE_READ','196',14),('WIKIPAGE_READ','197',4),('WIKIPAGE_READ','197',14),('WIKIPAGE_READ','198',4),('WIKIPAGE_READ','198',14),('PLUGIN_TRACKER_ACCESS_FULL','110',1);
/*!40000 ALTER TABLE `permissions` ENABLE KEYS */;
UNLOCK TABLES;

--
-- Table structure for table `permissions_values`
--

DROP TABLE IF EXISTS `permissions_values`;
/*!40101 SET @saved_cs_client     = @@character_set_client */;
/*!40101 SET character_set_client = utf8 */;
CREATE TABLE `permissions_values` (
  `permission_type` text NOT NULL,
  `ugroup_id` int(11) NOT NULL,
  `is_default` int(11) NOT NULL default '0'
) ENGINE=MyISAM DEFAULT CHARSET=utf8;
/*!40101 SET character_set_client = @saved_cs_client */;

--
-- Dumping data for table `permissions_values`
--

LOCK TABLES `permissions_values` WRITE;
/*!40000 ALTER TABLE `permissions_values` DISABLE KEYS */;
INSERT INTO `permissions_values` VALUES ('PACKAGE_READ',100,0),('PACKAGE_READ',1,0),('PACKAGE_READ',2,1),('PACKAGE_READ',3,0),('PACKAGE_READ',4,0),('PACKAGE_READ',11,0),('RELEASE_READ',100,0),('RELEASE_READ',1,0),('RELEASE_READ',2,0),('RELEASE_READ',3,0),('RELEASE_READ',4,0),('RELEASE_READ',11,0),('DOCGROUP_READ',100,0),('DOCGROUP_READ',1,1),('DOCGROUP_READ',2,0),('DOCGROUP_READ',3,0),('DOCGROUP_READ',4,0),('DOCGROUP_READ',12,0),('DOCGROUP_READ',13,0),('DOCUMENT_READ',100,0),('DOCUMENT_READ',1,0),('DOCUMENT_READ',2,0),('DOCUMENT_READ',3,0),('DOCUMENT_READ',4,0),('DOCUMENT_READ',12,0),('DOCUMENT_READ',13,0),('WIKI_READ',100,0),('WIKI_READ',1,0),('WIKI_READ',2,1),('WIKI_READ',3,0),('WIKI_READ',4,0),('WIKI_READ',14,0),('WIKIPAGE_READ',100,0),('WIKIPAGE_READ',1,0),('WIKIPAGE_READ',2,1),('WIKIPAGE_READ',3,0),('WIKIPAGE_READ',4,0),('WIKIPAGE_READ',14,0),('WIKIATTACHMENT_READ',100,0),('WIKIATTACHMENT_READ',1,0),('WIKIATTACHMENT_READ',2,1),('WIKIATTACHMENT_READ',3,0),('WIKIATTACHMENT_READ',4,0),('NEWS_READ',1,1),('TRACKER_ACCESS_FULL',1,1),('TRACKER_ACCESS_FULL',2,0),('TRACKER_ACCESS_FULL',3,0),('TRACKER_ACCESS_FULL',4,0),('TRACKER_ACCESS_FULL',15,0),('TRACKER_ACCESS_SUBMITTER',3,0),('TRACKER_ACCESS_SUBMITTER',4,0),('TRACKER_ACCESS_SUBMITTER',15,0),('TRACKER_ACCESS_ASSIGNEE',3,0),('TRACKER_ACCESS_ASSIGNEE',4,0),('TRACKER_ACCESS_ASSIGNEE',15,0),('TRACKER_FIELD_SUBMIT',1,0),('TRACKER_FIELD_SUBMIT',2,0),('TRACKER_FIELD_SUBMIT',3,0),('TRACKER_FIELD_SUBMIT',4,0),('TRACKER_FIELD_SUBMIT',15,0),('TRACKER_FIELD_READ',1,0),('TRACKER_FIELD_READ',2,0),('TRACKER_FIELD_READ',3,0),('TRACKER_FIELD_READ',4,0),('TRACKER_FIELD_READ',15,0),('TRACKER_FIELD_UPDATE',3,0),('TRACKER_FIELD_UPDATE',4,0),('TRACKER_FIELD_UPDATE',15,0),('TRACKER_ARTIFACT_ACCESS',1,1),('TRACKER_ARTIFACT_ACCESS',2,0),('TRACKER_ARTIFACT_ACCESS',3,0),('TRACKER_ARTIFACT_ACCESS',4,0),('TRACKER_ARTIFACT_ACCESS',15,0),('PLUGIN_DOCMAN_READ',1,0),('PLUGIN_DOCMAN_READ',2,1),('PLUGIN_DOCMAN_READ',3,0),('PLUGIN_DOCMAN_READ',4,0),('PLUGIN_DOCMAN_WRITE',1,0),('PLUGIN_DOCMAN_WRITE',2,0),('PLUGIN_DOCMAN_WRITE',3,1),('PLUGIN_DOCMAN_WRITE',4,0),('PLUGIN_DOCMAN_MANAGE',1,0),('PLUGIN_DOCMAN_MANAGE',2,0),('PLUGIN_DOCMAN_MANAGE',3,0),('PLUGIN_DOCMAN_MANAGE',4,1),('PLUGIN_DOCMAN_ADMIN',1,0),('PLUGIN_DOCMAN_ADMIN',2,0),('PLUGIN_DOCMAN_ADMIN',3,0),('PLUGIN_DOCMAN_ADMIN',4,1),('PLUGIN_GIT_READ',2,1),('PLUGIN_GIT_READ',3,0),('PLUGIN_GIT_READ',4,0),('PLUGIN_GIT_WRITE',2,0),('PLUGIN_GIT_WRITE',3,1),('PLUGIN_GIT_WRITE',4,0),('PLUGIN_GIT_WPLUS',2,0),('PLUGIN_GIT_WPLUS',3,0),('PLUGIN_GIT_WPLUS',4,0),('PLUGIN_TRACKER_ACCESS_FULL',1,1),('PLUGIN_TRACKER_ACCESS_FULL',2,0),('PLUGIN_TRACKER_ACCESS_FULL',3,0),('PLUGIN_TRACKER_ACCESS_FULL',4,0),('PLUGIN_TRACKER_ACCESS_SUBMITTER',3,0),('PLUGIN_TRACKER_ACCESS_SUBMITTER',4,0),('PLUGIN_TRACKER_ACCESS_ASSIGNEE',3,0),('PLUGIN_TRACKER_ACCESS_ASSIGNEE',4,0),('PLUGIN_TRACKER_FIELD_SUBMIT',1,0),('PLUGIN_TRACKER_FIELD_SUBMIT',2,0),('PLUGIN_TRACKER_FIELD_SUBMIT',3,0),('PLUGIN_TRACKER_FIELD_SUBMIT',4,0),('PLUGIN_TRACKER_FIELD_READ',1,0),('PLUGIN_TRACKER_FIELD_READ',2,0),('PLUGIN_TRACKER_FIELD_READ',3,0),('PLUGIN_TRACKER_FIELD_READ',4,0),('PLUGIN_TRACKER_FIELD_UPDATE',3,0),('PLUGIN_TRACKER_FIELD_UPDATE',4,0),('PLUGIN_TRACKER_ARTIFACT_ACCESS',1,1),('PLUGIN_TRACKER_ARTIFACT_ACCESS',2,0),('PLUGIN_TRACKER_ARTIFACT_ACCESS',3,0),('PLUGIN_TRACKER_ARTIFACT_ACCESS',4,0),('PLUGIN_TRACKER_WORKFLOW_TRANSITION',1,0),('PLUGIN_TRACKER_WORKFLOW_TRANSITION',2,0),('PLUGIN_TRACKER_WORKFLOW_TRANSITION',3,1),('PLUGIN_TRACKER_WORKFLOW_TRANSITION',4,0);
/*!40000 ALTER TABLE `permissions_values` ENABLE KEYS */;
UNLOCK TABLES;

--
-- Table structure for table `plugin`
--

DROP TABLE IF EXISTS `plugin`;
/*!40101 SET @saved_cs_client     = @@character_set_client */;
/*!40101 SET character_set_client = utf8 */;
CREATE TABLE `plugin` (
  `id` int(11) NOT NULL auto_increment,
  `name` varchar(100) NOT NULL,
  `available` tinyint(4) NOT NULL default '0',
  `prj_restricted` tinyint(4) NOT NULL default '0',
  PRIMARY KEY  (`id`),
  UNIQUE KEY `name` (`name`)
) ENGINE=MyISAM AUTO_INCREMENT=8 DEFAULT CHARSET=utf8;
/*!40101 SET character_set_client = @saved_cs_client */;

--
-- Dumping data for table `plugin`
--

LOCK TABLES `plugin` WRITE;
/*!40000 ALTER TABLE `plugin` DISABLE KEYS */;
INSERT INTO `plugin` VALUES (1,'pluginsadministration',1,0),(2,'docman',1,0),(3,'graphontrackers',1,0),(4,'IM',0,0),(5,'forumml',1,0),(6,'git',1,0),(7,'tracker',1,0);
/*!40000 ALTER TABLE `plugin` ENABLE KEYS */;
UNLOCK TABLES;

--
-- Table structure for table `plugin_docman_approval`
--

DROP TABLE IF EXISTS `plugin_docman_approval`;
/*!40101 SET @saved_cs_client     = @@character_set_client */;
/*!40101 SET character_set_client = utf8 */;
CREATE TABLE `plugin_docman_approval` (
  `table_id` int(11) unsigned NOT NULL auto_increment,
  `item_id` int(11) unsigned default NULL,
  `version_id` int(11) unsigned default NULL,
  `wiki_version_id` int(11) unsigned default NULL,
  `table_owner` int(11) unsigned NOT NULL,
  `date` int(11) unsigned default NULL,
  `description` text,
  `status` tinyint(4) NOT NULL default '0',
  `notification` tinyint(4) NOT NULL default '0',
  `auto_status` tinyint(4) NOT NULL default '0',
  PRIMARY KEY  (`table_id`),
  UNIQUE KEY `version_id` (`version_id`),
  UNIQUE KEY `item_id` (`item_id`,`wiki_version_id`)
) ENGINE=MyISAM DEFAULT CHARSET=utf8;
/*!40101 SET character_set_client = @saved_cs_client */;

--
-- Dumping data for table `plugin_docman_approval`
--

LOCK TABLES `plugin_docman_approval` WRITE;
/*!40000 ALTER TABLE `plugin_docman_approval` DISABLE KEYS */;
/*!40000 ALTER TABLE `plugin_docman_approval` ENABLE KEYS */;
UNLOCK TABLES;

--
-- Table structure for table `plugin_docman_approval_user`
--

DROP TABLE IF EXISTS `plugin_docman_approval_user`;
/*!40101 SET @saved_cs_client     = @@character_set_client */;
/*!40101 SET character_set_client = utf8 */;
CREATE TABLE `plugin_docman_approval_user` (
  `table_id` int(11) unsigned NOT NULL,
  `reviewer_id` int(11) unsigned NOT NULL,
  `rank` int(11) NOT NULL default '0',
  `date` int(11) unsigned default NULL,
  `state` tinyint(4) NOT NULL default '0',
  `comment` text,
  `version` int(11) unsigned default NULL,
  PRIMARY KEY  (`table_id`,`reviewer_id`),
  KEY `rank` (`rank`),
  KEY `idx_reviewer` (`reviewer_id`,`table_id`)
) ENGINE=MyISAM DEFAULT CHARSET=utf8;
/*!40101 SET character_set_client = @saved_cs_client */;

--
-- Dumping data for table `plugin_docman_approval_user`
--

LOCK TABLES `plugin_docman_approval_user` WRITE;
/*!40000 ALTER TABLE `plugin_docman_approval_user` DISABLE KEYS */;
/*!40000 ALTER TABLE `plugin_docman_approval_user` ENABLE KEYS */;
UNLOCK TABLES;

--
-- Table structure for table `plugin_docman_item`
--

DROP TABLE IF EXISTS `plugin_docman_item`;
/*!40101 SET @saved_cs_client     = @@character_set_client */;
/*!40101 SET character_set_client = utf8 */;
CREATE TABLE `plugin_docman_item` (
  `item_id` int(11) unsigned NOT NULL auto_increment,
  `parent_id` int(11) unsigned default NULL,
  `group_id` int(11) unsigned default NULL,
  `title` text,
  `description` text,
  `create_date` int(11) unsigned default NULL,
  `update_date` int(11) unsigned default NULL,
  `delete_date` int(11) unsigned default NULL,
  `user_id` int(11) unsigned default NULL,
  `status` tinyint(4) NOT NULL default '100',
  `obsolescence_date` int(11) NOT NULL default '0',
  `rank` int(11) NOT NULL default '0',
  `item_type` int(11) unsigned default NULL,
  `link_url` text,
  `wiki_page` text,
  `file_is_embedded` int(11) unsigned default NULL,
  PRIMARY KEY  (`item_id`),
  KEY `idx_group_id` (`group_id`),
  KEY `parent_id` (`parent_id`),
  KEY `rank` (`rank`),
  KEY `search` (`group_id`,`delete_date`,`obsolescence_date`),
  FULLTEXT KEY `fltxt_title` (`title`),
  FULLTEXT KEY `fltxt_description` (`description`),
  FULLTEXT KEY `fltxt` (`title`,`description`)
) ENGINE=MyISAM AUTO_INCREMENT=32 DEFAULT CHARSET=utf8;
/*!40101 SET character_set_client = @saved_cs_client */;

--
-- Dumping data for table `plugin_docman_item`
--

LOCK TABLES `plugin_docman_item` WRITE;
/*!40000 ALTER TABLE `plugin_docman_item` DISABLE KEYS */;
INSERT INTO `plugin_docman_item` VALUES (1,0,1,'roottitle_lbl_key','',1318858462,1318858462,NULL,101,0,0,0,1,NULL,NULL,NULL),(2,1,1,'English Documentation','',1318858462,1318858462,NULL,101,0,0,0,1,NULL,NULL,NULL),(3,2,1,'Codendi User Guide','A comprehensive guide describing all the Codendi services and how to use them in an optimal way. Also provides a lot of useful tips and guidelines to manage your Codendi project efficiently.',1318858462,1318858462,NULL,101,0,0,0,1,NULL,NULL,NULL),(4,3,1,'PDF Version','',1318858462,1318858462,NULL,101,0,0,-1,3,'/documentation/user_guide/pdf/en_US/Codendi_User_Guide.pdf','',NULL),(5,3,1,'Multi-page HTML Version','',1318858462,1318858462,NULL,101,0,0,1,3,'/documentation/user_guide/html/en_US/index.html','',NULL),(6,3,1,'Single-page HTML (2.7 MB) Version','',1318858462,1318858462,NULL,101,0,0,2,3,'/documentation/user_guide/html/en_US/Codendi_User_Guide.html','',NULL),(7,2,1,'Command-Line Interface','A comprehensive guide describing all the functions of the Codendi Command-Line Interface.',1318858462,1318858462,NULL,101,0,0,1,1,NULL,NULL,NULL),(8,7,1,'PDF Version','',1318858462,1318858462,NULL,101,0,0,-3,3,'/documentation/cli/pdf/en_US/Codendi_CLI.pdf','',NULL),(9,7,1,'Multi-page HTML Version','',1318858462,1318858462,NULL,101,0,0,-2,3,'/documentation/cli/html/en_US/index.html','',NULL),(10,7,1,'Single-page HTML Version','',1318858462,1318858462,NULL,101,0,0,0,3,'/documentation/cli/html/en_US/Codendi_CLI.html','',NULL),(11,1,1,'Documentation en franais','',1318858462,1318858462,NULL,101,0,0,1,1,NULL,NULL,NULL),(12,11,1,'Guide de l\'Utilisateur Codendi','Un guide complet dcrivant tous les services de Codendi et comment les utiliser de manire optimale. Fournit galement de nombreuses astuces et explications pour grer efficacement votre projet Codendi.',1318858462,1318858462,NULL,101,0,0,0,1,NULL,NULL,NULL),(13,12,1,'Version PDF','',1318858462,1318858462,NULL,101,0,0,-1,3,'/documentation/user_guide/pdf/fr_FR/Codendi_User_Guide.pdf','',NULL),(14,12,1,'Version HTML multi-pages','',1318858462,1318858462,NULL,101,0,0,1,3,'/documentation/user_guide/html/fr_FR/index.html','',NULL),(15,12,1,'Version HTML une page (4,2 Mo)','',1318858462,1318858462,NULL,101,0,0,2,3,'/documentation/user_guide/html/fr_FR/Codendi_User_Guide.html','',NULL),(16,11,1,'Interface de Commande en Ligne','Un guide complet dcrivant toutes les fonctions de l\'Interface de Commande en Ligne de Codendi.',1318858462,1318858462,NULL,101,0,0,1,1,NULL,NULL,NULL),(17,16,1,'Version PDF','',1318858462,1318858462,NULL,101,0,0,3,3,'/documentation/cli/pdf/fr_FR/Codendi_CLI.pdf','',NULL),(18,16,1,'Version HTML multi-pages','',1318858462,1318858462,NULL,101,0,0,4,3,'/documentation/cli/html/fr_FR/index.html','',NULL),(19,16,1,'Version HTML une page','',1318858462,1318858462,NULL,101,0,0,5,3,'/documentation/cli/html/fr_FR/Codendi_CLI.html','',NULL),(20,2,1,'Eclipse plugin','A comprehensive guide describing all the functions of the Codendi Eclipse plugin.',1318858462,1318858462,NULL,101,0,0,2,1,NULL,NULL,NULL),(21,20,1,'PDF Version','',1318858462,1318858462,NULL,101,0,0,5,3,'/plugins/eclipse/documentation/doc/help/pdf/Codendi_Eclipse_Plugin_User_Guide.pdf','',NULL),(22,20,1,'Multi-page HTML Version','',1318858462,1318858462,NULL,101,0,0,6,3,'/plugins/eclipse/documentation/doc/help/html/index.html','',NULL),(23,20,1,'Single-page HTML Version','',1318858462,1318858462,NULL,101,0,0,7,3,'/plugins/eclipse/documentation/doc/help/html/Codendi_Eclipse_Plugin_User_Guide.html','',NULL),(24,11,1,'Plugin Eclipse','Un guide complet dcrivant toutes les fonctions du plugin Eclipse Codendi.',1318858462,1318858462,NULL,101,0,0,2,1,NULL,NULL,NULL),(25,24,1,'Version PDF','',1318858462,1318858462,NULL,101,0,0,6,3,'/plugins/eclipse/documentation/nl/fr/FR/doc/help/pdf/Guide_Utilisateur_Plugin_Eclipse_Codendi.pdf','',NULL),(26,24,1,'Version HTML multi-pages','',1318858462,1318858462,NULL,101,0,0,7,3,'/plugins/eclipse/documentation/nl/fr/FR/doc/help/html/index.html','',NULL),(27,24,1,'Version HTML une page','',1318858462,1318858462,NULL,101,0,0,8,3,'/plugins/eclipse/documentation/nl/fr/FR/doc/help/html/Codendi_Eclipse_Plugin_User_Guide.html','',NULL),(28,0,100,'roottitle_lbl_key','',1318858462,1318858462,NULL,101,0,0,0,1,NULL,NULL,NULL),(29,0,101,'roottitle_lbl_key','',1318858462,1319109981,NULL,101,100,0,0,1,NULL,NULL,NULL),(30,29,101,'fygfhn','',1319109966,1319109981,NULL,102,100,0,0,2,'','',NULL),(31,0,102,'roottitle_lbl_key','',1318858462,1318858462,NULL,101,100,0,0,1,NULL,NULL,NULL);
/*!40000 ALTER TABLE `plugin_docman_item` ENABLE KEYS */;
UNLOCK TABLES;

--
-- Table structure for table `plugin_docman_item_deleted`
--

DROP TABLE IF EXISTS `plugin_docman_item_deleted`;
/*!40101 SET @saved_cs_client     = @@character_set_client */;
/*!40101 SET character_set_client = utf8 */;
CREATE TABLE `plugin_docman_item_deleted` (
  `item_id` int(11) unsigned NOT NULL,
  `parent_id` int(11) unsigned default NULL,
  `group_id` int(11) unsigned default NULL,
  `title` text,
  `description` text,
  `create_date` int(11) unsigned default NULL,
  `update_date` int(11) unsigned default NULL,
  `delete_date` int(11) unsigned default NULL,
  `purge_date` int(11) unsigned default NULL,
  `user_id` int(11) unsigned default NULL,
  `status` tinyint(4) NOT NULL default '100',
  `obsolescence_date` int(11) NOT NULL default '0',
  `rank` int(11) NOT NULL default '0',
  `item_type` int(11) unsigned default NULL,
  `link_url` text,
  `wiki_page` text,
  `file_is_embedded` int(11) unsigned default NULL,
  PRIMARY KEY  (`item_id`)
) ENGINE=MyISAM DEFAULT CHARSET=utf8;
/*!40101 SET character_set_client = @saved_cs_client */;

--
-- Dumping data for table `plugin_docman_item_deleted`
--

LOCK TABLES `plugin_docman_item_deleted` WRITE;
/*!40000 ALTER TABLE `plugin_docman_item_deleted` DISABLE KEYS */;
/*!40000 ALTER TABLE `plugin_docman_item_deleted` ENABLE KEYS */;
UNLOCK TABLES;

--
-- Table structure for table `plugin_docman_item_lock`
--

DROP TABLE IF EXISTS `plugin_docman_item_lock`;
/*!40101 SET @saved_cs_client     = @@character_set_client */;
/*!40101 SET character_set_client = utf8 */;
CREATE TABLE `plugin_docman_item_lock` (
  `item_id` int(11) unsigned NOT NULL default '0',
  `user_id` int(11) NOT NULL default '0',
  `lock_date` int(11) unsigned NOT NULL default '0',
  PRIMARY KEY  (`item_id`)
) ENGINE=MyISAM DEFAULT CHARSET=utf8;
/*!40101 SET character_set_client = @saved_cs_client */;

--
-- Dumping data for table `plugin_docman_item_lock`
--

LOCK TABLES `plugin_docman_item_lock` WRITE;
/*!40000 ALTER TABLE `plugin_docman_item_lock` DISABLE KEYS */;
/*!40000 ALTER TABLE `plugin_docman_item_lock` ENABLE KEYS */;
UNLOCK TABLES;

--
-- Table structure for table `plugin_docman_log`
--

DROP TABLE IF EXISTS `plugin_docman_log`;
/*!40101 SET @saved_cs_client     = @@character_set_client */;
/*!40101 SET character_set_client = utf8 */;
CREATE TABLE `plugin_docman_log` (
  `time` int(11) unsigned NOT NULL default '0',
  `group_id` int(11) NOT NULL default '0',
  `item_id` int(11) unsigned NOT NULL default '0',
  `user_id` int(11) NOT NULL default '0',
  `type` tinyint(4) NOT NULL default '0',
  `old_value` text,
  `new_value` text,
  `field` text,
  KEY `time` (`time`),
  KEY `item_id` (`item_id`),
  KEY `group_id` (`group_id`)
) ENGINE=MyISAM DEFAULT CHARSET=utf8;
/*!40101 SET character_set_client = @saved_cs_client */;

--
-- Dumping data for table `plugin_docman_log`
--

LOCK TABLES `plugin_docman_log` WRITE;
/*!40000 ALTER TABLE `plugin_docman_log` DISABLE KEYS */;
INSERT INTO `plugin_docman_log` VALUES (1319109966,101,30,102,1,NULL,NULL,NULL),(1319109966,101,30,102,6,NULL,'1',NULL),(1319109981,101,30,102,6,NULL,'2',NULL),(1319110002,101,30,102,11,'1',NULL,NULL);
/*!40000 ALTER TABLE `plugin_docman_log` ENABLE KEYS */;
UNLOCK TABLES;

--
-- Table structure for table `plugin_docman_metadata`
--

DROP TABLE IF EXISTS `plugin_docman_metadata`;
/*!40101 SET @saved_cs_client     = @@character_set_client */;
/*!40101 SET character_set_client = utf8 */;
CREATE TABLE `plugin_docman_metadata` (
  `field_id` int(11) NOT NULL auto_increment,
  `group_id` int(11) NOT NULL,
  `name` varchar(255) NOT NULL default '',
  `data_type` int(11) NOT NULL default '0',
  `label` varchar(255) NOT NULL default '',
  `description` text NOT NULL,
  `required` int(11) NOT NULL default '0',
  `empty_ok` int(11) NOT NULL default '0',
  `mul_val_ok` tinyint(4) NOT NULL default '0',
  `special` int(11) NOT NULL default '0',
  `default_value` text NOT NULL,
  `use_it` tinyint(4) NOT NULL default '0',
  PRIMARY KEY  (`field_id`),
  KEY `idx_name` (`name`(10)),
  KEY `idx_group_id` (`group_id`)
) ENGINE=MyISAM DEFAULT CHARSET=utf8;
/*!40101 SET character_set_client = @saved_cs_client */;

--
-- Dumping data for table `plugin_docman_metadata`
--

LOCK TABLES `plugin_docman_metadata` WRITE;
/*!40000 ALTER TABLE `plugin_docman_metadata` DISABLE KEYS */;
/*!40000 ALTER TABLE `plugin_docman_metadata` ENABLE KEYS */;
UNLOCK TABLES;

--
-- Table structure for table `plugin_docman_metadata_love`
--

DROP TABLE IF EXISTS `plugin_docman_metadata_love`;
/*!40101 SET @saved_cs_client     = @@character_set_client */;
/*!40101 SET character_set_client = utf8 */;
CREATE TABLE `plugin_docman_metadata_love` (
  `value_id` int(11) NOT NULL auto_increment,
  `name` text NOT NULL,
  `description` text NOT NULL,
  `rank` int(11) NOT NULL default '0',
  `status` char(1) NOT NULL default 'A',
  PRIMARY KEY  (`value_id`),
  KEY `rank` (`rank`),
  KEY `name` (`name`(10)),
  KEY `idx_fv_status` (`status`)
) ENGINE=MyISAM AUTO_INCREMENT=101 DEFAULT CHARSET=utf8;
/*!40101 SET character_set_client = @saved_cs_client */;

--
-- Dumping data for table `plugin_docman_metadata_love`
--

LOCK TABLES `plugin_docman_metadata_love` WRITE;
/*!40000 ALTER TABLE `plugin_docman_metadata_love` DISABLE KEYS */;
INSERT INTO `plugin_docman_metadata_love` VALUES (100,'love_special_none_name_key','love_special_none_desc_key',0,'P');
/*!40000 ALTER TABLE `plugin_docman_metadata_love` ENABLE KEYS */;
UNLOCK TABLES;

--
-- Table structure for table `plugin_docman_metadata_love_md`
--

DROP TABLE IF EXISTS `plugin_docman_metadata_love_md`;
/*!40101 SET @saved_cs_client     = @@character_set_client */;
/*!40101 SET character_set_client = utf8 */;
CREATE TABLE `plugin_docman_metadata_love_md` (
  `field_id` int(11) NOT NULL default '0',
  `value_id` int(11) NOT NULL default '0',
  PRIMARY KEY  (`field_id`,`value_id`)
) ENGINE=MyISAM DEFAULT CHARSET=utf8;
/*!40101 SET character_set_client = @saved_cs_client */;

--
-- Dumping data for table `plugin_docman_metadata_love_md`
--

LOCK TABLES `plugin_docman_metadata_love_md` WRITE;
/*!40000 ALTER TABLE `plugin_docman_metadata_love_md` DISABLE KEYS */;
/*!40000 ALTER TABLE `plugin_docman_metadata_love_md` ENABLE KEYS */;
UNLOCK TABLES;

--
-- Table structure for table `plugin_docman_metadata_value`
--

DROP TABLE IF EXISTS `plugin_docman_metadata_value`;
/*!40101 SET @saved_cs_client     = @@character_set_client */;
/*!40101 SET character_set_client = utf8 */;
CREATE TABLE `plugin_docman_metadata_value` (
  `field_id` int(11) NOT NULL,
  `item_id` int(11) NOT NULL,
  `valueInt` int(11) default NULL,
  `valueText` text,
  `valueDate` int(11) default NULL,
  `valueString` text,
  KEY `idx_field_item_id` (`field_id`,`item_id`),
  FULLTEXT KEY `fltxt` (`valueText`,`valueString`),
  FULLTEXT KEY `fltxt_txt` (`valueText`),
  FULLTEXT KEY `fltxt_str` (`valueString`)
) ENGINE=MyISAM DEFAULT CHARSET=utf8;
/*!40101 SET character_set_client = @saved_cs_client */;

--
-- Dumping data for table `plugin_docman_metadata_value`
--

LOCK TABLES `plugin_docman_metadata_value` WRITE;
/*!40000 ALTER TABLE `plugin_docman_metadata_value` DISABLE KEYS */;
/*!40000 ALTER TABLE `plugin_docman_metadata_value` ENABLE KEYS */;
UNLOCK TABLES;

--
-- Table structure for table `plugin_docman_project_settings`
--

DROP TABLE IF EXISTS `plugin_docman_project_settings`;
/*!40101 SET @saved_cs_client     = @@character_set_client */;
/*!40101 SET character_set_client = utf8 */;
CREATE TABLE `plugin_docman_project_settings` (
  `group_id` int(11) NOT NULL default '0',
  `view` varchar(255) default NULL,
  `use_obsolescence_date` tinyint(4) NOT NULL default '0',
  `use_status` tinyint(4) NOT NULL default '0',
  KEY `group_id` (`group_id`)
) ENGINE=MyISAM DEFAULT CHARSET=utf8;
/*!40101 SET character_set_client = @saved_cs_client */;

--
-- Dumping data for table `plugin_docman_project_settings`
--

LOCK TABLES `plugin_docman_project_settings` WRITE;
/*!40000 ALTER TABLE `plugin_docman_project_settings` DISABLE KEYS */;
INSERT INTO `plugin_docman_project_settings` VALUES (100,'Tree',0,0),(101,'Tree',0,0),(102,'Tree',0,0);
/*!40000 ALTER TABLE `plugin_docman_project_settings` ENABLE KEYS */;
UNLOCK TABLES;

--
-- Table structure for table `plugin_docman_report`
--

DROP TABLE IF EXISTS `plugin_docman_report`;
/*!40101 SET @saved_cs_client     = @@character_set_client */;
/*!40101 SET character_set_client = utf8 */;
CREATE TABLE `plugin_docman_report` (
  `report_id` int(11) NOT NULL auto_increment,
  `name` varchar(255) default NULL,
  `title` varchar(255) default NULL,
  `group_id` int(11) NOT NULL,
  `user_id` int(11) NOT NULL default '100',
  `item_id` int(11) default NULL,
  `scope` char(1) NOT NULL default 'I',
  `is_default` tinyint(1) NOT NULL default '0',
  `advanced_search` tinyint(1) NOT NULL default '0',
  `description` text,
  `image` int(11) default NULL,
  PRIMARY KEY  (`report_id`),
  KEY `group_idx` (`group_id`),
  KEY `user_idx` (`user_id`)
) ENGINE=MyISAM DEFAULT CHARSET=utf8;
/*!40101 SET character_set_client = @saved_cs_client */;

--
-- Dumping data for table `plugin_docman_report`
--

LOCK TABLES `plugin_docman_report` WRITE;
/*!40000 ALTER TABLE `plugin_docman_report` DISABLE KEYS */;
/*!40000 ALTER TABLE `plugin_docman_report` ENABLE KEYS */;
UNLOCK TABLES;

--
-- Table structure for table `plugin_docman_report_filter`
--

DROP TABLE IF EXISTS `plugin_docman_report_filter`;
/*!40101 SET @saved_cs_client     = @@character_set_client */;
/*!40101 SET character_set_client = utf8 */;
CREATE TABLE `plugin_docman_report_filter` (
  `report_id` int(11) NOT NULL,
  `label` varchar(255) NOT NULL,
  `value_love` int(11) default NULL,
  `value_string` varchar(255) default NULL,
  `value_date1` varchar(32) default NULL,
  `value_date2` varchar(32) default NULL,
  `value_date_op` tinyint(2) default NULL,
  KEY `report_label_idx` (`report_id`,`label`(10))
) ENGINE=MyISAM DEFAULT CHARSET=utf8;
/*!40101 SET character_set_client = @saved_cs_client */;

--
-- Dumping data for table `plugin_docman_report_filter`
--

LOCK TABLES `plugin_docman_report_filter` WRITE;
/*!40000 ALTER TABLE `plugin_docman_report_filter` DISABLE KEYS */;
/*!40000 ALTER TABLE `plugin_docman_report_filter` ENABLE KEYS */;
UNLOCK TABLES;

--
-- Table structure for table `plugin_docman_tokens`
--

DROP TABLE IF EXISTS `plugin_docman_tokens`;
/*!40101 SET @saved_cs_client     = @@character_set_client */;
/*!40101 SET character_set_client = utf8 */;
CREATE TABLE `plugin_docman_tokens` (
  `user_id` int(11) NOT NULL,
  `token` char(32) NOT NULL,
  `url` text NOT NULL,
  `created_at` datetime NOT NULL,
  PRIMARY KEY  (`user_id`,`token`)
) ENGINE=MyISAM DEFAULT CHARSET=utf8;
/*!40101 SET character_set_client = @saved_cs_client */;

--
-- Dumping data for table `plugin_docman_tokens`
--

LOCK TABLES `plugin_docman_tokens` WRITE;
/*!40000 ALTER TABLE `plugin_docman_tokens` DISABLE KEYS */;
/*!40000 ALTER TABLE `plugin_docman_tokens` ENABLE KEYS */;
UNLOCK TABLES;

--
-- Table structure for table `plugin_docman_version`
--

DROP TABLE IF EXISTS `plugin_docman_version`;
/*!40101 SET @saved_cs_client     = @@character_set_client */;
/*!40101 SET character_set_client = utf8 */;
CREATE TABLE `plugin_docman_version` (
  `id` int(11) unsigned NOT NULL auto_increment,
  `item_id` int(11) unsigned default NULL,
  `number` int(11) unsigned default NULL,
  `user_id` int(11) unsigned default NULL,
  `label` text,
  `changelog` text,
  `date` int(11) unsigned default NULL,
  `filename` text,
  `filesize` int(11) unsigned default NULL,
  `filetype` text,
  `path` text,
  PRIMARY KEY  (`id`),
  KEY `item_id` (`item_id`),
  FULLTEXT KEY `fltxt` (`label`,`changelog`,`filename`)
) ENGINE=MyISAM AUTO_INCREMENT=3 DEFAULT CHARSET=utf8;
/*!40101 SET character_set_client = @saved_cs_client */;

--
-- Dumping data for table `plugin_docman_version`
--

LOCK TABLES `plugin_docman_version` WRITE;
/*!40000 ALTER TABLE `plugin_docman_version` DISABLE KEYS */;
INSERT INTO `plugin_docman_version` VALUES (2,30,2,102,'','',1319109981,'LOgoTuleap.pdf',336881,'application/pdf','/var/lib/codendi/docman/nty/3/0/30/2/LOgoTuleap_pdf');
/*!40000 ALTER TABLE `plugin_docman_version` ENABLE KEYS */;
UNLOCK TABLES;

--
-- Table structure for table `plugin_docman_version_deleted`
--

DROP TABLE IF EXISTS `plugin_docman_version_deleted`;
/*!40101 SET @saved_cs_client     = @@character_set_client */;
/*!40101 SET character_set_client = utf8 */;
CREATE TABLE `plugin_docman_version_deleted` (
  `id` int(11) unsigned NOT NULL,
  `item_id` int(11) unsigned default NULL,
  `number` int(11) unsigned default NULL,
  `user_id` int(11) unsigned default NULL,
  `label` text,
  `changelog` text,
  `create_date` int(11) unsigned default NULL,
  `delete_date` int(11) unsigned default NULL,
  `purge_date` int(11) unsigned default NULL,
  `filename` text,
  `filesize` int(11) unsigned default NULL,
  `filetype` text,
  `path` text,
  PRIMARY KEY  (`id`),
  KEY `item_id` (`item_id`)
) ENGINE=MyISAM DEFAULT CHARSET=utf8;
/*!40101 SET character_set_client = @saved_cs_client */;

--
-- Dumping data for table `plugin_docman_version_deleted`
--

LOCK TABLES `plugin_docman_version_deleted` WRITE;
/*!40000 ALTER TABLE `plugin_docman_version_deleted` DISABLE KEYS */;
INSERT INTO `plugin_docman_version_deleted` VALUES (1,30,1,102,'','Initial version',1319109966,1319110001,1324353603,'planCrolles.pdf',1104415,'application/pdf','/var/lib/codendi/docman/nty/3/0/30/1/planCrolles_pdf');
/*!40000 ALTER TABLE `plugin_docman_version_deleted` ENABLE KEYS */;
UNLOCK TABLES;

--
-- Table structure for table `plugin_docman_widget_embedded`
--

DROP TABLE IF EXISTS `plugin_docman_widget_embedded`;
/*!40101 SET @saved_cs_client     = @@character_set_client */;
/*!40101 SET character_set_client = utf8 */;
CREATE TABLE `plugin_docman_widget_embedded` (
  `id` int(11) unsigned NOT NULL auto_increment,
  `owner_id` int(11) unsigned NOT NULL,
  `owner_type` varchar(1) NOT NULL,
  `title` varchar(255) NOT NULL,
  `item_id` int(11) unsigned NOT NULL,
  PRIMARY KEY  (`id`),
  KEY `owner_id` (`owner_id`,`owner_type`)
) ENGINE=MyISAM DEFAULT CHARSET=utf8;
/*!40101 SET character_set_client = @saved_cs_client */;

--
-- Dumping data for table `plugin_docman_widget_embedded`
--

LOCK TABLES `plugin_docman_widget_embedded` WRITE;
/*!40000 ALTER TABLE `plugin_docman_widget_embedded` DISABLE KEYS */;
/*!40000 ALTER TABLE `plugin_docman_widget_embedded` ENABLE KEYS */;
UNLOCK TABLES;

--
-- Table structure for table `plugin_forumml_attachment`
--

DROP TABLE IF EXISTS `plugin_forumml_attachment`;
/*!40101 SET @saved_cs_client     = @@character_set_client */;
/*!40101 SET character_set_client = utf8 */;
CREATE TABLE `plugin_forumml_attachment` (
  `id_attachment` int(10) unsigned NOT NULL auto_increment,
  `id_message` int(10) unsigned NOT NULL,
  `file_name` text NOT NULL,
  `file_type` varchar(80) NOT NULL,
  `file_size` int(10) unsigned NOT NULL,
  `file_path` varchar(255) NOT NULL,
  `content_id` varchar(255) NOT NULL default '',
  PRIMARY KEY  (`id_attachment`),
  KEY `idx_fk_id_message` (`id_message`,`content_id`(10))
) ENGINE=MyISAM AUTO_INCREMENT=16 DEFAULT CHARSET=utf8;
/*!40101 SET character_set_client = @saved_cs_client */;

--
-- Dumping data for table `plugin_forumml_attachment`
--

LOCK TABLES `plugin_forumml_attachment` WRITE;
/*!40000 ALTER TABLE `plugin_forumml_attachment` DISABLE KEYS */;
INSERT INTO `plugin_forumml_attachment` VALUES (1,2,'message_4E9C3CE7.4060306.html','text/html; charset=ISO-8859-1',708,'/var/lib/codendi/forumml/1/2011_10_17/message_4E9C3CE7_4060306_html',''),(2,3,'message_001201cc8cda$899fc450$0f02000a.html','text/html; charset=\"iso-8859-1\"',1976,'/var/lib/codendi/forumml/1/2011_10_17/message_001201cc8cda_899fc450_0f02000a_html',''),(3,4,'message_001c01cc8cdd$5371cdd0$0f02000a.html','text/html; charset=\"iso-8859-1\"',2951,'/var/lib/codendi/forumml/1/2011_10_17/message_001c01cc8cdd_5371cdd0_0f02000a_html',''),(4,5,'message_002501cc8cdd$a27501e0$0f02000a.html','text/html; charset=\"iso-8859-1\"',311,'/var/lib/codendi/forumml/1/2011_10_17/message_002501cc8cdd_a27501e0_0f02000a_html',''),(5,6,'message_003801cc8cde$4d76c740$0f02000a.html','text/html; charset=\"iso-8859-1\"',313,'/var/lib/codendi/forumml/1/2011_10_17/message_003801cc8cde_4d76c740_0f02000a_html',''),(6,9,'message_004301cc8d6a$c7da6410$0f02000a.html','text/html; charset=\"iso-8859-1\"',328,'/var/lib/codendi/forumml/1/2011_10_18/message_004301cc8d6a_c7da6410_0f02000a_html',''),(7,9,'Re_ [Nty-devel] Hi there from N.eml','message/rfc822; name=\"Re_ [Nty-devel] Hi there from N.eml\"',5368,'/var/lib/codendi/forumml/1/2011_10_18/Re_Nty-devel_Hi_there_from_N_eml',''),(8,10,'message_005001cc8d6b$8abb2780$0f02000a.html','text/html; charset=\"iso-8859-1\"',332,'/var/lib/codendi/forumml/1/2011_10_18/message_005001cc8d6b_8abb2780_0f02000a_html',''),(9,11,'message_005801cc8d6b$bf1a7120$0f02000a.html','text/html; charset=\"iso-8859-1\"',3622,'/var/lib/codendi/forumml/1/2011_10_18/message_005801cc8d6b_bf1a7120_0f02000a_html',''),(10,12,'message_4E9D31D0.8080900.html','text/html; charset=ISO-8859-1',5564,'/var/lib/codendi/forumml/1/2011_10_18/message_4E9D31D0_8080900_html',''),(11,12,'Attached Message Part','text/plain; name=\"Attached Message Part\"',167,'/var/lib/codendi/forumml/1/2011_10_18/Attached_Message_Part',''),(12,14,'message_4E9D3246.60808.html','text/html; charset=ISO-8859-1',5564,'/var/lib/codendi/forumml/1/2011_10_18/message_4E9D3246_60808_html',''),(13,14,'Attached Message Part','text/plain; name=\"Attached Message Part\"',167,'/var/lib/codendi/forumml/1/2011_10_18/Attached_Message_Part_1',''),(14,15,'[Nty-devel] Fw:  Hi there from N.eml','message/rfc822; name=\"[Nty-devel] Fw:  Hi there from N.eml\"',8100,'/var/lib/codendi/forumml/1/2011_10_18/_Nty-devel_Fw_Hi_there_from_N_eml',''),(15,16,'[Nty-devel] Fwd:  Fw:  Hi there from N.eml','message/rfc822; name=\"[Nty-devel] Fwd:  Fw:  Hi there from N.eml\"',11240,'/var/lib/codendi/forumml/1/2011_10_18/_Nty-devel_Fwd_Fw_Hi_there_from_N_eml','');
/*!40000 ALTER TABLE `plugin_forumml_attachment` ENABLE KEYS */;
UNLOCK TABLES;

--
-- Table structure for table `plugin_forumml_header`
--

DROP TABLE IF EXISTS `plugin_forumml_header`;
/*!40101 SET @saved_cs_client     = @@character_set_client */;
/*!40101 SET character_set_client = utf8 */;
CREATE TABLE `plugin_forumml_header` (
  `id_header` int(10) unsigned NOT NULL auto_increment,
  `name` varchar(255) NOT NULL,
  PRIMARY KEY  (`id_header`),
  KEY `idx_name` (`name`(20))
) ENGINE=MyISAM AUTO_INCREMENT=47 DEFAULT CHARSET=utf8;
/*!40101 SET character_set_client = @saved_cs_client */;

--
-- Dumping data for table `plugin_forumml_header`
--

LOCK TABLES `plugin_forumml_header` WRITE;
/*!40000 ALTER TABLE `plugin_forumml_header` DISABLE KEYS */;
INSERT INTO `plugin_forumml_header` VALUES (1,'message-id'),(2,'date'),(3,'from'),(4,'subject'),(5,'return-path'),(6,'delivered-to'),(7,'to'),(8,'in-reply-to'),(9,'references'),(10,'x-mailer'),(11,'mime-version'),(12,'content-type'),(13,'content-transfer-encoding'),(14,'sender'),(15,'errors-to'),(16,'x-beenthere'),(17,'x-mailman-version'),(18,'precedence'),(19,'list-help'),(20,'list-post'),(21,'list-subscribe'),(22,'list-id'),(23,'list-unsubscribe'),(24,'list-archive'),(25,'x-original-to'),(26,'x-priority'),(27,'x-msmail-priority'),(28,'importance'),(29,'x-mimeole'),(30,'reply-to'),(31,'x-list-received-date'),(32,'user-agent'),(33,'x-mailman-approved-at'),(34,'cc'),(35,'x-mozilla-status'),(36,'x-mozilla-status2'),(37,'thread-index'),(38,'x-accept-language'),(39,'keywords'),(40,'organization'),(41,'x-reply-to'),(42,'x-enigmail-version'),(43,'x-enigmail-supports'),(44,'x-ms-tnef-correlator'),(45,'x-pgp-universal'),(46,'x-forwarded-message-id');
/*!40000 ALTER TABLE `plugin_forumml_header` ENABLE KEYS */;
UNLOCK TABLES;

--
-- Table structure for table `plugin_forumml_message`
--

DROP TABLE IF EXISTS `plugin_forumml_message`;
/*!40101 SET @saved_cs_client     = @@character_set_client */;
/*!40101 SET character_set_client = utf8 */;
CREATE TABLE `plugin_forumml_message` (
  `id_message` int(10) unsigned NOT NULL auto_increment,
  `id_list` int(10) unsigned NOT NULL,
  `id_parent` int(10) unsigned NOT NULL,
  `body` text,
  `last_thread_update` int(10) unsigned NOT NULL default '0',
  `msg_type` varchar(30) NOT NULL default '',
  `cached_html` mediumtext,
  PRIMARY KEY  (`id_message`),
  KEY `idx_fk_id_list` (`id_list`),
  KEY `idx_fk_id_parent` (`id_parent`)
) ENGINE=MyISAM AUTO_INCREMENT=17 DEFAULT CHARSET=utf8;
/*!40101 SET character_set_client = @saved_cs_client */;

--
-- Dumping data for table `plugin_forumml_message`
--

LOCK TABLES `plugin_forumml_message` WRITE;
/*!40000 ALTER TABLE `plugin_forumml_message` DISABLE KEYS */;
INSERT INTO `plugin_forumml_message` VALUES (1,1,0,'',1318863550,'text/plain; charset=ISO-8859-1',''),(2,1,1,'On 10/17/2011 04:23 PM, Nicolas wrote:\n> _______________________________________________\n> Nty-devel mailing list\n> Nty-devel@antibott.cro.enalean.com\n> http://antibott.cro.enalean.com/mailman/listinfo/nty-devel\n\n\n  Coucou\n\n\n',1318862055,'text/plain; charset=ISO-8859-1',''),(3,1,1,'H l aksents vou conna ?\n  ----- Original Message ----- \n  From: Nicolas \n  To: nty-devel@antibott.cro.enalean.com \n  Sent: Monday, October 17, 2011 4:34 PM\n  Subject: Re: [Nty-devel] Hi there from N\n\n\n  On 10/17/2011 04:23 PM, Nicolas wrote: \n_______________________________________________\nNty-devel mailing list\nNty-devel@antibott.cro.enalean.com\nhttp://antibott.cro.enalean.com/mailman/listinfo/nty-devel\nCoucou\n\n\n------------------------------------------------------------------------------\n\n\n  _______________________________________________\n  Nty-devel mailing list\n  Nty-devel@antibott.cro.enalean.com\n  http://antibott.cro.enalean.com/mailman/listinfo/nty-devel\n\n',1318862352,'text/plain; charset=\"iso-8859-',''),(4,1,1,'e gune\n  ----- Original Message ----- \n  From: Nicolas \n  To: Nicolas ; nty-devel@antibott.cro.enalean.com \n  Sent: Monday, October 17, 2011 4:39 PM\n  Subject: Re: [Nty-devel] Hi there from N\n\n\n  H l aksents vou conna ?\n    ----- Original Message ----- \n    From: Nicolas \n    To: nty-devel@antibott.cro.enalean.com \n    Sent: Monday, October 17, 2011 4:34 PM\n    Subject: Re: [Nty-devel] Hi there from N\n\n\n    On 10/17/2011 04:23 PM, Nicolas wrote: \n_______________________________________________\nNty-devel mailing list\nNty-devel@antibott.cro.enalean.com\nhttp://antibott.cro.enalean.com/mailman/listinfo/nty-devel\nCoucou\n\n\n----------------------------------------------------------------------------\n\n\n    _______________________________________________\n    Nty-devel mailing list\n    Nty-devel@antibott.cro.enalean.com\n    http://antibott.cro.enalean.com/mailman/listinfo/nty-devel\n\n',1318863550,'text/plain; charset=\"iso-8859-',''),(7,1,5,'l-bas',1318866434,'text/plain; charset=ISO-8859-1','l&agrave;-bas'),(8,1,5,'o- ???',1318866486,'text/plain; charset=ISO-8859-1','o&ugrave;-&ccedil;&agrave; ???'),(9,1,0,'pice jointe en attach\n',1318924304,'text/plain; charset=\"iso-8859-','\n<div><font face=\"Arial\" size=\"2\">pie jointe en attach</font></div>'),(10,1,0,'av d accents en pluche!\n',1318924631,'text/plain; charset=\"iso-8859-','\n<div><font face=\"Arial\" size=\"2\">av d accents en \npluche!</font></div>'),(11,1,0,'Hey hey hey\n\n----- Original Message ----- \nFrom: Nicolas \nTo: Nicolas ; nty-devel@antibott.cro.enalean.com \nSent: Monday, October 17, 2011 4:59 PM\nSubject: Re: [Nty-devel] Hi there from N\n\n\ne gune\n  ----- Original Message ----- \n  From: Nicolas \n  To: Nicolas ; nty-devel@antibott.cro.enalean.com \n  Sent: Monday, October 17, 2011 4:39 PM\n  Subject: Re: [Nty-devel] Hi there from N\n\n\n  H l aksents vou conna ?\n    ----- Original Message ----- \n    From: Nicolas \n    To: nty-devel@antibott.cro.enalean.com \n    Sent: Monday, October 17, 2011 4:34 PM\n    Subject: Re: [Nty-devel] Hi there from N\n\n\n    On 10/17/2011 04:23 PM, Nicolas wrote: \n_______________________________________________\nNty-devel mailing list\nNty-devel@antibott.cro.enalean.com\nhttp://antibott.cro.enalean.com/mailman/listinfo/nty-devel\nCoucou\n\n\n----------------------------------------------------------------------------\n\n\n    _______________________________________________\n    Nty-devel mailing list\n    Nty-devel@antibott.cro.enalean.com\n    http://antibott.cro.enalean.com/mailman/listinfo/nty-devel\n\n',1318930763,'text/plain; charset=\"iso-8859-','\n<div><font face=\"Arial\" size=\"2\">Hey hey hey</font></div>\n<div></div>\n<div style=\"font:10pt arial;\">----- Original Message ----- \n<div style=\"background:#e4e4e4;\"><b>From:</b> <a title=\"nicolas@cro.enalean.com\" href=\"mailto:nicolas@cro.enalean.com\">Nicolas</a> \n</div>\n<div><b>To:</b> <a title=\"nicolas@cro.enalean.com\" href=\"mailto:nicolas@cro.enalean.com\">Nicolas</a> ; <a title=\"nty-devel@antibott.cro.enalean.com\" href=\"mailto:nty-devel@antibott.cro.enalean.com\">nty-devel@antibott.cro.enalean.com</a> \n</div>\n<div><b>Sent:</b> Monday, October 17, 2011 4:59 PM</div>\n<div><b>Subject:</b> Re: [Nty-devel] Hi there from N</div></div>\n<div><br /></div>\n<div><font face=\"Arial\" size=\"2\">e gune</font></div>\n<blockquote dir=\"ltr\" style=\"padding-right:0px;padding-left:5px;margin-left:5px;border-left:#000000 2px solid;margin-right:0px;\">\n  <div style=\"font:10pt arial;\">----- Original Message ----- </div>\n  <div style=\"background:#e4e4e4;font:10pt arial;\"><b>From:</b> \n  <a title=\"nicolas@cro.enalean.com\" href=\"mailto:nicolas@cro.enalean.com\">Nicolas</a> </div>\n  <div style=\"font:10pt arial;\"><b>To:</b> <a title=\"nicolas@cro.enalean.com\" href=\"mailto:nicolas@cro.enalean.com\">Nicolas</a> ; <a title=\"nty-devel@antibott.cro.enalean.com\" href=\"mailto:nty-devel@antibott.cro.enalean.com\">nty-devel@antibott.cro.enalean.com</a> \n  </div>\n  <div style=\"font:10pt arial;\"><b>Sent:</b> Monday, October 17, 2011 4:39 \n  PM</div>\n  <div style=\"font:10pt arial;\"><b>Subject:</b> Re: [Nty-devel] Hi there from \n  N</div>\n  <div><br /></div>\n  <div><font face=\"Arial\" size=\"2\">H l aksents vou conna ?</font></div>\n  <blockquote style=\"padding-right:0px;padding-left:5px;margin-left:5px;border-left:#000000 2px solid;margin-right:0px;\">\n    <div style=\"font:10pt arial;\">----- Original Message ----- </div>\n    <div style=\"background:#e4e4e4;font:10pt arial;\"><b>From:</b> \n    <a title=\"nicolas@cro.enalean.com\" href=\"mailto:nicolas@cro.enalean.com\">Nicolas</a> </div>\n    <div style=\"font:10pt arial;\"><b>To:</b> <a title=\"nty-devel@antibott.cro.enalean.com\" href=\"mailto:nty-devel@antibott.cro.enalean.com\">nty-devel@antibott.cro.enalean.com</a> \n    </div>\n    <div style=\"font:10pt arial;\"><b>Sent:</b> Monday, October 17, 2011 4:34 \n    PM</div>\n    <div style=\"font:10pt arial;\"><b>Subject:</b> Re: [Nty-devel] Hi there from \n    N</div>\n    <div><br /></div>On 10/17/2011 04:23 PM, Nicolas wrote: \n    <blockquote><pre>_______________________________________________\nNty-devel mailing list\n<a class=\"moz-txt-link-abbreviated\" href=\"mailto:Nty-devel@antibott.cro.enalean.com\">Nty-devel@antibott.cro.enalean.com</a>\n<a class=\"moz-txt-link-freetext\" href=\"http://antibott.cro.enalean.com/mailman/listinfo/nty-devel\">http://antibott.cro.enalean.com/mailman/listinfo/nty-devel</a>\n</pre></blockquote>\n    <h1>Coucou</h1>\n    <p>\n    </p><hr /><p></p>_______________________________________________<br />Nty-devel mailing \n    list<br /><a href=\"mailto:Nty-devel@antibott.cro.enalean.com\">Nty-devel@antibott.cro.enalean.com</a><br /><a href=\"http://antibott.cro.enalean.com/mailman/listinfo/nty-devel\">http://antibott.cro.enalean.com/mailman/listinfo/nty-devel</a><br /></blockquote></blockquote>'),(5,1,0,'l\'t\n',1318866486,'text/plain; charset=\"iso-8859-','\n<div><font face=\"Arial\" size=\"2\">l\'t</font></div>'),(6,1,5,'L\'t 2\n',1318863969,'text/plain; charset=\"iso-8859-','\n<div><font face=\"Arial\" size=\"2\">L\'t 2</font></div>'),(12,1,11,'From TB\n\n-------- Original Message --------\nSubject: 	[Nty-devel] Fw: Hi there from N\nDate: 	Tue, 18 Oct 2011 09:58:39 +0200\nFrom: 	Nicolas <nicolas@cro.enalean.com>\nTo: 	<nty-devel@antibott.cro.enalean.com>\n\n\n\nHey hey hey\n \n----- Original Message -----\n*From:* Nicolas <mailto:nicolas@cro.enalean.com>\n*To:* Nicolas <mailto:nicolas@cro.enalean.com> ;\nnty-devel@antibott.cro.enalean.com\n<mailto:nty-devel@antibott.cro.enalean.com>\n*Sent:* Monday, October 17, 2011 4:59 PM\n*Subject:* Re: [Nty-devel] Hi there from N\n\ne gune\n\n    ----- Original Message -----\n    *From:* Nicolas <mailto:nicolas@cro.enalean.com>\n    *To:* Nicolas <mailto:nicolas@cro.enalean.com> ;\n    nty-devel@antibott.cro.enalean.com\n    <mailto:nty-devel@antibott.cro.enalean.com>\n    *Sent:* Monday, October 17, 2011 4:39 PM\n    *Subject:* Re: [Nty-devel] Hi there from N\n\n    H l aksents vou conna ?\n\n        ----- Original Message -----\n        *From:* Nicolas <mailto:nicolas@cro.enalean.com>\n        *To:* nty-devel@antibott.cro.enalean.com\n        <mailto:nty-devel@antibott.cro.enalean.com>\n        *Sent:* Monday, October 17, 2011 4:34 PM\n        *Subject:* Re: [Nty-devel] Hi there from N\n\n        On 10/17/2011 04:23 PM, Nicolas wrote:\n>         _______________________________________________\n>         Nty-devel mailing list\n>         Nty-devel@antibott.cro.enalean.com\n>         http://antibott.cro.enalean.com/mailman/listinfo/nty-devel\n\n\n          Coucou\n\n        ------------------------------------------------------------------------\n        _______________________________________________\n        Nty-devel mailing list\n        Nty-devel@antibott.cro.enalean.com\n        <mailto:Nty-devel@antibott.cro.enalean.com>\n        http://antibott.cro.enalean.com/mailman/listinfo/nty-devel\n\n\n',1318924752,'text/plain; charset=ISO-8859-1','\n    From TB<br /><br />\n    -------- Original Message --------\n    <table class=\"moz-email-headers-table\" border=\"0\" cellpadding=\"0\" cellspacing=\"0\"><tbody><tr><th align=\"right\" nowrap=\"nowrap\" valign=\"baseline\">Subject: </th>\n          <td>[Nty-devel] Fw: Hi there from N</td>\n        </tr><tr><th align=\"right\" nowrap=\"nowrap\" valign=\"baseline\">Date: </th>\n          <td>Tue, 18 Oct 2011 09:58:39 +0200</td>\n        </tr><tr><th align=\"right\" nowrap=\"nowrap\" valign=\"baseline\">From: </th>\n          <td>Nicolas <a class=\"moz-txt-link-rfc2396E\" href=\"mailto:nicolas@cro.enalean.com\">&lt;nicolas@cro.enalean.com&gt;</a></td>\n        </tr><tr><th align=\"right\" nowrap=\"nowrap\" valign=\"baseline\">To: </th>\n          <td><a class=\"moz-txt-link-rfc2396E\" href=\"mailto:nty-devel@antibott.cro.enalean.com\">&lt;nty-devel@antibott.cro.enalean.com&gt;</a></td>\n        </tr></tbody></table><br /><br /><div><font face=\"Arial\" size=\"2\">Hey hey hey</font></div>\n    <div></div>\n    <div style=\"font:10pt arial;\">----- Original Message -----\n      <div style=\"background:#e4e4e4;\"><b>From:</b> <a title=\"nicolas@cro.enalean.com\" href=\"mailto:nicolas@cro.enalean.com\">Nicolas</a> </div>\n      <div><b>To:</b> <a title=\"nicolas@cro.enalean.com\" href=\"mailto:nicolas@cro.enalean.com\">Nicolas</a> ; <a title=\"nty-devel@antibott.cro.enalean.com\" href=\"mailto:nty-devel@antibott.cro.enalean.com\">nty-devel@antibott.cro.enalean.com</a>\n      </div>\n      <div><b>Sent:</b> Monday, October 17, 2011 4:59 PM</div>\n      <div><b>Subject:</b> Re: [Nty-devel] Hi there from N</div>\n    </div>\n    <div><br /></div>\n    <div><font face=\"Arial\" size=\"2\">e gune</font></div>\n    <blockquote dir=\"ltr\" style=\"padding-right:0px;padding-left:5px;margin-left:5px;border-left:#000000 2px solid;margin-right:0px;\">\n      <div style=\"font:10pt arial;\">----- Original Message ----- </div>\n      <div style=\"background:#e4e4e4;font:10pt arial;\"><b>From:</b> <a title=\"nicolas@cro.enalean.com\" href=\"mailto:nicolas@cro.enalean.com\">Nicolas</a> </div>\n      <div style=\"font:10pt arial;\"><b>To:</b> <a title=\"nicolas@cro.enalean.com\" href=\"mailto:nicolas@cro.enalean.com\">Nicolas</a> ; <a title=\"nty-devel@antibott.cro.enalean.com\" href=\"mailto:nty-devel@antibott.cro.enalean.com\">nty-devel@antibott.cro.enalean.com</a>\n      </div>\n      <div style=\"font:10pt arial;\"><b>Sent:</b> Monday, October 17,\n        2011 4:39 PM</div>\n      <div style=\"font:10pt arial;\"><b>Subject:</b> Re: [Nty-devel] Hi\n        there from N</div>\n      <div><br /></div>\n      <div><font face=\"Arial\" size=\"2\">H l aksents vou conna ?</font></div>\n      <blockquote style=\"padding-right:0px;padding-left:5px;margin-left:5px;border-left:#000000 2px solid;margin-right:0px;\">\n        <div style=\"font:10pt arial;\">----- Original Message ----- </div>\n        <div style=\"background:#e4e4e4;font:10pt arial;\"><b>From:</b> <a title=\"nicolas@cro.enalean.com\" href=\"mailto:nicolas@cro.enalean.com\">Nicolas</a> </div>\n        <div style=\"font:10pt arial;\"><b>To:</b> <a title=\"nty-devel@antibott.cro.enalean.com\" href=\"mailto:nty-devel@antibott.cro.enalean.com\">nty-devel@antibott.cro.enalean.com</a>\n        </div>\n        <div style=\"font:10pt arial;\"><b>Sent:</b> Monday, October 17,\n          2011 4:34 PM</div>\n        <div style=\"font:10pt arial;\"><b>Subject:</b> Re: [Nty-devel] Hi\n          there from N</div>\n        <div><br /></div>\n        On 10/17/2011 04:23 PM, Nicolas wrote:\n        <blockquote>\n          <pre>_______________________________________________\nNty-devel mailing list\n<a class=\"moz-txt-link-abbreviated\" href=\"mailto:Nty-devel@antibott.cro.enalean.com\">Nty-devel@antibott.cro.enalean.com</a>\n<a class=\"moz-txt-link-freetext\" href=\"http://antibott.cro.enalean.com/mailman/listinfo/nty-devel\">http://antibott.cro.enalean.com/mailman/listinfo/nty-devel</a>\n</pre>\n        </blockquote>\n        <h1>Coucou</h1>\n        <p> </p>\n        <hr /> _______________________________________________<br />\n        Nty-devel mailing list<br /><a href=\"mailto:Nty-devel@antibott.cro.enalean.com\">Nty-devel@antibott.cro.enalean.com</a><br /><a href=\"http://antibott.cro.enalean.com/mailman/listinfo/nty-devel\">http://antibott.cro.enalean.com/mailman/listinfo/nty-devel</a><br /></blockquote>\n    </blockquote>\n  '),(13,1,11,'From TB 2\n\n',1318924787,'text/plain; charset=ISO-8859-1','From TB 2<br />\n<br />\n'),(14,1,11,'From TB\n\n-------- Original Message --------\nSubject: 	[Nty-devel] Fw: Hi there from N\nDate: 	Tue, 18 Oct 2011 09:58:39 +0200\nFrom: 	Nicolas <nicolas@cro.enalean.com>\nTo: 	<nty-devel@antibott.cro.enalean.com>\n\n\n\nHey hey hey\n \n----- Original Message -----\n*From:* Nicolas <mailto:nicolas@cro.enalean.com>\n*To:* Nicolas <mailto:nicolas@cro.enalean.com> ;\nnty-devel@antibott.cro.enalean.com\n<mailto:nty-devel@antibott.cro.enalean.com>\n*Sent:* Monday, October 17, 2011 4:59 PM\n*Subject:* Re: [Nty-devel] Hi there from N\n\ne gune\n\n    ----- Original Message -----\n    *From:* Nicolas <mailto:nicolas@cro.enalean.com>\n    *To:* Nicolas <mailto:nicolas@cro.enalean.com> ;\n    nty-devel@antibott.cro.enalean.com\n    <mailto:nty-devel@antibott.cro.enalean.com>\n    *Sent:* Monday, October 17, 2011 4:39 PM\n    *Subject:* Re: [Nty-devel] Hi there from N\n\n    H l aksents vou conna ?\n\n        ----- Original Message -----\n        *From:* Nicolas <mailto:nicolas@cro.enalean.com>\n        *To:* nty-devel@antibott.cro.enalean.com\n        <mailto:nty-devel@antibott.cro.enalean.com>\n        *Sent:* Monday, October 17, 2011 4:34 PM\n        *Subject:* Re: [Nty-devel] Hi there from N\n\n        On 10/17/2011 04:23 PM, Nicolas wrote:\n>         _______________________________________________\n>         Nty-devel mailing list\n>         Nty-devel@antibott.cro.enalean.com\n>         http://antibott.cro.enalean.com/mailman/listinfo/nty-devel\n\n\n          Coucou\n\n        ------------------------------------------------------------------------\n        _______________________________________________\n        Nty-devel mailing list\n        Nty-devel@antibott.cro.enalean.com\n        <mailto:Nty-devel@antibott.cro.enalean.com>\n        http://antibott.cro.enalean.com/mailman/listinfo/nty-devel\n\n\n',1318924870,'text/plain; charset=ISO-8859-1','\n    From TB<br /><br />\n    -------- Original Message --------\n    <table class=\"moz-email-headers-table\" border=\"0\" cellpadding=\"0\" cellspacing=\"0\"><tbody><tr><th align=\"right\" nowrap=\"nowrap\" valign=\"baseline\">Subject: </th>\n          <td>[Nty-devel] Fw: Hi there from N</td>\n        </tr><tr><th align=\"right\" nowrap=\"nowrap\" valign=\"baseline\">Date: </th>\n          <td>Tue, 18 Oct 2011 09:58:39 +0200</td>\n        </tr><tr><th align=\"right\" nowrap=\"nowrap\" valign=\"baseline\">From: </th>\n          <td>Nicolas <a class=\"moz-txt-link-rfc2396E\" href=\"mailto:nicolas@cro.enalean.com\">&lt;nicolas@cro.enalean.com&gt;</a></td>\n        </tr><tr><th align=\"right\" nowrap=\"nowrap\" valign=\"baseline\">To: </th>\n          <td><a class=\"moz-txt-link-rfc2396E\" href=\"mailto:nty-devel@antibott.cro.enalean.com\">&lt;nty-devel@antibott.cro.enalean.com&gt;</a></td>\n        </tr></tbody></table><br /><br /><div><font face=\"Arial\" size=\"2\">Hey hey hey</font></div>\n    <div></div>\n    <div style=\"font:10pt arial;\">----- Original Message -----\n      <div style=\"background:#e4e4e4;\"><b>From:</b> <a title=\"nicolas@cro.enalean.com\" href=\"mailto:nicolas@cro.enalean.com\">Nicolas</a> </div>\n      <div><b>To:</b> <a title=\"nicolas@cro.enalean.com\" href=\"mailto:nicolas@cro.enalean.com\">Nicolas</a> ; <a title=\"nty-devel@antibott.cro.enalean.com\" href=\"mailto:nty-devel@antibott.cro.enalean.com\">nty-devel@antibott.cro.enalean.com</a>\n      </div>\n      <div><b>Sent:</b> Monday, October 17, 2011 4:59 PM</div>\n      <div><b>Subject:</b> Re: [Nty-devel] Hi there from N</div>\n    </div>\n    <div><br /></div>\n    <div><font face=\"Arial\" size=\"2\">e gune</font></div>\n    <blockquote dir=\"ltr\" style=\"padding-right:0px;padding-left:5px;margin-left:5px;border-left:#000000 2px solid;margin-right:0px;\">\n      <div style=\"font:10pt arial;\">----- Original Message ----- </div>\n      <div style=\"background:#e4e4e4;font:10pt arial;\"><b>From:</b> <a title=\"nicolas@cro.enalean.com\" href=\"mailto:nicolas@cro.enalean.com\">Nicolas</a> </div>\n      <div style=\"font:10pt arial;\"><b>To:</b> <a title=\"nicolas@cro.enalean.com\" href=\"mailto:nicolas@cro.enalean.com\">Nicolas</a> ; <a title=\"nty-devel@antibott.cro.enalean.com\" href=\"mailto:nty-devel@antibott.cro.enalean.com\">nty-devel@antibott.cro.enalean.com</a>\n      </div>\n      <div style=\"font:10pt arial;\"><b>Sent:</b> Monday, October 17,\n        2011 4:39 PM</div>\n      <div style=\"font:10pt arial;\"><b>Subject:</b> Re: [Nty-devel] Hi\n        there from N</div>\n      <div><br /></div>\n      <div><font face=\"Arial\" size=\"2\">H l aksents vou conna ?</font></div>\n      <blockquote style=\"padding-right:0px;padding-left:5px;margin-left:5px;border-left:#000000 2px solid;margin-right:0px;\">\n        <div style=\"font:10pt arial;\">----- Original Message ----- </div>\n        <div style=\"background:#e4e4e4;font:10pt arial;\"><b>From:</b> <a title=\"nicolas@cro.enalean.com\" href=\"mailto:nicolas@cro.enalean.com\">Nicolas</a> </div>\n        <div style=\"font:10pt arial;\"><b>To:</b> <a title=\"nty-devel@antibott.cro.enalean.com\" href=\"mailto:nty-devel@antibott.cro.enalean.com\">nty-devel@antibott.cro.enalean.com</a>\n        </div>\n        <div style=\"font:10pt arial;\"><b>Sent:</b> Monday, October 17,\n          2011 4:34 PM</div>\n        <div style=\"font:10pt arial;\"><b>Subject:</b> Re: [Nty-devel] Hi\n          there from N</div>\n        <div><br /></div>\n        On 10/17/2011 04:23 PM, Nicolas wrote:\n        <blockquote>\n          <pre>_______________________________________________\nNty-devel mailing list\n<a class=\"moz-txt-link-abbreviated\" href=\"mailto:Nty-devel@antibott.cro.enalean.com\">Nty-devel@antibott.cro.enalean.com</a>\n<a class=\"moz-txt-link-freetext\" href=\"http://antibott.cro.enalean.com/mailman/listinfo/nty-devel\">http://antibott.cro.enalean.com/mailman/listinfo/nty-devel</a>\n</pre>\n        </blockquote>\n        <h1>Coucou</h1>\n        <p> </p>\n        <hr /> _______________________________________________<br />\n        Nty-devel mailing list<br /><a href=\"mailto:Nty-devel@antibott.cro.enalean.com\">Nty-devel@antibott.cro.enalean.com</a><br /><a href=\"http://antibott.cro.enalean.com/mailman/listinfo/nty-devel\">http://antibott.cro.enalean.com/mailman/listinfo/nty-devel</a><br /></blockquote>\n    </blockquote>\n  '),(15,1,11,'From TB\n\n',1318930763,'text/plain; charset=ISO-8859-1','From TB<br />\n<br />\n'),(16,1,15,'Fwd as raw\n\n',1318930763,'text/plain; charset=ISO-8859-1','Fwd as raw<br />\n<br />\n');
/*!40000 ALTER TABLE `plugin_forumml_message` ENABLE KEYS */;
UNLOCK TABLES;

--
-- Table structure for table `plugin_forumml_messageheader`
--

DROP TABLE IF EXISTS `plugin_forumml_messageheader`;
/*!40101 SET @saved_cs_client     = @@character_set_client */;
/*!40101 SET character_set_client = utf8 */;
CREATE TABLE `plugin_forumml_messageheader` (
  `id_message` int(10) unsigned NOT NULL,
  `id_header` int(10) unsigned NOT NULL,
  `value` text NOT NULL,
  PRIMARY KEY  (`id_message`,`id_header`)
) ENGINE=MyISAM DEFAULT CHARSET=utf8;
/*!40101 SET character_set_client = @saved_cs_client */;

--
-- Dumping data for table `plugin_forumml_messageheader`
--

LOCK TABLES `plugin_forumml_messageheader` WRITE;
/*!40000 ALTER TABLE `plugin_forumml_messageheader` DISABLE KEYS */;
INSERT INTO `plugin_forumml_messageheader` VALUES (1,5,'<nicolas@cro.enalean.com>'),(1,25,'nty-devel@antibott.cro.enalean.com'),(1,6,'nty-devel@antibott.cro.enalean.com'),(1,1,'<4E9C3A57.5000208@cro.enalean.com>'),(1,2,'Mon, 17 Oct 2011 16:23:19 +0200'),(1,3,'Nicolas <nicolas@cro.enalean.com>'),(1,32,'Mozilla/5.0 (X11; Linux x86_64; rv:7.0.1) Gecko/20110929 Thunderbird/7.0.1'),(1,11,'1.0'),(1,7,'nty-devel@antibott.cro.enalean.com'),(1,12,'text/plain; charset=ISO-8859-1'),(1,13,'7bit'),(1,4,'[Nty-devel] Hi there from N'),(1,16,'nty-devel@antibott.cro.enalean.com'),(1,17,'2.1.9'),(1,18,'list'),(1,22,'<nty-devel.antibott.cro.enalean.com>'),(1,23,'<http://antibott.cro.enalean.com/mailman/listinfo/nty-devel>,  <mailto:nty-devel-request@antibott.cro.enalean.com?subject=unsubscribe>'),(1,24,'<http://antibott.cro.enalean.com/pipermail/nty-devel>'),(1,20,'<mailto:nty-devel@antibott.cro.enalean.com>'),(1,19,'<mailto:nty-devel-request@antibott.cro.enalean.com?subject=help>'),(1,21,'<http://antibott.cro.enalean.com/mailman/listinfo/nty-devel>,  <mailto:nty-devel-request@antibott.cro.enalean.com?subject=subscribe>'),(1,31,'Mon, 17 Oct 2011 14:23:15 -0000'),(2,5,'<nicolas@cro.enalean.com>'),(2,25,'nty-devel@antibott.cro.enalean.com'),(2,6,'nty-devel@antibott.cro.enalean.com'),(2,1,'<4E9C3CE7.4060306@cro.enalean.com>'),(2,2,'Mon, 17 Oct 2011 16:34:15 +0200'),(2,3,'Nicolas <nicolas@cro.enalean.com>'),(2,32,'Mozilla/5.0 (X11; Linux x86_64; rv:7.0.1) Gecko/20110929 Thunderbird/7.0.1'),(2,11,'1.0'),(2,7,'nty-devel@antibott.cro.enalean.com'),(2,9,'<4E9C3A57.5000208@cro.enalean.com>'),(2,8,'<4E9C3A57.5000208@cro.enalean.com>'),(2,12,'multipart/alternative; boundary=\"------------030609020706070004030107\"'),(2,4,'Re: [Nty-devel] Hi there from N'),(2,16,'nty-devel@antibott.cro.enalean.com'),(2,17,'2.1.9'),(2,18,'list'),(2,22,'<nty-devel.antibott.cro.enalean.com>'),(2,23,'<http://antibott.cro.enalean.com/mailman/listinfo/nty-devel>,  <mailto:nty-devel-request@antibott.cro.enalean.com?subject=unsubscribe>'),(2,24,'<http://antibott.cro.enalean.com/pipermail/nty-devel>'),(2,20,'<mailto:nty-devel@antibott.cro.enalean.com>'),(2,19,'<mailto:nty-devel-request@antibott.cro.enalean.com?subject=help>'),(2,21,'<http://antibott.cro.enalean.com/mailman/listinfo/nty-devel>,  <mailto:nty-devel-request@antibott.cro.enalean.com?subject=subscribe>'),(2,31,'Mon, 17 Oct 2011 14:34:11 -0000'),(3,5,'<nicolas@cro.enalean.com>'),(3,25,'nty-devel@antibott.cro.enalean.com'),(3,6,'nty-devel@antibott.cro.enalean.com'),(3,1,'<001201cc8cda$899fc450$0f02000a@crolles2p17iti>'),(3,3,'\"Nicolas\" <nicolas@cro.enalean.com>'),(3,7,'\"Nicolas\" <nicolas@cro.enalean.com>, <nty-devel@antibott.cro.enalean.com>'),(3,9,'<4E9C3A57.5000208@cro.enalean.com> <4E9C3CE7.4060306@cro.enalean.com>'),(3,2,'Mon, 17 Oct 2011 16:39:12 +0200'),(3,11,'1.0'),(3,12,'multipart/alternative; boundary=\"----=_NextPart_000_000F_01CC8CEB.4D195210\"'),(3,26,'3'),(3,27,'Normal'),(3,10,'Microsoft Outlook Express 6.00.2800.1106'),(3,29,'Produced By Microsoft MimeOLE V6.00.2800.1106'),(3,4,'Re: [Nty-devel] Hi there from N'),(3,16,'nty-devel@antibott.cro.enalean.com'),(3,17,'2.1.9'),(3,18,'list'),(3,22,'<nty-devel.antibott.cro.enalean.com>'),(3,23,'<http://antibott.cro.enalean.com/mailman/listinfo/nty-devel>,  <mailto:nty-devel-request@antibott.cro.enalean.com?subject=unsubscribe>'),(3,24,'<http://antibott.cro.enalean.com/pipermail/nty-devel>'),(3,20,'<mailto:nty-devel@antibott.cro.enalean.com>'),(3,19,'<mailto:nty-devel-request@antibott.cro.enalean.com?subject=help>'),(3,21,'<http://antibott.cro.enalean.com/mailman/listinfo/nty-devel>,  <mailto:nty-devel-request@antibott.cro.enalean.com?subject=subscribe>'),(3,31,'Mon, 17 Oct 2011 14:39:09 -0000'),(4,5,'<nicolas@cro.enalean.com>'),(4,25,'nty-devel@antibott.cro.enalean.com'),(4,6,'nty-devel@antibott.cro.enalean.com'),(4,1,'<001c01cc8cdd$5371cdd0$0f02000a@crolles2p17iti>'),(4,3,'\"Nicolas\" <nicolas@cro.enalean.com>'),(4,7,'\"Nicolas\" <nicolas@cro.enalean.com>, <nty-devel@antibott.cro.enalean.com>'),(4,9,'<4E9C3A57.5000208@cro.enalean.com> <4E9C3CE7.4060306@cro.enalean.com> <001201cc8cda$899fc450$0f02000a@crolles2p17iti>'),(4,2,'Mon, 17 Oct 2011 16:59:10 +0200'),(4,11,'1.0'),(4,12,'multipart/alternative; boundary=\"----=_NextPart_000_0019_01CC8CEE.16E6C7B0\"'),(4,26,'3'),(4,27,'Normal'),(4,10,'Microsoft Outlook Express 6.00.2800.1106'),(4,29,'Produced By Microsoft MimeOLE V6.00.2800.1106'),(4,4,'Re: [Nty-devel] Hi there from N'),(4,16,'nty-devel@antibott.cro.enalean.com'),(4,17,'2.1.9'),(4,18,'list'),(4,22,'<nty-devel.antibott.cro.enalean.com>'),(4,23,'<http://antibott.cro.enalean.com/mailman/listinfo/nty-devel>,  <mailto:nty-devel-request@antibott.cro.enalean.com?subject=unsubscribe>'),(4,24,'<http://antibott.cro.enalean.com/pipermail/nty-devel>'),(4,20,'<mailto:nty-devel@antibott.cro.enalean.com>'),(4,19,'<mailto:nty-devel-request@antibott.cro.enalean.com?subject=help>'),(4,21,'<http://antibott.cro.enalean.com/mailman/listinfo/nty-devel>,  <mailto:nty-devel-request@antibott.cro.enalean.com?subject=subscribe>'),(4,31,'Mon, 17 Oct 2011 14:59:05 -0000'),(5,5,'<nicolas@cro.enalean.com>'),(5,25,'nty-devel@antibott.cro.enalean.com'),(5,6,'nty-devel@antibott.cro.enalean.com'),(5,1,'<002501cc8cdd$a27501e0$0f02000a@crolles2p17iti>'),(5,3,'\"Nicolas\" <nicolas@cro.enalean.com>'),(5,7,'<nty-devel@antibott.cro.enalean.com>'),(5,2,'Mon, 17 Oct 2011 17:01:22 +0200'),(5,11,'1.0'),(5,12,'multipart/alternative; boundary=\"----=_NextPart_000_0022_01CC8CEE.65EB5B50\"'),(5,26,'3'),(5,27,'Normal'),(5,10,'Microsoft Outlook Express 6.00.2800.1106'),(5,29,'Produced By Microsoft MimeOLE V6.00.2800.1106'),(5,4,'[Nty-devel] Ls accents'),(5,16,'nty-devel@antibott.cro.enalean.com'),(5,17,'2.1.9'),(5,18,'list'),(5,22,'<nty-devel.antibott.cro.enalean.com>'),(5,23,'<http://antibott.cro.enalean.com/mailman/listinfo/nty-devel>,  <mailto:nty-devel-request@antibott.cro.enalean.com?subject=unsubscribe>'),(5,24,'<http://antibott.cro.enalean.com/pipermail/nty-devel>'),(5,20,'<mailto:nty-devel@antibott.cro.enalean.com>'),(5,19,'<mailto:nty-devel-request@antibott.cro.enalean.com?subject=help>'),(5,21,'<http://antibott.cro.enalean.com/mailman/listinfo/nty-devel>,  <mailto:nty-devel-request@antibott.cro.enalean.com?subject=subscribe>'),(5,31,'Mon, 17 Oct 2011 15:01:18 -0000'),(6,5,'<nicolas@cro.enalean.com>'),(6,25,'nty-devel@antibott.cro.enalean.com'),(6,6,'nty-devel@antibott.cro.enalean.com'),(6,1,'<003801cc8cde$4d76c740$0f02000a@crolles2p17iti>'),(6,3,'\"Nicolas\" <nicolas@cro.enalean.com>'),(6,7,'\"Nicolas\" <nicolas@cro.enalean.com>, <nty-devel@antibott.cro.enalean.com>'),(6,9,'<002501cc8cdd$a27501e0$0f02000a@crolles2p17iti>'),(6,2,'Mon, 17 Oct 2011 17:06:09 +0200'),(6,11,'1.0'),(6,12,'multipart/alternative; boundary=\"----=_NextPart_000_0035_01CC8CEF.10ED47C0\"'),(6,26,'3'),(6,27,'Normal'),(6,10,'Microsoft Outlook Express 6.00.2800.1106'),(6,29,'Produced By Microsoft MimeOLE V6.00.2800.1106'),(6,4,'Re: [Nty-devel] Ls accents'),(6,16,'nty-devel@antibott.cro.enalean.com'),(6,17,'2.1.9'),(6,18,'list'),(6,22,'<nty-devel.antibott.cro.enalean.com>'),(6,23,'<http://antibott.cro.enalean.com/mailman/listinfo/nty-devel>,  <mailto:nty-devel-request@antibott.cro.enalean.com?subject=unsubscribe>'),(6,24,'<http://antibott.cro.enalean.com/pipermail/nty-devel>'),(6,20,'<mailto:nty-devel@antibott.cro.enalean.com>'),(6,19,'<mailto:nty-devel-request@antibott.cro.enalean.com?subject=help>'),(6,21,'<http://antibott.cro.enalean.com/mailman/listinfo/nty-devel>,  <mailto:nty-devel-request@antibott.cro.enalean.com?subject=subscribe>'),(6,31,'Mon, 17 Oct 2011 15:06:05 -0000'),(7,5,'<nicolas@cro.enalean.com>'),(7,25,'nty-devel@antibott.cro.enalean.com'),(7,6,'nty-devel@antibott.cro.enalean.com'),(7,1,'<4E9C4E02.5060703@cro.enalean.com>'),(7,2,'Mon, 17 Oct 2011 17:47:14 +0200'),(7,3,'Nicolas <nicolas@cro.enalean.com>'),(7,32,'Mozilla/5.0 (X11; Linux x86_64; rv:7.0.1) Gecko/20110929 Thunderbird/7.0.1'),(7,11,'1.0'),(7,7,'nty-devel@antibott.cro.enalean.com'),(7,9,'<002501cc8cdd$a27501e0$0f02000a@crolles2p17iti>'),(7,8,'<002501cc8cdd$a27501e0$0f02000a@crolles2p17iti>'),(7,12,'text/plain; charset=ISO-8859-1'),(7,13,'8bit'),(7,4,'Re: [Nty-devel] Ls accents'),(7,16,'nty-devel@antibott.cro.enalean.com'),(7,17,'2.1.9'),(7,18,'list'),(7,22,'<nty-devel.antibott.cro.enalean.com>'),(7,23,'<http://antibott.cro.enalean.com/mailman/listinfo/nty-devel>,  <mailto:nty-devel-request@antibott.cro.enalean.com?subject=unsubscribe>'),(7,24,'<http://antibott.cro.enalean.com/pipermail/nty-devel>'),(7,20,'<mailto:nty-devel@antibott.cro.enalean.com>'),(7,19,'<mailto:nty-devel-request@antibott.cro.enalean.com?subject=help>'),(7,21,'<http://antibott.cro.enalean.com/mailman/listinfo/nty-devel>,  <mailto:nty-devel-request@antibott.cro.enalean.com?subject=subscribe>'),(7,31,'Mon, 17 Oct 2011 15:47:07 -0000'),(8,5,'<nicolas@cro.enalean.com>'),(8,25,'nty-devel@antibott.cro.enalean.com'),(8,6,'nty-devel@antibott.cro.enalean.com'),(8,1,'<4E9C4E36.2050006@cro.enalean.com>'),(8,2,'Mon, 17 Oct 2011 17:48:06 +0200'),(8,3,'Nicolas <nicolas@cro.enalean.com>'),(8,32,'Mozilla/5.0 (X11; Linux x86_64; rv:7.0.1) Gecko/20110929 Thunderbird/7.0.1'),(8,11,'1.0'),(8,7,'nty-devel@antibott.cro.enalean.com'),(8,9,'<002501cc8cdd$a27501e0$0f02000a@crolles2p17iti>'),(8,8,'<002501cc8cdd$a27501e0$0f02000a@crolles2p17iti>'),(8,12,'text/plain; charset=ISO-8859-1'),(8,13,'8bit'),(8,4,'Re: [Nty-devel] Ls accents'),(8,16,'nty-devel@antibott.cro.enalean.com'),(8,17,'2.1.9'),(8,18,'list'),(8,22,'<nty-devel.antibott.cro.enalean.com>'),(8,23,'<http://antibott.cro.enalean.com/mailman/listinfo/nty-devel>,  <mailto:nty-devel-request@antibott.cro.enalean.com?subject=unsubscribe>'),(8,24,'<http://antibott.cro.enalean.com/pipermail/nty-devel>'),(8,20,'<mailto:nty-devel@antibott.cro.enalean.com>'),(8,19,'<mailto:nty-devel-request@antibott.cro.enalean.com?subject=help>'),(8,21,'<http://antibott.cro.enalean.com/mailman/listinfo/nty-devel>,  <mailto:nty-devel-request@antibott.cro.enalean.com?subject=subscribe>'),(8,31,'Mon, 17 Oct 2011 15:47:59 -0000'),(9,5,'<nicolas@cro.enalean.com>'),(9,25,'nty-devel@antibott.cro.enalean.com'),(9,6,'nty-devel@antibott.cro.enalean.com'),(9,1,'<004301cc8d6a$c7da6410$0f02000a@crolles2p17iti>'),(9,3,'\"Nicolas\" <nicolas@cro.enalean.com>'),(9,7,'<nty-devel@antibott.cro.enalean.com>'),(9,2,'Tue, 18 Oct 2011 09:51:44 +0200'),(9,11,'1.0'),(9,12,'multipart/mixed; boundary=\"----=_NextPart_000_003F_01CC8D7B.8B41A250\"'),(9,26,'3'),(9,27,'Normal'),(9,10,'Microsoft Outlook Express 6.00.2800.1106'),(9,29,'Produced By Microsoft MimeOLE V6.00.2800.1106'),(9,4,'[Nty-devel] un email en attach'),(9,16,'nty-devel@antibott.cro.enalean.com'),(9,17,'2.1.9'),(9,18,'list'),(9,22,'<nty-devel.antibott.cro.enalean.com>'),(9,23,'<http://antibott.cro.enalean.com/mailman/listinfo/nty-devel>,  <mailto:nty-devel-request@antibott.cro.enalean.com?subject=unsubscribe>'),(9,24,'<http://antibott.cro.enalean.com/pipermail/nty-devel>'),(9,20,'<mailto:nty-devel@antibott.cro.enalean.com>'),(9,19,'<mailto:nty-devel-request@antibott.cro.enalean.com?subject=help>'),(9,21,'<http://antibott.cro.enalean.com/mailman/listinfo/nty-devel>,  <mailto:nty-devel-request@antibott.cro.enalean.com?subject=subscribe>'),(9,31,'Tue, 18 Oct 2011 07:50:59 -0000'),(10,5,'<nicolas@cro.enalean.com>'),(10,25,'nty-devel@antibott.cro.enalean.com'),(10,6,'nty-devel@antibott.cro.enalean.com'),(10,1,'<005001cc8d6b$8abb2780$0f02000a@crolles2p17iti>'),(10,3,'\"Nicolas\" <nicolas@cro.enalean.com>'),(10,7,'<nty-devel@antibott.cro.enalean.com>'),(10,2,'Tue, 18 Oct 2011 09:57:11 +0200'),(10,11,'1.0'),(10,12,'multipart/mixed; boundary=\"----=_NextPart_000_004C_01CC8D7C.4E3180F0\"'),(10,26,'3'),(10,27,'Normal'),(10,10,'Microsoft Outlook Express 6.00.2800.1106'),(10,29,'Produced By Microsoft MimeOLE V6.00.2800.1106'),(10,4,'[Nty-devel] en email en attch (before)'),(10,16,'nty-devel@antibott.cro.enalean.com'),(10,17,'2.1.9'),(10,18,'list'),(10,22,'<nty-devel.antibott.cro.enalean.com>'),(10,23,'<http://antibott.cro.enalean.com/mailman/listinfo/nty-devel>,  <mailto:nty-devel-request@antibott.cro.enalean.com?subject=unsubscribe>'),(10,24,'<http://antibott.cro.enalean.com/pipermail/nty-devel>'),(10,20,'<mailto:nty-devel@antibott.cro.enalean.com>'),(10,19,'<mailto:nty-devel-request@antibott.cro.enalean.com?subject=help>'),(10,21,'<http://antibott.cro.enalean.com/mailman/listinfo/nty-devel>,  <mailto:nty-devel-request@antibott.cro.enalean.com?subject=subscribe>'),(10,31,'Tue, 18 Oct 2011 07:56:25 -0000'),(11,5,'<nicolas@cro.enalean.com>'),(11,25,'nty-devel@antibott.cro.enalean.com'),(11,6,'nty-devel@antibott.cro.enalean.com'),(11,1,'<005801cc8d6b$bf1a7120$0f02000a@crolles2p17iti>'),(11,3,'\"Nicolas\" <nicolas@cro.enalean.com>'),(11,7,'<nty-devel@antibott.cro.enalean.com>'),(11,2,'Tue, 18 Oct 2011 09:58:39 +0200'),(11,11,'1.0'),(11,12,'multipart/alternative; boundary=\"----=_NextPart_000_0055_01CC8D7C.82A033E0\"'),(11,26,'3'),(11,27,'Normal'),(11,10,'Microsoft Outlook Express 6.00.2800.1106'),(11,29,'Produced By Microsoft MimeOLE V6.00.2800.1106'),(11,4,'[Nty-devel] Fw:  Hi there from N'),(11,16,'nty-devel@antibott.cro.enalean.com'),(11,17,'2.1.9'),(11,18,'list'),(11,22,'<nty-devel.antibott.cro.enalean.com>'),(11,23,'<http://antibott.cro.enalean.com/mailman/listinfo/nty-devel>,  <mailto:nty-devel-request@antibott.cro.enalean.com?subject=unsubscribe>'),(11,24,'<http://antibott.cro.enalean.com/pipermail/nty-devel>'),(11,20,'<mailto:nty-devel@antibott.cro.enalean.com>'),(11,19,'<mailto:nty-devel-request@antibott.cro.enalean.com?subject=help>'),(11,21,'<http://antibott.cro.enalean.com/mailman/listinfo/nty-devel>,  <mailto:nty-devel-request@antibott.cro.enalean.com?subject=subscribe>'),(11,31,'Tue, 18 Oct 2011 07:57:53 -0000'),(12,5,'<nicolas@cro.enalean.com>'),(12,25,'nty-devel@antibott.cro.enalean.com'),(12,6,'nty-devel@antibott.cro.enalean.com'),(12,1,'<4E9D31D0.8080900@cro.enalean.com>'),(12,2,'Tue, 18 Oct 2011 09:59:12 +0200'),(12,3,'Nicolas <nicolas@cro.enalean.com>'),(12,32,'Mozilla/5.0 (X11; Linux x86_64; rv:7.0.1) Gecko/20110929 Thunderbird/7.0.1'),(12,11,'1.0'),(12,7,'nty-devel@antibott.cro.enalean.com'),(12,9,'<005801cc8d6b$bf1a7120$0f02000a@crolles2p17iti>'),(12,8,'<005801cc8d6b$bf1a7120$0f02000a@crolles2p17iti>'),(12,46,'<005801cc8d6b$bf1a7120$0f02000a@crolles2p17iti>'),(12,12,'multipart/mixed; boundary=\"------------020604090305060100040206\"'),(12,4,'[Nty-devel] Fwd:  Fw:  Hi there from N'),(12,16,'nty-devel@antibott.cro.enalean.com'),(12,17,'2.1.9'),(12,18,'list'),(12,22,'<nty-devel.antibott.cro.enalean.com>'),(12,23,'<http://antibott.cro.enalean.com/mailman/listinfo/nty-devel>,  <mailto:nty-devel-request@antibott.cro.enalean.com?subject=unsubscribe>'),(12,24,'<http://antibott.cro.enalean.com/pipermail/nty-devel>'),(12,20,'<mailto:nty-devel@antibott.cro.enalean.com>'),(12,19,'<mailto:nty-devel-request@antibott.cro.enalean.com?subject=help>'),(12,21,'<http://antibott.cro.enalean.com/mailman/listinfo/nty-devel>,  <mailto:nty-devel-request@antibott.cro.enalean.com?subject=subscribe>'),(12,31,'Tue, 18 Oct 2011 07:58:25 -0000'),(13,5,'<nicolas@cro.enalean.com>'),(13,25,'nty-devel@antibott.cro.enalean.com'),(13,6,'nty-devel@antibott.cro.enalean.com'),(13,1,'<4E9D31F3.6030509@cro.enalean.com>'),(13,2,'Tue, 18 Oct 2011 09:59:47 +0200'),(13,3,'Nicolas <nicolas@cro.enalean.com>'),(13,32,'Mozilla/5.0 (X11; Linux x86_64; rv:7.0.1) Gecko/20110929 Thunderbird/7.0.1'),(13,11,'1.0'),(13,7,'nty-devel@antibott.cro.enalean.com'),(13,9,'<005801cc8d6b$bf1a7120$0f02000a@crolles2p17iti>'),(13,8,'<005801cc8d6b$bf1a7120$0f02000a@crolles2p17iti>'),(13,46,'<005801cc8d6b$bf1a7120$0f02000a@crolles2p17iti>'),(13,12,'multipart/mixed; boundary=\"------------000301020203010107060107\"'),(13,4,'[Nty-devel] Fwd:  Fw:  Hi there from N'),(13,16,'nty-devel@antibott.cro.enalean.com'),(13,17,'2.1.9'),(13,18,'list'),(13,22,'<nty-devel.antibott.cro.enalean.com>'),(13,23,'<http://antibott.cro.enalean.com/mailman/listinfo/nty-devel>,  <mailto:nty-devel-request@antibott.cro.enalean.com?subject=unsubscribe>'),(13,24,'<http://antibott.cro.enalean.com/pipermail/nty-devel>'),(13,20,'<mailto:nty-devel@antibott.cro.enalean.com>'),(13,19,'<mailto:nty-devel-request@antibott.cro.enalean.com?subject=help>'),(13,21,'<http://antibott.cro.enalean.com/mailman/listinfo/nty-devel>,  <mailto:nty-devel-request@antibott.cro.enalean.com?subject=subscribe>'),(13,31,'Tue, 18 Oct 2011 07:59:01 -0000'),(14,5,'<nicolas@cro.enalean.com>'),(14,25,'nty-devel@antibott.cro.enalean.com'),(14,6,'nty-devel@antibott.cro.enalean.com'),(14,1,'<4E9D3246.60808@cro.enalean.com>'),(14,2,'Tue, 18 Oct 2011 10:01:10 +0200'),(14,3,'Nicolas <nicolas@cro.enalean.com>'),(14,32,'Mozilla/5.0 (X11; Linux x86_64; rv:7.0.1) Gecko/20110929 Thunderbird/7.0.1'),(14,11,'1.0'),(14,7,'nty-devel@antibott.cro.enalean.com'),(14,9,'<005801cc8d6b$bf1a7120$0f02000a@crolles2p17iti>'),(14,8,'<005801cc8d6b$bf1a7120$0f02000a@crolles2p17iti>'),(14,46,'<005801cc8d6b$bf1a7120$0f02000a@crolles2p17iti>'),(14,12,'multipart/mixed; boundary=\"------------010108010009010107030602\"'),(14,4,'[Nty-devel] Fwd:  Fw:  Hi there from N'),(14,16,'nty-devel@antibott.cro.enalean.com'),(14,17,'2.1.9'),(14,18,'list'),(14,22,'<nty-devel.antibott.cro.enalean.com>'),(14,23,'<http://antibott.cro.enalean.com/mailman/listinfo/nty-devel>,  <mailto:nty-devel-request@antibott.cro.enalean.com?subject=unsubscribe>'),(14,24,'<http://antibott.cro.enalean.com/pipermail/nty-devel>'),(14,20,'<mailto:nty-devel@antibott.cro.enalean.com>'),(14,19,'<mailto:nty-devel-request@antibott.cro.enalean.com?subject=help>'),(14,21,'<http://antibott.cro.enalean.com/mailman/listinfo/nty-devel>,  <mailto:nty-devel-request@antibott.cro.enalean.com?subject=subscribe>'),(14,31,'Tue, 18 Oct 2011 08:00:23 -0000'),(15,5,'<nicolas@cro.enalean.com>'),(15,25,'nty-devel@antibott.cro.enalean.com'),(15,6,'nty-devel@antibott.cro.enalean.com'),(15,1,'<4E9D3255.7010006@cro.enalean.com>'),(15,2,'Tue, 18 Oct 2011 10:01:25 +0200'),(15,3,'Nicolas <nicolas@cro.enalean.com>'),(15,32,'Mozilla/5.0 (X11; Linux x86_64; rv:7.0.1) Gecko/20110929 Thunderbird/7.0.1'),(15,11,'1.0'),(15,7,'nty-devel@antibott.cro.enalean.com'),(15,9,'<005801cc8d6b$bf1a7120$0f02000a@crolles2p17iti>'),(15,8,'<005801cc8d6b$bf1a7120$0f02000a@crolles2p17iti>'),(15,46,'<005801cc8d6b$bf1a7120$0f02000a@crolles2p17iti>'),(15,12,'multipart/mixed; boundary=\"------------060702080008040000070001\"'),(15,4,'[Nty-devel] Fwd:  Fw:  Hi there from N'),(15,16,'nty-devel@antibott.cro.enalean.com'),(15,17,'2.1.9'),(15,18,'list'),(15,22,'<nty-devel.antibott.cro.enalean.com>'),(15,23,'<http://antibott.cro.enalean.com/mailman/listinfo/nty-devel>,  <mailto:nty-devel-request@antibott.cro.enalean.com?subject=unsubscribe>'),(15,24,'<http://antibott.cro.enalean.com/pipermail/nty-devel>'),(15,20,'<mailto:nty-devel@antibott.cro.enalean.com>'),(15,19,'<mailto:nty-devel-request@antibott.cro.enalean.com?subject=help>'),(15,21,'<http://antibott.cro.enalean.com/mailman/listinfo/nty-devel>,  <mailto:nty-devel-request@antibott.cro.enalean.com?subject=subscribe>'),(15,31,'Tue, 18 Oct 2011 08:00:38 -0000'),(16,5,'<nicolas@cro.enalean.com>'),(16,25,'nty-devel@antibott.cro.enalean.com'),(16,6,'nty-devel@antibott.cro.enalean.com'),(16,1,'<4E9D494B.90701@cro.enalean.com>'),(16,2,'Tue, 18 Oct 2011 11:39:23 +0200'),(16,3,'Nicolas <nicolas@cro.enalean.com>'),(16,32,'Mozilla/5.0 (X11; Linux x86_64; rv:7.0.1) Gecko/20110929 Thunderbird/7.0.1'),(16,11,'1.0'),(16,7,'nty-devel@antibott.cro.enalean.com'),(16,9,'<4E9D3255.7010006@cro.enalean.com>'),(16,8,'<4E9D3255.7010006@cro.enalean.com>'),(16,46,'<4E9D3255.7010006@cro.enalean.com>'),(16,12,'multipart/mixed; boundary=\"------------090206070306060202020205\"'),(16,4,'[Nty-devel] Fwd:  Fwd:  Fw:  Hi there from N'),(16,16,'nty-devel@antibott.cro.enalean.com'),(16,17,'2.1.9'),(16,18,'list'),(16,22,'<nty-devel.antibott.cro.enalean.com>'),(16,23,'<http://antibott.cro.enalean.com/mailman/listinfo/nty-devel>,  <mailto:nty-devel-request@antibott.cro.enalean.com?subject=unsubscribe>'),(16,24,'<http://antibott.cro.enalean.com/pipermail/nty-devel>'),(16,20,'<mailto:nty-devel@antibott.cro.enalean.com>'),(16,19,'<mailto:nty-devel-request@antibott.cro.enalean.com?subject=help>'),(16,21,'<http://antibott.cro.enalean.com/mailman/listinfo/nty-devel>,  <mailto:nty-devel-request@antibott.cro.enalean.com?subject=subscribe>'),(16,31,'Tue, 18 Oct 2011 09:38:32 -0000');
/*!40000 ALTER TABLE `plugin_forumml_messageheader` ENABLE KEYS */;
UNLOCK TABLES;

--
-- Table structure for table `plugin_git`
--

DROP TABLE IF EXISTS `plugin_git`;
/*!40101 SET @saved_cs_client     = @@character_set_client */;
/*!40101 SET character_set_client = utf8 */;
CREATE TABLE `plugin_git` (
  `repository_id` int(10) unsigned NOT NULL auto_increment,
  `repository_name` varchar(255) NOT NULL,
  `repository_description` text,
  `repository_path` varchar(255) NOT NULL,
  `repository_parent_id` int(11) default NULL,
  `project_id` int(11) NOT NULL default '0',
  `repository_creation_user_id` int(11) NOT NULL,
  `repository_creation_date` datetime NOT NULL,
  `repository_deletion_date` datetime NOT NULL,
  `repository_is_initialized` tinyint(4) NOT NULL default '0',
  `repository_access` varchar(255) NOT NULL default 'private',
  `repository_backend_type` varchar(16) default 'gitshell',
  `repository_events_mailing_prefix` varchar(64) default '[SCM]',
  `repository_scope` varchar(1) default NULL,
  `repository_namespace` varchar(255) default NULL,
  PRIMARY KEY  (`repository_id`),
  KEY `project_id` (`project_id`)
) ENGINE=MyISAM AUTO_INCREMENT=4 DEFAULT CHARSET=utf8;
/*!40101 SET character_set_client = @saved_cs_client */;

--
-- Dumping data for table `plugin_git`
--

LOCK TABLES `plugin_git` WRITE;
/*!40000 ALTER TABLE `plugin_git` DISABLE KEYS */;
INSERT INTO `plugin_git` VALUES (1,'hoppla','-- Default description --','nty/hoppla.git',0,101,103,'2011-12-20 04:57:13','0000-00-00 00:00:00',0,'private','gitolite','[SCM]','P',NULL),(2,'hej','-- Default description --','nty/hej.git',0,101,103,'2011-12-20 04:58:04','0000-00-00 00:00:00',0,'public','gitshell','[SCM]','P',NULL),(3,'hoooola','-- Default description --','nty/hoooola.git',0,101,103,'2011-12-20 04:59:02','0000-00-00 00:00:00',0,'public','gitshell','[SCM]','P',NULL);
/*!40000 ALTER TABLE `plugin_git` ENABLE KEYS */;
UNLOCK TABLES;

--
-- Table structure for table `plugin_git_log`
--

DROP TABLE IF EXISTS `plugin_git_log`;
/*!40101 SET @saved_cs_client     = @@character_set_client */;
/*!40101 SET character_set_client = utf8 */;
CREATE TABLE `plugin_git_log` (
  `repository_id` int(10) unsigned NOT NULL,
  `user_id` int(11) unsigned default NULL,
  `push_date` int(11) default '0',
  `commits_number` int(11) default NULL,
  KEY `idx_repository_user` (`repository_id`,`user_id`)
) ENGINE=MyISAM DEFAULT CHARSET=utf8;
/*!40101 SET character_set_client = @saved_cs_client */;

--
-- Dumping data for table `plugin_git_log`
--

LOCK TABLES `plugin_git_log` WRITE;
/*!40000 ALTER TABLE `plugin_git_log` DISABLE KEYS */;
/*!40000 ALTER TABLE `plugin_git_log` ENABLE KEYS */;
UNLOCK TABLES;

--
-- Table structure for table `plugin_git_post_receive_mail`
--

DROP TABLE IF EXISTS `plugin_git_post_receive_mail`;
/*!40101 SET @saved_cs_client     = @@character_set_client */;
/*!40101 SET character_set_client = utf8 */;
CREATE TABLE `plugin_git_post_receive_mail` (
  `recipient_mail` varchar(255) NOT NULL,
  `repository_id` int(10) NOT NULL,
  KEY `repository_id` (`repository_id`)
) ENGINE=MyISAM DEFAULT CHARSET=utf8;
/*!40101 SET character_set_client = @saved_cs_client */;

--
-- Dumping data for table `plugin_git_post_receive_mail`
--

LOCK TABLES `plugin_git_post_receive_mail` WRITE;
/*!40000 ALTER TABLE `plugin_git_post_receive_mail` DISABLE KEYS */;
/*!40000 ALTER TABLE `plugin_git_post_receive_mail` ENABLE KEYS */;
UNLOCK TABLES;

--
-- Table structure for table `plugin_graphontrackers_bar_chart`
--

DROP TABLE IF EXISTS `plugin_graphontrackers_bar_chart`;
/*!40101 SET @saved_cs_client     = @@character_set_client */;
/*!40101 SET character_set_client = utf8 */;
CREATE TABLE `plugin_graphontrackers_bar_chart` (
  `id` int(11) NOT NULL,
  `field_base` varchar(255) default NULL,
  `field_group` varchar(255) default NULL,
  PRIMARY KEY  (`id`)
) ENGINE=MyISAM DEFAULT CHARSET=utf8;
/*!40101 SET character_set_client = @saved_cs_client */;

--
-- Dumping data for table `plugin_graphontrackers_bar_chart`
--

LOCK TABLES `plugin_graphontrackers_bar_chart` WRITE;
/*!40000 ALTER TABLE `plugin_graphontrackers_bar_chart` DISABLE KEYS */;
INSERT INTO `plugin_graphontrackers_bar_chart` VALUES (2,'severity',''),(5,'severity',''),(8,'severity',''),(9,'multi_assigned_to',''),(12,'severity',''),(15,'severity',''),(16,'multi_assigned_to',''),(19,'severity',''),(22,'severity',''),(25,'severity',''),(26,'multi_assigned_to',''),(29,'severity','');
/*!40000 ALTER TABLE `plugin_graphontrackers_bar_chart` ENABLE KEYS */;
UNLOCK TABLES;

--
-- Table structure for table `plugin_graphontrackers_chart`
--

DROP TABLE IF EXISTS `plugin_graphontrackers_chart`;
/*!40101 SET @saved_cs_client     = @@character_set_client */;
/*!40101 SET character_set_client = utf8 */;
CREATE TABLE `plugin_graphontrackers_chart` (
  `id` int(11) NOT NULL auto_increment,
  `report_graphic_id` int(11) NOT NULL,
  `rank` int(11) NOT NULL,
  `chart_type` varchar(255) default NULL,
  `title` varchar(255) default NULL,
  `description` text,
  `width` int(11) default '600',
  `height` int(11) default '400',
  PRIMARY KEY  (`id`),
  KEY `report_graphic_id` (`report_graphic_id`),
  KEY `chart_type` (`chart_type`)
) ENGINE=MyISAM AUTO_INCREMENT=31 DEFAULT CHARSET=utf8;
/*!40101 SET character_set_client = @saved_cs_client */;

--
-- Dumping data for table `plugin_graphontrackers_chart`
--

LOCK TABLES `plugin_graphontrackers_chart` WRITE;
/*!40000 ALTER TABLE `plugin_graphontrackers_chart` DISABLE KEYS */;
INSERT INTO `plugin_graphontrackers_chart` VALUES (1,1,5,'pie','Status','Number of Artifacts by Status',600,400),(2,1,10,'bar','Severity','Number of Artifacts by severity level',600,400),(3,1,15,'pie','Assignment','Number of Artifacts by Assignee',600,400),(4,2,5,'pie','Status','Number of Artifacts by Status',600,400),(5,2,10,'bar','Severity','Number of Artifacts by severity level',600,400),(6,2,15,'pie','Assignment','Number of Artifacts by Assignee',600,400),(7,3,5,'pie','Status','Number of Artifacts by Status',600,400),(8,3,10,'bar','Severity','Number of Artifacts by severity level',600,400),(9,3,15,'bar','Assignment','Number of Artifacts by Assignee',600,400),(10,4,5,'gantt','Gantt','Gantt Chart for Task Management',0,0),(11,5,3,'pie','Status','Number of Artifacts by Status',600,400),(12,5,4,'bar','Severity','Number of Artifacts by severity level',600,400),(13,5,5,'pie','Assignment','Number of Artifacts by Assignee',600,400),(14,6,3,'pie','Status','Number of Artifacts by Status',600,400),(15,6,4,'bar','Severity','Number of Artifacts by severity level',600,400),(16,6,5,'bar','Assignment','Number of Artifacts by Assignee',600,400),(17,7,1,'gantt','Gantt','Gantt Chart for Task Management',0,0),(18,8,3,'pie','Status','Number of Artifacts by Status',600,400),(19,8,4,'bar','Severity','Number of Artifacts by severity level',600,400),(20,8,5,'pie','Assignment','Number of Artifacts by Assignee',600,400),(21,9,3,'pie','Status','Number of Artifacts by Status',600,400),(22,9,4,'bar','Severity','Number of Artifacts by severity level',600,400),(23,9,5,'pie','Assignment','Number of Artifacts by Assignee',600,400),(24,10,3,'pie','Status','Number of Artifacts by Status',600,400),(25,10,4,'bar','Severity','Number of Artifacts by severity level',600,400),(26,10,5,'bar','Assignment','Number of Artifacts by Assignee',600,400),(27,11,1,'gantt','Gantt','Gantt Chart for Task Management',0,0),(28,12,3,'pie','Status','Number of Artifacts by Status',600,400),(29,12,4,'bar','Severity','Number of Artifacts by severity level',600,400),(30,12,5,'pie','Assignment','Number of Artifacts by Assignee',600,400);
/*!40000 ALTER TABLE `plugin_graphontrackers_chart` ENABLE KEYS */;
UNLOCK TABLES;

--
-- Table structure for table `plugin_graphontrackers_gantt_chart`
--

DROP TABLE IF EXISTS `plugin_graphontrackers_gantt_chart`;
/*!40101 SET @saved_cs_client     = @@character_set_client */;
/*!40101 SET character_set_client = utf8 */;
CREATE TABLE `plugin_graphontrackers_gantt_chart` (
  `id` int(11) NOT NULL,
  `field_start` varchar(255) default NULL,
  `field_due` varchar(255) default NULL,
  `field_finish` varchar(255) default NULL,
  `field_percentage` varchar(255) default NULL,
  `field_righttext` varchar(255) default NULL,
  `scale` varchar(20) default NULL,
  `as_of_date` int(11) default NULL,
  `summary` varchar(255) default NULL,
  PRIMARY KEY  (`id`)
) ENGINE=MyISAM DEFAULT CHARSET=utf8;
/*!40101 SET character_set_client = @saved_cs_client */;

--
-- Dumping data for table `plugin_graphontrackers_gantt_chart`
--

LOCK TABLES `plugin_graphontrackers_gantt_chart` WRITE;
/*!40000 ALTER TABLE `plugin_graphontrackers_gantt_chart` DISABLE KEYS */;
INSERT INTO `plugin_graphontrackers_gantt_chart` VALUES (10,'start_date','due_date','end_date','percent','severity','day',0,'summary'),(17,'start_date','due_date','end_date','percent','severity','day',0,'summary'),(27,'start_date','due_date','end_date','percent','severity','day',0,'summary');
/*!40000 ALTER TABLE `plugin_graphontrackers_gantt_chart` ENABLE KEYS */;
UNLOCK TABLES;

--
-- Table structure for table `plugin_graphontrackers_pie_chart`
--

DROP TABLE IF EXISTS `plugin_graphontrackers_pie_chart`;
/*!40101 SET @saved_cs_client     = @@character_set_client */;
/*!40101 SET character_set_client = utf8 */;
CREATE TABLE `plugin_graphontrackers_pie_chart` (
  `id` int(11) NOT NULL,
  `field_base` varchar(255) default NULL,
  PRIMARY KEY  (`id`)
) ENGINE=MyISAM DEFAULT CHARSET=utf8;
/*!40101 SET character_set_client = @saved_cs_client */;

--
-- Dumping data for table `plugin_graphontrackers_pie_chart`
--

LOCK TABLES `plugin_graphontrackers_pie_chart` WRITE;
/*!40000 ALTER TABLE `plugin_graphontrackers_pie_chart` DISABLE KEYS */;
INSERT INTO `plugin_graphontrackers_pie_chart` VALUES (1,'status_id'),(4,'status_id'),(7,'status_id'),(3,'assigned_to'),(6,'assigned_to'),(11,'status_id'),(13,'assigned_to'),(14,'status_id'),(18,'status_id'),(20,'assigned_to'),(21,'status_id'),(23,'assigned_to'),(24,'status_id'),(28,'status_id'),(30,'assigned_to');
/*!40000 ALTER TABLE `plugin_graphontrackers_pie_chart` ENABLE KEYS */;
UNLOCK TABLES;

--
-- Table structure for table `plugin_graphontrackers_report_graphic`
--

DROP TABLE IF EXISTS `plugin_graphontrackers_report_graphic`;
/*!40101 SET @saved_cs_client     = @@character_set_client */;
/*!40101 SET character_set_client = utf8 */;
CREATE TABLE `plugin_graphontrackers_report_graphic` (
  `report_graphic_id` int(11) NOT NULL auto_increment,
  `group_artifact_id` int(11) default NULL,
  `user_id` int(11) default NULL,
  `name` varchar(255) default NULL,
  `description` varchar(255) default NULL,
  `scope` char(1) default NULL,
  PRIMARY KEY  (`report_graphic_id`)
) ENGINE=MyISAM AUTO_INCREMENT=13 DEFAULT CHARSET=utf8;
/*!40101 SET character_set_client = @saved_cs_client */;

--
-- Dumping data for table `plugin_graphontrackers_report_graphic`
--

LOCK TABLES `plugin_graphontrackers_report_graphic` WRITE;
/*!40000 ALTER TABLE `plugin_graphontrackers_report_graphic` DISABLE KEYS */;
INSERT INTO `plugin_graphontrackers_report_graphic` VALUES (1,1,101,'Default','Graphic Report By Default For Bugs','P'),(2,3,101,'Default','Graphic Report By Default For Support Requests','P'),(3,2,101,'Default','Graphic Report By Default For Tasks','P'),(4,2,101,'Gantt','Gantt Graph for Task Management','P'),(5,101,102,'Default','Graphic Report By Default For Bugs','P'),(6,102,102,'Default','Graphic Report By Default For Tasks','P'),(7,102,102,'Gantt','Gantt Graph for Task Management','P'),(8,103,102,'Default','Graphic Report By Default For Support Requests','P'),(9,106,106,'Default','Graphic Report By Default For Bugs','P'),(10,107,106,'Default','Graphic Report By Default For Tasks','P'),(11,107,106,'Gantt','Gantt Graph for Task Management','P'),(12,108,106,'Default','Graphic Report By Default For Support Requests','P');
/*!40000 ALTER TABLE `plugin_graphontrackers_report_graphic` ENABLE KEYS */;
UNLOCK TABLES;

--
-- Table structure for table `priority_plugin_hook`
--

DROP TABLE IF EXISTS `priority_plugin_hook`;
/*!40101 SET @saved_cs_client     = @@character_set_client */;
/*!40101 SET character_set_client = utf8 */;
CREATE TABLE `priority_plugin_hook` (
  `plugin_id` int(11) NOT NULL,
  `hook` varchar(100) NOT NULL,
  `priority` int(11) NOT NULL
) ENGINE=MyISAM DEFAULT CHARSET=utf8;
/*!40101 SET character_set_client = @saved_cs_client */;

--
-- Dumping data for table `priority_plugin_hook`
--

LOCK TABLES `priority_plugin_hook` WRITE;
/*!40000 ALTER TABLE `priority_plugin_hook` DISABLE KEYS */;
/*!40000 ALTER TABLE `priority_plugin_hook` ENABLE KEYS */;
UNLOCK TABLES;

--
-- Table structure for table `project_assigned_to`
--

DROP TABLE IF EXISTS `project_assigned_to`;
/*!40101 SET @saved_cs_client     = @@character_set_client */;
/*!40101 SET character_set_client = utf8 */;
CREATE TABLE `project_assigned_to` (
  `project_assigned_id` int(11) NOT NULL auto_increment,
  `project_task_id` int(11) NOT NULL default '0',
  `assigned_to_id` int(11) NOT NULL default '0',
  PRIMARY KEY  (`project_assigned_id`),
  KEY `idx_project_assigned_to_task_id` (`project_task_id`),
  KEY `idx_project_assigned_to_assigned_to` (`assigned_to_id`)
) ENGINE=MyISAM DEFAULT CHARSET=utf8;
/*!40101 SET character_set_client = @saved_cs_client */;

--
-- Dumping data for table `project_assigned_to`
--

LOCK TABLES `project_assigned_to` WRITE;
/*!40000 ALTER TABLE `project_assigned_to` DISABLE KEYS */;
/*!40000 ALTER TABLE `project_assigned_to` ENABLE KEYS */;
UNLOCK TABLES;

--
-- Table structure for table `project_cc`
--

DROP TABLE IF EXISTS `project_cc`;
/*!40101 SET @saved_cs_client     = @@character_set_client */;
/*!40101 SET character_set_client = utf8 */;
CREATE TABLE `project_cc` (
  `project_cc_id` int(11) NOT NULL auto_increment,
  `project_task_id` int(11) NOT NULL default '0',
  `email` varchar(255) NOT NULL default '',
  `added_by` int(11) NOT NULL default '0',
  `comment` text NOT NULL,
  `date` int(11) NOT NULL default '0',
  PRIMARY KEY  (`project_cc_id`),
  KEY `project_id_idx` (`project_task_id`)
) ENGINE=MyISAM DEFAULT CHARSET=utf8;
/*!40101 SET character_set_client = @saved_cs_client */;

--
-- Dumping data for table `project_cc`
--

LOCK TABLES `project_cc` WRITE;
/*!40000 ALTER TABLE `project_cc` DISABLE KEYS */;
/*!40000 ALTER TABLE `project_cc` ENABLE KEYS */;
UNLOCK TABLES;

--
-- Table structure for table `project_counts_tmp`
--

DROP TABLE IF EXISTS `project_counts_tmp`;
/*!40101 SET @saved_cs_client     = @@character_set_client */;
/*!40101 SET character_set_client = utf8 */;
CREATE TABLE `project_counts_tmp` (
  `group_id` int(11) default NULL,
  `type` text,
  `count` float(8,5) default NULL
) ENGINE=MyISAM DEFAULT CHARSET=utf8;
/*!40101 SET character_set_client = @saved_cs_client */;

--
-- Dumping data for table `project_counts_tmp`
--

LOCK TABLES `project_counts_tmp` WRITE;
/*!40000 ALTER TABLE `project_counts_tmp` DISABLE KEYS */;
INSERT INTO `project_counts_tmp` VALUES (101,'forum',2.19722),(100,'tasks',1.38629),(100,'bugs',1.09861),(100,'support',1.60944),(101,'artifacts',1.60944),(1,'developers',2.30259),(99,'developers',1.60944),(101,'developers',2.30259),(1,'docman',4.49981),(101,'docman',1.60944);
/*!40000 ALTER TABLE `project_counts_tmp` ENABLE KEYS */;
UNLOCK TABLES;

--
-- Table structure for table `project_counts_weekly_tmp`
--

DROP TABLE IF EXISTS `project_counts_weekly_tmp`;
/*!40101 SET @saved_cs_client     = @@character_set_client */;
/*!40101 SET character_set_client = utf8 */;
CREATE TABLE `project_counts_weekly_tmp` (
  `group_id` int(11) default NULL,
  `type` text,
  `count` float(8,5) default NULL
) ENGINE=MyISAM DEFAULT CHARSET=utf8;
/*!40101 SET character_set_client = @saved_cs_client */;

--
-- Dumping data for table `project_counts_weekly_tmp`
--

LOCK TABLES `project_counts_weekly_tmp` WRITE;
/*!40000 ALTER TABLE `project_counts_weekly_tmp` DISABLE KEYS */;
/*!40000 ALTER TABLE `project_counts_weekly_tmp` ENABLE KEYS */;
UNLOCK TABLES;

--
-- Table structure for table `project_dependencies`
--

DROP TABLE IF EXISTS `project_dependencies`;
/*!40101 SET @saved_cs_client     = @@character_set_client */;
/*!40101 SET character_set_client = utf8 */;
CREATE TABLE `project_dependencies` (
  `project_depend_id` int(11) NOT NULL auto_increment,
  `project_task_id` int(11) NOT NULL default '0',
  `is_dependent_on_task_id` int(11) NOT NULL default '0',
  PRIMARY KEY  (`project_depend_id`),
  KEY `idx_project_dependencies_task_id` (`project_task_id`),
  KEY `idx_project_is_dependent_on_task_id` (`is_dependent_on_task_id`)
) ENGINE=MyISAM DEFAULT CHARSET=utf8;
/*!40101 SET character_set_client = @saved_cs_client */;

--
-- Dumping data for table `project_dependencies`
--

LOCK TABLES `project_dependencies` WRITE;
/*!40000 ALTER TABLE `project_dependencies` DISABLE KEYS */;
/*!40000 ALTER TABLE `project_dependencies` ENABLE KEYS */;
UNLOCK TABLES;

--
-- Table structure for table `project_field`
--

DROP TABLE IF EXISTS `project_field`;
/*!40101 SET @saved_cs_client     = @@character_set_client */;
/*!40101 SET character_set_client = utf8 */;
CREATE TABLE `project_field` (
  `project_field_id` int(11) NOT NULL auto_increment,
  `field_name` varchar(255) NOT NULL default '',
  `display_type` varchar(255) NOT NULL default '',
  `display_size` varchar(255) NOT NULL default '',
  `label` varchar(255) NOT NULL default '',
  `description` text NOT NULL,
  `scope` char(1) NOT NULL default '',
  `required` int(11) NOT NULL default '0',
  `empty_ok` int(11) NOT NULL default '0',
  `keep_history` int(11) NOT NULL default '0',
  `special` int(11) NOT NULL default '0',
  `custom` int(11) NOT NULL default '0',
  PRIMARY KEY  (`project_field_id`),
  KEY `idx_project_field_name` (`field_name`)
) ENGINE=MyISAM AUTO_INCREMENT=104 DEFAULT CHARSET=utf8;
/*!40101 SET character_set_client = @saved_cs_client */;

--
-- Dumping data for table `project_field`
--

LOCK TABLES `project_field` WRITE;
/*!40000 ALTER TABLE `project_field` DISABLE KEYS */;
INSERT INTO `project_field` VALUES (90,'project_task_id','TF','6/10','Project Task ID','Unique project task identifier','S',1,0,0,1,0),(91,'group_id','TF','','Group ID','Unique project identifier','S',1,0,0,1,0),(92,'created_by','SB','','Created by','User who originally created the task','S',1,0,0,1,0),(94,'start_date','DF','10/15','Start date','Date and time when the task starts','S',1,0,1,0,0),(95,'end_date','DF','10/15','End date','Date and time when the task is finish','S',1,0,1,0,0),(96,'group_project_id','SB','','Subproject','Subproject','P',1,0,1,0,0),(97,'percent_complete','SB','','Percent complete','The percent completion','S',1,0,1,0,0),(98,'hours','TF','5/10','Effort','The estimation to do the task','S',1,0,1,0,0),(99,'priority','SB','','Priority','Level of priority for this task','S',1,0,1,0,0),(100,'status_id','SB','','Status','Task status','S',1,0,1,0,0),(102,'summary','TF','60/120','Summary','One line description of the task','S',1,0,1,1,0),(103,'details','TA','60/7','Original Submission','A full description of the task','S',1,1,1,1,0);
/*!40000 ALTER TABLE `project_field` ENABLE KEYS */;
UNLOCK TABLES;

--
-- Table structure for table `project_field_usage`
--

DROP TABLE IF EXISTS `project_field_usage`;
/*!40101 SET @saved_cs_client     = @@character_set_client */;
/*!40101 SET character_set_client = utf8 */;
CREATE TABLE `project_field_usage` (
  `project_field_id` int(11) NOT NULL default '0',
  `group_id` int(11) NOT NULL default '0',
  `use_it` int(11) NOT NULL default '0',
  `show_on_add` int(11) NOT NULL default '0',
  `show_on_add_members` int(11) NOT NULL default '0',
  `place` int(11) default NULL,
  `custom_label` varchar(255) default NULL,
  `custom_description` varchar(255) default NULL,
  `custom_display_size` varchar(255) default NULL,
  `custom_empty_ok` int(11) default NULL,
  `custom_keep_history` int(11) default NULL,
  KEY `idx_project_fu_field_id` (`project_field_id`),
  KEY `idx_project_fu_group_id` (`group_id`)
) ENGINE=MyISAM DEFAULT CHARSET=utf8;
/*!40101 SET character_set_client = @saved_cs_client */;

--
-- Dumping data for table `project_field_usage`
--

LOCK TABLES `project_field_usage` WRITE;
/*!40000 ALTER TABLE `project_field_usage` DISABLE KEYS */;
INSERT INTO `project_field_usage` VALUES (90,100,1,1,1,10,NULL,NULL,NULL,NULL,NULL),(91,100,1,1,1,20,NULL,NULL,NULL,NULL,NULL),(92,100,1,1,1,30,NULL,NULL,NULL,NULL,NULL),(94,100,1,1,1,40,NULL,NULL,NULL,NULL,NULL),(95,100,1,1,1,50,NULL,NULL,NULL,NULL,NULL),(96,100,1,1,1,60,NULL,NULL,NULL,NULL,NULL),(97,100,1,1,1,70,NULL,NULL,NULL,NULL,NULL),(98,100,1,1,1,80,NULL,NULL,NULL,NULL,NULL),(99,100,1,1,1,80,NULL,NULL,NULL,NULL,NULL),(100,100,1,1,1,90,NULL,NULL,NULL,NULL,NULL),(102,100,1,1,1,110,NULL,NULL,NULL,NULL,NULL),(103,100,1,1,1,120,NULL,NULL,NULL,NULL,NULL);
/*!40000 ALTER TABLE `project_field_usage` ENABLE KEYS */;
UNLOCK TABLES;

--
-- Table structure for table `project_field_value`
--

DROP TABLE IF EXISTS `project_field_value`;
/*!40101 SET @saved_cs_client     = @@character_set_client */;
/*!40101 SET character_set_client = utf8 */;
CREATE TABLE `project_field_value` (
  `project_fv_id` int(11) NOT NULL auto_increment,
  `project_field_id` int(11) NOT NULL default '0',
  `group_id` int(11) NOT NULL default '0',
  `value_id` int(11) NOT NULL default '0',
  `value` text NOT NULL,
  `description` text NOT NULL,
  `order_id` int(11) NOT NULL default '0',
  `status` char(1) NOT NULL default 'A',
  PRIMARY KEY  (`project_fv_id`),
  KEY `idx_project_fv_field_id` (`project_fv_id`),
  KEY `idx_project_fv_group_id` (`group_id`),
  KEY `idx_project_fv_value_id` (`value_id`),
  KEY `idx_project_fv_status` (`status`)
) ENGINE=MyISAM AUTO_INCREMENT=135 DEFAULT CHARSET=utf8;
/*!40101 SET character_set_client = @saved_cs_client */;

--
-- Dumping data for table `project_field_value`
--

LOCK TABLES `project_field_value` WRITE;
/*!40000 ALTER TABLE `project_field_value` DISABLE KEYS */;
INSERT INTO `project_field_value` VALUES (101,97,100,1000,'Not started','The task is not started',1,'P'),(102,97,100,1005,'5%','',5,'P'),(103,97,100,1015,'15%','',15,'P'),(104,97,100,1020,'20%','',20,'P'),(105,97,100,1025,'25%','',25,'P'),(106,97,100,1030,'30%','',30,'P'),(107,97,100,1035,'35%','',35,'P'),(108,97,100,1040,'40%','',40,'P'),(109,97,100,1045,'45%','',45,'P'),(110,97,100,1050,'50%','',50,'P'),(111,97,100,1055,'55%','',55,'P'),(112,97,100,1060,'60%','',60,'P'),(113,97,100,1065,'65%','',65,'P'),(114,97,100,1070,'70%','',70,'P'),(115,97,100,1075,'75%','',75,'P'),(116,97,100,1080,'80%','',80,'P'),(117,97,100,1085,'85%','',85,'P'),(118,97,100,1090,'90%','',90,'P'),(119,97,100,1095,'95%','',95,'P'),(120,97,100,1100,'100%','',100,'P'),(121,99,100,1,'1 - Lowest','',1,'P'),(122,99,100,2,'2','',2,'P'),(123,99,100,3,'3','',3,'P'),(124,99,100,4,'4','',4,'P'),(125,99,100,5,'5 - Medium','',5,'P'),(126,99,100,6,'6','',6,'P'),(127,99,100,7,'7','',7,'P'),(128,99,100,8,'8','',8,'P'),(129,99,100,9,'9 - Highest','',9,'P'),(130,100,100,100,'None','',1,'P'),(131,100,100,1,'Open','',2,'P'),(132,100,100,2,'Closed','',3,'P'),(133,100,100,3,'Deleted','',4,'P'),(134,100,100,4,'Suspended','',5,'P');
/*!40000 ALTER TABLE `project_field_value` ENABLE KEYS */;
UNLOCK TABLES;

--
-- Table structure for table `project_file`
--

DROP TABLE IF EXISTS `project_file`;
/*!40101 SET @saved_cs_client     = @@character_set_client */;
/*!40101 SET character_set_client = utf8 */;
CREATE TABLE `project_file` (
  `project_file_id` int(11) NOT NULL auto_increment,
  `project_task_id` int(11) NOT NULL default '0',
  `submitted_by` int(11) NOT NULL default '0',
  `date` int(11) NOT NULL default '0',
  `description` text NOT NULL,
  `file` longblob NOT NULL,
  `filename` text NOT NULL,
  `filesize` int(11) NOT NULL default '0',
  `filetype` text NOT NULL,
  PRIMARY KEY  (`project_file_id`),
  KEY `project_task_id_idx` (`project_task_id`)
) ENGINE=MyISAM DEFAULT CHARSET=utf8;
/*!40101 SET character_set_client = @saved_cs_client */;

--
-- Dumping data for table `project_file`
--

LOCK TABLES `project_file` WRITE;
/*!40000 ALTER TABLE `project_file` DISABLE KEYS */;
/*!40000 ALTER TABLE `project_file` ENABLE KEYS */;
UNLOCK TABLES;

--
-- Table structure for table `project_group_list`
--

DROP TABLE IF EXISTS `project_group_list`;
/*!40101 SET @saved_cs_client     = @@character_set_client */;
/*!40101 SET character_set_client = utf8 */;
CREATE TABLE `project_group_list` (
  `group_project_id` int(11) NOT NULL auto_increment,
  `group_id` int(11) NOT NULL default '0',
  `project_name` text NOT NULL,
  `is_public` int(11) NOT NULL default '0',
  `description` text,
  `order_id` int(11) NOT NULL default '0',
  PRIMARY KEY  (`group_project_id`),
  KEY `idx_project_group_list_group_id` (`group_id`)
) ENGINE=MyISAM AUTO_INCREMENT=101 DEFAULT CHARSET=utf8;
/*!40101 SET character_set_client = @saved_cs_client */;

--
-- Dumping data for table `project_group_list`
--

LOCK TABLES `project_group_list` WRITE;
/*!40000 ALTER TABLE `project_group_list` DISABLE KEYS */;
INSERT INTO `project_group_list` VALUES (100,100,'none',0,NULL,0);
/*!40000 ALTER TABLE `project_group_list` ENABLE KEYS */;
UNLOCK TABLES;

--
-- Table structure for table `project_history`
--

DROP TABLE IF EXISTS `project_history`;
/*!40101 SET @saved_cs_client     = @@character_set_client */;
/*!40101 SET character_set_client = utf8 */;
CREATE TABLE `project_history` (
  `project_history_id` int(11) NOT NULL auto_increment,
  `project_task_id` int(11) NOT NULL default '0',
  `field_name` text NOT NULL,
  `old_value` text NOT NULL,
  `mod_by` int(11) NOT NULL default '0',
  `date` int(11) NOT NULL default '0',
  PRIMARY KEY  (`project_history_id`),
  KEY `idx_project_history_task_id` (`project_task_id`)
) ENGINE=MyISAM DEFAULT CHARSET=utf8;
/*!40101 SET character_set_client = @saved_cs_client */;

--
-- Dumping data for table `project_history`
--

LOCK TABLES `project_history` WRITE;
/*!40000 ALTER TABLE `project_history` DISABLE KEYS */;
/*!40000 ALTER TABLE `project_history` ENABLE KEYS */;
UNLOCK TABLES;

--
-- Table structure for table `project_metric`
--

DROP TABLE IF EXISTS `project_metric`;
/*!40101 SET @saved_cs_client     = @@character_set_client */;
/*!40101 SET character_set_client = utf8 */;
CREATE TABLE `project_metric` (
  `ranking` int(11) NOT NULL auto_increment,
  `percentile` float(8,2) default NULL,
  `group_id` int(11) NOT NULL,
  PRIMARY KEY  (`ranking`),
  KEY `idx_project_metric_group` (`group_id`)
) ENGINE=MyISAM AUTO_INCREMENT=5 DEFAULT CHARSET=utf8;
/*!40101 SET character_set_client = @saved_cs_client */;

--
-- Dumping data for table `project_metric`
--

LOCK TABLES `project_metric` WRITE;
/*!40000 ALTER TABLE `project_metric` DISABLE KEYS */;
INSERT INTO `project_metric` VALUES (1,100.00,101),(2,75.00,1),(3,50.00,100),(4,25.00,99);
/*!40000 ALTER TABLE `project_metric` ENABLE KEYS */;
UNLOCK TABLES;

--
-- Table structure for table `project_metric_tmp1`
--

DROP TABLE IF EXISTS `project_metric_tmp1`;
/*!40101 SET @saved_cs_client     = @@character_set_client */;
/*!40101 SET character_set_client = utf8 */;
CREATE TABLE `project_metric_tmp1` (
  `ranking` int(11) NOT NULL auto_increment,
  `group_id` int(11) NOT NULL,
  `value` float(8,5) default NULL,
  PRIMARY KEY  (`ranking`)
) ENGINE=MyISAM AUTO_INCREMENT=5 DEFAULT CHARSET=utf8;
/*!40101 SET character_set_client = @saved_cs_client */;

--
-- Dumping data for table `project_metric_tmp1`
--

LOCK TABLES `project_metric_tmp1` WRITE;
/*!40000 ALTER TABLE `project_metric_tmp1` DISABLE KEYS */;
INSERT INTO `project_metric_tmp1` VALUES (1,101,7.71869),(2,1,6.80240),(3,100,4.09434),(4,99,1.60944);
/*!40000 ALTER TABLE `project_metric_tmp1` ENABLE KEYS */;
UNLOCK TABLES;

--
-- Table structure for table `project_metric_weekly_tmp1`
--

DROP TABLE IF EXISTS `project_metric_weekly_tmp1`;
/*!40101 SET @saved_cs_client     = @@character_set_client */;
/*!40101 SET character_set_client = utf8 */;
CREATE TABLE `project_metric_weekly_tmp1` (
  `ranking` int(11) NOT NULL auto_increment,
  `group_id` int(11) NOT NULL default '0',
  `value` float(8,5) default NULL,
  PRIMARY KEY  (`ranking`)
) ENGINE=MyISAM DEFAULT CHARSET=utf8;
/*!40101 SET character_set_client = @saved_cs_client */;

--
-- Dumping data for table `project_metric_weekly_tmp1`
--

LOCK TABLES `project_metric_weekly_tmp1` WRITE;
/*!40000 ALTER TABLE `project_metric_weekly_tmp1` DISABLE KEYS */;
/*!40000 ALTER TABLE `project_metric_weekly_tmp1` ENABLE KEYS */;
UNLOCK TABLES;

--
-- Table structure for table `project_notification`
--

DROP TABLE IF EXISTS `project_notification`;
/*!40101 SET @saved_cs_client     = @@character_set_client */;
/*!40101 SET character_set_client = utf8 */;
CREATE TABLE `project_notification` (
  `user_id` int(11) NOT NULL default '0',
  `role_id` int(11) NOT NULL default '0',
  `event_id` int(11) NOT NULL default '0',
  `notify` int(11) NOT NULL default '1',
  KEY `user_id_idx` (`user_id`)
) ENGINE=MyISAM DEFAULT CHARSET=utf8;
/*!40101 SET character_set_client = @saved_cs_client */;

--
-- Dumping data for table `project_notification`
--

LOCK TABLES `project_notification` WRITE;
/*!40000 ALTER TABLE `project_notification` DISABLE KEYS */;
/*!40000 ALTER TABLE `project_notification` ENABLE KEYS */;
UNLOCK TABLES;

--
-- Table structure for table `project_notification_event`
--

DROP TABLE IF EXISTS `project_notification_event`;
/*!40101 SET @saved_cs_client     = @@character_set_client */;
/*!40101 SET character_set_client = utf8 */;
CREATE TABLE `project_notification_event` (
  `event_id` int(11) NOT NULL default '0',
  `event_label` varchar(255) default NULL,
  `short_description` varchar(40) default NULL,
  `description` varchar(255) default NULL,
  `rank` int(11) NOT NULL default '0',
  KEY `event_id_idx` (`event_id`)
) ENGINE=MyISAM DEFAULT CHARSET=utf8;
/*!40101 SET character_set_client = @saved_cs_client */;

--
-- Dumping data for table `project_notification_event`
--

LOCK TABLES `project_notification_event` WRITE;
/*!40000 ALTER TABLE `project_notification_event` DISABLE KEYS */;
INSERT INTO `project_notification_event` VALUES (1,'ROLE_CHANGE','Role has changed','I\'m added to or removed from this role',10),(2,'NEW_COMMENT','New comment','A new followup comment is added',20),(3,'NEW_FILE','New attachment','A new file attachment is added',30),(4,'CC_CHANGE','CC Change','A new CC address is added/removed',40),(5,'CLOSED','Task closed','The task is closed',50),(6,'PSS_CHANGE','PSS change','Priority,Status changes',60),(7,'ANY_OTHER_CHANGE','Any other Changes','Any changes not mentioned above',70),(8,'I_MADE_IT','I did it','I am the author of the change',80),(9,'NEW_TASK','New Task','A new task has been submitted',90);
/*!40000 ALTER TABLE `project_notification_event` ENABLE KEYS */;
UNLOCK TABLES;

--
-- Table structure for table `project_notification_role`
--

DROP TABLE IF EXISTS `project_notification_role`;
/*!40101 SET @saved_cs_client     = @@character_set_client */;
/*!40101 SET character_set_client = utf8 */;
CREATE TABLE `project_notification_role` (
  `role_id` int(11) NOT NULL default '0',
  `role_label` varchar(255) default NULL,
  `short_description` varchar(40) default NULL,
  `description` varchar(255) default NULL,
  `rank` int(11) NOT NULL default '0',
  KEY `role_id_idx` (`role_id`)
) ENGINE=MyISAM DEFAULT CHARSET=utf8;
/*!40101 SET character_set_client = @saved_cs_client */;

--
-- Dumping data for table `project_notification_role`
--

LOCK TABLES `project_notification_role` WRITE;
/*!40000 ALTER TABLE `project_notification_role` DISABLE KEYS */;
INSERT INTO `project_notification_role` VALUES (1,'SUBMITTER','Submitter','The person who submitted the task',10),(2,'ASSIGNEE','Assignee','The person to whom the task was assigned',20),(3,'CC','CC','The person who is in the CC list',30),(4,'COMMENTER','Commenter','A person who once posted a follow-up comment',40);
/*!40000 ALTER TABLE `project_notification_role` ENABLE KEYS */;
UNLOCK TABLES;

--
-- Table structure for table `project_plugin`
--

DROP TABLE IF EXISTS `project_plugin`;
/*!40101 SET @saved_cs_client     = @@character_set_client */;
/*!40101 SET character_set_client = utf8 */;
CREATE TABLE `project_plugin` (
  `project_id` int(11) NOT NULL,
  `plugin_id` int(11) NOT NULL,
  UNIQUE KEY `project_plugin` (`project_id`,`plugin_id`),
  KEY `project_id_idx` (`project_id`),
  KEY `plugin_id_idx` (`plugin_id`)
) ENGINE=MyISAM DEFAULT CHARSET=utf8;
/*!40101 SET character_set_client = @saved_cs_client */;

--
-- Dumping data for table `project_plugin`
--

LOCK TABLES `project_plugin` WRITE;
/*!40000 ALTER TABLE `project_plugin` DISABLE KEYS */;
/*!40000 ALTER TABLE `project_plugin` ENABLE KEYS */;
UNLOCK TABLES;

--
-- Table structure for table `project_status`
--

DROP TABLE IF EXISTS `project_status`;
/*!40101 SET @saved_cs_client     = @@character_set_client */;
/*!40101 SET character_set_client = utf8 */;
CREATE TABLE `project_status` (
  `status_id` int(11) NOT NULL auto_increment,
  `status_name` text NOT NULL,
  PRIMARY KEY  (`status_id`)
) ENGINE=MyISAM AUTO_INCREMENT=101 DEFAULT CHARSET=utf8;
/*!40101 SET character_set_client = @saved_cs_client */;

--
-- Dumping data for table `project_status`
--

LOCK TABLES `project_status` WRITE;
/*!40000 ALTER TABLE `project_status` DISABLE KEYS */;
INSERT INTO `project_status` VALUES (1,'Open'),(2,'Closed'),(100,'None'),(3,'Deleted'),(4,'Suspended');
/*!40000 ALTER TABLE `project_status` ENABLE KEYS */;
UNLOCK TABLES;

--
-- Table structure for table `project_task`
--

DROP TABLE IF EXISTS `project_task`;
/*!40101 SET @saved_cs_client     = @@character_set_client */;
/*!40101 SET character_set_client = utf8 */;
CREATE TABLE `project_task` (
  `project_task_id` int(11) NOT NULL auto_increment,
  `group_project_id` int(11) NOT NULL default '0',
  `summary` text NOT NULL,
  `details` text NOT NULL,
  `percent_complete` int(11) NOT NULL default '0',
  `priority` int(11) NOT NULL default '0',
  `hours` float(10,2) NOT NULL default '0.00',
  `start_date` int(11) NOT NULL default '0',
  `end_date` int(11) NOT NULL default '0',
  `created_by` int(11) NOT NULL default '0',
  `status_id` int(11) NOT NULL default '0',
  PRIMARY KEY  (`project_task_id`),
  KEY `idx_project_task_group_project_id` (`group_project_id`)
) ENGINE=MyISAM AUTO_INCREMENT=101 DEFAULT CHARSET=utf8;
/*!40101 SET character_set_client = @saved_cs_client */;

--
-- Dumping data for table `project_task`
--

LOCK TABLES `project_task` WRITE;
/*!40000 ALTER TABLE `project_task` DISABLE KEYS */;
INSERT INTO `project_task` VALUES (100,100,'None','',0,0,0.00,0,0,0,0);
/*!40000 ALTER TABLE `project_task` ENABLE KEYS */;
UNLOCK TABLES;

--
-- Table structure for table `project_watcher`
--

DROP TABLE IF EXISTS `project_watcher`;
/*!40101 SET @saved_cs_client     = @@character_set_client */;
/*!40101 SET character_set_client = utf8 */;
CREATE TABLE `project_watcher` (
  `user_id` int(11) NOT NULL default '0',
  `watchee_id` int(11) NOT NULL default '0',
  KEY `user_id_idx` (`user_id`),
  KEY `watchee_id_idx` (`watchee_id`)
) ENGINE=MyISAM DEFAULT CHARSET=utf8;
/*!40101 SET character_set_client = @saved_cs_client */;

--
-- Dumping data for table `project_watcher`
--

LOCK TABLES `project_watcher` WRITE;
/*!40000 ALTER TABLE `project_watcher` DISABLE KEYS */;
/*!40000 ALTER TABLE `project_watcher` ENABLE KEYS */;
UNLOCK TABLES;

--
-- Table structure for table `project_weekly_metric`
--

DROP TABLE IF EXISTS `project_weekly_metric`;
/*!40101 SET @saved_cs_client     = @@character_set_client */;
/*!40101 SET character_set_client = utf8 */;
CREATE TABLE `project_weekly_metric` (
  `ranking` int(11) NOT NULL auto_increment,
  `percentile` float(8,2) default NULL,
  `group_id` int(11) NOT NULL default '0',
  PRIMARY KEY  (`ranking`),
  KEY `idx_project_metric_weekly_group` (`group_id`)
) ENGINE=MyISAM DEFAULT CHARSET=utf8;
/*!40101 SET character_set_client = @saved_cs_client */;

--
-- Dumping data for table `project_weekly_metric`
--

LOCK TABLES `project_weekly_metric` WRITE;
/*!40000 ALTER TABLE `project_weekly_metric` DISABLE KEYS */;
/*!40000 ALTER TABLE `project_weekly_metric` ENABLE KEYS */;
UNLOCK TABLES;

--
-- Table structure for table `reference`
--

DROP TABLE IF EXISTS `reference`;
/*!40101 SET @saved_cs_client     = @@character_set_client */;
/*!40101 SET character_set_client = utf8 */;
CREATE TABLE `reference` (
  `id` int(11) NOT NULL auto_increment,
  `keyword` varchar(25) NOT NULL,
  `description` text NOT NULL,
  `link` text NOT NULL,
  `scope` char(1) NOT NULL default 'P',
  `service_short_name` text,
  `nature` varchar(64) NOT NULL,
  PRIMARY KEY  (`id`),
  KEY `keyword_idx` (`keyword`),
  KEY `scope_idx` (`scope`)
) ENGINE=MyISAM AUTO_INCREMENT=112 DEFAULT CHARSET=utf8;
/*!40101 SET character_set_client = @saved_cs_client */;

--
-- Dumping data for table `reference`
--

LOCK TABLES `reference` WRITE;
/*!40000 ALTER TABLE `reference` DISABLE KEYS */;
INSERT INTO `reference` VALUES (1,'art','reference_art_desc_key','/tracker/?func=detail&aid=$1&group_id=$group_id','S','tracker','artifact'),(2,'artifact','reference_art_desc_key','/tracker/?func=detail&aid=$1&group_id=$group_id','S','tracker','artifact'),(3,'commit','reference_cvs_desc_key','/cvs/?func=detailcommit&commit_id=$1&group_id=$group_id','S','cvs','cvs_commit'),(4,'cvs','reference_cvs_desc_key','/cvs/?func=detailcommit&commit_id=$1&group_id=$group_id','S','cvs','cvs_commit'),(5,'rev','reference_svn_desc_key','/svn/?func=detailrevision&rev_id=$1&group_id=$group_id','S','svn','svn_revision'),(6,'revision','reference_svn_desc_key','/svn/?func=detailrevision&rev_id=$1&group_id=$group_id','S','svn','svn_revision'),(7,'svn','reference_svn_desc_key','/svn/?func=detailrevision&rev_id=$1&group_id=$group_id','S','svn','svn_revision'),(8,'wiki','reference_wiki_desc_key','/wiki/index.php?group_id=$group_id&pagename=$1','S','wiki','wiki_page'),(9,'wiki','reference_wikiversion_desc_key','/wiki/index.php?group_id=$group_id&pagename=$1&version=$2','S','wiki','wiki_page'),(12,'news','reference_news_desc_key','/forum/forum.php?forum_id=$1','S','news','news'),(13,'forum','reference_forum_desc_key','/forum/forum.php?forum_id=$1','S','forum','forum'),(14,'msg','reference_msg_desc_key','/forum/message.php?msg_id=$1','S','forum','forum_message'),(15,'file','reference_file_desc_key','/file/confirm_download.php?group_id=$group_id&file_id=$1','S','file','file'),(16,'release','reference_release_desc_key','/file/showfiles.php?group_id=$group_id&release_id=$1','S','file','release'),(70,'snippet','reference_snippet_desc_key','/snippet/detail.php?type=snippet&id=$1','S',NULL,'snippet'),(90,'bug','reference_bug_desc_key','/tracker/?func=gotoid&group_id=$group_id&aid=$1&atn=bug','S','bugs','artifact'),(91,'task','reference_task_desc_key','/tracker/?func=gotoid&group_id=$group_id&aid=$1&atn=task','S','task','artifact'),(92,'sr','reference_sr_desc_key','/tracker/?func=gotoid&group_id=$group_id&aid=$1&atn=sr','S','support','artifact'),(93,'patch','reference_patch_desc_key','/tracker/?func=gotoid&group_id=$group_id&aid=$1&atn=patch','S','patch','artifact'),(100,'','Empty reference','','S','','other'),(10,'doc','reference_doc_desc_key','/plugins/docman/?group_id=$group_id&action=show&id=$1','S','docman','document'),(11,'document','reference_doc_desc_key','/plugins/docman/?group_id=$group_id&action=show&id=$1','S','docman','document'),(17,'folder','reference_doc_desc_key','/plugins/docman/?group_id=$group_id&action=show&id=$1','S','docman','document'),(18,'dossier','reference_doc_desc_key','/plugins/docman/?group_id=$group_id&action=show&id=$1','S','docman','document'),(101,'chat','plugin_im:reference_chat_desc_key','/plugins/IM/?group_id=$group_id&action=viewchatlog&chat_log=$1','S','IM','im_chat'),(102,'bug','Artefact','/tracker/?func=detail&aid=$1&group_id=$group_id','P','tracker','artifact'),(103,'task','Artefact','/tracker/?func=detail&aid=$1&group_id=$group_id','P','tracker','artifact'),(104,'sr','Artefact','/tracker/?func=detail&aid=$1&group_id=$group_id','P','tracker','artifact'),(105,'story','Artefact','/tracker/?func=detail&aid=$1&group_id=$group_id','P','tracker','artifact'),(30,'git','plugin_git:reference_commit_desc_key','/plugins/git/index.php/$group_id/view/$1/?a=commit&h=$2','S','git','git_commit'),(106,'bugss','Tracker Artifact - bouges','/plugins/tracker/?aid=$1&group_id=$group_id','P','plugin_tracker','plugin_tracker_artifact'),(107,'bug','Artefact','/tracker/?func=detail&aid=$1&group_id=$group_id','P','tracker','artifact'),(108,'task','Artefact','/tracker/?func=detail&aid=$1&group_id=$group_id','P','tracker','artifact'),(109,'sr','Artefact','/tracker/?func=detail&aid=$1&group_id=$group_id','P','tracker','artifact'),(110,'story','Artefact','/tracker/?func=detail&aid=$1&group_id=$group_id','P','tracker','artifact'),(111,'shared','Tracker Artifact - Shared Field Tracker','/plugins/tracker/?aid=$1&group_id=$group_id','P','plugin_tracker','plugin_tracker_artifact');
/*!40000 ALTER TABLE `reference` ENABLE KEYS */;
UNLOCK TABLES;

--
-- Table structure for table `reference_group`
--

DROP TABLE IF EXISTS `reference_group`;
/*!40101 SET @saved_cs_client     = @@character_set_client */;
/*!40101 SET character_set_client = utf8 */;
CREATE TABLE `reference_group` (
  `id` int(11) NOT NULL auto_increment,
  `reference_id` int(11) NOT NULL default '0',
  `group_id` int(11) NOT NULL default '0',
  `is_active` tinyint(4) NOT NULL default '0',
  PRIMARY KEY  (`id`),
  KEY `group_id_idx` (`group_id`,`is_active`)
) ENGINE=MyISAM AUTO_INCREMENT=100 DEFAULT CHARSET=utf8;
/*!40101 SET character_set_client = @saved_cs_client */;

--
-- Dumping data for table `reference_group`
--

LOCK TABLES `reference_group` WRITE;
/*!40000 ALTER TABLE `reference_group` DISABLE KEYS */;
INSERT INTO `reference_group` VALUES (1,1,100,1),(2,2,100,1),(3,3,100,1),(4,4,100,1),(5,5,100,1),(6,6,100,1),(7,7,100,1),(8,8,100,1),(9,9,100,1),(10,12,100,1),(11,13,100,1),(12,14,100,1),(13,15,100,1),(14,16,100,1),(15,70,100,1),(16,1,1,1),(17,2,1,1),(18,3,1,1),(19,4,1,1),(20,5,1,1),(21,6,1,1),(22,7,1,1),(23,8,1,1),(24,9,1,1),(25,12,1,1),(26,13,1,1),(27,14,1,1),(28,15,1,1),(29,16,1,1),(30,70,1,1),(31,12,46,1),(32,13,46,1),(33,14,46,1),(34,10,100,1),(35,11,100,1),(36,17,100,1),(37,18,100,1),(38,10,1,1),(39,11,1,1),(40,17,1,1),(41,18,1,1),(42,101,1,1),(43,101,46,1),(44,101,99,1),(45,101,100,1),(46,13,101,1),(47,14,101,1),(48,12,101,1),(49,3,101,1),(50,4,101,1),(51,15,101,1),(52,16,101,1),(53,1,101,1),(54,2,101,1),(55,5,101,1),(56,6,101,1),(57,7,101,1),(58,8,101,1),(59,9,101,1),(60,10,101,1),(61,11,101,1),(62,17,101,1),(63,18,101,1),(64,101,101,1),(65,102,101,1),(66,103,101,1),(67,104,101,1),(68,105,101,1),(69,30,1,1),(70,30,46,1),(71,30,99,1),(72,30,100,1),(73,30,101,1),(74,106,101,1),(75,13,102,1),(76,14,102,1),(77,12,102,1),(78,3,102,1),(79,4,102,1),(80,15,102,1),(81,16,102,1),(82,1,102,1),(83,2,102,1),(84,5,102,1),(85,6,102,1),(86,7,102,1),(87,8,102,1),(88,9,102,1),(89,10,102,1),(90,11,102,1),(91,17,102,1),(92,18,102,1),(93,101,102,1),(94,30,102,1),(95,107,102,1),(96,108,102,1),(97,109,102,1),(98,110,102,1),(99,111,101,1);
/*!40000 ALTER TABLE `reference_group` ENABLE KEYS */;
UNLOCK TABLES;

--
-- Table structure for table `server`
--

DROP TABLE IF EXISTS `server`;
/*!40101 SET @saved_cs_client     = @@character_set_client */;
/*!40101 SET character_set_client = utf8 */;
CREATE TABLE `server` (
  `id` int(11) unsigned NOT NULL,
  `name` varchar(255) NOT NULL,
  `description` text NOT NULL,
  `http` text NOT NULL,
  `https` text NOT NULL,
  `is_master` tinyint(1) NOT NULL default '0',
  PRIMARY KEY  (`id`)
) ENGINE=MyISAM DEFAULT CHARSET=utf8;
/*!40101 SET character_set_client = @saved_cs_client */;

--
-- Dumping data for table `server`
--

LOCK TABLES `server` WRITE;
/*!40000 ALTER TABLE `server` DISABLE KEYS */;
/*!40000 ALTER TABLE `server` ENABLE KEYS */;
UNLOCK TABLES;

--
-- Table structure for table `service`
--

DROP TABLE IF EXISTS `service`;
/*!40101 SET @saved_cs_client     = @@character_set_client */;
/*!40101 SET character_set_client = utf8 */;
CREATE TABLE `service` (
  `service_id` int(11) NOT NULL auto_increment,
  `group_id` int(11) NOT NULL,
  `label` text,
  `description` text,
  `short_name` text,
  `link` text,
  `is_active` int(11) NOT NULL default '0',
  `is_used` int(11) NOT NULL default '0',
  `scope` text NOT NULL,
  `rank` int(11) NOT NULL default '0',
  `location` enum('master','same','satellite') NOT NULL default 'master',
  `server_id` int(11) unsigned default NULL,
  `is_in_iframe` tinyint(1) NOT NULL default '0',
  PRIMARY KEY  (`service_id`),
  KEY `idx_group_id` (`group_id`)
) ENGINE=MyISAM AUTO_INCREMENT=154 DEFAULT CHARSET=utf8;
/*!40101 SET character_set_client = @saved_cs_client */;

--
-- Dumping data for table `service`
--

LOCK TABLES `service` WRITE;
/*!40000 ALTER TABLE `service` DISABLE KEYS */;
INSERT INTO `service` VALUES (1,100,'service_summary_lbl_key','service_summary_desc_key','summary','/projects/$projectname/',1,1,'system',10,'master',NULL,0),(2,100,'service_admin_lbl_key','service_admin_desc_key','admin','/project/admin/?group_id=$group_id',1,1,'system',20,'master',NULL,0),(3,100,'service_homepage_lbl_key','service_homepage_desc_key','homepage','/www/$projectname/',1,1,'system',30,'master',NULL,0),(4,100,'service_forum_lbl_key','service_forum_desc_key','forum','/forum/?group_id=$group_id',1,1,'system',40,'master',NULL,0),(8,100,'service_mail_lbl_key','service_mail_desc_key','mail','/mail/?group_id=$group_id',1,1,'system',80,'master',NULL,0),(11,100,'service_survey_lbl_key','service_survey_desc_key','survey','/survey/?group_id=$group_id',1,0,'system',110,'master',NULL,0),(12,100,'service_news_lbl_key','service_news_desc_key','news','/news/?group_id=$group_id',1,1,'system',120,'master',NULL,0),(13,100,'service_cvs_lbl_key','service_cvs_desc_key','cvs','/cvs/?group_id=$group_id',1,0,'system',130,'master',NULL,0),(14,100,'service_file_lbl_key','service_file_desc_key','file','/file/showfiles.php?group_id=$group_id',1,1,'system',140,'master',NULL,0),(15,100,'service_tracker_lbl_key','service_tracker_desc_key','tracker','/tracker/index.php?group_id=$group_id',1,1,'system',150,'master',NULL,0),(16,100,'service_svn_lbl_key','service_svn_desc_key','svn','/svn/?group_id=$group_id',1,1,'system',135,'master',NULL,0),(17,100,'service_wiki_lbl_key','service_wiki_desc_key','wiki','/wiki/?group_id=$group_id',1,1,'system',105,'master',NULL,0),(31,1,'service_summary_lbl_key','service_summary_desc_key','summary','/projects/codendi/',1,1,'system',10,'master',NULL,0),(32,1,'service_admin_lbl_key','service_admin_desc_key','admin','/project/admin/?group_id=1',1,1,'system',20,'master',NULL,0),(33,1,'service_homepage_lbl_key','service_homepage_desc_key','homepage','/www/codendi',1,1,'system',30,'master',NULL,0),(34,1,'service_forum_lbl_key','service_forum_desc_key','forum','/forum/?group_id=1',1,1,'system',40,'master',NULL,0),(35,1,'service_mail_lbl_key','service_mail_desc_key','mail','/mail/?group_id=1',1,1,'system',80,'master',NULL,0),(36,1,'service_doc_lbl_key','service_doc_desc_key','doc','/docman/?group_id=1',0,0,'system',100,'master',NULL,0),(37,1,'service_survey_lbl_key','service_survey_desc_key','survey','/survey/?group_id=1',1,1,'system',110,'master',NULL,0),(38,1,'service_news_lbl_key','service_news_desc_key','news','/news/?group_id=1',1,1,'system',120,'master',NULL,0),(39,1,'service_cvs_lbl_key','service_cvs_desc_key','cvs','/cvs/?group_id=1',1,1,'system',130,'master',NULL,0),(40,1,'service_file_lbl_key','service_file_desc_key','file','/file/showfiles.php?group_id=1',1,1,'system',140,'master',NULL,0),(41,1,'service_tracker_lbl_key','service_tracker_desc_key','tracker','/tracker/index.php?group_id=1',1,1,'system',150,'master',NULL,0),(42,1,'service_svn_lbl_key','service_svn_desc_key','svn','/svn/?group_id=1',1,1,'system',135,'master',NULL,0),(43,1,'service_wiki_lbl_key','service_wiki_desc_key','wiki','/wiki/?group_id=1',1,1,'system',105,'master',NULL,0),(51,46,'service_summary_lbl_key','service_summary_desc_key','summary','/projects/sitenews/',1,1,'system',10,'master',NULL,0),(52,46,'service_admin_lbl_key','service_admin_desc_key','admin','/project/admin/?group_id=46',1,1,'system',20,'master',NULL,0),(54,46,'service_forum_lbl_key','service_forum_desc_key','forum','/forum/?group_id=46',1,1,'system',40,'master',NULL,0),(55,46,'service_news_lbl_key','service_news_desc_key','news','/news/?group_id=46',1,1,'system',120,'master',NULL,0),(100,0,'None','None','','',0,0,'project',0,'master',NULL,0),(101,100,'plugin_docman:service_lbl_key','plugin_docman:service_desc_key','docman','/plugins/docman/?group_id=$group_id',1,1,'system',95,'master',NULL,0),(102,1,'plugin_docman:service_lbl_key','plugin_docman:service_desc_key','docman','/plugins/docman/?group_id=1',1,1,'system',95,'master',NULL,0),(103,0,'plugin_docman:service_lbl_key','plugin_docman:service_desc_key','docman','/plugins/docman/?group_id=0',1,0,'system',95,'master',NULL,0),(104,46,'plugin_docman:service_lbl_key','plugin_docman:service_desc_key','docman','/plugins/docman/?group_id=46',1,0,'system',95,'master',NULL,0),(105,99,'service_summary_lbl_key','service_summary_desc_key','summary','/projects/sitenews/',1,1,'system',10,'master',NULL,0),(106,99,'service_admin_lbl_key','service_admin_desc_key','admin','/project/admin/?group_id=46',1,1,'system',20,'master',NULL,0),(107,100,'plugin_im:service_lbl_key','plugin_im:service_desc_key','IM','/plugins/IM/?group_id=$group_id',1,1,'system',210,'master',NULL,0),(108,1,'plugin_im:service_lbl_key','plugin_im:service_desc_key','IM','/plugins/IM/?group_id=1',1,0,'system',210,'master',NULL,0),(109,0,'plugin_im:service_lbl_key','plugin_im:service_desc_key','IM','/plugins/IM/?group_id=0',1,0,'system',210,'master',NULL,0),(110,46,'plugin_im:service_lbl_key','plugin_im:service_desc_key','IM','/plugins/IM/?group_id=46',1,0,'system',210,'master',NULL,0),(111,99,'plugin_im:service_lbl_key','plugin_im:service_desc_key','IM','/plugins/IM/?group_id=99',1,0,'system',210,'master',NULL,0),(112,101,'service_summary_lbl_key','service_summary_desc_key','summary','/projects/nty/',1,1,'system',10,'master',0,0),(113,101,'service_admin_lbl_key','service_admin_desc_key','admin','/project/admin/?group_id=101',1,1,'system',20,'master',0,0),(114,101,'service_homepage_lbl_key','service_homepage_desc_key','homepage','/www/nty/',1,1,'system',30,'master',0,0),(115,101,'service_forum_lbl_key','service_forum_desc_key','forum','/forum/?group_id=101',1,1,'system',40,'master',0,0),(116,101,'service_mail_lbl_key','service_mail_desc_key','mail','/mail/?group_id=101',1,1,'system',80,'master',0,0),(117,101,'service_survey_lbl_key','service_survey_desc_key','survey','/survey/?group_id=101',1,0,'system',110,'master',0,0),(118,101,'service_news_lbl_key','service_news_desc_key','news','/news/?group_id=101',1,1,'system',120,'master',0,0),(119,101,'service_cvs_lbl_key','service_cvs_desc_key','cvs','/cvs/?group_id=101',1,0,'system',130,'master',0,0),(120,101,'service_file_lbl_key','service_file_desc_key','file','/file/showfiles.php?group_id=101',1,1,'system',140,'master',0,0),(121,101,'service_tracker_lbl_key','service_tracker_desc_key','tracker','/tracker/index.php?group_id=101',1,1,'system',150,'master',0,0),(122,101,'service_svn_lbl_key','service_svn_desc_key','svn','/svn/?group_id=101',1,1,'system',135,'master',0,0),(123,101,'service_wiki_lbl_key','service_wiki_desc_key','wiki','/wiki/?group_id=101',1,1,'system',105,'master',0,0),(124,101,'plugin_docman:service_lbl_key','plugin_docman:service_desc_key','docman','/plugins/docman/?group_id=101',1,1,'system',95,'master',0,0),(125,101,'plugin_im:service_lbl_key','plugin_im:service_desc_key','IM','/plugins/IM/?group_id=101',1,1,'system',210,'master',0,0),(126,100,'plugin_git:service_lbl_key','plugin_git:service_desc_key','git','/plugins/git/?group_id=$group_id',1,1,'system',230,'master',NULL,0),(127,0,'plugin_git:service_lbl_key','plugin_git:service_desc_key','git','/plugins/git/?group_id=0',1,0,'system',230,'master',NULL,0),(128,1,'plugin_git:service_lbl_key','plugin_git:service_desc_key','git','/plugins/git/?group_id=1',1,0,'system',230,'master',NULL,0),(129,46,'plugin_git:service_lbl_key','plugin_git:service_desc_key','git','/plugins/git/?group_id=46',1,0,'system',230,'master',NULL,0),(130,99,'plugin_git:service_lbl_key','plugin_git:service_desc_key','git','/plugins/git/?group_id=99',1,0,'system',230,'master',NULL,0),(131,101,'plugin_git:service_lbl_key','plugin_git:service_desc_key','git','/plugins/git/?group_id=101',1,1,'system',230,'master',NULL,0),(132,100,'plugin_tracker:service_lbl_key','plugin_tracker:service_desc_key','plugin_tracker','/plugins/tracker/?group_id=$group_id',1,1,'system',151,'master',NULL,0),(133,0,'plugin_tracker:service_lbl_key','plugin_tracker:service_desc_key','plugin_tracker','/plugins/tracker/?group_id=0',1,0,'system',151,'master',NULL,0),(134,1,'plugin_tracker:service_lbl_key','plugin_tracker:service_desc_key','plugin_tracker','/plugins/tracker/?group_id=1',1,0,'system',151,'master',NULL,0),(135,46,'plugin_tracker:service_lbl_key','plugin_tracker:service_desc_key','plugin_tracker','/plugins/tracker/?group_id=46',1,0,'system',151,'master',NULL,0),(136,99,'plugin_tracker:service_lbl_key','plugin_tracker:service_desc_key','plugin_tracker','/plugins/tracker/?group_id=99',1,0,'system',151,'master',NULL,0),(137,101,'plugin_tracker:service_lbl_key','plugin_tracker:service_desc_key','plugin_tracker','/plugins/tracker/?group_id=101',1,1,'system',151,'master',NULL,0),(138,102,'service_summary_lbl_key','service_summary_desc_key','summary','/projects/garden/',1,1,'system',10,'master',0,0),(139,102,'service_admin_lbl_key','service_admin_desc_key','admin','/project/admin/?group_id=102',1,1,'system',20,'master',0,0),(140,102,'service_homepage_lbl_key','service_homepage_desc_key','homepage','/www/garden/',1,1,'system',30,'master',0,0),(141,102,'service_forum_lbl_key','service_forum_desc_key','forum','/forum/?group_id=102',1,1,'system',40,'master',0,0),(142,102,'service_mail_lbl_key','service_mail_desc_key','mail','/mail/?group_id=102',1,1,'system',80,'master',0,0),(143,102,'service_survey_lbl_key','service_survey_desc_key','survey','/survey/?group_id=102',1,0,'system',110,'master',0,0),(144,102,'service_news_lbl_key','service_news_desc_key','news','/news/?group_id=102',1,1,'system',120,'master',0,0),(145,102,'service_cvs_lbl_key','service_cvs_desc_key','cvs','/cvs/?group_id=102',1,0,'system',130,'master',0,0),(146,102,'service_file_lbl_key','service_file_desc_key','file','/file/showfiles.php?group_id=102',1,1,'system',140,'master',0,0),(147,102,'service_tracker_lbl_key','service_tracker_desc_key','tracker','/tracker/index.php?group_id=102',1,1,'system',150,'master',0,0),(148,102,'service_svn_lbl_key','service_svn_desc_key','svn','/svn/?group_id=102',1,1,'system',135,'master',0,0),(149,102,'service_wiki_lbl_key','service_wiki_desc_key','wiki','/wiki/?group_id=102',1,1,'system',105,'master',0,0),(150,102,'plugin_docman:service_lbl_key','plugin_docman:service_desc_key','docman','/plugins/docman/?group_id=102',1,1,'system',95,'master',0,0),(151,102,'plugin_im:service_lbl_key','plugin_im:service_desc_key','IM','/plugins/IM/?group_id=102',1,1,'system',210,'master',0,0),(152,102,'plugin_git:service_lbl_key','plugin_git:service_desc_key','git','/plugins/git/?group_id=102',1,1,'system',230,'master',0,0),(153,102,'plugin_tracker:service_lbl_key','plugin_tracker:service_desc_key','plugin_tracker','/plugins/tracker/?group_id=102',1,1,'system',151,'master',0,0);
/*!40000 ALTER TABLE `service` ENABLE KEYS */;
UNLOCK TABLES;

--
-- Table structure for table `session`
--

DROP TABLE IF EXISTS `session`;
/*!40101 SET @saved_cs_client     = @@character_set_client */;
/*!40101 SET character_set_client = utf8 */;
CREATE TABLE `session` (
  `user_id` int(11) NOT NULL default '0',
  `session_hash` char(32) NOT NULL default '',
  `ip_addr` char(15) NOT NULL default '',
  `time` int(11) NOT NULL default '0',
  PRIMARY KEY  (`session_hash`),
  KEY `idx_session_user_id` (`user_id`),
  KEY `time_idx` (`time`),
  KEY `idx_session_time` (`time`)
) ENGINE=MyISAM DEFAULT CHARSET=utf8;
/*!40101 SET character_set_client = @saved_cs_client */;

--
-- Dumping data for table `session`
--

LOCK TABLES `session` WRITE;
/*!40000 ALTER TABLE `session` DISABLE KEYS */;
INSERT INTO `session` VALUES (102,'44725d03554fa6dea746687671c7b871','192.168.1.66',1318862071),(102,'b886402577af3317bc1917d67a54006e','192.168.1.66',1319209749),(102,'2e1eb8c67dbe79bd57ae8f574bca8e45','192.168.1.69',1319205033),(102,'243815ddd2982e8ad586ae3c2fcd701a','192.168.1.5',1319205068),(103,'77cd89d17942afec1b101c3f6fcc9415','192.168.1.201',1324349371),(101,'ebbf42c07510bd74837d771170d8a20f','192.168.1.198',1324503911),(101,'b710c32b230c2b03f1141768c45e57a2','192.168.1.198',1324503939),(101,'0ec1e2ba82f72d9b2972276689a0970c','192.168.1.198',1324504039),(101,'250248b1fe3cc4bfbcbb0c14be4d302e','192.168.1.198',1324504144),(101,'f952786dfc448322895c259d4c7f1396','192.168.1.198',1324505705),(101,'fc34d806a209f23ac3cff99cfc6e14d3','192.168.1.198',1324505730),(101,'d615f3353dddb50768f2ace48eb20c92','192.168.1.198',1324508065),(101,'08b2169fa7382b97f02db7c60b98aa0e','192.168.1.198',1324508827),(101,'0067096d3558ff8e0960e7010d7c6415','192.168.1.198',1324509179),(101,'65d311e85048ec2bc3c08a9f49f92e88','192.168.56.1',1324509515),(101,'3666e912ded818bfed9656d144de3de3','192.168.56.1',1324509582),(101,'d68267dea3c4d4fec08b64ea65dcce9f','192.168.56.1',1324509589),(101,'428f87a43e66b59c12b391dfdeab3a85','192.168.56.1',1324509994),(101,'d13d8bd867b7ea2853a1baf5e0af38ca','192.168.56.1',1324510026),(101,'1af726c10b75d480c5d5b1df0148536f','192.168.56.1',1324510049),(101,'5cff157fe65b94b1b72bf05f0bce0686','192.168.56.1',1324512331),(101,'39f44a2613ba553d0a9cf03023939c9c','192.168.56.1',1324512550),(101,'b5a8cb69c12c7a04fc6f2e1de0da24d9','192.168.56.1',1324512553),(101,'f00543777ddcd5a261e690ca1bd04a2b','192.168.56.1',1324513503),(101,'89a98855ef97c90f9a81dc7c3e1bed33','192.168.56.1',1324513584),(101,'dc0783c461666d39b4a81175e9a8154b','192.168.56.1',1324513723),(101,'18a25dd3858da6c6ca6c595db41ab631','192.168.56.1',1324513761),(101,'868e2972c63f311de625e48e914c765f','192.168.56.1',1324513835),(101,'c43101ffb5e30b5d0e1cb5b00906c919','192.168.56.1',1324513985),(101,'100807d483860caac50822ec8bb4f2a7','192.168.56.1',1324514135),(101,'8358eeae8550d3eb9549ef58c3e3ef20','192.168.1.198',1324516132),(101,'87098bdb8e99e612979aad16bb174329','192.168.1.198',1324516419),(101,'69d695e64b862d8500bbb452cbd45406','192.168.1.198',1324516875),(101,'fc5f8c62acbc0af7e2617f21b644b5f9','192.168.1.198',1324516914),(101,'3dc8ba869221dd5a8c825be4e7c36731','192.168.1.198',1324517224),(101,'07a0dec9af52502b2ababbb4a8a8ebba','192.168.1.198',1324517292),(101,'ea6b866d76c05b824117f735e464e818','192.168.1.198',1324517336),(101,'5b6793bc4314f8f0f71146d1e18463f9','192.168.1.198',1324517378),(101,'fdc1bcd7a8041ec4400f925d941c7c83','192.168.1.198',1324517796),(101,'89f49ab4d362e8d43ce850305c760dae','192.168.1.198',1324517857),(101,'99c53c0cc0ba7fa8d47f0a384ba58c61','192.168.1.198',1324517889),(101,'95fae94f226d6d6862b02db56a923243','192.168.1.198',1324517963),(101,'d73b3f59d914ecc697e52288686b89c6','192.168.1.198',1324518091),(101,'bbb50fda7f76f1375f7eca0cd46abf73','192.168.1.198',1324518371),(101,'0167706e923f85f8200a130585fbc865','192.168.1.198',1324518445),(101,'5a1775a0f74a0d002cfdf7f66aefbbfc','192.168.1.198',1324519110),(101,'39ca646dc9d0447c00683f7eb882a8d5','192.168.1.198',1324524589),(101,'45ab32b9ec879de9af71c3d081abc644','192.168.1.198',1324525925),(101,'6b154ecbe65ebf01e1f3066271315558','192.168.1.198',1324525957),(101,'b6813771fa83731c4aab539a4e3deb10','192.168.1.198',1324525998),(101,'5512aba28d8bb6223d322a9e622a890c','192.168.1.198',1324526055),(101,'043652b97fb529a5d7d59f6a14192380','192.168.1.198',1324526141),(101,'b1053544257cd7b1a95bb1611f8abb98','192.168.1.198',1324526224),(101,'135812628ce5257d329fa8fe64611270','192.168.1.198',1324526406),(101,'33a99ae03b839be03caafc7774016a5e','192.168.1.198',1324526433),(101,'077fa7856ee1497dbf23e443d4e8f3db','192.168.1.198',1324526547),(101,'856b0070d04a1068874a1cfa8c1f035f','192.168.1.198',1324526593),(101,'800149c4629de4f0a0a09804fbd967d4','192.168.1.198',1324527283),(101,'b147cc2addf06e26f3bab9b90ca49840','192.168.1.198',1324527453),(101,'05902c59a0e730de05750e7ee99958d5','192.168.1.198',1324527544),(101,'fbcb15f7b62d27e015ae45d54a3dd13d','192.168.1.198',1324527596),(101,'a783ef4c3028986af9b10c7e5ebcef44','192.168.1.198',1324527670),(101,'d06a31691c669b7851129cbff2296bf9','192.168.1.198',1324527760),(101,'20c686acbe4127f2fe1b76efe6683ba2','192.168.1.198',1324527785),(101,'153e896e2026e5709533f33a57ad7971','192.168.1.198',1324527926),(101,'dbc3f80c3874ab74c6f8db09bc1d94c5','192.168.1.198',1324527941),(101,'315d3d25bf3092992b38ebddad684910','192.168.1.198',1324528007),(101,'1882f1979b987665e82179bf83ef69d7','192.168.1.198',1324531313),(101,'51b1f4e791113bf4d33bc673950c96fc','192.168.1.198',1324531317),(101,'5c9682c8a25a3eff9f26e4c32d7c50a2','192.168.1.198',1324531382),(101,'e4c8c30b784ffa65a4b6fa92573e89a9','192.168.1.198',1324531387),(101,'5f6087bbd8ced1f05e21085aa78345ba','192.168.1.198',1324531535),(101,'cf30780aaaf0333a980871e0b9f44246','192.168.1.198',1324531539),(101,'0acbe9b67d611c585bb3fd6e67366994','192.168.1.198',1324531700),(101,'fddac33a06007d52095258c033e2cbba','192.168.1.198',1324531703),(101,'8940f9962a95c95e1ec622a23d0c6e66','192.168.56.1',1324532108),(101,'36ada4a731622832834391e04846b505','192.168.56.1',1324532111),(101,'95cb07c24e3e4756f64540546ca4ae77','192.168.1.198',1324532970),(101,'e6ec102a76602dcf34c13a2d1d5d2a4c','192.168.1.198',1324533164),(101,'f757640df2e214a04450f1487f63306d','192.168.1.198',1324533168),(101,'639a513ac4dbb079cfe47d931da03d6b','192.168.56.1',1324533283),(101,'b50a81d3af1d93e935a7d66d8919acd6','192.168.56.1',1324533285),(101,'85f125a6fe01575e2fa02ae37e55022d','192.168.56.1',1324533941),(101,'1ebbb4b0dcf7f464eb1e18e15f95f0b6','192.168.56.1',1324533943),(101,'7b8faabdca670cfbd5c40c9fe75f029b','192.168.56.1',1324564962),(101,'faa4c3c7041a9fb71a5b5a809e21e3fc','192.168.56.1',1324564964),(101,'6bfe1eb1279444eb3f0c592579b577a9','192.168.1.198',1324564991),(101,'5d5f05efd3ddd08a6d02beb6a6f444be','192.168.1.198',1324564996),(101,'76ea283f649c4e083f1ee9ce0b7a29fb','192.168.1.198',1324565353),(101,'64ed06d3a88b2e44f37107faeea7f3be','192.168.1.198',1324565357),(101,'f849ae80b2ba3fa0b88608e4ae53d190','192.168.56.1',1324565401),(101,'73cb75cf24db87482336bae461457668','192.168.56.1',1324565405),(101,'fcafaeb027375b9713e04f80526ee8ff','192.168.1.198',1324565828),(101,'efeb8b176e456f6a805bfcfe85e90293','192.168.1.198',1324565833),(101,'e8dcf64ea150089eec8b731c5ae3c8eb','192.168.1.198',1324566222),(101,'1e1d163ce78d5f17eddefae2c88e6797','192.168.1.198',1324566625),(101,'4cfb72dc59120c3641acc54cd9e9a06c','192.168.1.198',1324566630),(103,'7cc2f07027afd70b40390104e3b4a332','192.168.56.1',1324588762),(104,'f43b8268538b1946c6e223a17c806bc2','192.168.56.1',1326724066),(104,'53573d0ac71d5b9a55fa4250dc4db77b','192.168.1.198',1326722978),(101,'68e9e7d4f093b8253a85afe4b10d46b9','192.168.56.1',1326724140),(104,'6ca1212aaf8cfabf9b004c4f348d3afd','192.168.56.1',1326724503),(104,'a1a53f8b08561bdd23d2904d93818378','192.168.56.1',1326724719),(104,'b0656688e448f8994ee7d172a898c0f5','192.168.56.1',1326724949),(104,'59bfbacbd18c52c2940ea9f61c0faa5c','192.168.56.1',1326878342),(101,'5419e524b5e420c08ee5247e3459f14b','192.168.56.1',1326878397),(104,'dd3d37f6400d1456a6aacd75e7d77ff7','192.168.56.1',1326878572),(101,'98c94d9a38370b2643689a786af97fa8','192.168.56.1',1328027117),(101,'4e87a09daf4cdbeab21f4f1ee902427d','192.168.56.1',1328027995),(101,'51fb910cf3d5106f4827d792b66f98d4','192.168.1.66',1328027768),(106,'db54a64fd3dac93c45454663e6588c0a','192.168.56.1',1328031830),(105,'c8c309827c0655654b010f3951571fcf','192.168.56.1',1328031765),(104,'3f2c6ce94883f50ffc4b5bbace4dc689','192.168.56.1',1328069326);
/*!40000 ALTER TABLE `session` ENABLE KEYS */;
UNLOCK TABLES;

--
-- Table structure for table `snippet`
--

DROP TABLE IF EXISTS `snippet`;
/*!40101 SET @saved_cs_client     = @@character_set_client */;
/*!40101 SET character_set_client = utf8 */;
CREATE TABLE `snippet` (
  `snippet_id` int(11) NOT NULL auto_increment,
  `created_by` int(11) NOT NULL default '0',
  `name` text,
  `description` text,
  `type` int(11) NOT NULL default '0',
  `language` int(11) NOT NULL default '0',
  `license` text NOT NULL,
  `category` int(11) NOT NULL default '0',
  PRIMARY KEY  (`snippet_id`),
  KEY `idx_snippet_language` (`language`),
  KEY `idx_snippet_category` (`category`)
) ENGINE=MyISAM DEFAULT CHARSET=utf8;
/*!40101 SET character_set_client = @saved_cs_client */;

--
-- Dumping data for table `snippet`
--

LOCK TABLES `snippet` WRITE;
/*!40000 ALTER TABLE `snippet` DISABLE KEYS */;
/*!40000 ALTER TABLE `snippet` ENABLE KEYS */;
UNLOCK TABLES;

--
-- Table structure for table `snippet_category`
--

DROP TABLE IF EXISTS `snippet_category`;
/*!40101 SET @saved_cs_client     = @@character_set_client */;
/*!40101 SET character_set_client = utf8 */;
CREATE TABLE `snippet_category` (
  `category_id` int(11) NOT NULL,
  `category_name` varchar(255) NOT NULL default ''
) ENGINE=MyISAM DEFAULT CHARSET=utf8;
/*!40101 SET character_set_client = @saved_cs_client */;

--
-- Dumping data for table `snippet_category`
--

LOCK TABLES `snippet_category` WRITE;
/*!40000 ALTER TABLE `snippet_category` DISABLE KEYS */;
INSERT INTO `snippet_category` VALUES (100,'None'),(1,'UNIX Admin'),(2,'HTML Manipulation'),(3,'Text Processing'),(4,'Print Processing'),(5,'Calendars'),(6,'Database'),(7,'Data Structure Manipulation'),(8,'File Management'),(9,'Scientific Computation'),(10,'Office Utilities'),(11,'User Interface'),(12,'Other'),(13,'Network'),(14,'Data Acquisition and Control');
/*!40000 ALTER TABLE `snippet_category` ENABLE KEYS */;
UNLOCK TABLES;

--
-- Table structure for table `snippet_language`
--

DROP TABLE IF EXISTS `snippet_language`;
/*!40101 SET @saved_cs_client     = @@character_set_client */;
/*!40101 SET character_set_client = utf8 */;
CREATE TABLE `snippet_language` (
  `language_id` int(11) NOT NULL,
  `language_name` varchar(255) NOT NULL default ''
) ENGINE=MyISAM DEFAULT CHARSET=utf8;
/*!40101 SET character_set_client = @saved_cs_client */;

--
-- Dumping data for table `snippet_language`
--

LOCK TABLES `snippet_language` WRITE;
/*!40000 ALTER TABLE `snippet_language` DISABLE KEYS */;
INSERT INTO `snippet_language` VALUES (100,'None'),(1,'Awk'),(2,'C'),(3,'C++'),(4,'Perl'),(5,'PHP'),(6,'Python'),(7,'Unix Shell'),(8,'Java'),(9,'AppleScript'),(10,'Visual Basic'),(11,'TCL'),(12,'Lisp'),(13,'Mixed'),(14,'JavaScript'),(15,'SQL'),(16,'MatLab'),(17,'Other Language'),(18,'LabView'),(19,'C#'),(20,'Postscript'),(21,'VB.NET');
/*!40000 ALTER TABLE `snippet_language` ENABLE KEYS */;
UNLOCK TABLES;

--
-- Table structure for table `snippet_license`
--

DROP TABLE IF EXISTS `snippet_license`;
/*!40101 SET @saved_cs_client     = @@character_set_client */;
/*!40101 SET character_set_client = utf8 */;
CREATE TABLE `snippet_license` (
  `license_id` int(11) NOT NULL,
  `license_name` varchar(255) NOT NULL default ''
) ENGINE=MyISAM DEFAULT CHARSET=utf8;
/*!40101 SET character_set_client = @saved_cs_client */;

--
-- Dumping data for table `snippet_license`
--

LOCK TABLES `snippet_license` WRITE;
/*!40000 ALTER TABLE `snippet_license` DISABLE KEYS */;
INSERT INTO `snippet_license` VALUES (100,'None'),(1,'Codendi exchange Policy'),(2,'Other');
/*!40000 ALTER TABLE `snippet_license` ENABLE KEYS */;
UNLOCK TABLES;

--
-- Table structure for table `snippet_package`
--

DROP TABLE IF EXISTS `snippet_package`;
/*!40101 SET @saved_cs_client     = @@character_set_client */;
/*!40101 SET character_set_client = utf8 */;
CREATE TABLE `snippet_package` (
  `snippet_package_id` int(11) NOT NULL auto_increment,
  `created_by` int(11) NOT NULL default '0',
  `name` text,
  `description` text,
  `category` int(11) NOT NULL default '0',
  `language` int(11) NOT NULL default '0',
  PRIMARY KEY  (`snippet_package_id`),
  KEY `idx_snippet_package_language` (`language`),
  KEY `idx_snippet_package_category` (`category`)
) ENGINE=MyISAM DEFAULT CHARSET=utf8;
/*!40101 SET character_set_client = @saved_cs_client */;

--
-- Dumping data for table `snippet_package`
--

LOCK TABLES `snippet_package` WRITE;
/*!40000 ALTER TABLE `snippet_package` DISABLE KEYS */;
/*!40000 ALTER TABLE `snippet_package` ENABLE KEYS */;
UNLOCK TABLES;

--
-- Table structure for table `snippet_package_item`
--

DROP TABLE IF EXISTS `snippet_package_item`;
/*!40101 SET @saved_cs_client     = @@character_set_client */;
/*!40101 SET character_set_client = utf8 */;
CREATE TABLE `snippet_package_item` (
  `snippet_package_item_id` int(11) NOT NULL auto_increment,
  `snippet_package_version_id` int(11) NOT NULL default '0',
  `snippet_version_id` int(11) NOT NULL default '0',
  PRIMARY KEY  (`snippet_package_item_id`),
  KEY `idx_snippet_package_item_pkg_ver` (`snippet_package_version_id`)
) ENGINE=MyISAM DEFAULT CHARSET=utf8;
/*!40101 SET character_set_client = @saved_cs_client */;

--
-- Dumping data for table `snippet_package_item`
--

LOCK TABLES `snippet_package_item` WRITE;
/*!40000 ALTER TABLE `snippet_package_item` DISABLE KEYS */;
/*!40000 ALTER TABLE `snippet_package_item` ENABLE KEYS */;
UNLOCK TABLES;

--
-- Table structure for table `snippet_package_version`
--

DROP TABLE IF EXISTS `snippet_package_version`;
/*!40101 SET @saved_cs_client     = @@character_set_client */;
/*!40101 SET character_set_client = utf8 */;
CREATE TABLE `snippet_package_version` (
  `snippet_package_version_id` int(11) NOT NULL auto_increment,
  `snippet_package_id` int(11) NOT NULL default '0',
  `changes` text,
  `version` text,
  `submitted_by` int(11) NOT NULL default '0',
  `date` int(11) NOT NULL default '0',
  PRIMARY KEY  (`snippet_package_version_id`),
  KEY `idx_snippet_package_version_pkg_id` (`snippet_package_id`)
) ENGINE=MyISAM DEFAULT CHARSET=utf8;
/*!40101 SET character_set_client = @saved_cs_client */;

--
-- Dumping data for table `snippet_package_version`
--

LOCK TABLES `snippet_package_version` WRITE;
/*!40000 ALTER TABLE `snippet_package_version` DISABLE KEYS */;
/*!40000 ALTER TABLE `snippet_package_version` ENABLE KEYS */;
UNLOCK TABLES;

--
-- Table structure for table `snippet_type`
--

DROP TABLE IF EXISTS `snippet_type`;
/*!40101 SET @saved_cs_client     = @@character_set_client */;
/*!40101 SET character_set_client = utf8 */;
CREATE TABLE `snippet_type` (
  `type_id` int(11) NOT NULL,
  `type_name` varchar(255) NOT NULL default ''
) ENGINE=MyISAM DEFAULT CHARSET=utf8;
/*!40101 SET character_set_client = @saved_cs_client */;

--
-- Dumping data for table `snippet_type`
--

LOCK TABLES `snippet_type` WRITE;
/*!40000 ALTER TABLE `snippet_type` DISABLE KEYS */;
INSERT INTO `snippet_type` VALUES (100,'None'),(1,'Function'),(2,'Full Script'),(3,'Sample Code (HOWTO)'),(4,'README'),(5,'Class'),(6,'Full Program'),(7,'Macros');
/*!40000 ALTER TABLE `snippet_type` ENABLE KEYS */;
UNLOCK TABLES;

--
-- Table structure for table `snippet_version`
--

DROP TABLE IF EXISTS `snippet_version`;
/*!40101 SET @saved_cs_client     = @@character_set_client */;
/*!40101 SET character_set_client = utf8 */;
CREATE TABLE `snippet_version` (
  `snippet_version_id` int(11) NOT NULL auto_increment,
  `snippet_id` int(11) NOT NULL default '0',
  `changes` text,
  `version` text,
  `submitted_by` int(11) NOT NULL default '0',
  `date` int(11) NOT NULL default '0',
  `code` longblob,
  `filename` varchar(255) NOT NULL default '',
  `filesize` varchar(50) NOT NULL default '',
  `filetype` varchar(50) NOT NULL default '',
  PRIMARY KEY  (`snippet_version_id`),
  KEY `idx_snippet_version_snippet_id` (`snippet_id`)
) ENGINE=MyISAM DEFAULT CHARSET=utf8;
/*!40101 SET character_set_client = @saved_cs_client */;

--
-- Dumping data for table `snippet_version`
--

LOCK TABLES `snippet_version` WRITE;
/*!40000 ALTER TABLE `snippet_version` DISABLE KEYS */;
/*!40000 ALTER TABLE `snippet_version` ENABLE KEYS */;
UNLOCK TABLES;

--
-- Table structure for table `soap_call_counter`
--

DROP TABLE IF EXISTS `soap_call_counter`;
/*!40101 SET @saved_cs_client     = @@character_set_client */;
/*!40101 SET character_set_client = utf8 */;
CREATE TABLE `soap_call_counter` (
  `method_name` varchar(255) NOT NULL,
  `date` int(11) unsigned NOT NULL,
  KEY `method_name` (`method_name`,`date`)
) ENGINE=MyISAM DEFAULT CHARSET=utf8;
/*!40101 SET character_set_client = @saved_cs_client */;

--
-- Dumping data for table `soap_call_counter`
--

LOCK TABLES `soap_call_counter` WRITE;
/*!40000 ALTER TABLE `soap_call_counter` DISABLE KEYS */;
/*!40000 ALTER TABLE `soap_call_counter` ENABLE KEYS */;
UNLOCK TABLES;

--
-- Table structure for table `stats_agg_logo_by_day`
--

DROP TABLE IF EXISTS `stats_agg_logo_by_day`;
/*!40101 SET @saved_cs_client     = @@character_set_client */;
/*!40101 SET character_set_client = utf8 */;
CREATE TABLE `stats_agg_logo_by_day` (
  `day` int(11) default NULL,
  `count` int(11) default NULL
) ENGINE=MyISAM DEFAULT CHARSET=utf8;
/*!40101 SET character_set_client = @saved_cs_client */;

--
-- Dumping data for table `stats_agg_logo_by_day`
--

LOCK TABLES `stats_agg_logo_by_day` WRITE;
/*!40000 ALTER TABLE `stats_agg_logo_by_day` DISABLE KEYS */;
/*!40000 ALTER TABLE `stats_agg_logo_by_day` ENABLE KEYS */;
UNLOCK TABLES;

--
-- Table structure for table `stats_agg_logo_by_group`
--

DROP TABLE IF EXISTS `stats_agg_logo_by_group`;
/*!40101 SET @saved_cs_client     = @@character_set_client */;
/*!40101 SET character_set_client = utf8 */;
CREATE TABLE `stats_agg_logo_by_group` (
  `day` int(11) default NULL,
  `group_id` int(11) default NULL,
  `count` int(11) default NULL
) ENGINE=MyISAM DEFAULT CHARSET=utf8;
/*!40101 SET character_set_client = @saved_cs_client */;

--
-- Dumping data for table `stats_agg_logo_by_group`
--

LOCK TABLES `stats_agg_logo_by_group` WRITE;
/*!40000 ALTER TABLE `stats_agg_logo_by_group` DISABLE KEYS */;
/*!40000 ALTER TABLE `stats_agg_logo_by_group` ENABLE KEYS */;
UNLOCK TABLES;

--
-- Table structure for table `stats_agg_pages_by_browser`
--

DROP TABLE IF EXISTS `stats_agg_pages_by_browser`;
/*!40101 SET @saved_cs_client     = @@character_set_client */;
/*!40101 SET character_set_client = utf8 */;
CREATE TABLE `stats_agg_pages_by_browser` (
  `browser` varchar(8) default NULL,
  `count` int(11) default NULL
) ENGINE=MyISAM DEFAULT CHARSET=utf8;
/*!40101 SET character_set_client = @saved_cs_client */;

--
-- Dumping data for table `stats_agg_pages_by_browser`
--

LOCK TABLES `stats_agg_pages_by_browser` WRITE;
/*!40000 ALTER TABLE `stats_agg_pages_by_browser` DISABLE KEYS */;
/*!40000 ALTER TABLE `stats_agg_pages_by_browser` ENABLE KEYS */;
UNLOCK TABLES;

--
-- Table structure for table `stats_agg_pages_by_day`
--

DROP TABLE IF EXISTS `stats_agg_pages_by_day`;
/*!40101 SET @saved_cs_client     = @@character_set_client */;
/*!40101 SET character_set_client = utf8 */;
CREATE TABLE `stats_agg_pages_by_day` (
  `day` int(11) NOT NULL default '0',
  `count` int(11) NOT NULL default '0',
  KEY `idx_pages_by_day_day` (`day`)
) ENGINE=MyISAM DEFAULT CHARSET=utf8;
/*!40101 SET character_set_client = @saved_cs_client */;

--
-- Dumping data for table `stats_agg_pages_by_day`
--

LOCK TABLES `stats_agg_pages_by_day` WRITE;
/*!40000 ALTER TABLE `stats_agg_pages_by_day` DISABLE KEYS */;
INSERT INTO `stats_agg_pages_by_day` VALUES (20111017,494),(20111018,94),(20111220,207);
/*!40000 ALTER TABLE `stats_agg_pages_by_day` ENABLE KEYS */;
UNLOCK TABLES;

--
-- Table structure for table `stats_agg_pages_by_day_old`
--

DROP TABLE IF EXISTS `stats_agg_pages_by_day_old`;
/*!40101 SET @saved_cs_client     = @@character_set_client */;
/*!40101 SET character_set_client = utf8 */;
CREATE TABLE `stats_agg_pages_by_day_old` (
  `day` int(11) default NULL,
  `count` int(11) default NULL
) ENGINE=MyISAM DEFAULT CHARSET=utf8;
/*!40101 SET character_set_client = @saved_cs_client */;

--
-- Dumping data for table `stats_agg_pages_by_day_old`
--

LOCK TABLES `stats_agg_pages_by_day_old` WRITE;
/*!40000 ALTER TABLE `stats_agg_pages_by_day_old` DISABLE KEYS */;
/*!40000 ALTER TABLE `stats_agg_pages_by_day_old` ENABLE KEYS */;
UNLOCK TABLES;

--
-- Table structure for table `stats_agg_site_by_day`
--

DROP TABLE IF EXISTS `stats_agg_site_by_day`;
/*!40101 SET @saved_cs_client     = @@character_set_client */;
/*!40101 SET character_set_client = utf8 */;
CREATE TABLE `stats_agg_site_by_day` (
  `day` int(11) NOT NULL default '0',
  `count` int(11) NOT NULL default '0'
) ENGINE=MyISAM DEFAULT CHARSET=utf8;
/*!40101 SET character_set_client = @saved_cs_client */;

--
-- Dumping data for table `stats_agg_site_by_day`
--

LOCK TABLES `stats_agg_site_by_day` WRITE;
/*!40000 ALTER TABLE `stats_agg_site_by_day` DISABLE KEYS */;
INSERT INTO `stats_agg_site_by_day` VALUES (20111017,494),(20111018,94),(20111220,207);
/*!40000 ALTER TABLE `stats_agg_site_by_day` ENABLE KEYS */;
UNLOCK TABLES;

--
-- Table structure for table `stats_agg_site_by_group`
--

DROP TABLE IF EXISTS `stats_agg_site_by_group`;
/*!40101 SET @saved_cs_client     = @@character_set_client */;
/*!40101 SET character_set_client = utf8 */;
CREATE TABLE `stats_agg_site_by_group` (
  `day` int(11) NOT NULL default '0',
  `group_id` int(11) NOT NULL default '0',
  `count` int(11) NOT NULL default '0'
) ENGINE=MyISAM DEFAULT CHARSET=utf8;
/*!40101 SET character_set_client = @saved_cs_client */;

--
-- Dumping data for table `stats_agg_site_by_group`
--

LOCK TABLES `stats_agg_site_by_group` WRITE;
/*!40000 ALTER TABLE `stats_agg_site_by_group` DISABLE KEYS */;
INSERT INTO `stats_agg_site_by_group` VALUES (20111017,0,404),(20111017,1,3),(20111017,101,87),(20111018,0,70),(20111018,1,3),(20111018,101,21),(20111220,0,107),(20111220,100,4),(20111220,101,96);
/*!40000 ALTER TABLE `stats_agg_site_by_group` ENABLE KEYS */;
UNLOCK TABLES;

--
-- Table structure for table `stats_agr_filerelease`
--

DROP TABLE IF EXISTS `stats_agr_filerelease`;
/*!40101 SET @saved_cs_client     = @@character_set_client */;
/*!40101 SET character_set_client = utf8 */;
CREATE TABLE `stats_agr_filerelease` (
  `filerelease_id` int(11) NOT NULL default '0',
  `group_id` int(11) NOT NULL default '0',
  `downloads` int(11) NOT NULL default '0',
  KEY `idx_stats_agr_tmp_fid` (`filerelease_id`),
  KEY `idx_stats_agr_tmp_gid` (`group_id`)
) ENGINE=MyISAM DEFAULT CHARSET=utf8;
/*!40101 SET character_set_client = @saved_cs_client */;

--
-- Dumping data for table `stats_agr_filerelease`
--

LOCK TABLES `stats_agr_filerelease` WRITE;
/*!40000 ALTER TABLE `stats_agr_filerelease` DISABLE KEYS */;
/*!40000 ALTER TABLE `stats_agr_filerelease` ENABLE KEYS */;
UNLOCK TABLES;

--
-- Table structure for table `stats_agr_project`
--

DROP TABLE IF EXISTS `stats_agr_project`;
/*!40101 SET @saved_cs_client     = @@character_set_client */;
/*!40101 SET character_set_client = utf8 */;
CREATE TABLE `stats_agr_project` (
  `group_id` int(11) NOT NULL default '0',
  `group_ranking` int(11) NOT NULL default '0',
  `group_metric` float(8,5) NOT NULL default '0.00000',
  `developers` smallint(6) NOT NULL default '0',
  `file_releases` smallint(6) NOT NULL default '0',
  `downloads` int(11) NOT NULL default '0',
  `site_views` int(11) NOT NULL default '0',
  `logo_views` int(11) NOT NULL default '0',
  `msg_posted` smallint(6) NOT NULL default '0',
  `msg_uniq_auth` smallint(6) NOT NULL default '0',
  `bugs_opened` smallint(6) NOT NULL default '0',
  `bugs_closed` smallint(6) NOT NULL default '0',
  `support_opened` smallint(6) NOT NULL default '0',
  `support_closed` smallint(6) NOT NULL default '0',
  `patches_opened` smallint(6) NOT NULL default '0',
  `patches_closed` smallint(6) NOT NULL default '0',
  `tasks_opened` smallint(6) NOT NULL default '0',
  `tasks_closed` smallint(6) NOT NULL default '0',
  `cvs_checkouts` smallint(6) NOT NULL default '0',
  `cvs_commits` smallint(6) NOT NULL default '0',
  `cvs_adds` smallint(6) NOT NULL default '0',
  `svn_commits` smallint(6) NOT NULL default '0',
  `svn_adds` smallint(6) NOT NULL default '0',
  `svn_deletes` smallint(6) NOT NULL default '0',
  `svn_checkouts` smallint(6) NOT NULL default '0',
  `svn_access_count` smallint(6) NOT NULL default '0',
  KEY `idx_project_agr_log_group` (`group_id`)
) ENGINE=MyISAM DEFAULT CHARSET=utf8;
/*!40101 SET character_set_client = @saved_cs_client */;

--
-- Dumping data for table `stats_agr_project`
--

LOCK TABLES `stats_agr_project` WRITE;
/*!40000 ALTER TABLE `stats_agr_project` DISABLE KEYS */;
/*!40000 ALTER TABLE `stats_agr_project` ENABLE KEYS */;
UNLOCK TABLES;

--
-- Table structure for table `stats_ftp_downloads`
--

DROP TABLE IF EXISTS `stats_ftp_downloads`;
/*!40101 SET @saved_cs_client     = @@character_set_client */;
/*!40101 SET character_set_client = utf8 */;
CREATE TABLE `stats_ftp_downloads` (
  `day` int(11) NOT NULL default '0',
  `filerelease_id` int(11) NOT NULL default '0',
  `group_id` int(11) NOT NULL default '0',
  `downloads` int(11) NOT NULL default '0',
  KEY `idx_ftpdl_day` (`day`),
  KEY `idx_ftpdl_fid` (`filerelease_id`),
  KEY `idx_ftpdl_group_id` (`group_id`)
) ENGINE=MyISAM DEFAULT CHARSET=utf8;
/*!40101 SET character_set_client = @saved_cs_client */;

--
-- Dumping data for table `stats_ftp_downloads`
--

LOCK TABLES `stats_ftp_downloads` WRITE;
/*!40000 ALTER TABLE `stats_ftp_downloads` DISABLE KEYS */;
/*!40000 ALTER TABLE `stats_ftp_downloads` ENABLE KEYS */;
UNLOCK TABLES;

--
-- Table structure for table `stats_http_downloads`
--

DROP TABLE IF EXISTS `stats_http_downloads`;
/*!40101 SET @saved_cs_client     = @@character_set_client */;
/*!40101 SET character_set_client = utf8 */;
CREATE TABLE `stats_http_downloads` (
  `day` int(11) NOT NULL default '0',
  `filerelease_id` int(11) NOT NULL default '0',
  `group_id` int(11) NOT NULL default '0',
  `downloads` int(11) NOT NULL default '0',
  KEY `idx_httpdl_day` (`day`),
  KEY `idx_httpdl_fid` (`filerelease_id`),
  KEY `idx_httpdl_group_id` (`group_id`)
) ENGINE=MyISAM DEFAULT CHARSET=utf8;
/*!40101 SET character_set_client = @saved_cs_client */;

--
-- Dumping data for table `stats_http_downloads`
--

LOCK TABLES `stats_http_downloads` WRITE;
/*!40000 ALTER TABLE `stats_http_downloads` DISABLE KEYS */;
/*!40000 ALTER TABLE `stats_http_downloads` ENABLE KEYS */;
UNLOCK TABLES;

--
-- Table structure for table `stats_project`
--

DROP TABLE IF EXISTS `stats_project`;
/*!40101 SET @saved_cs_client     = @@character_set_client */;
/*!40101 SET character_set_client = utf8 */;
CREATE TABLE `stats_project` (
  `month` int(11) NOT NULL default '0',
  `week` int(11) NOT NULL default '0',
  `day` int(11) NOT NULL default '0',
  `group_id` int(11) NOT NULL default '0',
  `group_ranking` int(11) NOT NULL default '0',
  `group_metric` float(8,5) NOT NULL default '0.00000',
  `developers` smallint(6) NOT NULL default '0',
  `file_releases` smallint(6) NOT NULL default '0',
  `downloads` int(11) NOT NULL default '0',
  `site_views` int(11) NOT NULL default '0',
  `subdomain_views` int(11) NOT NULL default '0',
  `msg_posted` smallint(6) NOT NULL default '0',
  `msg_uniq_auth` smallint(6) NOT NULL default '0',
  `bugs_opened` smallint(6) NOT NULL default '0',
  `bugs_closed` smallint(6) NOT NULL default '0',
  `support_opened` smallint(6) NOT NULL default '0',
  `support_closed` smallint(6) NOT NULL default '0',
  `patches_opened` smallint(6) NOT NULL default '0',
  `patches_closed` smallint(6) NOT NULL default '0',
  `tasks_opened` smallint(6) NOT NULL default '0',
  `tasks_closed` smallint(6) NOT NULL default '0',
  `cvs_checkouts` smallint(6) NOT NULL default '0',
  `cvs_commits` smallint(6) NOT NULL default '0',
  `cvs_adds` smallint(6) NOT NULL default '0',
  `svn_commits` smallint(6) NOT NULL default '0',
  `svn_adds` smallint(6) NOT NULL default '0',
  `svn_deletes` smallint(6) NOT NULL default '0',
  `svn_checkouts` smallint(6) NOT NULL default '0',
  `svn_access_count` smallint(6) NOT NULL default '0',
  `artifacts_opened` smallint(6) NOT NULL default '0',
  `artifacts_closed` smallint(6) NOT NULL default '0',
  KEY `idx_project_log_group` (`group_id`),
  KEY `idx_archive_project_month` (`month`),
  KEY `idx_archive_project_week` (`week`),
  KEY `idx_archive_project_day` (`day`),
  KEY `idx_archive_project_monthday` (`month`,`day`)
) ENGINE=MyISAM DEFAULT CHARSET=utf8;
/*!40101 SET character_set_client = @saved_cs_client */;

--
-- Dumping data for table `stats_project`
--

LOCK TABLES `stats_project` WRITE;
/*!40000 ALTER TABLE `stats_project` DISABLE KEYS */;
INSERT INTO `stats_project` VALUES (201110,42,16,99,4,25.00000,1,0,0,0,0,0,0,0,0,0,0,0,0,0,0,0,0,0,0,0,0,0,0,0,0),(201110,42,16,1,1,100.00000,2,0,0,0,0,0,0,0,0,0,0,0,0,0,0,0,0,0,0,0,0,0,0,0,0),(201110,42,16,101,3,50.00000,1,0,0,0,0,0,0,0,0,0,0,0,0,0,0,0,0,0,0,0,0,0,0,0,0),(201110,42,16,100,2,75.00000,0,0,0,0,0,0,0,0,0,0,0,0,0,0,0,0,0,0,0,0,0,0,0,0,0),(201110,42,17,99,4,25.00000,1,0,0,0,0,0,0,0,0,0,0,0,0,0,0,0,0,0,0,0,0,0,0,0,0),(201110,42,17,1,1,100.00000,2,0,0,0,0,0,0,0,0,0,0,0,0,0,0,0,0,0,0,0,0,0,0,0,0),(201110,42,17,101,3,50.00000,1,0,0,0,0,3,1,0,0,0,0,0,0,0,0,0,0,0,0,0,0,0,0,0,0),(201110,42,17,100,2,75.00000,0,0,0,0,0,0,0,0,0,0,0,0,0,0,0,0,0,0,0,0,0,0,0,0,0),(201110,42,18,99,4,25.00000,1,0,0,0,0,0,0,0,0,0,0,0,0,0,0,0,0,0,0,0,0,0,0,0,0),(201110,42,18,1,1,100.00000,2,0,0,0,0,0,0,0,0,0,0,0,0,0,0,0,0,0,0,0,0,0,0,0,0),(201110,42,18,101,3,50.00000,1,0,0,0,0,0,0,0,0,0,0,0,0,0,0,0,0,0,0,0,0,0,0,0,0),(201110,42,18,100,2,75.00000,0,0,0,0,0,0,0,0,0,0,0,0,0,0,0,0,0,0,0,0,0,0,0,0,0),(201110,42,19,99,4,25.00000,1,0,0,0,0,0,0,0,0,0,0,0,0,0,0,0,0,0,0,0,0,0,0,0,0),(201110,42,19,1,1,100.00000,2,0,0,0,0,0,0,0,0,0,0,0,0,0,0,0,0,0,0,0,0,0,0,0,0),(201110,42,19,101,2,75.00000,1,0,0,0,0,0,0,0,0,0,0,0,0,0,0,0,0,0,0,0,0,0,0,0,0),(201110,42,19,100,3,50.00000,0,0,0,0,0,0,0,0,0,0,0,0,0,0,0,0,0,0,0,0,0,0,0,0,0),(201112,51,20,99,4,25.00000,1,0,0,0,0,0,0,0,0,0,0,0,0,0,0,0,0,0,0,0,0,0,0,0,0),(201112,51,20,1,2,75.00000,2,0,0,0,0,0,0,0,0,0,0,0,0,0,0,0,0,0,0,0,0,0,0,0,0),(201112,51,20,101,1,100.00000,2,0,0,0,0,0,0,0,0,0,0,0,0,0,0,0,0,0,0,0,0,0,0,0,0),(201112,51,20,100,3,50.00000,0,0,0,0,0,0,0,0,0,0,0,0,0,0,0,0,0,0,0,0,0,0,0,0,0);
/*!40000 ALTER TABLE `stats_project` ENABLE KEYS */;
UNLOCK TABLES;

--
-- Table structure for table `stats_project_tmp`
--

DROP TABLE IF EXISTS `stats_project_tmp`;
/*!40101 SET @saved_cs_client     = @@character_set_client */;
/*!40101 SET character_set_client = utf8 */;
CREATE TABLE `stats_project_tmp` (
  `month` int(11) NOT NULL default '0',
  `week` int(11) NOT NULL default '0',
  `day` int(11) NOT NULL default '0',
  `group_id` int(11) NOT NULL default '0',
  `group_ranking` int(11) NOT NULL default '0',
  `group_metric` float(8,5) NOT NULL default '0.00000',
  `developers` smallint(6) NOT NULL default '0',
  `file_releases` smallint(6) NOT NULL default '0',
  `downloads` int(11) NOT NULL default '0',
  `site_views` int(11) NOT NULL default '0',
  `subdomain_views` int(11) NOT NULL default '0',
  `msg_posted` smallint(6) NOT NULL default '0',
  `msg_uniq_auth` smallint(6) NOT NULL default '0',
  `bugs_opened` smallint(6) NOT NULL default '0',
  `bugs_closed` smallint(6) NOT NULL default '0',
  `support_opened` smallint(6) NOT NULL default '0',
  `support_closed` smallint(6) NOT NULL default '0',
  `patches_opened` smallint(6) NOT NULL default '0',
  `patches_closed` smallint(6) NOT NULL default '0',
  `tasks_opened` smallint(6) NOT NULL default '0',
  `tasks_closed` smallint(6) NOT NULL default '0',
  `cvs_checkouts` smallint(6) NOT NULL default '0',
  `cvs_commits` smallint(6) NOT NULL default '0',
  `cvs_adds` smallint(6) NOT NULL default '0',
  `svn_commits` smallint(6) NOT NULL default '0',
  `svn_adds` smallint(6) NOT NULL default '0',
  `svn_deletes` smallint(6) NOT NULL default '0',
  `svn_checkouts` smallint(6) NOT NULL default '0',
  `svn_access_count` smallint(6) NOT NULL default '0',
  `artifacts_opened` smallint(6) NOT NULL default '0',
  `artifacts_closed` smallint(6) NOT NULL default '0',
  KEY `idx_project_log_group` (`group_id`),
  KEY `idx_project_stats_day` (`day`),
  KEY `idx_project_stats_week` (`week`),
  KEY `idx_project_stats_month` (`month`)
) ENGINE=MyISAM DEFAULT CHARSET=utf8;
/*!40101 SET character_set_client = @saved_cs_client */;

--
-- Dumping data for table `stats_project_tmp`
--

LOCK TABLES `stats_project_tmp` WRITE;
/*!40000 ALTER TABLE `stats_project_tmp` DISABLE KEYS */;
INSERT INTO `stats_project_tmp` VALUES (201112,51,20,99,4,25.00000,1,0,0,0,0,0,0,0,0,0,0,0,0,0,0,0,0,0,0,0,0,0,0,0,0),(201112,51,20,1,2,75.00000,2,0,0,0,0,0,0,0,0,0,0,0,0,0,0,0,0,0,0,0,0,0,0,0,0),(201112,51,20,101,1,100.00000,2,0,0,0,0,0,0,0,0,0,0,0,0,0,0,0,0,0,0,0,0,0,0,0,0),(201112,51,20,100,3,50.00000,0,0,0,0,0,0,0,0,0,0,0,0,0,0,0,0,0,0,0,0,0,0,0,0,0);
/*!40000 ALTER TABLE `stats_project_tmp` ENABLE KEYS */;
UNLOCK TABLES;

--
-- Table structure for table `stats_site`
--

DROP TABLE IF EXISTS `stats_site`;
/*!40101 SET @saved_cs_client     = @@character_set_client */;
/*!40101 SET character_set_client = utf8 */;
CREATE TABLE `stats_site` (
  `month` int(11) NOT NULL default '0',
  `week` int(11) NOT NULL default '0',
  `day` int(11) NOT NULL default '0',
  `site_views` int(11) NOT NULL default '0',
  `subdomain_views` int(11) NOT NULL default '0',
  `downloads` int(11) NOT NULL default '0',
  `uniq_users` int(11) NOT NULL default '0',
  `sessions` int(11) NOT NULL default '0',
  `total_users` int(11) NOT NULL default '0',
  `new_users` int(11) NOT NULL default '0',
  `new_projects` int(11) NOT NULL default '0',
  KEY `idx_stats_site_month` (`month`),
  KEY `idx_stats_site_week` (`week`),
  KEY `idx_stats_site_day` (`day`),
  KEY `idx_stats_site_monthday` (`month`,`day`)
) ENGINE=MyISAM DEFAULT CHARSET=utf8;
/*!40101 SET character_set_client = @saved_cs_client */;

--
-- Dumping data for table `stats_site`
--

LOCK TABLES `stats_site` WRITE;
/*!40000 ALTER TABLE `stats_site` DISABLE KEYS */;
INSERT INTO `stats_site` VALUES (201110,42,16,0,0,0,0,0,2,0,0),(201110,42,17,0,0,0,1,1,3,1,1),(201110,42,18,0,0,0,1,1,3,0,0),(201110,42,19,0,0,0,0,0,3,0,0),(201112,51,20,0,0,0,1,1,4,1,0);
/*!40000 ALTER TABLE `stats_site` ENABLE KEYS */;
UNLOCK TABLES;

--
-- Table structure for table `support`
--

DROP TABLE IF EXISTS `support`;
/*!40101 SET @saved_cs_client     = @@character_set_client */;
/*!40101 SET character_set_client = utf8 */;
CREATE TABLE `support` (
  `support_id` int(11) NOT NULL auto_increment,
  `group_id` int(11) NOT NULL default '0',
  `support_status_id` int(11) NOT NULL default '0',
  `support_category_id` int(11) NOT NULL default '0',
  `priority` int(11) NOT NULL default '0',
  `submitted_by` int(11) NOT NULL default '0',
  `assigned_to` int(11) NOT NULL default '0',
  `open_date` int(11) NOT NULL default '0',
  `summary` text,
  `close_date` int(11) NOT NULL default '0',
  PRIMARY KEY  (`support_id`),
  KEY `idx_support_group_id` (`group_id`)
) ENGINE=MyISAM AUTO_INCREMENT=101 DEFAULT CHARSET=utf8;
/*!40101 SET character_set_client = @saved_cs_client */;

--
-- Dumping data for table `support`
--

LOCK TABLES `support` WRITE;
/*!40000 ALTER TABLE `support` DISABLE KEYS */;
INSERT INTO `support` VALUES (100,100,0,0,0,0,0,0,NULL,0);
/*!40000 ALTER TABLE `support` ENABLE KEYS */;
UNLOCK TABLES;

--
-- Table structure for table `support_canned_responses`
--

DROP TABLE IF EXISTS `support_canned_responses`;
/*!40101 SET @saved_cs_client     = @@character_set_client */;
/*!40101 SET character_set_client = utf8 */;
CREATE TABLE `support_canned_responses` (
  `support_canned_id` int(11) NOT NULL auto_increment,
  `group_id` int(11) NOT NULL default '0',
  `title` text,
  `body` text,
  PRIMARY KEY  (`support_canned_id`),
  KEY `idx_support_canned_response_group_id` (`group_id`)
) ENGINE=MyISAM AUTO_INCREMENT=101 DEFAULT CHARSET=utf8;
/*!40101 SET character_set_client = @saved_cs_client */;

--
-- Dumping data for table `support_canned_responses`
--

LOCK TABLES `support_canned_responses` WRITE;
/*!40000 ALTER TABLE `support_canned_responses` DISABLE KEYS */;
INSERT INTO `support_canned_responses` VALUES (100,100,NULL,NULL);
/*!40000 ALTER TABLE `support_canned_responses` ENABLE KEYS */;
UNLOCK TABLES;

--
-- Table structure for table `support_category`
--

DROP TABLE IF EXISTS `support_category`;
/*!40101 SET @saved_cs_client     = @@character_set_client */;
/*!40101 SET character_set_client = utf8 */;
CREATE TABLE `support_category` (
  `support_category_id` int(11) NOT NULL auto_increment,
  `group_id` int(11) NOT NULL default '0',
  `category_name` text NOT NULL,
  PRIMARY KEY  (`support_category_id`),
  KEY `idx_support_group_group_id` (`group_id`)
) ENGINE=MyISAM AUTO_INCREMENT=101 DEFAULT CHARSET=utf8;
/*!40101 SET character_set_client = @saved_cs_client */;

--
-- Dumping data for table `support_category`
--

LOCK TABLES `support_category` WRITE;
/*!40000 ALTER TABLE `support_category` DISABLE KEYS */;
INSERT INTO `support_category` VALUES (100,100,'None');
/*!40000 ALTER TABLE `support_category` ENABLE KEYS */;
UNLOCK TABLES;

--
-- Table structure for table `support_history`
--

DROP TABLE IF EXISTS `support_history`;
/*!40101 SET @saved_cs_client     = @@character_set_client */;
/*!40101 SET character_set_client = utf8 */;
CREATE TABLE `support_history` (
  `support_history_id` int(11) NOT NULL auto_increment,
  `support_id` int(11) NOT NULL default '0',
  `field_name` text NOT NULL,
  `old_value` text NOT NULL,
  `mod_by` int(11) NOT NULL default '0',
  `date` int(11) default NULL,
  PRIMARY KEY  (`support_history_id`),
  KEY `idx_support_history_support_id` (`support_id`)
) ENGINE=MyISAM DEFAULT CHARSET=utf8;
/*!40101 SET character_set_client = @saved_cs_client */;

--
-- Dumping data for table `support_history`
--

LOCK TABLES `support_history` WRITE;
/*!40000 ALTER TABLE `support_history` DISABLE KEYS */;
/*!40000 ALTER TABLE `support_history` ENABLE KEYS */;
UNLOCK TABLES;

--
-- Table structure for table `support_messages`
--

DROP TABLE IF EXISTS `support_messages`;
/*!40101 SET @saved_cs_client     = @@character_set_client */;
/*!40101 SET character_set_client = utf8 */;
CREATE TABLE `support_messages` (
  `support_message_id` int(11) NOT NULL auto_increment,
  `support_id` int(11) NOT NULL default '0',
  `from_email` text,
  `date` int(11) NOT NULL default '0',
  `body` text,
  PRIMARY KEY  (`support_message_id`),
  KEY `idx_support_messages_support_id` (`support_id`)
) ENGINE=MyISAM AUTO_INCREMENT=101 DEFAULT CHARSET=utf8;
/*!40101 SET character_set_client = @saved_cs_client */;

--
-- Dumping data for table `support_messages`
--

LOCK TABLES `support_messages` WRITE;
/*!40000 ALTER TABLE `support_messages` DISABLE KEYS */;
INSERT INTO `support_messages` VALUES (100,100,NULL,0,NULL);
/*!40000 ALTER TABLE `support_messages` ENABLE KEYS */;
UNLOCK TABLES;

--
-- Table structure for table `support_status`
--

DROP TABLE IF EXISTS `support_status`;
/*!40101 SET @saved_cs_client     = @@character_set_client */;
/*!40101 SET character_set_client = utf8 */;
CREATE TABLE `support_status` (
  `support_status_id` int(11) NOT NULL auto_increment,
  `status_name` text,
  PRIMARY KEY  (`support_status_id`)
) ENGINE=MyISAM AUTO_INCREMENT=4 DEFAULT CHARSET=utf8;
/*!40101 SET character_set_client = @saved_cs_client */;

--
-- Dumping data for table `support_status`
--

LOCK TABLES `support_status` WRITE;
/*!40000 ALTER TABLE `support_status` DISABLE KEYS */;
INSERT INTO `support_status` VALUES (1,'Open'),(2,'Closed'),(3,'Deleted');
/*!40000 ALTER TABLE `support_status` ENABLE KEYS */;
UNLOCK TABLES;

--
-- Table structure for table `survey_question_types`
--

DROP TABLE IF EXISTS `survey_question_types`;
/*!40101 SET @saved_cs_client     = @@character_set_client */;
/*!40101 SET character_set_client = utf8 */;
CREATE TABLE `survey_question_types` (
  `id` int(11) NOT NULL auto_increment,
  `type` text NOT NULL,
  `rank` int(11) NOT NULL default '0',
  PRIMARY KEY  (`id`)
) ENGINE=MyISAM AUTO_INCREMENT=101 DEFAULT CHARSET=utf8;
/*!40101 SET character_set_client = @saved_cs_client */;

--
-- Dumping data for table `survey_question_types`
--

LOCK TABLES `survey_question_types` WRITE;
/*!40000 ALTER TABLE `survey_question_types` DISABLE KEYS */;
INSERT INTO `survey_question_types` VALUES (1,'radio_buttons_1_5',21),(2,'text_area',30),(3,'radio_buttons_yes_no',22),(4,'comment_only',10),(5,'text_field',31),(6,'radio_buttons',20),(7,'select_box',23),(100,'none',40);
/*!40000 ALTER TABLE `survey_question_types` ENABLE KEYS */;
UNLOCK TABLES;

--
-- Table structure for table `survey_questions`
--

DROP TABLE IF EXISTS `survey_questions`;
/*!40101 SET @saved_cs_client     = @@character_set_client */;
/*!40101 SET character_set_client = utf8 */;
CREATE TABLE `survey_questions` (
  `question_id` int(11) NOT NULL auto_increment,
  `group_id` int(11) NOT NULL default '0',
  `question` text NOT NULL,
  `question_type` int(11) NOT NULL default '0',
  PRIMARY KEY  (`question_id`),
  KEY `idx_survey_questions_group` (`group_id`)
) ENGINE=MyISAM DEFAULT CHARSET=utf8;
/*!40101 SET character_set_client = @saved_cs_client */;

--
-- Dumping data for table `survey_questions`
--

LOCK TABLES `survey_questions` WRITE;
/*!40000 ALTER TABLE `survey_questions` DISABLE KEYS */;
/*!40000 ALTER TABLE `survey_questions` ENABLE KEYS */;
UNLOCK TABLES;

--
-- Table structure for table `survey_radio_choices`
--

DROP TABLE IF EXISTS `survey_radio_choices`;
/*!40101 SET @saved_cs_client     = @@character_set_client */;
/*!40101 SET character_set_client = utf8 */;
CREATE TABLE `survey_radio_choices` (
  `choice_id` int(11) NOT NULL auto_increment,
  `question_id` int(11) NOT NULL default '0',
  `choice_rank` int(11) NOT NULL default '0',
  `radio_choice` text NOT NULL,
  PRIMARY KEY  (`choice_id`),
  KEY `idx_survey_radio_choices_question_id` (`question_id`)
) ENGINE=MyISAM DEFAULT CHARSET=utf8;
/*!40101 SET character_set_client = @saved_cs_client */;

--
-- Dumping data for table `survey_radio_choices`
--

LOCK TABLES `survey_radio_choices` WRITE;
/*!40000 ALTER TABLE `survey_radio_choices` DISABLE KEYS */;
/*!40000 ALTER TABLE `survey_radio_choices` ENABLE KEYS */;
UNLOCK TABLES;

--
-- Table structure for table `survey_rating_aggregate`
--

DROP TABLE IF EXISTS `survey_rating_aggregate`;
/*!40101 SET @saved_cs_client     = @@character_set_client */;
/*!40101 SET character_set_client = utf8 */;
CREATE TABLE `survey_rating_aggregate` (
  `type` int(11) NOT NULL,
  `id` int(11) NOT NULL,
  `response` float NOT NULL,
  `count` int(11) NOT NULL,
  KEY `idx_survey_rating_aggregate_type_id` (`type`,`id`)
) ENGINE=MyISAM DEFAULT CHARSET=utf8;
/*!40101 SET character_set_client = @saved_cs_client */;

--
-- Dumping data for table `survey_rating_aggregate`
--

LOCK TABLES `survey_rating_aggregate` WRITE;
/*!40000 ALTER TABLE `survey_rating_aggregate` DISABLE KEYS */;
/*!40000 ALTER TABLE `survey_rating_aggregate` ENABLE KEYS */;
UNLOCK TABLES;

--
-- Table structure for table `survey_rating_response`
--

DROP TABLE IF EXISTS `survey_rating_response`;
/*!40101 SET @saved_cs_client     = @@character_set_client */;
/*!40101 SET character_set_client = utf8 */;
CREATE TABLE `survey_rating_response` (
  `user_id` int(11) NOT NULL default '0',
  `type` int(11) NOT NULL default '0',
  `id` int(11) NOT NULL default '0',
  `response` int(11) NOT NULL default '0',
  `date` int(11) NOT NULL default '0',
  KEY `idx_survey_rating_responses_user_type_id` (`user_id`,`type`,`id`),
  KEY `idx_survey_rating_responses_type_id` (`type`,`id`)
) ENGINE=MyISAM DEFAULT CHARSET=utf8;
/*!40101 SET character_set_client = @saved_cs_client */;

--
-- Dumping data for table `survey_rating_response`
--

LOCK TABLES `survey_rating_response` WRITE;
/*!40000 ALTER TABLE `survey_rating_response` DISABLE KEYS */;
/*!40000 ALTER TABLE `survey_rating_response` ENABLE KEYS */;
UNLOCK TABLES;

--
-- Table structure for table `survey_responses`
--

DROP TABLE IF EXISTS `survey_responses`;
/*!40101 SET @saved_cs_client     = @@character_set_client */;
/*!40101 SET character_set_client = utf8 */;
CREATE TABLE `survey_responses` (
  `user_id` int(11) NOT NULL default '0',
  `group_id` int(11) NOT NULL default '0',
  `survey_id` int(11) NOT NULL default '0',
  `question_id` int(11) NOT NULL default '0',
  `response` text NOT NULL,
  `date` int(11) NOT NULL default '0',
  KEY `idx_survey_responses_user_survey` (`user_id`,`survey_id`),
  KEY `idx_survey_responses_user_survey_question` (`user_id`,`survey_id`,`question_id`),
  KEY `idx_survey_responses_survey_question` (`survey_id`,`question_id`),
  KEY `idx_survey_responses_group_id` (`group_id`)
) ENGINE=MyISAM DEFAULT CHARSET=utf8;
/*!40101 SET character_set_client = @saved_cs_client */;

--
-- Dumping data for table `survey_responses`
--

LOCK TABLES `survey_responses` WRITE;
/*!40000 ALTER TABLE `survey_responses` DISABLE KEYS */;
/*!40000 ALTER TABLE `survey_responses` ENABLE KEYS */;
UNLOCK TABLES;

--
-- Table structure for table `surveys`
--

DROP TABLE IF EXISTS `surveys`;
/*!40101 SET @saved_cs_client     = @@character_set_client */;
/*!40101 SET character_set_client = utf8 */;
CREATE TABLE `surveys` (
  `survey_id` int(11) NOT NULL auto_increment,
  `group_id` int(11) NOT NULL default '0',
  `survey_title` text NOT NULL,
  `survey_questions` text NOT NULL,
  `is_active` int(11) NOT NULL default '1',
  `is_anonymous` int(11) NOT NULL default '0',
  PRIMARY KEY  (`survey_id`),
  KEY `idx_surveys_group` (`group_id`)
) ENGINE=MyISAM AUTO_INCREMENT=2 DEFAULT CHARSET=utf8;
/*!40101 SET character_set_client = @saved_cs_client */;

--
-- Dumping data for table `surveys`
--

LOCK TABLES `surveys` WRITE;
/*!40000 ALTER TABLE `surveys` DISABLE KEYS */;
INSERT INTO `surveys` VALUES (1,1,'dev_survey_title_key','',0,0);
/*!40000 ALTER TABLE `surveys` ENABLE KEYS */;
UNLOCK TABLES;

--
-- Table structure for table `svn_checkins`
--

DROP TABLE IF EXISTS `svn_checkins`;
/*!40101 SET @saved_cs_client     = @@character_set_client */;
/*!40101 SET character_set_client = utf8 */;
CREATE TABLE `svn_checkins` (
  `id` int(11) NOT NULL auto_increment,
  `type` enum('Change','Add','Delete') default NULL,
  `commitid` int(11) NOT NULL default '0',
  `dirid` int(11) NOT NULL default '0',
  `fileid` int(11) NOT NULL default '0',
  `addedlines` int(11) NOT NULL default '999',
  `removedlines` int(11) NOT NULL default '999',
  PRIMARY KEY  (`id`),
  UNIQUE KEY `uniq_checkins_idx` (`commitid`,`dirid`,`fileid`),
  KEY `dirid` (`dirid`),
  KEY `fileid` (`fileid`)
) ENGINE=MyISAM DEFAULT CHARSET=utf8;
/*!40101 SET character_set_client = @saved_cs_client */;

--
-- Dumping data for table `svn_checkins`
--

LOCK TABLES `svn_checkins` WRITE;
/*!40000 ALTER TABLE `svn_checkins` DISABLE KEYS */;
/*!40000 ALTER TABLE `svn_checkins` ENABLE KEYS */;
UNLOCK TABLES;

--
-- Table structure for table `svn_commits`
--

DROP TABLE IF EXISTS `svn_commits`;
/*!40101 SET @saved_cs_client     = @@character_set_client */;
/*!40101 SET character_set_client = utf8 */;
CREATE TABLE `svn_commits` (
  `id` int(11) NOT NULL auto_increment,
  `group_id` int(11) NOT NULL default '0',
  `repositoryid` int(11) NOT NULL default '0',
  `revision` int(11) NOT NULL default '0',
  `date` int(11) NOT NULL default '0',
  `whoid` int(11) NOT NULL default '0',
  `description` text,
  PRIMARY KEY  (`id`),
  UNIQUE KEY `uniq_commits_idx` (`repositoryid`,`revision`),
  KEY `whoid` (`whoid`),
  KEY `revision` (`revision`),
  KEY `idx_search` (`group_id`,`whoid`,`id`),
  KEY `idx_repositoryid_date` (`repositoryid`,`date`),
  FULLTEXT KEY `description` (`description`)
) ENGINE=MyISAM DEFAULT CHARSET=utf8;
/*!40101 SET character_set_client = @saved_cs_client */;

--
-- Dumping data for table `svn_commits`
--

LOCK TABLES `svn_commits` WRITE;
/*!40000 ALTER TABLE `svn_commits` DISABLE KEYS */;
/*!40000 ALTER TABLE `svn_commits` ENABLE KEYS */;
UNLOCK TABLES;

--
-- Table structure for table `svn_dirs`
--

DROP TABLE IF EXISTS `svn_dirs`;
/*!40101 SET @saved_cs_client     = @@character_set_client */;
/*!40101 SET character_set_client = utf8 */;
CREATE TABLE `svn_dirs` (
  `id` int(11) NOT NULL auto_increment,
  `dir` varchar(255) character set utf8 collate utf8_bin NOT NULL default '',
  PRIMARY KEY  (`id`),
  UNIQUE KEY `uniq_dir_idx` (`dir`)
) ENGINE=MyISAM DEFAULT CHARSET=utf8;
/*!40101 SET character_set_client = @saved_cs_client */;

--
-- Dumping data for table `svn_dirs`
--

LOCK TABLES `svn_dirs` WRITE;
/*!40000 ALTER TABLE `svn_dirs` DISABLE KEYS */;
/*!40000 ALTER TABLE `svn_dirs` ENABLE KEYS */;
UNLOCK TABLES;

--
-- Table structure for table `svn_files`
--

DROP TABLE IF EXISTS `svn_files`;
/*!40101 SET @saved_cs_client     = @@character_set_client */;
/*!40101 SET character_set_client = utf8 */;
CREATE TABLE `svn_files` (
  `id` int(11) NOT NULL auto_increment,
  `file` varchar(255) character set utf8 collate utf8_bin NOT NULL default '',
  PRIMARY KEY  (`id`),
  UNIQUE KEY `uniq_file_idx` (`file`)
) ENGINE=MyISAM DEFAULT CHARSET=utf8;
/*!40101 SET character_set_client = @saved_cs_client */;

--
-- Dumping data for table `svn_files`
--

LOCK TABLES `svn_files` WRITE;
/*!40000 ALTER TABLE `svn_files` DISABLE KEYS */;
/*!40000 ALTER TABLE `svn_files` ENABLE KEYS */;
UNLOCK TABLES;

--
-- Table structure for table `svn_repositories`
--

DROP TABLE IF EXISTS `svn_repositories`;
/*!40101 SET @saved_cs_client     = @@character_set_client */;
/*!40101 SET character_set_client = utf8 */;
CREATE TABLE `svn_repositories` (
  `id` int(11) NOT NULL auto_increment,
  `repository` varchar(255) character set utf8 collate utf8_bin NOT NULL default '',
  PRIMARY KEY  (`id`),
  UNIQUE KEY `uniq_repository_idx` (`repository`)
) ENGINE=MyISAM DEFAULT CHARSET=utf8;
/*!40101 SET character_set_client = @saved_cs_client */;

--
-- Dumping data for table `svn_repositories`
--

LOCK TABLES `svn_repositories` WRITE;
/*!40000 ALTER TABLE `svn_repositories` DISABLE KEYS */;
/*!40000 ALTER TABLE `svn_repositories` ENABLE KEYS */;
UNLOCK TABLES;

--
-- Table structure for table `system_event`
--

DROP TABLE IF EXISTS `system_event`;
/*!40101 SET @saved_cs_client     = @@character_set_client */;
/*!40101 SET character_set_client = utf8 */;
CREATE TABLE `system_event` (
  `id` int(11) unsigned NOT NULL auto_increment,
  `type` varchar(255) NOT NULL default '',
  `parameters` text,
  `priority` tinyint(1) NOT NULL default '0',
  `status` enum('NEW','RUNNING','DONE','ERROR','WARNING') NOT NULL default 'NEW',
  `create_date` datetime NOT NULL default '0000-00-00 00:00:00',
  `process_date` datetime NOT NULL default '0000-00-00 00:00:00',
  `end_date` datetime NOT NULL default '0000-00-00 00:00:00',
  `log` text,
  PRIMARY KEY  (`id`)
) ENGINE=MyISAM AUTO_INCREMENT=278 DEFAULT CHARSET=utf8;
/*!40101 SET character_set_client = @saved_cs_client */;

--
-- Dumping data for table `system_event`
--

LOCK TABLES `system_event` WRITE;
/*!40000 ALTER TABLE `system_event` DISABLE KEYS */;
INSERT INTO `system_event` VALUES (1,'USER_CREATE','102',2,'DONE','2011-10-17 15:59:12','2011-10-17 16:00:01','2011-10-17 16:00:01','OK'),(2,'SYSTEM_CHECK','',3,'DONE','2011-10-17 16:00:01','2011-10-17 16:00:01','2011-10-17 16:00:02','OK'),(3,'SYSTEM_CHECK','',3,'DONE','2011-10-17 16:01:02','2011-10-17 16:01:08','2011-10-17 16:01:08','OK'),(4,'MEMBERSHIP_CREATE','1::102',2,'DONE','2011-10-17 16:13:39','2011-10-17 16:14:01','2011-10-17 16:14:01','OK'),(5,'PROJECT_CREATE','101',2,'DONE','2011-10-17 16:16:00','2011-10-17 16:16:01','2011-10-17 16:16:01','OK'),(6,'MAILING_LIST_CREATE','1',2,'DONE','2011-10-17 16:17:08','2011-10-17 16:18:01','2011-10-17 16:18:01','OK'),(7,'SYSTEM_CHECK','',3,'DONE','2011-10-17 16:30:01','2011-10-17 16:30:01','2011-10-17 16:30:01','OK'),(8,'SYSTEM_CHECK','',3,'DONE','2011-10-17 17:00:02','2011-10-17 17:00:02','2011-10-17 17:00:02','OK'),(9,'SYSTEM_CHECK','',3,'DONE','2011-10-17 17:30:01','2011-10-17 17:35:01','2011-10-17 17:35:01','OK'),(10,'SYSTEM_CHECK','',3,'DONE','2011-10-17 18:00:01','2011-10-17 18:00:02','2011-10-17 18:00:02','OK'),(11,'SYSTEM_CHECK','',3,'DONE','2011-10-17 18:30:01','2011-10-17 18:30:02','2011-10-17 18:30:02','OK'),(12,'SYSTEM_CHECK','',3,'DONE','2011-10-17 19:00:01','2011-10-17 19:00:01','2011-10-17 19:00:01','OK'),(13,'SYSTEM_CHECK','',3,'DONE','2011-10-17 19:30:01','2011-10-17 19:31:01','2011-10-17 19:31:01','OK'),(14,'SYSTEM_CHECK','',3,'DONE','2011-10-17 20:00:01','2011-10-17 20:00:01','2011-10-17 20:00:01','OK'),(15,'SYSTEM_CHECK','',3,'DONE','2011-10-17 20:30:01','2011-10-17 20:30:02','2011-10-17 20:30:02','OK'),(16,'SYSTEM_CHECK','',3,'DONE','2011-10-17 21:00:02','2011-10-17 21:01:01','2011-10-17 21:01:01','OK'),(17,'SYSTEM_CHECK','',3,'DONE','2011-10-17 21:30:01','2011-10-17 21:30:01','2011-10-17 21:30:01','OK'),(18,'SYSTEM_CHECK','',3,'DONE','2011-10-17 22:00:01','2011-10-17 22:00:01','2011-10-17 22:00:01','OK'),(19,'SYSTEM_CHECK','',3,'DONE','2011-10-17 22:30:01','2011-10-17 22:30:01','2011-10-17 22:30:01','OK'),(20,'SYSTEM_CHECK','',3,'DONE','2011-10-17 23:00:01','2011-10-17 23:00:02','2011-10-17 23:00:02','OK'),(21,'SYSTEM_CHECK','',3,'DONE','2011-10-17 23:30:01','2011-10-17 23:30:02','2011-10-17 23:30:02','OK'),(22,'SYSTEM_CHECK','',3,'DONE','2011-10-18 00:00:01','2011-10-18 00:00:01','2011-10-18 00:00:01','OK'),(23,'ROOT_DAILY','',2,'DONE','2011-10-18 00:10:01','2011-10-18 00:10:01','2011-10-18 00:10:01','OK'),(24,'SYSTEM_CHECK','',3,'DONE','2011-10-18 00:30:01','2011-10-18 00:30:02','2011-10-18 00:30:02','OK'),(25,'SYSTEM_CHECK','',3,'DONE','2011-10-18 01:00:01','2011-10-18 01:00:01','2011-10-18 01:00:01','OK'),(26,'SYSTEM_CHECK','',3,'DONE','2011-10-18 01:30:01','2011-10-18 01:30:01','2011-10-18 01:30:01','OK'),(27,'SYSTEM_CHECK','',3,'DONE','2011-10-18 02:00:01','2011-10-18 02:00:01','2011-10-18 02:00:02','OK'),(28,'SYSTEM_CHECK','',3,'DONE','2011-10-18 02:30:01','2011-10-18 02:30:02','2011-10-18 02:30:02','OK'),(29,'SYSTEM_CHECK','',3,'DONE','2011-10-18 03:00:02','2011-10-18 03:00:02','2011-10-18 03:00:02','OK'),(30,'SYSTEM_CHECK','',3,'DONE','2011-10-18 03:30:01','2011-10-18 03:30:01','2011-10-18 03:30:01','OK'),(31,'SYSTEM_CHECK','',3,'DONE','2011-10-18 04:00:01','2011-10-18 04:00:01','2011-10-18 04:00:01','OK'),(32,'SYSTEM_CHECK','',3,'DONE','2011-10-18 04:30:01','2011-10-18 04:30:02','2011-10-18 04:30:02','OK'),(33,'SYSTEM_CHECK','',3,'DONE','2011-10-18 05:00:01','2011-10-18 05:00:02','2011-10-18 05:00:02','OK'),(34,'SYSTEM_CHECK','',3,'DONE','2011-10-18 05:30:01','2011-10-18 05:30:01','2011-10-18 05:30:01','OK'),(35,'SYSTEM_CHECK','',3,'DONE','2011-10-18 06:00:01','2011-10-18 06:00:01','2011-10-18 06:00:01','OK'),(36,'SYSTEM_CHECK','',3,'DONE','2011-10-18 06:30:01','2011-10-18 06:30:01','2011-10-18 06:30:01','OK'),(37,'SYSTEM_CHECK','',3,'DONE','2011-10-18 07:00:01','2011-10-18 07:01:01','2011-10-18 07:01:01','OK'),(38,'SYSTEM_CHECK','',3,'DONE','2011-10-18 07:30:01','2011-10-18 07:30:02','2011-10-18 07:30:02','OK'),(39,'SYSTEM_CHECK','',3,'DONE','2011-10-18 08:00:01','2011-10-18 08:00:01','2011-10-18 08:00:01','OK'),(40,'SYSTEM_CHECK','',3,'DONE','2011-10-18 08:30:01','2011-10-18 08:30:01','2011-10-18 08:30:01','OK'),(41,'SYSTEM_CHECK','',3,'DONE','2011-10-18 09:00:01','2011-10-18 09:00:01','2011-10-18 09:00:01','OK'),(42,'SYSTEM_CHECK','',3,'DONE','2011-10-18 09:30:01','2011-10-18 09:30:01','2011-10-18 09:30:02','OK'),(43,'SYSTEM_CHECK','',3,'DONE','2011-10-18 10:00:01','2011-10-18 10:01:01','2011-10-18 10:01:01','OK'),(44,'SYSTEM_CHECK','',3,'DONE','2011-10-18 10:30:01','2011-10-18 10:30:01','2011-10-18 10:30:01','OK'),(45,'UGROUP_MODIFY','101::101',2,'DONE','2011-10-18 10:51:01','2011-10-18 10:52:01','2011-10-18 10:52:01','OK'),(46,'SYSTEM_CHECK','',3,'DONE','2011-10-18 11:00:01','2011-10-18 11:00:01','2011-10-18 11:00:01','OK'),(47,'SYSTEM_CHECK','',3,'DONE','2011-10-18 11:30:01','2011-10-18 11:30:02','2011-10-18 11:30:02','OK'),(48,'SYSTEM_CHECK','',3,'DONE','2011-10-18 12:00:01','2011-10-18 12:01:01','2011-10-18 12:01:01','OK'),(49,'SYSTEM_CHECK','',3,'DONE','2011-10-18 12:30:01','2011-10-18 12:30:01','2011-10-18 12:30:01','OK'),(50,'SYSTEM_CHECK','',3,'DONE','2011-10-18 13:00:01','2011-10-18 13:00:01','2011-10-18 13:00:01','OK'),(51,'SYSTEM_CHECK','',3,'DONE','2011-10-18 13:30:01','2011-10-18 13:31:01','2011-10-18 13:31:02','OK'),(52,'SYSTEM_CHECK','',3,'DONE','2011-10-18 14:00:01','2011-10-18 14:00:01','2011-10-18 14:00:02','OK'),(53,'SYSTEM_CHECK','',3,'DONE','2011-10-18 14:30:01','2011-10-18 14:30:01','2011-10-18 14:30:01','OK'),(54,'SYSTEM_CHECK','',3,'DONE','2011-10-18 15:00:01','2011-10-18 15:00:01','2011-10-18 15:00:01','OK'),(55,'SYSTEM_CHECK','',3,'DONE','2011-10-18 15:30:01','2011-10-18 15:30:01','2011-10-18 15:30:01','OK'),(56,'SYSTEM_CHECK','',3,'DONE','2011-10-18 16:00:01','2011-10-18 16:01:02','2011-10-18 16:01:02','OK'),(57,'SYSTEM_CHECK','',3,'DONE','2011-10-18 16:30:01','2011-10-18 16:30:02','2011-10-18 16:30:02','OK'),(58,'SYSTEM_CHECK','',3,'DONE','2011-10-18 17:00:01','2011-10-18 17:00:02','2011-10-18 17:00:02','OK'),(59,'SYSTEM_CHECK','',3,'DONE','2011-10-18 17:30:02','2011-10-18 17:30:02','2011-10-18 17:30:02','OK'),(60,'SYSTEM_CHECK','',3,'DONE','2011-10-18 18:00:01','2011-10-18 18:00:01','2011-10-18 18:00:01','OK'),(61,'SYSTEM_CHECK','',3,'DONE','2011-10-18 18:30:01','2011-10-18 18:30:01','2011-10-18 18:30:01','OK'),(62,'SYSTEM_CHECK','',3,'DONE','2011-10-18 19:00:01','2011-10-18 19:00:01','2011-10-18 19:00:01','OK'),(63,'SYSTEM_CHECK','',3,'DONE','2011-10-18 19:30:01','2011-10-18 19:30:02','2011-10-18 19:30:02','OK'),(64,'SYSTEM_CHECK','',3,'DONE','2011-10-18 20:00:01','2011-10-18 20:00:02','2011-10-18 20:00:02','OK'),(65,'SYSTEM_CHECK','',3,'DONE','2011-10-18 20:30:01','2011-10-18 20:30:01','2011-10-18 20:30:01','OK'),(66,'SYSTEM_CHECK','',3,'DONE','2011-10-18 21:00:01','2011-10-18 21:00:01','2011-10-18 21:00:01','OK'),(67,'SYSTEM_CHECK','',3,'DONE','2011-10-18 21:30:01','2011-10-18 21:30:01','2011-10-18 21:30:01','OK'),(68,'SYSTEM_CHECK','',3,'DONE','2011-10-18 22:00:01','2011-10-18 22:01:02','2011-10-18 22:01:02','OK'),(69,'SYSTEM_CHECK','',3,'DONE','2011-10-18 22:30:01','2011-10-18 22:30:01','2011-10-18 22:30:02','OK'),(70,'SYSTEM_CHECK','',3,'DONE','2011-10-18 23:00:01','2011-10-18 23:00:02','2011-10-18 23:00:02','OK'),(71,'SYSTEM_CHECK','',3,'DONE','2011-10-18 23:30:02','2011-10-18 23:30:02','2011-10-18 23:30:02','OK'),(72,'SYSTEM_CHECK','',3,'DONE','2011-10-19 00:00:01','2011-10-19 00:00:01','2011-10-19 00:00:02','OK'),(73,'ROOT_DAILY','',2,'DONE','2011-10-19 00:10:01','2011-10-19 00:10:01','2011-10-19 00:10:01','OK'),(74,'SYSTEM_CHECK','',3,'DONE','2011-10-19 00:30:01','2011-10-19 00:30:01','2011-10-19 00:30:01','OK'),(75,'SYSTEM_CHECK','',3,'DONE','2011-10-19 01:00:01','2011-10-19 01:00:01','2011-10-19 01:00:01','OK'),(76,'SYSTEM_CHECK','',3,'DONE','2011-10-19 01:30:01','2011-10-19 01:31:01','2011-10-19 01:31:01','OK'),(77,'SYSTEM_CHECK','',3,'DONE','2011-10-19 02:00:01','2011-10-19 02:00:01','2011-10-19 02:00:01','OK'),(78,'SYSTEM_CHECK','',3,'DONE','2011-10-19 02:30:01','2011-10-19 02:30:02','2011-10-19 02:30:02','OK'),(79,'SYSTEM_CHECK','',3,'DONE','2011-10-19 03:00:01','2011-10-19 03:01:01','2011-10-19 03:01:01','OK'),(80,'SYSTEM_CHECK','',3,'DONE','2011-10-19 03:30:01','2011-10-19 03:30:01','2011-10-19 03:30:01','OK'),(81,'SYSTEM_CHECK','',3,'DONE','2011-10-19 04:00:01','2011-10-19 04:00:01','2011-10-19 04:00:02','OK'),(82,'SYSTEM_CHECK','',3,'DONE','2011-10-19 04:30:01','2011-10-19 04:30:02','2011-10-19 04:30:02','OK'),(83,'SYSTEM_CHECK','',3,'DONE','2011-10-19 05:00:01','2011-10-19 05:00:01','2011-10-19 05:00:01','OK'),(84,'SYSTEM_CHECK','',3,'DONE','2011-10-19 05:30:01','2011-10-19 05:30:01','2011-10-19 05:30:01','OK'),(85,'SYSTEM_CHECK','',3,'DONE','2011-10-19 06:00:01','2011-10-19 06:00:01','2011-10-19 06:00:02','OK'),(86,'SYSTEM_CHECK','',3,'DONE','2011-10-19 06:30:02','2011-10-19 06:30:02','2011-10-19 06:30:02','OK'),(87,'SYSTEM_CHECK','',3,'DONE','2011-10-19 07:00:01','2011-10-19 07:00:01','2011-10-19 07:00:01','OK'),(88,'SYSTEM_CHECK','',3,'DONE','2011-10-19 07:30:01','2011-10-19 07:30:01','2011-10-19 07:30:01','OK'),(89,'SYSTEM_CHECK','',3,'DONE','2011-10-19 08:00:01','2011-10-19 08:00:02','2011-10-19 08:00:02','OK'),(90,'SYSTEM_CHECK','',3,'DONE','2011-10-19 08:30:01','2011-10-19 08:30:01','2011-10-19 08:30:01','OK'),(91,'SYSTEM_CHECK','',3,'DONE','2011-10-19 09:00:01','2011-10-19 09:00:01','2011-10-19 09:00:01','OK'),(92,'SYSTEM_CHECK','',3,'DONE','2011-10-19 09:30:02','2011-10-19 09:31:01','2011-10-19 09:31:01','OK'),(93,'SYSTEM_CHECK','',3,'DONE','2011-10-19 10:00:01','2011-10-19 10:00:01','2011-10-19 10:00:01','OK'),(94,'SYSTEM_CHECK','',3,'DONE','2011-10-19 10:30:01','2011-10-19 10:30:01','2011-10-19 10:30:01','OK'),(95,'SYSTEM_CHECK','',3,'DONE','2011-10-19 11:00:01','2011-10-19 11:00:02','2011-10-19 11:00:02','OK'),(96,'SYSTEM_CHECK','',3,'DONE','2011-10-19 11:30:01','2011-10-19 11:30:01','2011-10-19 11:30:01','OK'),(97,'SYSTEM_CHECK','',3,'DONE','2011-10-19 12:00:01','2011-10-19 12:00:01','2011-10-19 12:00:01','OK'),(98,'SYSTEM_CHECK','',3,'DONE','2011-10-19 12:30:01','2011-10-19 12:30:01','2011-10-19 12:30:02','OK'),(99,'SYSTEM_CHECK','',3,'DONE','2011-10-19 13:00:01','2011-10-19 13:00:02','2011-10-19 13:00:02','OK'),(100,'SYSTEM_CHECK','',3,'DONE','2011-10-19 13:30:01','2011-10-19 13:30:01','2011-10-19 13:30:01','OK'),(101,'SYSTEM_CHECK','',3,'DONE','2011-10-19 14:00:01','2011-10-19 14:01:01','2011-10-19 14:01:01','OK'),(102,'SYSTEM_CHECK','',3,'DONE','2011-10-19 14:30:01','2011-10-19 14:30:01','2011-10-19 14:30:02','OK'),(103,'SYSTEM_CHECK','',3,'DONE','2011-10-19 15:00:02','2011-10-19 15:00:02','2011-10-19 15:00:02','OK'),(104,'SYSTEM_CHECK','',3,'DONE','2011-10-19 15:30:01','2011-10-19 15:31:01','2011-10-19 15:31:01','OK'),(105,'SYSTEM_CHECK','',3,'DONE','2011-10-19 16:00:01','2011-10-19 16:01:01','2011-10-19 16:01:01','OK'),(106,'SYSTEM_CHECK','',3,'DONE','2011-10-19 16:30:01','2011-10-19 16:30:01','2011-10-19 16:30:02','OK'),(107,'SYSTEM_CHECK','',3,'DONE','2011-10-19 17:00:01','2011-10-19 17:00:02','2011-10-19 17:00:02','OK'),(108,'SYSTEM_CHECK','',3,'DONE','2011-10-19 17:30:01','2011-10-19 17:30:01','2011-10-19 17:30:01','OK'),(109,'SYSTEM_CHECK','',3,'DONE','2011-10-19 18:00:01','2011-10-19 18:00:01','2011-10-19 18:00:01','OK'),(110,'SYSTEM_CHECK','',3,'DONE','2011-10-19 18:30:01','2011-10-19 18:30:02','2011-10-19 18:30:02','OK'),(111,'SYSTEM_CHECK','',3,'DONE','2011-10-19 19:00:01','2011-10-19 19:00:01','2011-10-19 19:00:01','OK'),(112,'SYSTEM_CHECK','',3,'DONE','2011-10-19 19:30:01','2011-10-19 19:30:01','2011-10-19 19:30:01','OK'),(113,'SYSTEM_CHECK','',3,'DONE','2011-10-19 20:00:01','2011-10-19 20:00:01','2011-10-19 20:00:01','OK'),(114,'SYSTEM_CHECK','',3,'DONE','2011-10-19 20:30:01','2011-10-19 20:30:02','2011-10-19 20:30:02','OK'),(115,'SYSTEM_CHECK','',3,'DONE','2011-10-19 21:00:01','2011-10-19 21:00:01','2011-10-19 21:00:01','OK'),(116,'SYSTEM_CHECK','',3,'DONE','2011-10-19 21:30:01','2011-10-19 21:30:01','2011-10-19 21:30:01','OK'),(117,'SYSTEM_CHECK','',3,'DONE','2011-10-19 22:00:01','2011-10-19 22:01:02','2011-10-19 22:01:02','OK'),(118,'SYSTEM_CHECK','',3,'DONE','2011-10-19 22:30:01','2011-10-19 22:31:01','2011-10-19 22:31:01','OK'),(119,'SYSTEM_CHECK','',3,'DONE','2011-10-19 23:00:01','2011-10-19 23:00:01','2011-10-19 23:00:01','OK'),(120,'SYSTEM_CHECK','',3,'DONE','2011-10-19 23:30:01','2011-10-19 23:30:01','2011-10-19 23:30:01','OK'),(121,'SYSTEM_CHECK','',3,'DONE','2011-10-20 00:00:01','2011-10-20 00:00:02','2011-10-20 00:00:02','OK'),(122,'ROOT_DAILY','',2,'DONE','2011-10-20 00:10:01','2011-10-20 00:10:01','2011-10-20 00:10:01','OK'),(123,'SYSTEM_CHECK','',3,'DONE','2011-10-20 00:30:01','2011-10-20 00:30:01','2011-10-20 00:30:01','OK'),(124,'SYSTEM_CHECK','',3,'DONE','2011-10-20 01:00:01','2011-10-20 01:00:01','2011-10-20 01:00:01','OK'),(125,'SYSTEM_CHECK','',3,'DONE','2011-10-20 01:30:01','2011-10-20 01:31:01','2011-10-20 01:31:01','OK'),(126,'SYSTEM_CHECK','',3,'DONE','2011-10-20 02:00:01','2011-10-20 02:00:01','2011-10-20 02:00:01','OK'),(127,'SYSTEM_CHECK','',3,'DONE','2011-10-20 02:30:01','2011-10-20 02:30:02','2011-10-20 02:30:02','OK'),(128,'SYSTEM_CHECK','',3,'DONE','2011-10-20 03:00:01','2011-10-20 03:00:02','2011-10-20 03:00:02','OK'),(129,'SYSTEM_CHECK','',3,'DONE','2011-10-20 03:30:01','2011-10-20 03:31:01','2011-10-20 03:31:01','OK'),(130,'SYSTEM_CHECK','',3,'DONE','2011-10-20 04:00:01','2011-10-20 04:01:01','2011-10-20 04:01:01','OK'),(131,'SYSTEM_CHECK','',3,'DONE','2011-10-20 04:30:01','2011-10-20 04:30:02','2011-10-20 04:30:02','OK'),(132,'SYSTEM_CHECK','',3,'DONE','2011-10-20 05:00:01','2011-10-20 05:00:01','2011-10-20 05:00:01','OK'),(133,'SYSTEM_CHECK','',3,'DONE','2011-10-20 05:30:01','2011-10-20 05:30:01','2011-10-20 05:30:01','OK'),(134,'SYSTEM_CHECK','',3,'DONE','2011-10-20 06:00:01','2011-10-20 06:00:01','2011-10-20 06:00:01','OK'),(135,'SYSTEM_CHECK','',3,'DONE','2011-10-20 06:30:01','2011-10-20 06:30:02','2011-10-20 06:30:02','OK'),(136,'SYSTEM_CHECK','',3,'DONE','2011-10-20 07:00:01','2011-10-20 07:00:01','2011-10-20 07:00:01','OK'),(137,'SYSTEM_CHECK','',3,'DONE','2011-10-20 07:30:01','2011-10-20 07:30:01','2011-10-20 07:30:01','OK'),(138,'SYSTEM_CHECK','',3,'DONE','2011-10-20 08:00:01','2011-10-20 08:01:01','2011-10-20 08:01:01','OK'),(139,'SYSTEM_CHECK','',3,'DONE','2011-10-20 08:30:01','2011-10-20 08:30:01','2011-10-20 08:30:01','OK'),(140,'SYSTEM_CHECK','',3,'DONE','2011-10-20 09:00:01','2011-10-20 09:00:01','2011-10-20 09:00:01','OK'),(141,'SYSTEM_CHECK','',3,'DONE','2011-10-20 09:30:01','2011-10-20 09:30:01','2011-10-20 09:30:02','OK'),(142,'SYSTEM_CHECK','',3,'DONE','2011-10-20 10:00:01','2011-10-20 10:01:01','2011-10-20 10:01:01','OK'),(143,'SYSTEM_CHECK','',3,'DONE','2011-10-20 10:30:01','2011-10-20 10:30:01','2011-10-20 10:30:01','OK'),(144,'SYSTEM_CHECK','',3,'DONE','2011-10-20 11:00:01','2011-10-20 11:00:01','2011-10-20 11:00:01','OK'),(145,'SYSTEM_CHECK','',3,'DONE','2011-10-20 11:30:01','2011-10-20 11:30:02','2011-10-20 11:30:02','OK'),(146,'SYSTEM_CHECK','',3,'DONE','2011-10-20 12:00:01','2011-10-20 12:01:01','2011-10-20 12:01:01','OK'),(147,'SYSTEM_CHECK','',3,'DONE','2011-10-20 12:30:01','2011-10-20 12:30:01','2011-10-20 12:30:01','OK'),(148,'SYSTEM_CHECK','',3,'DONE','2011-10-20 13:00:01','2011-10-20 13:00:02','2011-10-20 13:00:02','OK'),(149,'SYSTEM_CHECK','',3,'DONE','2011-10-20 13:30:01','2011-10-20 13:30:01','2011-10-20 13:30:01','OK'),(150,'SYSTEM_CHECK','',3,'DONE','2011-10-20 14:00:01','2011-10-20 14:00:01','2011-10-20 14:00:01','OK'),(151,'SYSTEM_CHECK','',3,'DONE','2011-10-20 14:30:01','2011-10-20 14:31:01','2011-10-20 14:31:01','OK'),(152,'SYSTEM_CHECK','',3,'DONE','2011-10-20 15:00:01','2011-10-20 15:01:01','2011-10-20 15:01:01','OK'),(153,'SYSTEM_CHECK','',3,'DONE','2011-10-20 15:30:01','2011-10-20 15:30:01','2011-10-20 15:30:01','OK'),(154,'SYSTEM_CHECK','',3,'DONE','2011-10-20 16:00:01','2011-10-20 16:00:01','2011-10-20 16:00:01','OK'),(155,'SYSTEM_CHECK','',3,'DONE','2011-10-20 16:30:01','2011-10-20 16:30:01','2011-10-20 16:30:01','OK'),(156,'SYSTEM_CHECK','',3,'DONE','2011-10-20 17:00:01','2011-10-20 17:00:02','2011-10-20 17:00:02','OK'),(157,'SYSTEM_CHECK','',3,'DONE','2011-10-20 17:30:01','2011-10-20 17:31:01','2011-10-20 17:31:01','OK'),(158,'SYSTEM_CHECK','',3,'DONE','2011-10-20 18:00:01','2011-10-20 18:00:02','2011-10-20 18:00:02','OK'),(159,'SYSTEM_CHECK','',3,'DONE','2011-10-20 18:30:01','2011-10-20 18:30:01','2011-10-20 18:30:01','OK'),(160,'SYSTEM_CHECK','',3,'DONE','2011-10-20 19:00:01','2011-10-20 19:00:01','2011-10-20 19:00:01','OK'),(161,'SYSTEM_CHECK','',3,'DONE','2011-10-20 19:30:01','2011-10-20 19:30:01','2011-10-20 19:30:01','OK'),(162,'SYSTEM_CHECK','',3,'DONE','2011-10-20 20:00:01','2011-10-20 20:00:01','2011-10-20 20:00:01','OK'),(163,'SYSTEM_CHECK','',3,'DONE','2011-10-20 20:30:01','2011-10-20 20:31:02','2011-10-20 20:31:02','OK'),(164,'SYSTEM_CHECK','',3,'DONE','2011-10-20 21:00:01','2011-10-20 21:01:02','2011-10-20 21:01:02','OK'),(165,'SYSTEM_CHECK','',3,'DONE','2011-10-20 21:30:01','2011-10-20 21:30:02','2011-10-20 21:30:02','OK'),(166,'SYSTEM_CHECK','',3,'DONE','2011-10-20 22:00:01','2011-10-20 22:00:02','2011-10-20 22:00:02','OK'),(167,'SYSTEM_CHECK','',3,'DONE','2011-10-20 22:30:01','2011-10-20 22:30:02','2011-10-20 22:30:02','OK'),(168,'SYSTEM_CHECK','',3,'DONE','2011-10-20 23:00:02','2011-10-20 23:00:02','2011-10-20 23:00:02','OK'),(169,'SYSTEM_CHECK','',3,'DONE','2011-10-20 23:30:01','2011-10-20 23:30:01','2011-10-20 23:30:01','OK'),(170,'SYSTEM_CHECK','',3,'DONE','2011-10-21 00:00:01','2011-10-21 00:00:01','2011-10-21 00:00:01','OK'),(171,'ROOT_DAILY','',2,'DONE','2011-10-21 00:10:01','2011-10-21 00:10:01','2011-10-21 00:10:01','OK'),(172,'SYSTEM_CHECK','',3,'DONE','2011-10-21 00:30:01','2011-10-21 00:30:02','2011-10-21 00:30:02','OK'),(173,'SYSTEM_CHECK','',3,'DONE','2011-10-21 01:00:01','2011-10-21 01:00:01','2011-10-21 01:00:02','OK'),(174,'SYSTEM_CHECK','',3,'DONE','2011-10-21 01:30:01','2011-10-21 01:30:02','2011-10-21 01:30:02','OK'),(175,'SYSTEM_CHECK','',3,'DONE','2011-10-21 02:00:01','2011-10-21 02:00:01','2011-10-21 02:00:01','OK'),(176,'SYSTEM_CHECK','',3,'DONE','2011-10-21 02:30:01','2011-10-21 02:30:01','2011-10-21 02:30:01','OK'),(177,'SYSTEM_CHECK','',3,'DONE','2011-10-21 03:00:01','2011-10-21 03:00:01','2011-10-21 03:00:01','OK'),(178,'SYSTEM_CHECK','',3,'DONE','2011-10-21 03:30:01','2011-10-21 03:30:02','2011-10-21 03:30:02','OK'),(179,'SYSTEM_CHECK','',3,'DONE','2011-10-21 04:00:01','2011-10-21 04:00:01','2011-10-21 04:00:01','OK'),(180,'SYSTEM_CHECK','',3,'DONE','2011-10-21 04:30:01','2011-10-21 04:30:01','2011-10-21 04:30:01','OK'),(181,'SYSTEM_CHECK','',3,'DONE','2011-10-21 05:00:01','2011-10-21 05:00:01','2011-10-21 05:00:02','OK'),(182,'SYSTEM_CHECK','',3,'DONE','2011-10-21 05:30:01','2011-10-21 05:31:01','2011-10-21 05:31:01','OK'),(183,'SYSTEM_CHECK','',3,'DONE','2011-10-21 06:00:01','2011-10-21 06:00:01','2011-10-21 06:00:01','OK'),(184,'SYSTEM_CHECK','',3,'DONE','2011-10-21 06:30:01','2011-10-21 06:30:01','2011-10-21 06:30:01','OK'),(185,'SYSTEM_CHECK','',3,'DONE','2011-10-21 07:00:01','2011-10-21 07:00:01','2011-10-21 07:00:01','OK'),(186,'SYSTEM_CHECK','',3,'DONE','2011-10-21 07:30:01','2011-10-21 07:30:02','2011-10-21 07:30:02','OK'),(187,'SYSTEM_CHECK','',3,'DONE','2011-10-21 08:00:01','2011-10-21 08:00:01','2011-10-21 08:00:01','OK'),(188,'SYSTEM_CHECK','',3,'DONE','2011-10-21 08:30:01','2011-10-21 08:30:01','2011-10-21 08:30:01','OK'),(189,'SYSTEM_CHECK','',3,'DONE','2011-10-21 09:00:01','2011-10-21 09:00:02','2011-10-21 09:00:02','OK'),(190,'SERVICE_USAGE_SWITCH','1::cvs::1',2,'ERROR','2011-10-21 09:27:57','2011-10-21 09:28:01','2011-10-21 09:28:02','Could not create CVS repo for project 1 after service activation'),(191,'SYSTEM_CHECK','',3,'DONE','2011-10-21 09:30:01','2011-10-21 09:30:01','2011-10-21 09:30:01','OK'),(192,'MAILING_LIST_CREATE','2',2,'DONE','2011-10-21 14:06:22','2011-12-20 04:58:02','2011-12-20 04:58:03','OK'),(193,'MAILING_LIST_CREATE','3',2,'DONE','2011-10-21 17:05:53','2011-12-20 04:58:03','2011-12-20 04:58:03','OK'),(194,'MAILING_LIST_CREATE','4',2,'DONE','2011-10-21 17:05:59','2011-12-20 04:58:03','2011-12-20 04:58:03','OK'),(195,'MAILING_LIST_CREATE','5',2,'DONE','2011-10-21 17:08:49','2011-12-20 04:58:03','2011-12-20 04:58:04','OK'),(196,'USER_CREATE','103',2,'DONE','2011-12-20 03:26:50','2011-12-20 04:58:04','2011-12-20 04:58:04','OK'),(197,'MEMBERSHIP_CREATE','101::103',2,'DONE','2011-12-20 03:27:52','2011-12-20 04:58:04','2011-12-20 04:58:04','OK'),(198,'SERVICE_USAGE_SWITCH','100::git::1',2,'DONE','2011-12-20 03:32:01','2011-12-20 04:58:04','2011-12-20 04:58:04','OK'),(199,'SERVICE_USAGE_SWITCH','101::git::1',2,'DONE','2011-12-20 03:35:56','2011-12-20 04:58:04','2011-12-20 04:58:04','OK'),(200,'GIT_REPO_CREATE','101::hej::103',2,'DONE','2011-12-20 04:40:43','2011-12-20 04:58:04','2011-12-20 04:58:04','OK'),(201,'GIT_REPO_CREATE','101::hej::103',2,'ERROR','2011-12-20 04:58:07','2011-12-20 04:59:02','2011-12-20 04:59:02','GitBackendException : Repository already exists'),(202,'GIT_REPO_CREATE','101::hoooola::103',2,'DONE','2011-12-20 04:58:16','2011-12-20 04:59:02','2011-12-20 04:59:02','OK'),(203,'SYSTEM_CHECK','',3,'DONE','2011-12-20 05:00:02','2011-12-20 05:00:03','2011-12-20 05:00:06','OK'),(204,'SYSTEM_CHECK','',3,'DONE','2011-12-20 05:30:01','2011-12-20 05:30:02','2011-12-20 05:30:05','OK'),(205,'SYSTEM_CHECK','',3,'DONE','2011-12-20 06:00:02','2011-12-20 06:00:03','2011-12-20 06:00:06','OK'),(206,'SYSTEM_CHECK','',3,'DONE','2011-12-20 06:30:01','2011-12-20 06:30:02','2011-12-20 06:30:05','OK'),(207,'SYSTEM_CHECK','',3,'DONE','2011-12-20 08:00:02','2011-12-20 08:01:02','2011-12-20 08:01:04','OK'),(208,'SYSTEM_CHECK','',3,'DONE','2011-12-20 08:30:01','2011-12-20 08:30:03','2011-12-20 08:30:06','OK'),(209,'SYSTEM_CHECK','',3,'DONE','2011-12-20 09:00:01','2011-12-20 09:00:03','2011-12-20 09:00:06','OK'),(210,'SYSTEM_CHECK','',3,'DONE','2011-12-20 09:30:01','2011-12-20 09:30:03','2011-12-20 09:30:05','OK'),(211,'SYSTEM_CHECK','',3,'DONE','2011-12-20 10:00:01','2011-12-20 10:00:03','2011-12-20 10:00:05','OK'),(212,'SYSTEM_CHECK','',3,'DONE','2011-12-20 10:30:01','2011-12-20 10:31:02','2011-12-20 10:31:04','OK'),(213,'SYSTEM_CHECK','',3,'DONE','2011-12-20 11:00:01','2011-12-20 11:01:02','2011-12-20 11:01:04','OK'),(214,'SYSTEM_CHECK','',3,'DONE','2011-12-21 12:00:01','2011-12-21 12:01:02','2011-12-21 12:01:05','OK'),(215,'SYSTEM_CHECK','',3,'DONE','2011-12-21 12:30:02','2011-12-21 12:31:02','2011-12-21 12:31:05','OK'),(216,'SYSTEM_CHECK','',3,'DONE','2011-12-21 14:00:01','2011-12-21 14:00:03','2011-12-21 14:00:06','OK'),(217,'SYSTEM_CHECK','',3,'DONE','2011-12-21 14:30:02','2011-12-21 14:30:03','2011-12-21 14:30:07','OK'),(218,'SYSTEM_CHECK','',3,'DONE','2011-12-21 15:00:01','2011-12-21 15:00:03','2011-12-21 15:00:06','OK'),(219,'SYSTEM_CHECK','',3,'DONE','2011-12-21 15:30:01','2011-12-21 15:30:03','2011-12-21 15:30:06','OK'),(220,'SYSTEM_CHECK','',3,'DONE','2011-12-21 16:00:02','2011-12-21 16:00:03','2011-12-21 16:00:07','OK'),(221,'SYSTEM_CHECK','',3,'DONE','2011-12-21 16:30:01','2011-12-21 16:30:03','2011-12-21 16:30:06','OK'),(222,'SYSTEM_CHECK','',3,'DONE','2011-12-21 17:00:01','2011-12-21 17:01:02','2011-12-21 17:01:05','OK'),(223,'SYSTEM_CHECK','',3,'DONE','2011-12-21 17:30:01','2011-12-21 17:30:03','2011-12-21 17:30:06','OK'),(224,'SYSTEM_CHECK','',3,'DONE','2011-12-21 18:00:01','2011-12-21 18:00:03','2011-12-21 18:00:06','OK'),(225,'SYSTEM_CHECK','',3,'DONE','2011-12-21 18:30:01','2011-12-21 18:30:03','2011-12-21 18:30:06','OK'),(226,'SYSTEM_CHECK','',3,'DONE','2011-12-21 19:00:01','2011-12-21 19:01:02','2011-12-21 19:01:05','OK'),(227,'SYSTEM_CHECK','',3,'DONE','2011-12-21 19:30:01','2011-12-21 19:30:03','2011-12-21 19:30:07','OK'),(228,'SYSTEM_CHECK','',3,'DONE','2011-12-21 20:00:01','2011-12-21 20:00:03','2011-12-21 20:00:06','OK'),(229,'SYSTEM_CHECK','',3,'DONE','2011-12-21 20:30:38','2011-12-21 20:30:40','2011-12-21 20:30:44','OK'),(230,'SYSTEM_CHECK','',3,'DONE','2011-12-21 21:00:01','2011-12-21 21:00:03','2011-12-21 21:00:06','OK'),(231,'SYSTEM_CHECK','',3,'DONE','2011-12-21 21:30:01','2011-12-21 21:30:03','2011-12-21 21:30:06','OK'),(232,'SYSTEM_CHECK','',3,'DONE','2011-12-21 22:00:01','2011-12-21 22:00:03','2011-12-21 22:00:07','OK'),(233,'SYSTEM_CHECK','',3,'DONE','2011-12-21 22:30:01','2011-12-21 22:30:03','2011-12-21 22:30:07','OK'),(234,'SYSTEM_CHECK','',3,'DONE','2011-12-21 23:00:02','2011-12-21 23:00:04','2011-12-21 23:00:08','OK'),(235,'SYSTEM_CHECK','',3,'DONE','2011-12-21 23:30:01','2011-12-21 23:30:03','2011-12-21 23:30:07','OK'),(236,'SYSTEM_CHECK','',3,'DONE','2011-12-22 00:00:02','2011-12-22 00:00:04','2011-12-22 00:00:08','OK'),(237,'ROOT_DAILY','',2,'DONE','2011-12-22 00:10:01','2011-12-22 00:10:03','2011-12-22 00:10:03','OK'),(238,'SYSTEM_CHECK','',3,'DONE','2011-12-22 00:30:01','2011-12-22 00:31:02','2011-12-22 00:31:06','OK'),(239,'SYSTEM_CHECK','',3,'DONE','2011-12-22 01:00:02','2011-12-22 01:00:04','2011-12-22 01:00:07','OK'),(240,'SYSTEM_CHECK','',3,'DONE','2011-12-22 01:30:01','2011-12-22 01:30:26','2011-12-22 01:30:29','OK'),(241,'SYSTEM_CHECK','',3,'DONE','2011-12-22 02:00:01','2011-12-22 02:00:03','2011-12-22 02:00:06','OK'),(242,'SYSTEM_CHECK','',3,'DONE','2011-12-22 02:30:01','2011-12-22 02:30:03','2011-12-22 02:30:06','OK'),(243,'SYSTEM_CHECK','',3,'DONE','2011-12-22 03:00:01','2011-12-22 03:00:03','2011-12-22 03:00:06','OK'),(244,'SYSTEM_CHECK','',3,'DONE','2011-12-22 03:30:01','2011-12-22 03:30:03','2011-12-22 03:30:07','OK'),(245,'SYSTEM_CHECK','',3,'DONE','2011-12-22 04:00:01','2011-12-22 04:00:03','2011-12-22 04:00:07','OK'),(246,'SYSTEM_CHECK','',3,'DONE','2011-12-22 04:30:01','2011-12-22 04:30:03','2011-12-22 04:30:06','OK'),(247,'SYSTEM_CHECK','',3,'DONE','2011-12-22 05:00:01','2011-12-22 05:01:02','2011-12-22 05:01:05','OK'),(248,'SYSTEM_CHECK','',3,'DONE','2011-12-22 05:30:01','2011-12-22 05:30:03','2011-12-22 05:30:07','OK'),(249,'SYSTEM_CHECK','',3,'DONE','2011-12-22 06:00:01','2011-12-22 06:00:03','2011-12-22 06:00:06','OK'),(250,'SYSTEM_CHECK','',3,'DONE','2011-12-22 06:30:01','2011-12-22 06:31:02','2011-12-22 06:31:05','OK'),(251,'SYSTEM_CHECK','',3,'DONE','2011-12-22 07:00:01','2011-12-22 07:00:03','2011-12-22 07:00:06','OK'),(252,'SYSTEM_CHECK','',3,'DONE','2011-12-22 07:30:01','2011-12-22 07:30:03','2011-12-22 07:30:07','OK'),(253,'SYSTEM_CHECK','',3,'DONE','2011-12-22 08:00:01','2011-12-22 08:00:03','2011-12-22 08:00:06','OK'),(254,'SYSTEM_CHECK','',3,'DONE','2011-12-22 08:30:01','2011-12-22 08:30:04','2011-12-22 08:30:07','OK'),(255,'SYSTEM_CHECK','',3,'DONE','2011-12-22 09:00:02','2011-12-22 09:00:04','2011-12-22 09:00:07','OK'),(256,'SYSTEM_CHECK','',3,'DONE','2011-12-22 09:30:01','2011-12-22 09:30:03','2011-12-22 09:30:06','OK'),(257,'SYSTEM_CHECK','',3,'DONE','2011-12-22 10:00:02','2011-12-22 10:01:02','2011-12-22 10:01:06','OK'),(258,'SYSTEM_CHECK','',3,'DONE','2011-12-22 10:30:01','2011-12-22 10:31:02','2011-12-22 10:31:05','OK'),(259,'SYSTEM_CHECK','',3,'DONE','2011-12-22 11:00:01','2011-12-22 11:00:03','2011-12-22 11:00:06','OK'),(260,'SYSTEM_CHECK','',3,'DONE','2011-12-22 11:30:01','2011-12-22 11:30:03','2011-12-22 11:30:06','OK'),(261,'SYSTEM_CHECK','',3,'DONE','2011-12-22 12:00:01','2011-12-22 12:00:03','2011-12-22 12:00:06','OK'),(262,'SYSTEM_CHECK','',3,'DONE','2011-12-22 12:30:01','2011-12-22 12:31:02','2011-12-22 12:31:05','OK'),(263,'SYSTEM_CHECK','',3,'DONE','2011-12-22 13:00:01','2011-12-22 13:01:02','2011-12-22 13:01:05','OK'),(264,'SYSTEM_CHECK','',3,'DONE','2011-12-22 13:30:01','2011-12-22 13:30:02','2011-12-22 13:30:06','OK'),(265,'SYSTEM_CHECK','',3,'DONE','2011-12-22 14:00:01','2011-12-22 14:00:03','2011-12-22 14:00:06','OK'),(266,'SYSTEM_CHECK','',3,'DONE','2011-12-22 14:30:01','2011-12-22 14:30:03','2011-12-22 14:30:06','OK'),(267,'SYSTEM_CHECK','',3,'DONE','2011-12-22 15:00:02','2011-12-22 15:00:03','2011-12-22 15:00:07','OK'),(268,'SYSTEM_CHECK','',3,'DONE','2011-12-22 15:30:01','2011-12-22 15:30:03','2011-12-22 15:30:07','OK'),(269,'SYSTEM_CHECK','',3,'DONE','2011-12-22 16:00:01','2011-12-22 16:00:03','2011-12-22 16:00:06','OK'),(270,'SERVICE_USAGE_SWITCH','101::plugin_tracker::1',2,'DONE','2011-12-22 16:23:45','2011-12-22 16:24:02','2011-12-22 16:24:03','OK'),(271,'SYSTEM_CHECK','',3,'DONE','2011-12-22 16:30:01','2011-12-22 16:31:02','2011-12-22 16:31:06','OK'),(272,'USER_CREATE','104',2,'NEW','2012-01-16 15:04:25','0000-00-00 00:00:00','0000-00-00 00:00:00',NULL),(273,'MEMBERSHIP_CREATE','101::104',2,'NEW','2012-01-16 15:05:11','0000-00-00 00:00:00','0000-00-00 00:00:00',NULL),(274,'USER_CREATE','105',2,'NEW','2012-01-31 17:37:21','0000-00-00 00:00:00','0000-00-00 00:00:00',NULL),(275,'USER_CREATE','106',2,'NEW','2012-01-31 17:37:24','0000-00-00 00:00:00','0000-00-00 00:00:00',NULL),(276,'PROJECT_CREATE','102',2,'NEW','2012-01-31 17:40:47','0000-00-00 00:00:00','0000-00-00 00:00:00',NULL),(277,'MEMBERSHIP_CREATE','102::105',2,'NEW','2012-01-31 18:44:39','0000-00-00 00:00:00','0000-00-00 00:00:00',NULL);
/*!40000 ALTER TABLE `system_event` ENABLE KEYS */;
UNLOCK TABLES;

--
-- Table structure for table `system_events_followers`
--

DROP TABLE IF EXISTS `system_events_followers`;
/*!40101 SET @saved_cs_client     = @@character_set_client */;
/*!40101 SET character_set_client = utf8 */;
CREATE TABLE `system_events_followers` (
  `id` int(11) unsigned NOT NULL auto_increment,
  `emails` text NOT NULL,
  `types` varchar(31) NOT NULL,
  PRIMARY KEY  (`id`)
) ENGINE=MyISAM AUTO_INCREMENT=2 DEFAULT CHARSET=utf8;
/*!40101 SET character_set_client = @saved_cs_client */;

--
-- Dumping data for table `system_events_followers`
--

LOCK TABLES `system_events_followers` WRITE;
/*!40000 ALTER TABLE `system_events_followers` DISABLE KEYS */;
INSERT INTO `system_events_followers` VALUES (1,'admin','WARNING,ERROR');
/*!40000 ALTER TABLE `system_events_followers` ENABLE KEYS */;
UNLOCK TABLES;

--
-- Table structure for table `tmp_projs_releases_tmp`
--

DROP TABLE IF EXISTS `tmp_projs_releases_tmp`;
/*!40101 SET @saved_cs_client     = @@character_set_client */;
/*!40101 SET character_set_client = utf8 */;
CREATE TABLE `tmp_projs_releases_tmp` (
  `year` int(11) NOT NULL default '0',
  `month` int(11) NOT NULL default '0',
  `total_proj` int(11) NOT NULL default '0',
  `total_releases` int(11) NOT NULL default '0'
) ENGINE=MyISAM DEFAULT CHARSET=utf8;
/*!40101 SET character_set_client = @saved_cs_client */;

--
-- Dumping data for table `tmp_projs_releases_tmp`
--

LOCK TABLES `tmp_projs_releases_tmp` WRITE;
/*!40000 ALTER TABLE `tmp_projs_releases_tmp` DISABLE KEYS */;
/*!40000 ALTER TABLE `tmp_projs_releases_tmp` ENABLE KEYS */;
UNLOCK TABLES;

--
-- Table structure for table `top_group`
--

DROP TABLE IF EXISTS `top_group`;
/*!40101 SET @saved_cs_client     = @@character_set_client */;
/*!40101 SET character_set_client = utf8 */;
CREATE TABLE `top_group` (
  `group_id` int(11) NOT NULL default '0',
  `group_name` varchar(40) default NULL,
  `downloads_all` int(11) NOT NULL default '0',
  `rank_downloads_all` int(11) NOT NULL default '0',
  `rank_downloads_all_old` int(11) NOT NULL default '0',
  `downloads_week` int(11) NOT NULL default '0',
  `rank_downloads_week` int(11) NOT NULL default '0',
  `rank_downloads_week_old` int(11) NOT NULL default '0',
  `userrank` int(11) NOT NULL default '0',
  `rank_userrank` int(11) NOT NULL default '0',
  `rank_userrank_old` int(11) NOT NULL default '0',
  `forumposts_week` int(11) NOT NULL default '0',
  `rank_forumposts_week` int(11) NOT NULL default '0',
  `rank_forumposts_week_old` int(11) NOT NULL default '0',
  `pageviews_proj` int(11) NOT NULL default '0',
  `rank_pageviews_proj` int(11) NOT NULL default '0',
  `rank_pageviews_proj_old` int(11) NOT NULL default '0',
  KEY `rank_downloads_all_idx` (`rank_downloads_all`),
  KEY `rank_downloads_week_idx` (`rank_downloads_week`),
  KEY `rank_userrank_idx` (`rank_userrank`),
  KEY `rank_forumposts_week_idx` (`rank_forumposts_week`),
  KEY `pageviews_proj_idx` (`pageviews_proj`)
) ENGINE=MyISAM DEFAULT CHARSET=utf8;
/*!40101 SET character_set_client = @saved_cs_client */;

--
-- Dumping data for table `top_group`
--

LOCK TABLES `top_group` WRITE;
/*!40000 ALTER TABLE `top_group` DISABLE KEYS */;
INSERT INTO `top_group` VALUES (2,NULL,0,0,0,0,0,0,0,0,0,0,0,0,0,0,0),(3,NULL,0,0,0,0,0,0,0,0,0,0,0,0,0,0,0),(4,NULL,0,0,0,0,0,0,0,0,0,0,0,0,0,0,0),(5,NULL,0,0,0,0,0,0,0,0,0,0,0,0,0,0,0),(6,NULL,0,0,0,0,0,0,0,0,0,0,0,0,0,0,0),(7,NULL,0,0,0,0,0,0,0,0,0,0,0,0,0,0,0),(8,NULL,0,0,0,0,0,0,0,0,0,0,0,0,0,0,0),(9,NULL,0,0,0,0,0,0,0,0,0,0,0,0,0,0,0),(10,NULL,0,0,0,0,0,0,0,0,0,0,0,0,0,0,0),(11,NULL,0,0,0,0,0,0,0,0,0,0,0,0,0,0,0),(12,NULL,0,0,0,0,0,0,0,0,0,0,0,0,0,0,0),(13,NULL,0,0,0,0,0,0,0,0,0,0,0,0,0,0,0),(14,NULL,0,0,0,0,0,0,0,0,0,0,0,0,0,0,0),(15,NULL,0,0,0,0,0,0,0,0,0,0,0,0,0,0,0),(16,NULL,0,0,0,0,0,0,0,0,0,0,0,0,0,0,0),(17,NULL,0,0,0,0,0,0,0,0,0,0,0,0,0,0,0),(18,NULL,0,0,0,0,0,0,0,0,0,0,0,0,0,0,0),(19,NULL,0,0,0,0,0,0,0,0,0,0,0,0,0,0,0),(20,NULL,0,0,0,0,0,0,0,0,0,0,0,0,0,0,0),(21,NULL,0,0,0,0,0,0,0,0,0,0,0,0,0,0,0),(22,NULL,0,0,0,0,0,0,0,0,0,0,0,0,0,0,0),(23,NULL,0,0,0,0,0,0,0,0,0,0,0,0,0,0,0),(24,NULL,0,0,0,0,0,0,0,0,0,0,0,0,0,0,0),(25,NULL,0,0,0,0,0,0,0,0,0,0,0,0,0,0,0),(26,NULL,0,0,0,0,0,0,0,0,0,0,0,0,0,0,0),(27,NULL,0,0,0,0,0,0,0,0,0,0,0,0,0,0,0),(28,NULL,0,0,0,0,0,0,0,0,0,0,0,0,0,0,0),(29,NULL,0,0,0,0,0,0,0,0,0,0,0,0,0,0,0),(30,NULL,0,0,0,0,0,0,0,0,0,0,0,0,0,0,0),(31,NULL,0,0,0,0,0,0,0,0,0,0,0,0,0,0,0),(32,NULL,0,0,0,0,0,0,0,0,0,0,0,0,0,0,0),(33,NULL,0,0,0,0,0,0,0,0,0,0,0,0,0,0,0),(34,NULL,0,0,0,0,0,0,0,0,0,0,0,0,0,0,0),(35,NULL,0,0,0,0,0,0,0,0,0,0,0,0,0,0,0),(36,NULL,0,0,0,0,0,0,0,0,0,0,0,0,0,0,0),(37,NULL,0,0,0,0,0,0,0,0,0,0,0,0,0,0,0),(38,NULL,0,0,0,0,0,0,0,0,0,0,0,0,0,0,0),(39,NULL,0,0,0,0,0,0,0,0,0,0,0,0,0,0,0),(40,NULL,0,0,0,0,0,0,0,0,0,0,0,0,0,0,0),(41,NULL,0,0,0,0,0,0,0,0,0,0,0,0,0,0,0),(42,NULL,0,0,0,0,0,0,0,0,0,0,0,0,0,0,0),(43,NULL,0,0,0,0,0,0,0,0,0,0,0,0,0,0,0),(44,NULL,0,0,0,0,0,0,0,0,0,0,0,0,0,0,0),(45,NULL,0,0,0,0,0,0,0,0,0,0,0,0,0,0,0),(46,NULL,0,4,2,0,0,0,0,0,0,0,0,0,0,0,0),(47,NULL,0,0,0,0,0,0,0,0,0,0,0,0,0,0,0),(48,NULL,0,0,0,0,0,0,0,0,0,0,0,0,0,0,0),(49,NULL,0,0,0,0,0,0,0,0,0,0,0,0,0,0,0),(50,NULL,0,0,0,0,0,0,0,0,0,0,0,0,0,0,0),(51,NULL,0,0,0,0,0,0,0,0,0,0,0,0,0,0,0),(52,NULL,0,0,0,0,0,0,0,0,0,0,0,0,0,0,0),(53,NULL,0,0,0,0,0,0,0,0,0,0,0,0,0,0,0),(54,NULL,0,0,0,0,0,0,0,0,0,0,0,0,0,0,0),(55,NULL,0,0,0,0,0,0,0,0,0,0,0,0,0,0,0),(56,NULL,0,0,0,0,0,0,0,0,0,0,0,0,0,0,0),(57,NULL,0,0,0,0,0,0,0,0,0,0,0,0,0,0,0),(58,NULL,0,0,0,0,0,0,0,0,0,0,0,0,0,0,0),(59,NULL,0,0,0,0,0,0,0,0,0,0,0,0,0,0,0),(60,NULL,0,0,0,0,0,0,0,0,0,0,0,0,0,0,0),(61,NULL,0,0,0,0,0,0,0,0,0,0,0,0,0,0,0),(62,NULL,0,0,0,0,0,0,0,0,0,0,0,0,0,0,0),(63,NULL,0,0,0,0,0,0,0,0,0,0,0,0,0,0,0),(64,NULL,0,0,0,0,0,0,0,0,0,0,0,0,0,0,0),(65,NULL,0,0,0,0,0,0,0,0,0,0,0,0,0,0,0),(66,NULL,0,0,0,0,0,0,0,0,0,0,0,0,0,0,0),(67,NULL,0,0,0,0,0,0,0,0,0,0,0,0,0,0,0),(68,NULL,0,0,0,0,0,0,0,0,0,0,0,0,0,0,0),(69,NULL,0,0,0,0,0,0,0,0,0,0,0,0,0,0,0),(70,NULL,0,0,0,0,0,0,0,0,0,0,0,0,0,0,0),(71,NULL,0,0,0,0,0,0,0,0,0,0,0,0,0,0,0),(72,NULL,0,0,0,0,0,0,0,0,0,0,0,0,0,0,0),(73,NULL,0,0,0,0,0,0,0,0,0,0,0,0,0,0,0),(74,NULL,0,0,0,0,0,0,0,0,0,0,0,0,0,0,0),(75,NULL,0,0,0,0,0,0,0,0,0,0,0,0,0,0,0),(76,NULL,0,0,0,0,0,0,0,0,0,0,0,0,0,0,0),(77,NULL,0,0,0,0,0,0,0,0,0,0,0,0,0,0,0),(78,NULL,0,0,0,0,0,0,0,0,0,0,0,0,0,0,0),(79,NULL,0,0,0,0,0,0,0,0,0,0,0,0,0,0,0),(80,NULL,0,0,0,0,0,0,0,0,0,0,0,0,0,0,0),(81,NULL,0,0,0,0,0,0,0,0,0,0,0,0,0,0,0),(82,NULL,0,0,0,0,0,0,0,0,0,0,0,0,0,0,0),(83,NULL,0,0,0,0,0,0,0,0,0,0,0,0,0,0,0),(84,NULL,0,0,0,0,0,0,0,0,0,0,0,0,0,0,0),(85,NULL,0,0,0,0,0,0,0,0,0,0,0,0,0,0,0),(86,NULL,0,0,0,0,0,0,0,0,0,0,0,0,0,0,0),(87,NULL,0,0,0,0,0,0,0,0,0,0,0,0,0,0,0),(88,NULL,0,0,0,0,0,0,0,0,0,0,0,0,0,0,0),(89,NULL,0,0,0,0,0,0,0,0,0,0,0,0,0,0,0),(90,NULL,0,0,0,0,0,0,0,0,0,0,0,0,0,0,0),(91,NULL,0,0,0,0,0,0,0,0,0,0,0,0,0,0,0),(92,NULL,0,0,0,0,0,0,0,0,0,0,0,0,0,0,0),(93,NULL,0,0,0,0,0,0,0,0,0,0,0,0,0,0,0),(94,NULL,0,0,0,0,0,0,0,0,0,0,0,0,0,0,0),(95,NULL,0,0,0,0,0,0,0,0,0,0,0,0,0,0,0),(96,NULL,0,0,0,0,0,0,0,0,0,0,0,0,0,0,0),(97,NULL,0,0,0,0,0,0,0,0,0,0,0,0,0,0,0),(98,NULL,0,0,0,0,0,0,0,0,0,0,0,0,0,0,0),(99,NULL,0,1,3,0,0,0,0,0,0,0,0,0,0,0,0),(100,NULL,0,0,0,0,0,0,0,0,0,0,0,0,0,0,0),(1,'Codendi Administration Project',0,3,1,0,0,0,0,0,0,0,0,0,0,0,0);
/*!40000 ALTER TABLE `top_group` ENABLE KEYS */;
UNLOCK TABLES;

--
-- Table structure for table `tracker`
--

DROP TABLE IF EXISTS `tracker`;
/*!40101 SET @saved_cs_client     = @@character_set_client */;
/*!40101 SET character_set_client = utf8 */;
CREATE TABLE `tracker` (
  `id` int(11) NOT NULL auto_increment,
  `group_id` int(11) NOT NULL,
  `name` text,
  `description` text,
  `item_name` text,
  `allow_copy` int(11) NOT NULL default '0',
  `submit_instructions` text,
  `browse_instructions` text,
  `status` char(1) NOT NULL default 'A',
  `deletion_date` int(11) default NULL,
  `instantiate_for_new_projects` int(11) NOT NULL default '0',
  `stop_notification` int(11) NOT NULL default '0',
  PRIMARY KEY  (`id`),
  KEY `idx_fk_group_id` (`group_id`)
) ENGINE=MyISAM AUTO_INCREMENT=111 DEFAULT CHARSET=utf8;
/*!40101 SET character_set_client = @saved_cs_client */;

--
-- Dumping data for table `tracker`
--

LOCK TABLES `tracker` WRITE;
/*!40000 ALTER TABLE `tracker` DISABLE KEYS */;
INSERT INTO `tracker` VALUES (105,101,'Bugs','bugss e','bugss',0,'','','',NULL,0,0),(110,101,'Shared Field Tracker','shared fields','shared',0,'','','',NULL,0,0);
/*!40000 ALTER TABLE `tracker` ENABLE KEYS */;
UNLOCK TABLES;

--
-- Table structure for table `tracker_artifact`
--

DROP TABLE IF EXISTS `tracker_artifact`;
/*!40101 SET @saved_cs_client     = @@character_set_client */;
/*!40101 SET character_set_client = utf8 */;
CREATE TABLE `tracker_artifact` (
  `id` int(11) NOT NULL auto_increment,
  `tracker_id` int(11) NOT NULL,
  `last_changeset_id` int(11) NOT NULL,
  `submitted_by` int(11) NOT NULL,
  `submitted_on` int(11) NOT NULL,
  `use_artifact_permissions` tinyint(1) NOT NULL default '0',
  PRIMARY KEY  (`id`),
  KEY `idx_tracker_id` (`tracker_id`),
  KEY `idx_my` (`submitted_by`,`tracker_id`,`last_changeset_id`)
) ENGINE=MyISAM AUTO_INCREMENT=5 DEFAULT CHARSET=utf8;
/*!40101 SET character_set_client = @saved_cs_client */;

--
-- Dumping data for table `tracker_artifact`
--

LOCK TABLES `tracker_artifact` WRITE;
/*!40000 ALTER TABLE `tracker_artifact` DISABLE KEYS */;
INSERT INTO `tracker_artifact` VALUES (2,105,3,103,1324570412,0),(3,105,4,104,1326878357,0),(4,105,5,104,1326878583,0);
/*!40000 ALTER TABLE `tracker_artifact` ENABLE KEYS */;
UNLOCK TABLES;

--
-- Table structure for table `tracker_canned_response`
--

DROP TABLE IF EXISTS `tracker_canned_response`;
/*!40101 SET @saved_cs_client     = @@character_set_client */;
/*!40101 SET character_set_client = utf8 */;
CREATE TABLE `tracker_canned_response` (
  `id` int(11) unsigned NOT NULL auto_increment,
  `tracker_id` int(11) NOT NULL,
  `title` text NOT NULL,
  `body` text NOT NULL,
  PRIMARY KEY  (`id`),
  KEY `tracker_id_idx` (`tracker_id`)
) ENGINE=MyISAM DEFAULT CHARSET=utf8;
/*!40101 SET character_set_client = @saved_cs_client */;

--
-- Dumping data for table `tracker_canned_response`
--

LOCK TABLES `tracker_canned_response` WRITE;
/*!40000 ALTER TABLE `tracker_canned_response` DISABLE KEYS */;
/*!40000 ALTER TABLE `tracker_canned_response` ENABLE KEYS */;
UNLOCK TABLES;

--
-- Table structure for table `tracker_changeset`
--

DROP TABLE IF EXISTS `tracker_changeset`;
/*!40101 SET @saved_cs_client     = @@character_set_client */;
/*!40101 SET character_set_client = utf8 */;
CREATE TABLE `tracker_changeset` (
  `id` int(11) NOT NULL auto_increment,
  `artifact_id` int(11) NOT NULL,
  `submitted_by` int(11) default NULL,
  `submitted_on` int(11) NOT NULL,
  `email` varchar(255) default NULL,
  PRIMARY KEY  (`id`),
  KEY `artifact_idx` (`artifact_id`)
) ENGINE=MyISAM AUTO_INCREMENT=6 DEFAULT CHARSET=utf8;
/*!40101 SET character_set_client = @saved_cs_client */;

--
-- Dumping data for table `tracker_changeset`
--

LOCK TABLES `tracker_changeset` WRITE;
/*!40000 ALTER TABLE `tracker_changeset` DISABLE KEYS */;
INSERT INTO `tracker_changeset` VALUES (1,2,103,1324570412,NULL),(2,2,103,1324570551,NULL),(3,2,103,1324570719,NULL),(4,3,104,1326878357,NULL),(5,4,104,1326878583,NULL);
/*!40000 ALTER TABLE `tracker_changeset` ENABLE KEYS */;
UNLOCK TABLES;

--
-- Table structure for table `tracker_changeset_comment`
--

DROP TABLE IF EXISTS `tracker_changeset_comment`;
/*!40101 SET @saved_cs_client     = @@character_set_client */;
/*!40101 SET character_set_client = utf8 */;
CREATE TABLE `tracker_changeset_comment` (
  `id` int(11) NOT NULL auto_increment,
  `changeset_id` int(11) NOT NULL,
  `comment_type_id` int(11) default NULL,
  `canned_response_id` int(11) default NULL,
  `parent_id` int(11) default NULL,
  `submitted_by` int(11) default NULL,
  `submitted_on` int(11) NOT NULL,
  `body` text NOT NULL,
  `old_artifact_history_id` int(11) default NULL,
  PRIMARY KEY  (`id`),
  KEY `changeset_idx` (`changeset_id`)
) ENGINE=MyISAM AUTO_INCREMENT=3 DEFAULT CHARSET=utf8;
/*!40101 SET character_set_client = @saved_cs_client */;

--
-- Dumping data for table `tracker_changeset_comment`
--

LOCK TABLES `tracker_changeset_comment` WRITE;
/*!40000 ALTER TABLE `tracker_changeset_comment` DISABLE KEYS */;
INSERT INTO `tracker_changeset_comment` VALUES (1,2,NULL,NULL,0,103,1324570551,'',NULL),(2,3,NULL,NULL,0,103,1324570719,'',NULL);
/*!40000 ALTER TABLE `tracker_changeset_comment` ENABLE KEYS */;
UNLOCK TABLES;

--
-- Table structure for table `tracker_changeset_value`
--

DROP TABLE IF EXISTS `tracker_changeset_value`;
/*!40101 SET @saved_cs_client     = @@character_set_client */;
/*!40101 SET character_set_client = utf8 */;
CREATE TABLE `tracker_changeset_value` (
  `id` int(11) NOT NULL auto_increment,
  `changeset_id` int(11) NOT NULL,
  `field_id` int(11) NOT NULL,
  `has_changed` tinyint(1) NOT NULL,
  PRIMARY KEY  (`id`),
  KEY `value_idx` (`changeset_id`,`field_id`),
  KEY `field_idx` (`field_id`)
) ENGINE=MyISAM AUTO_INCREMENT=47 DEFAULT CHARSET=utf8;
/*!40101 SET character_set_client = @saved_cs_client */;

--
-- Dumping data for table `tracker_changeset_value`
--

LOCK TABLES `tracker_changeset_value` WRITE;
/*!40000 ALTER TABLE `tracker_changeset_value` DISABLE KEYS */;
INSERT INTO `tracker_changeset_value` VALUES (1,1,108,1),(2,1,111,1),(3,1,113,1),(4,1,118,1),(5,1,121,1),(6,1,123,1),(7,1,125,1),(8,1,109,1),(9,2,108,0),(10,2,111,0),(11,2,113,0),(12,2,118,1),(13,2,121,0),(14,2,123,1),(15,2,125,0),(16,2,109,0),(17,3,108,0),(18,3,111,0),(19,3,113,0),(20,3,118,1),(21,3,121,0),(22,3,123,1),(23,3,125,0),(24,3,109,0),(25,3,134,1),(26,3,135,1),(27,4,108,1),(28,4,111,1),(29,4,113,1),(30,4,118,1),(31,4,121,1),(32,4,123,1),(33,4,125,1),(34,4,135,1),(35,4,134,1),(36,4,109,1),(37,5,108,1),(38,5,111,1),(39,5,113,1),(40,5,118,1),(41,5,121,1),(42,5,123,1),(43,5,125,1),(44,5,135,1),(45,5,134,1),(46,5,109,1);
/*!40000 ALTER TABLE `tracker_changeset_value` ENABLE KEYS */;
UNLOCK TABLES;

--
-- Table structure for table `tracker_changeset_value_artifactlink`
--

DROP TABLE IF EXISTS `tracker_changeset_value_artifactlink`;
/*!40101 SET @saved_cs_client     = @@character_set_client */;
/*!40101 SET character_set_client = utf8 */;
CREATE TABLE `tracker_changeset_value_artifactlink` (
  `changeset_value_id` int(11) NOT NULL,
  `artifact_id` int(11) NOT NULL,
  `keyword` varchar(32) NOT NULL,
  `group_id` int(11) NOT NULL,
  PRIMARY KEY  (`changeset_value_id`,`artifact_id`)
) ENGINE=MyISAM DEFAULT CHARSET=utf8;
/*!40101 SET character_set_client = @saved_cs_client */;

--
-- Dumping data for table `tracker_changeset_value_artifactlink`
--

LOCK TABLES `tracker_changeset_value_artifactlink` WRITE;
/*!40000 ALTER TABLE `tracker_changeset_value_artifactlink` DISABLE KEYS */;
/*!40000 ALTER TABLE `tracker_changeset_value_artifactlink` ENABLE KEYS */;
UNLOCK TABLES;

--
-- Table structure for table `tracker_changeset_value_date`
--

DROP TABLE IF EXISTS `tracker_changeset_value_date`;
/*!40101 SET @saved_cs_client     = @@character_set_client */;
/*!40101 SET character_set_client = utf8 */;
CREATE TABLE `tracker_changeset_value_date` (
  `changeset_value_id` int(11) NOT NULL,
  `value` int(11) default NULL,
  PRIMARY KEY  (`changeset_value_id`)
) ENGINE=MyISAM AUTO_INCREMENT=101 DEFAULT CHARSET=utf8;
/*!40101 SET character_set_client = @saved_cs_client */;

--
-- Dumping data for table `tracker_changeset_value_date`
--

LOCK TABLES `tracker_changeset_value_date` WRITE;
/*!40000 ALTER TABLE `tracker_changeset_value_date` DISABLE KEYS */;
INSERT INTO `tracker_changeset_value_date` VALUES (25,NULL),(26,NULL),(34,NULL),(35,NULL),(44,NULL),(45,NULL);
/*!40000 ALTER TABLE `tracker_changeset_value_date` ENABLE KEYS */;
UNLOCK TABLES;

--
-- Table structure for table `tracker_changeset_value_file`
--

DROP TABLE IF EXISTS `tracker_changeset_value_file`;
/*!40101 SET @saved_cs_client     = @@character_set_client */;
/*!40101 SET character_set_client = utf8 */;
CREATE TABLE `tracker_changeset_value_file` (
  `changeset_value_id` int(11) NOT NULL,
  `fileinfo_id` int(11) NOT NULL,
  PRIMARY KEY  (`changeset_value_id`,`fileinfo_id`)
) ENGINE=MyISAM AUTO_INCREMENT=101 DEFAULT CHARSET=utf8;
/*!40101 SET character_set_client = @saved_cs_client */;

--
-- Dumping data for table `tracker_changeset_value_file`
--

LOCK TABLES `tracker_changeset_value_file` WRITE;
/*!40000 ALTER TABLE `tracker_changeset_value_file` DISABLE KEYS */;
/*!40000 ALTER TABLE `tracker_changeset_value_file` ENABLE KEYS */;
UNLOCK TABLES;

--
-- Table structure for table `tracker_changeset_value_float`
--

DROP TABLE IF EXISTS `tracker_changeset_value_float`;
/*!40101 SET @saved_cs_client     = @@character_set_client */;
/*!40101 SET character_set_client = utf8 */;
CREATE TABLE `tracker_changeset_value_float` (
  `changeset_value_id` int(11) NOT NULL,
  `value` float(10,4) default NULL,
  PRIMARY KEY  (`changeset_value_id`)
) ENGINE=MyISAM AUTO_INCREMENT=101 DEFAULT CHARSET=utf8;
/*!40101 SET character_set_client = @saved_cs_client */;

--
-- Dumping data for table `tracker_changeset_value_float`
--

LOCK TABLES `tracker_changeset_value_float` WRITE;
/*!40000 ALTER TABLE `tracker_changeset_value_float` DISABLE KEYS */;
/*!40000 ALTER TABLE `tracker_changeset_value_float` ENABLE KEYS */;
UNLOCK TABLES;

--
-- Table structure for table `tracker_changeset_value_int`
--

DROP TABLE IF EXISTS `tracker_changeset_value_int`;
/*!40101 SET @saved_cs_client     = @@character_set_client */;
/*!40101 SET character_set_client = utf8 */;
CREATE TABLE `tracker_changeset_value_int` (
  `changeset_value_id` int(11) NOT NULL,
  `value` int(11) default NULL,
  PRIMARY KEY  (`changeset_value_id`)
) ENGINE=MyISAM AUTO_INCREMENT=101 DEFAULT CHARSET=utf8;
/*!40101 SET character_set_client = @saved_cs_client */;

--
-- Dumping data for table `tracker_changeset_value_int`
--

LOCK TABLES `tracker_changeset_value_int` WRITE;
/*!40000 ALTER TABLE `tracker_changeset_value_int` DISABLE KEYS */;
/*!40000 ALTER TABLE `tracker_changeset_value_int` ENABLE KEYS */;
UNLOCK TABLES;

--
-- Table structure for table `tracker_changeset_value_list`
--

DROP TABLE IF EXISTS `tracker_changeset_value_list`;
/*!40101 SET @saved_cs_client     = @@character_set_client */;
/*!40101 SET character_set_client = utf8 */;
CREATE TABLE `tracker_changeset_value_list` (
  `changeset_value_id` int(11) NOT NULL,
  `bindvalue_id` int(11) NOT NULL,
  PRIMARY KEY  (`changeset_value_id`,`bindvalue_id`)
) ENGINE=MyISAM AUTO_INCREMENT=101 DEFAULT CHARSET=utf8;
/*!40101 SET character_set_client = @saved_cs_client */;

--
-- Dumping data for table `tracker_changeset_value_list`
--

LOCK TABLES `tracker_changeset_value_list` WRITE;
/*!40000 ALTER TABLE `tracker_changeset_value_list` DISABLE KEYS */;
INSERT INTO `tracker_changeset_value_list` VALUES (2,100),(3,100),(4,110),(5,100),(6,100),(10,100),(11,100),(12,112),(13,100),(14,100),(18,100),(19,100),(20,114),(21,100),(22,100),(28,100),(29,100),(30,100),(31,100),(32,100),(38,100),(39,100),(40,100),(41,100),(42,100);
/*!40000 ALTER TABLE `tracker_changeset_value_list` ENABLE KEYS */;
UNLOCK TABLES;

--
-- Table structure for table `tracker_changeset_value_openlist`
--

DROP TABLE IF EXISTS `tracker_changeset_value_openlist`;
/*!40101 SET @saved_cs_client     = @@character_set_client */;
/*!40101 SET character_set_client = utf8 */;
CREATE TABLE `tracker_changeset_value_openlist` (
  `changeset_value_id` int(11) NOT NULL,
  `bindvalue_id` int(11) default NULL,
  `openvalue_id` int(11) default NULL,
  `insertion_order` int(11) unsigned NOT NULL auto_increment,
  PRIMARY KEY  (`insertion_order`),
  UNIQUE KEY `idx` (`changeset_value_id`,`bindvalue_id`,`openvalue_id`)
) ENGINE=MyISAM AUTO_INCREMENT=101 DEFAULT CHARSET=utf8;
/*!40101 SET character_set_client = @saved_cs_client */;

--
-- Dumping data for table `tracker_changeset_value_openlist`
--

LOCK TABLES `tracker_changeset_value_openlist` WRITE;
/*!40000 ALTER TABLE `tracker_changeset_value_openlist` DISABLE KEYS */;
/*!40000 ALTER TABLE `tracker_changeset_value_openlist` ENABLE KEYS */;
UNLOCK TABLES;

--
-- Table structure for table `tracker_changeset_value_permissionsonartifact`
--

DROP TABLE IF EXISTS `tracker_changeset_value_permissionsonartifact`;
/*!40101 SET @saved_cs_client     = @@character_set_client */;
/*!40101 SET character_set_client = utf8 */;
CREATE TABLE `tracker_changeset_value_permissionsonartifact` (
  `changeset_value_id` int(11) NOT NULL,
  `use_perm` tinyint(1) NOT NULL,
  `ugroup_id` int(11) NOT NULL
) ENGINE=MyISAM AUTO_INCREMENT=101 DEFAULT CHARSET=utf8;
/*!40101 SET character_set_client = @saved_cs_client */;

--
-- Dumping data for table `tracker_changeset_value_permissionsonartifact`
--

LOCK TABLES `tracker_changeset_value_permissionsonartifact` WRITE;
/*!40000 ALTER TABLE `tracker_changeset_value_permissionsonartifact` DISABLE KEYS */;
/*!40000 ALTER TABLE `tracker_changeset_value_permissionsonartifact` ENABLE KEYS */;
UNLOCK TABLES;

--
-- Table structure for table `tracker_changeset_value_text`
--

DROP TABLE IF EXISTS `tracker_changeset_value_text`;
/*!40101 SET @saved_cs_client     = @@character_set_client */;
/*!40101 SET character_set_client = utf8 */;
CREATE TABLE `tracker_changeset_value_text` (
  `changeset_value_id` int(11) NOT NULL,
  `value` text NOT NULL,
  PRIMARY KEY  (`changeset_value_id`)
) ENGINE=MyISAM AUTO_INCREMENT=101 DEFAULT CHARSET=utf8;
/*!40101 SET character_set_client = @saved_cs_client */;

--
-- Dumping data for table `tracker_changeset_value_text`
--

LOCK TABLES `tracker_changeset_value_text` WRITE;
/*!40000 ALTER TABLE `tracker_changeset_value_text` DISABLE KEYS */;
INSERT INTO `tracker_changeset_value_text` VALUES (1,'a creation'),(8,'toto tata'),(9,'a creation'),(16,'toto tata'),(17,'a creation'),(24,'toto tata'),(27,'a bug title'),(36,''),(37,'qsgqssfqsfd'),(46,'');
/*!40000 ALTER TABLE `tracker_changeset_value_text` ENABLE KEYS */;
UNLOCK TABLES;

--
-- Table structure for table `tracker_field`
--

DROP TABLE IF EXISTS `tracker_field`;
/*!40101 SET @saved_cs_client     = @@character_set_client */;
/*!40101 SET character_set_client = utf8 */;
CREATE TABLE `tracker_field` (
  `id` int(11) unsigned NOT NULL auto_increment,
  `old_id` int(11) unsigned default NULL,
  `tracker_id` int(11) unsigned NOT NULL,
  `parent_id` int(11) unsigned NOT NULL default '0',
  `formElement_type` varchar(255) NOT NULL,
  `name` text NOT NULL,
  `label` text NOT NULL,
  `description` text NOT NULL,
  `use_it` tinyint(1) NOT NULL,
  `rank` int(11) unsigned NOT NULL,
  `scope` char(1) NOT NULL,
  `required` tinyint(1) default NULL,
  `notifications` tinyint(1) default NULL,
  `original_field_id` int(11) unsigned NOT NULL,
  PRIMARY KEY  (`id`),
  KEY `idx_fk_old_id` (`old_id`),
  KEY `idx_fk_tracker_id` (`tracker_id`),
  KEY `idx_fk_parent_id` (`parent_id`)
) ENGINE=MyISAM AUTO_INCREMENT=137 DEFAULT CHARSET=utf8;
/*!40101 SET character_set_client = @saved_cs_client */;

--
-- Dumping data for table `tracker_field`
--

LOCK TABLES `tracker_field` WRITE;
/*!40000 ALTER TABLE `tracker_field` DISABLE KEYS */;
INSERT INTO `tracker_field` VALUES (101,NULL,105,0,'column','column8','Column Top 1','',1,7,'P',0,NULL,0),(102,NULL,105,101,'aid','artifact_id','Artifact ID','Unique artifact identifier',1,0,'P',0,NULL,0),(103,NULL,105,101,'subby','submitted_by','Submitted by','User who originally submitted the artifact',1,1,'P',0,NULL,0),(104,NULL,105,0,'column','column10','Column Top 2','',1,136,'P',0,NULL,0),(105,NULL,105,104,'lud','last_update_date','Last Modified On','Date and time of the latest modification in an artifact',1,0,'P',0,NULL,0),(106,NULL,105,104,'subon','open_date','Submitted on','Date and time for the initial artifact submission',1,2,'P',0,NULL,0),(107,NULL,105,0,'fieldset','fieldset_1','Details','fieldset_default_desc_key',1,147,'P',1,NULL,0),(108,NULL,105,107,'string','summary','Summary','One line description of the artifact',1,0,'P',1,NULL,0),(109,NULL,105,107,'text','details','Original Submission','A full description of the artifact',1,7,'P',0,NULL,0),(110,NULL,105,107,'column','column10_1','Column Details 1','',1,8,'P',0,NULL,0),(111,NULL,105,110,'sb','severity','Severity','Impact of the artifact on the system (Critical, Major,...)',1,0,'P',0,NULL,0),(112,NULL,105,107,'column','column10_11','Column Details 2','',1,12,'P',0,NULL,0),(113,NULL,105,112,'sb','category','Category','Generally correspond to high level modules or functionalities of your software (e.g. User interface, Configuration Manager, Scheduler, Memory Manager...)',1,0,'P',0,NULL,0),(114,NULL,105,107,'date','close_date','End Date','End Date',0,20,'P',0,NULL,0),(115,NULL,105,107,'msb','multi_assigned_to','Assigned to (multiple)','Who is in charge of this artifact',0,31,'P',0,NULL,0),(116,NULL,105,0,'fieldset','fieldset1','Stage','',1,298,'P',0,NULL,0),(117,NULL,105,116,'column','column3','Stage 1','',1,0,'P',0,NULL,0),(118,NULL,105,117,'sb','status_id','Status','Artifact Status',1,0,'P',0,NULL,0),(119,NULL,105,117,'sb','stage','Stage','Stage in the life cycle of the artifact',0,6,'P',0,NULL,0),(120,NULL,105,116,'column','column4','Stage 2','',1,2,'P',0,NULL,0),(121,NULL,105,120,'sb','resolution','Resolution','The resolution field indicates what happened to the bug.',1,0,'P',0,NULL,0),(122,NULL,105,116,'column','column9','Stage 3','',1,3,'P',0,NULL,0),(123,NULL,105,122,'sb','assigned_to','Assigned to','Who is in charge of solving the artifact',1,0,'P',0,1,0),(124,NULL,105,0,'fieldset','fieldset1_1','Attachments','',1,299,'P',0,NULL,0),(125,NULL,105,124,'file','attachment','Attachments','',1,0,'P',0,NULL,0),(126,NULL,105,0,'fieldset','fieldset1_11','References','',1,301,'P',0,NULL,0),(127,NULL,105,126,'cross','cross_references','Cross references','List of items referenced by or referencing this item.',1,0,'P',0,NULL,0),(128,NULL,105,126,'art_link','references','References','',0,1,'P',0,NULL,0),(129,NULL,105,0,'fieldset','fieldset1_111','Permissions','',1,302,'P',0,NULL,0),(130,NULL,105,129,'perm','permissions_on_artifact','Permissions on artifact','Let users groups to define who can access an artifact.',1,0,'P',0,NULL,0),(131,NULL,105,0,'sb','platform','Platform','',0,38,'P',0,NULL,0),(132,NULL,105,0,'sb','source','Source','Customer from which the request comes from.',0,40,'P',0,NULL,0),(133,NULL,105,0,'sb','version','Version','Product version concerned by the bug.',0,42,'P',0,NULL,0),(134,NULL,105,136,'date','closed_date','Closed Date','',1,1,'P',0,NULL,0),(135,NULL,105,136,'date','start_date','Start Date','',1,0,'P',0,NULL,0),(136,NULL,105,0,'fieldset','bug_lifecycle','bug lifecycle','',1,1,'P',0,NULL,0);
/*!40000 ALTER TABLE `tracker_field` ENABLE KEYS */;
UNLOCK TABLES;

--
-- Table structure for table `tracker_field_date`
--

DROP TABLE IF EXISTS `tracker_field_date`;
/*!40101 SET @saved_cs_client     = @@character_set_client */;
/*!40101 SET character_set_client = utf8 */;
CREATE TABLE `tracker_field_date` (
  `field_id` int(11) NOT NULL,
  `default_value` int(11) default NULL,
  `default_value_type` tinyint(1) default NULL,
  PRIMARY KEY  (`field_id`)
) ENGINE=MyISAM DEFAULT CHARSET=utf8;
/*!40101 SET character_set_client = @saved_cs_client */;

--
-- Dumping data for table `tracker_field_date`
--

LOCK TABLES `tracker_field_date` WRITE;
/*!40000 ALTER TABLE `tracker_field_date` DISABLE KEYS */;
INSERT INTO `tracker_field_date` VALUES (105,NULL,1),(106,NULL,1),(114,0,0),(134,0,1),(135,0,1);
/*!40000 ALTER TABLE `tracker_field_date` ENABLE KEYS */;
UNLOCK TABLES;

--
-- Table structure for table `tracker_field_float`
--

DROP TABLE IF EXISTS `tracker_field_float`;
/*!40101 SET @saved_cs_client     = @@character_set_client */;
/*!40101 SET character_set_client = utf8 */;
CREATE TABLE `tracker_field_float` (
  `field_id` int(11) NOT NULL,
  `default_value` float(10,4) default NULL,
  `maxchars` int(11) NOT NULL,
  `size` int(11) NOT NULL,
  PRIMARY KEY  (`field_id`)
) ENGINE=MyISAM DEFAULT CHARSET=utf8;
/*!40101 SET character_set_client = @saved_cs_client */;

--
-- Dumping data for table `tracker_field_float`
--

LOCK TABLES `tracker_field_float` WRITE;
/*!40000 ALTER TABLE `tracker_field_float` DISABLE KEYS */;
/*!40000 ALTER TABLE `tracker_field_float` ENABLE KEYS */;
UNLOCK TABLES;

--
-- Table structure for table `tracker_field_int`
--

DROP TABLE IF EXISTS `tracker_field_int`;
/*!40101 SET @saved_cs_client     = @@character_set_client */;
/*!40101 SET character_set_client = utf8 */;
CREATE TABLE `tracker_field_int` (
  `field_id` int(11) NOT NULL,
  `default_value` int(11) default NULL,
  `maxchars` int(11) NOT NULL,
  `size` int(11) NOT NULL,
  PRIMARY KEY  (`field_id`)
) ENGINE=MyISAM DEFAULT CHARSET=utf8;
/*!40101 SET character_set_client = @saved_cs_client */;

--
-- Dumping data for table `tracker_field_int`
--

LOCK TABLES `tracker_field_int` WRITE;
/*!40000 ALTER TABLE `tracker_field_int` DISABLE KEYS */;
INSERT INTO `tracker_field_int` VALUES (102,NULL,0,30);
/*!40000 ALTER TABLE `tracker_field_int` ENABLE KEYS */;
UNLOCK TABLES;

--
-- Table structure for table `tracker_field_list`
--

DROP TABLE IF EXISTS `tracker_field_list`;
/*!40101 SET @saved_cs_client     = @@character_set_client */;
/*!40101 SET character_set_client = utf8 */;
CREATE TABLE `tracker_field_list` (
  `field_id` int(11) NOT NULL,
  `bind_type` varchar(255) NOT NULL,
  PRIMARY KEY  (`field_id`)
) ENGINE=MyISAM DEFAULT CHARSET=utf8;
/*!40101 SET character_set_client = @saved_cs_client */;

--
-- Dumping data for table `tracker_field_list`
--

LOCK TABLES `tracker_field_list` WRITE;
/*!40000 ALTER TABLE `tracker_field_list` DISABLE KEYS */;
INSERT INTO `tracker_field_list` VALUES (103,'users'),(111,'static'),(113,'static'),(115,'users'),(118,'static'),(119,'static'),(121,'static'),(123,'users'),(131,'static'),(132,'static'),(133,'static');
/*!40000 ALTER TABLE `tracker_field_list` ENABLE KEYS */;
UNLOCK TABLES;

--
-- Table structure for table `tracker_field_list_bind_decorator`
--

DROP TABLE IF EXISTS `tracker_field_list_bind_decorator`;
/*!40101 SET @saved_cs_client     = @@character_set_client */;
/*!40101 SET character_set_client = utf8 */;
CREATE TABLE `tracker_field_list_bind_decorator` (
  `field_id` int(11) NOT NULL,
  `value_id` int(11) NOT NULL,
  `red` tinyint(3) unsigned NOT NULL,
  `green` tinyint(3) unsigned NOT NULL,
  `blue` tinyint(3) unsigned NOT NULL,
  PRIMARY KEY  (`field_id`,`value_id`)
) ENGINE=MyISAM DEFAULT CHARSET=utf8;
/*!40101 SET character_set_client = @saved_cs_client */;

--
-- Dumping data for table `tracker_field_list_bind_decorator`
--

LOCK TABLES `tracker_field_list_bind_decorator` WRITE;
/*!40000 ALTER TABLE `tracker_field_list_bind_decorator` DISABLE KEYS */;
INSERT INTO `tracker_field_list_bind_decorator` VALUES (111,101,255,255,102),(111,102,255,204,51),(111,103,255,153,0),(111,104,255,102,0),(111,105,255,51,0),(111,106,204,0,0),(111,107,153,0,0),(111,108,102,0,0),(111,109,51,0,0);
/*!40000 ALTER TABLE `tracker_field_list_bind_decorator` ENABLE KEYS */;
UNLOCK TABLES;

--
-- Table structure for table `tracker_field_list_bind_defaultvalue`
--

DROP TABLE IF EXISTS `tracker_field_list_bind_defaultvalue`;
/*!40101 SET @saved_cs_client     = @@character_set_client */;
/*!40101 SET character_set_client = utf8 */;
CREATE TABLE `tracker_field_list_bind_defaultvalue` (
  `field_id` int(11) NOT NULL,
  `value_id` int(11) NOT NULL,
  PRIMARY KEY  (`field_id`,`value_id`)
) ENGINE=MyISAM DEFAULT CHARSET=utf8;
/*!40101 SET character_set_client = @saved_cs_client */;

--
-- Dumping data for table `tracker_field_list_bind_defaultvalue`
--

LOCK TABLES `tracker_field_list_bind_defaultvalue` WRITE;
/*!40000 ALTER TABLE `tracker_field_list_bind_defaultvalue` DISABLE KEYS */;
/*!40000 ALTER TABLE `tracker_field_list_bind_defaultvalue` ENABLE KEYS */;
UNLOCK TABLES;

--
-- Table structure for table `tracker_field_list_bind_static`
--

DROP TABLE IF EXISTS `tracker_field_list_bind_static`;
/*!40101 SET @saved_cs_client     = @@character_set_client */;
/*!40101 SET character_set_client = utf8 */;
CREATE TABLE `tracker_field_list_bind_static` (
  `field_id` int(11) NOT NULL,
  `is_rank_alpha` tinyint(1) NOT NULL,
  PRIMARY KEY  (`field_id`)
) ENGINE=MyISAM DEFAULT CHARSET=utf8;
/*!40101 SET character_set_client = @saved_cs_client */;

--
-- Dumping data for table `tracker_field_list_bind_static`
--

LOCK TABLES `tracker_field_list_bind_static` WRITE;
/*!40000 ALTER TABLE `tracker_field_list_bind_static` DISABLE KEYS */;
INSERT INTO `tracker_field_list_bind_static` VALUES (111,0),(113,0),(115,0),(118,0),(119,0),(121,0),(123,0),(131,0),(132,0),(133,0);
/*!40000 ALTER TABLE `tracker_field_list_bind_static` ENABLE KEYS */;
UNLOCK TABLES;

--
-- Table structure for table `tracker_field_list_bind_static_value`
--

DROP TABLE IF EXISTS `tracker_field_list_bind_static_value`;
/*!40101 SET @saved_cs_client     = @@character_set_client */;
/*!40101 SET character_set_client = utf8 */;
CREATE TABLE `tracker_field_list_bind_static_value` (
  `id` int(11) NOT NULL auto_increment,
  `old_id` int(11) default NULL,
  `field_id` int(11) NOT NULL,
  `label` varchar(255) NOT NULL,
  `description` text NOT NULL,
  `rank` int(11) NOT NULL,
  `is_hidden` tinyint(1) NOT NULL,
  `original_value_id` int(11) NOT NULL,
  PRIMARY KEY  (`id`),
  KEY `field_id_idx` (`field_id`)
) ENGINE=MyISAM AUTO_INCREMENT=139 DEFAULT CHARSET=utf8;
/*!40101 SET character_set_client = @saved_cs_client */;

--
-- Dumping data for table `tracker_field_list_bind_static_value`
--

LOCK TABLES `tracker_field_list_bind_static_value` WRITE;
/*!40000 ALTER TABLE `tracker_field_list_bind_static_value` DISABLE KEYS */;
INSERT INTO `tracker_field_list_bind_static_value` VALUES (101,NULL,111,'1 - Ordinary','',0,0,101),(102,NULL,111,'2','',1,0,102),(103,NULL,111,'3','',2,0,103),(104,NULL,111,'4','',3,0,104),(105,NULL,111,'5 - Major','',4,0,105),(106,NULL,111,'6','',5,0,106),(107,NULL,111,'7','',6,0,107),(108,NULL,111,'8','',7,0,108),(109,NULL,111,'9 - Critical','',8,0,109),(110,NULL,118,'New','',0,0,110),(111,NULL,118,'Unconfirmed','',1,0,111),(112,NULL,118,'Verified','',2,0,112),(113,NULL,118,'Resolved','',3,0,113),(114,NULL,118,'Closed','',4,0,114),(115,NULL,118,'Reopened','',5,0,115),(116,NULL,119,'New','The artifact has just been submitted',0,0,116),(117,NULL,119,'Analyzed','The cause of the artifact has been identified and documented',1,0,117),(118,NULL,119,'Accepted','The artifact will be worked on.',2,0,118),(119,NULL,119,'Under Implementation','The artifact is being worked on.',3,0,119),(120,NULL,119,'Ready for Review','Updated/Created non-software work product (e.g. documentation) is ready for review and approval.',4,0,120),(121,NULL,119,'Ready for Test','Updated/Created software is ready to be included in the next build',5,0,121),(122,NULL,119,'In Test','Updated/Created software is in the build and is ready to enter the test phase',6,0,122),(123,NULL,119,'Approved','The artifact fix has been succesfully tested. It is approved and awaiting release.',7,0,123),(124,NULL,119,'Declined','The artifact was not accepted.',8,0,124),(125,NULL,119,'Done','The artifact is closed.',9,0,125),(126,NULL,121,'Fixed','',0,0,126),(127,NULL,121,'Will not fix','',1,0,127),(128,NULL,121,'Invalid','',2,0,128),(129,NULL,121,'Later','',3,0,129),(130,NULL,121,'Duplicate','',4,0,130),(131,NULL,121,'Remind','',5,0,131),(132,NULL,121,'Works for me','',6,0,132),(133,NULL,131,'Linux','',0,0,133),(134,NULL,131,'Windows XP','',1,0,134),(135,NULL,131,'Solaris','',2,0,135),(136,NULL,131,'Windows 2000','',3,0,136),(137,NULL,131,'Other','',4,0,137),(138,NULL,118,'Open','',6,0,138);
/*!40000 ALTER TABLE `tracker_field_list_bind_static_value` ENABLE KEYS */;
UNLOCK TABLES;

--
-- Table structure for table `tracker_field_list_bind_users`
--

DROP TABLE IF EXISTS `tracker_field_list_bind_users`;
/*!40101 SET @saved_cs_client     = @@character_set_client */;
/*!40101 SET character_set_client = utf8 */;
CREATE TABLE `tracker_field_list_bind_users` (
  `field_id` int(11) NOT NULL,
  `value_function` text,
  PRIMARY KEY  (`field_id`)
) ENGINE=MyISAM DEFAULT CHARSET=utf8;
/*!40101 SET character_set_client = @saved_cs_client */;

--
-- Dumping data for table `tracker_field_list_bind_users`
--

LOCK TABLES `tracker_field_list_bind_users` WRITE;
/*!40000 ALTER TABLE `tracker_field_list_bind_users` DISABLE KEYS */;
INSERT INTO `tracker_field_list_bind_users` VALUES (103,'artifact_submitters'),(115,'group_members'),(123,'group_members');
/*!40000 ALTER TABLE `tracker_field_list_bind_users` ENABLE KEYS */;
UNLOCK TABLES;

--
-- Table structure for table `tracker_field_msb`
--

DROP TABLE IF EXISTS `tracker_field_msb`;
/*!40101 SET @saved_cs_client     = @@character_set_client */;
/*!40101 SET character_set_client = utf8 */;
CREATE TABLE `tracker_field_msb` (
  `field_id` int(11) NOT NULL,
  `size` int(11) NOT NULL,
  PRIMARY KEY  (`field_id`)
) ENGINE=MyISAM DEFAULT CHARSET=utf8;
/*!40101 SET character_set_client = @saved_cs_client */;

--
-- Dumping data for table `tracker_field_msb`
--

LOCK TABLES `tracker_field_msb` WRITE;
/*!40000 ALTER TABLE `tracker_field_msb` DISABLE KEYS */;
INSERT INTO `tracker_field_msb` VALUES (115,7);
/*!40000 ALTER TABLE `tracker_field_msb` ENABLE KEYS */;
UNLOCK TABLES;

--
-- Table structure for table `tracker_field_openlist`
--

DROP TABLE IF EXISTS `tracker_field_openlist`;
/*!40101 SET @saved_cs_client     = @@character_set_client */;
/*!40101 SET character_set_client = utf8 */;
CREATE TABLE `tracker_field_openlist` (
  `field_id` int(11) NOT NULL,
  `hint` varchar(255) NOT NULL,
  PRIMARY KEY  (`field_id`)
) ENGINE=MyISAM DEFAULT CHARSET=utf8;
/*!40101 SET character_set_client = @saved_cs_client */;

--
-- Dumping data for table `tracker_field_openlist`
--

LOCK TABLES `tracker_field_openlist` WRITE;
/*!40000 ALTER TABLE `tracker_field_openlist` DISABLE KEYS */;
/*!40000 ALTER TABLE `tracker_field_openlist` ENABLE KEYS */;
UNLOCK TABLES;

--
-- Table structure for table `tracker_field_openlist_value`
--

DROP TABLE IF EXISTS `tracker_field_openlist_value`;
/*!40101 SET @saved_cs_client     = @@character_set_client */;
/*!40101 SET character_set_client = utf8 */;
CREATE TABLE `tracker_field_openlist_value` (
  `id` int(11) unsigned NOT NULL auto_increment,
  `field_id` int(11) unsigned NOT NULL,
  `label` varchar(255) NOT NULL default '',
  PRIMARY KEY  (`id`),
  KEY `idx_search` (`field_id`)
) ENGINE=MyISAM AUTO_INCREMENT=101 DEFAULT CHARSET=utf8;
/*!40101 SET character_set_client = @saved_cs_client */;

--
-- Dumping data for table `tracker_field_openlist_value`
--

LOCK TABLES `tracker_field_openlist_value` WRITE;
/*!40000 ALTER TABLE `tracker_field_openlist_value` DISABLE KEYS */;
/*!40000 ALTER TABLE `tracker_field_openlist_value` ENABLE KEYS */;
UNLOCK TABLES;

--
-- Table structure for table `tracker_field_string`
--

DROP TABLE IF EXISTS `tracker_field_string`;
/*!40101 SET @saved_cs_client     = @@character_set_client */;
/*!40101 SET character_set_client = utf8 */;
CREATE TABLE `tracker_field_string` (
  `field_id` int(11) NOT NULL,
  `default_value` text,
  `maxchars` int(11) NOT NULL,
  `size` int(11) NOT NULL,
  PRIMARY KEY  (`field_id`)
) ENGINE=MyISAM DEFAULT CHARSET=utf8;
/*!40101 SET character_set_client = @saved_cs_client */;

--
-- Dumping data for table `tracker_field_string`
--

LOCK TABLES `tracker_field_string` WRITE;
/*!40000 ALTER TABLE `tracker_field_string` DISABLE KEYS */;
INSERT INTO `tracker_field_string` VALUES (108,'',150,61);
/*!40000 ALTER TABLE `tracker_field_string` ENABLE KEYS */;
UNLOCK TABLES;

--
-- Table structure for table `tracker_field_text`
--

DROP TABLE IF EXISTS `tracker_field_text`;
/*!40101 SET @saved_cs_client     = @@character_set_client */;
/*!40101 SET character_set_client = utf8 */;
CREATE TABLE `tracker_field_text` (
  `field_id` int(11) NOT NULL,
  `default_value` text,
  `rows` int(11) NOT NULL,
  `cols` int(11) NOT NULL,
  PRIMARY KEY  (`field_id`)
) ENGINE=MyISAM DEFAULT CHARSET=utf8;
/*!40101 SET character_set_client = @saved_cs_client */;

--
-- Dumping data for table `tracker_field_text`
--

LOCK TABLES `tracker_field_text` WRITE;
/*!40000 ALTER TABLE `tracker_field_text` DISABLE KEYS */;
INSERT INTO `tracker_field_text` VALUES (109,'',7,80);
/*!40000 ALTER TABLE `tracker_field_text` ENABLE KEYS */;
UNLOCK TABLES;

--
-- Table structure for table `tracker_fileinfo`
--

DROP TABLE IF EXISTS `tracker_fileinfo`;
/*!40101 SET @saved_cs_client     = @@character_set_client */;
/*!40101 SET character_set_client = utf8 */;
CREATE TABLE `tracker_fileinfo` (
  `id` int(11) NOT NULL auto_increment,
  `old_id` int(11) default NULL,
  `submitted_by` int(11) NOT NULL,
  `description` text,
  `filename` text NOT NULL,
  `filesize` bigint(20) unsigned NOT NULL,
  `filetype` text NOT NULL,
  PRIMARY KEY  (`id`),
  FULLTEXT KEY `fltxt` (`description`,`filename`)
) ENGINE=MyISAM AUTO_INCREMENT=101 DEFAULT CHARSET=utf8;
/*!40101 SET character_set_client = @saved_cs_client */;

--
-- Dumping data for table `tracker_fileinfo`
--

LOCK TABLES `tracker_fileinfo` WRITE;
/*!40000 ALTER TABLE `tracker_fileinfo` DISABLE KEYS */;
/*!40000 ALTER TABLE `tracker_fileinfo` ENABLE KEYS */;
UNLOCK TABLES;

--
-- Table structure for table `tracker_global_notification`
--

DROP TABLE IF EXISTS `tracker_global_notification`;
/*!40101 SET @saved_cs_client     = @@character_set_client */;
/*!40101 SET character_set_client = utf8 */;
CREATE TABLE `tracker_global_notification` (
  `id` int(11) unsigned NOT NULL auto_increment,
  `tracker_id` int(11) NOT NULL,
  `addresses` text NOT NULL,
  `all_updates` tinyint(1) NOT NULL,
  `check_permissions` tinyint(1) NOT NULL,
  PRIMARY KEY  (`id`),
  KEY `tracker_id` (`tracker_id`)
) ENGINE=MyISAM DEFAULT CHARSET=utf8;
/*!40101 SET character_set_client = @saved_cs_client */;

--
-- Dumping data for table `tracker_global_notification`
--

LOCK TABLES `tracker_global_notification` WRITE;
/*!40000 ALTER TABLE `tracker_global_notification` DISABLE KEYS */;
/*!40000 ALTER TABLE `tracker_global_notification` ENABLE KEYS */;
UNLOCK TABLES;

--
-- Table structure for table `tracker_idsharing_artifact`
--

DROP TABLE IF EXISTS `tracker_idsharing_artifact`;
/*!40101 SET @saved_cs_client     = @@character_set_client */;
/*!40101 SET character_set_client = utf8 */;
CREATE TABLE `tracker_idsharing_artifact` (
  `id` int(11) NOT NULL auto_increment,
  PRIMARY KEY  (`id`)
) ENGINE=MyISAM AUTO_INCREMENT=5 DEFAULT CHARSET=utf8;
/*!40101 SET character_set_client = @saved_cs_client */;

--
-- Dumping data for table `tracker_idsharing_artifact`
--

LOCK TABLES `tracker_idsharing_artifact` WRITE;
/*!40000 ALTER TABLE `tracker_idsharing_artifact` DISABLE KEYS */;
INSERT INTO `tracker_idsharing_artifact` VALUES (2),(3),(4);
/*!40000 ALTER TABLE `tracker_idsharing_artifact` ENABLE KEYS */;
UNLOCK TABLES;

--
-- Table structure for table `tracker_idsharing_tracker`
--

DROP TABLE IF EXISTS `tracker_idsharing_tracker`;
/*!40101 SET @saved_cs_client     = @@character_set_client */;
/*!40101 SET character_set_client = utf8 */;
CREATE TABLE `tracker_idsharing_tracker` (
  `id` int(11) NOT NULL auto_increment,
  PRIMARY KEY  (`id`)
) ENGINE=MyISAM AUTO_INCREMENT=111 DEFAULT CHARSET=utf8;
/*!40101 SET character_set_client = @saved_cs_client */;

--
-- Dumping data for table `tracker_idsharing_tracker`
--

LOCK TABLES `tracker_idsharing_tracker` WRITE;
/*!40000 ALTER TABLE `tracker_idsharing_tracker` DISABLE KEYS */;
INSERT INTO `tracker_idsharing_tracker` VALUES (105),(106),(107),(108),(109),(110);
/*!40000 ALTER TABLE `tracker_idsharing_tracker` ENABLE KEYS */;
UNLOCK TABLES;

--
-- Table structure for table `tracker_notification`
--

DROP TABLE IF EXISTS `tracker_notification`;
/*!40101 SET @saved_cs_client     = @@character_set_client */;
/*!40101 SET character_set_client = utf8 */;
CREATE TABLE `tracker_notification` (
  `user_id` int(11) NOT NULL,
  `tracker_id` int(11) NOT NULL,
  `role_id` int(11) NOT NULL,
  `event_id` int(11) NOT NULL,
  `notify` int(11) NOT NULL default '1',
  KEY `user_id_idx` (`user_id`),
  KEY `tracker_id_idx` (`tracker_id`)
) ENGINE=MyISAM DEFAULT CHARSET=utf8;
/*!40101 SET character_set_client = @saved_cs_client */;

--
-- Dumping data for table `tracker_notification`
--

LOCK TABLES `tracker_notification` WRITE;
/*!40000 ALTER TABLE `tracker_notification` DISABLE KEYS */;
/*!40000 ALTER TABLE `tracker_notification` ENABLE KEYS */;
UNLOCK TABLES;

--
-- Table structure for table `tracker_notification_event`
--

DROP TABLE IF EXISTS `tracker_notification_event`;
/*!40101 SET @saved_cs_client     = @@character_set_client */;
/*!40101 SET character_set_client = utf8 */;
CREATE TABLE `tracker_notification_event` (
  `event_id` int(11) NOT NULL,
  `tracker_id` int(11) NOT NULL,
  `event_label` varchar(255) default NULL,
  `rank` int(11) NOT NULL,
  `short_description_msg` varchar(255) default NULL,
  `description_msg` varchar(255) default NULL,
  KEY `event_id_idx` (`event_id`),
  KEY `tracker_id_idx` (`tracker_id`)
) ENGINE=MyISAM DEFAULT CHARSET=utf8;
/*!40101 SET character_set_client = @saved_cs_client */;

--
-- Dumping data for table `tracker_notification_event`
--

LOCK TABLES `tracker_notification_event` WRITE;
/*!40000 ALTER TABLE `tracker_notification_event` DISABLE KEYS */;
/*!40000 ALTER TABLE `tracker_notification_event` ENABLE KEYS */;
UNLOCK TABLES;

--
-- Table structure for table `tracker_notification_event_default`
--

DROP TABLE IF EXISTS `tracker_notification_event_default`;
/*!40101 SET @saved_cs_client     = @@character_set_client */;
/*!40101 SET character_set_client = utf8 */;
CREATE TABLE `tracker_notification_event_default` (
  `event_id` int(11) NOT NULL,
  `event_label` varchar(255) default NULL,
  `rank` int(11) NOT NULL,
  `short_description_msg` varchar(255) default NULL,
  `description_msg` varchar(255) default NULL,
  KEY `event_id_idx` (`event_id`)
) ENGINE=MyISAM DEFAULT CHARSET=utf8;
/*!40101 SET character_set_client = @saved_cs_client */;

--
-- Dumping data for table `tracker_notification_event_default`
--

LOCK TABLES `tracker_notification_event_default` WRITE;
/*!40000 ALTER TABLE `tracker_notification_event_default` DISABLE KEYS */;
/*!40000 ALTER TABLE `tracker_notification_event_default` ENABLE KEYS */;
UNLOCK TABLES;

--
-- Table structure for table `tracker_notification_role`
--

DROP TABLE IF EXISTS `tracker_notification_role`;
/*!40101 SET @saved_cs_client     = @@character_set_client */;
/*!40101 SET character_set_client = utf8 */;
CREATE TABLE `tracker_notification_role` (
  `role_id` int(11) NOT NULL,
  `tracker_id` int(11) NOT NULL,
  `role_label` varchar(255) default NULL,
  `rank` int(11) NOT NULL,
  `short_description_msg` varchar(255) default NULL,
  `description_msg` varchar(255) default NULL,
  KEY `role_id_idx` (`role_id`),
  KEY `tracker_id_idx` (`tracker_id`)
) ENGINE=MyISAM DEFAULT CHARSET=utf8;
/*!40101 SET character_set_client = @saved_cs_client */;

--
-- Dumping data for table `tracker_notification_role`
--

LOCK TABLES `tracker_notification_role` WRITE;
/*!40000 ALTER TABLE `tracker_notification_role` DISABLE KEYS */;
/*!40000 ALTER TABLE `tracker_notification_role` ENABLE KEYS */;
UNLOCK TABLES;

--
-- Table structure for table `tracker_notification_role_default`
--

DROP TABLE IF EXISTS `tracker_notification_role_default`;
/*!40101 SET @saved_cs_client     = @@character_set_client */;
/*!40101 SET character_set_client = utf8 */;
CREATE TABLE `tracker_notification_role_default` (
  `role_id` int(11) NOT NULL,
  `role_label` varchar(255) default NULL,
  `rank` int(11) NOT NULL,
  `short_description_msg` varchar(255) default NULL,
  `description_msg` varchar(255) default NULL,
  KEY `role_id_idx` (`role_id`)
) ENGINE=MyISAM DEFAULT CHARSET=utf8;
/*!40101 SET character_set_client = @saved_cs_client */;

--
-- Dumping data for table `tracker_notification_role_default`
--

LOCK TABLES `tracker_notification_role_default` WRITE;
/*!40000 ALTER TABLE `tracker_notification_role_default` DISABLE KEYS */;
/*!40000 ALTER TABLE `tracker_notification_role_default` ENABLE KEYS */;
UNLOCK TABLES;

--
-- Table structure for table `tracker_perm`
--

DROP TABLE IF EXISTS `tracker_perm`;
/*!40101 SET @saved_cs_client     = @@character_set_client */;
/*!40101 SET character_set_client = utf8 */;
CREATE TABLE `tracker_perm` (
  `id` int(11) NOT NULL auto_increment,
  `tracker_id` int(11) NOT NULL,
  `user_id` int(11) NOT NULL,
  `perm_level` int(11) NOT NULL default '0',
  PRIMARY KEY  (`id`),
  UNIQUE KEY `unique_user` (`tracker_id`,`user_id`)
) ENGINE=MyISAM DEFAULT CHARSET=utf8;
/*!40101 SET character_set_client = @saved_cs_client */;

--
-- Dumping data for table `tracker_perm`
--

LOCK TABLES `tracker_perm` WRITE;
/*!40000 ALTER TABLE `tracker_perm` DISABLE KEYS */;
/*!40000 ALTER TABLE `tracker_perm` ENABLE KEYS */;
UNLOCK TABLES;

--
-- Table structure for table `tracker_report`
--

DROP TABLE IF EXISTS `tracker_report`;
/*!40101 SET @saved_cs_client     = @@character_set_client */;
/*!40101 SET character_set_client = utf8 */;
CREATE TABLE `tracker_report` (
  `id` int(11) NOT NULL auto_increment,
  `old_id` int(11) default NULL,
  `project_id` int(11) default NULL,
  `user_id` int(11) default NULL,
  `tracker_id` int(11) NOT NULL,
  `is_default` tinyint(1) NOT NULL,
  `name` varchar(255) NOT NULL,
  `description` text NOT NULL,
  `current_renderer_id` int(11) NOT NULL,
  `parent_report_id` int(11) default NULL,
  `is_query_displayed` tinyint(1) NOT NULL,
  `updated_by` int(11) default NULL,
  `updated_at` int(11) default NULL,
  PRIMARY KEY  (`id`),
  KEY `tracker_idx` (`tracker_id`)
) ENGINE=MyISAM AUTO_INCREMENT=104 DEFAULT CHARSET=utf8;
/*!40101 SET character_set_client = @saved_cs_client */;

--
-- Dumping data for table `tracker_report`
--

LOCK TABLES `tracker_report` WRITE;
/*!40000 ALTER TABLE `tracker_report` DISABLE KEYS */;
INSERT INTO `tracker_report` VALUES (101,NULL,NULL,NULL,105,0,'Bugs','The system default artifact report',0,0,1,NULL,NULL),(102,NULL,NULL,NULL,105,0,'Default','The system default artifact report',0,0,1,NULL,NULL),(103,NULL,NULL,NULL,110,0,'Default','The system default artifact report',0,0,1,NULL,NULL);
/*!40000 ALTER TABLE `tracker_report` ENABLE KEYS */;
UNLOCK TABLES;

--
-- Table structure for table `tracker_report_criteria`
--

DROP TABLE IF EXISTS `tracker_report_criteria`;
/*!40101 SET @saved_cs_client     = @@character_set_client */;
/*!40101 SET character_set_client = utf8 */;
CREATE TABLE `tracker_report_criteria` (
  `id` int(11) NOT NULL auto_increment,
  `report_id` int(11) NOT NULL,
  `field_id` int(11) NOT NULL,
  `rank` int(11) NOT NULL,
  `is_advanced` tinyint(1) NOT NULL,
  PRIMARY KEY  (`id`),
  KEY `report_idx` (`report_id`),
  KEY `report_field_idx` (`report_id`,`field_id`)
) ENGINE=MyISAM AUTO_INCREMENT=115 DEFAULT CHARSET=utf8;
/*!40101 SET character_set_client = @saved_cs_client */;

--
-- Dumping data for table `tracker_report_criteria`
--

LOCK TABLES `tracker_report_criteria` WRITE;
/*!40000 ALTER TABLE `tracker_report_criteria` DISABLE KEYS */;
INSERT INTO `tracker_report_criteria` VALUES (101,101,118,0,0),(102,101,123,1,0),(103,101,106,2,0),(104,101,102,3,0),(105,101,105,4,0),(106,101,108,5,0),(107,101,109,6,0),(108,101,121,7,0),(109,101,113,8,0),(110,102,118,0,0),(111,102,123,1,0),(112,102,106,2,0),(113,102,102,3,0),(114,102,113,4,0);
/*!40000 ALTER TABLE `tracker_report_criteria` ENABLE KEYS */;
UNLOCK TABLES;

--
-- Table structure for table `tracker_report_criteria_alphanum_value`
--

DROP TABLE IF EXISTS `tracker_report_criteria_alphanum_value`;
/*!40101 SET @saved_cs_client     = @@character_set_client */;
/*!40101 SET character_set_client = utf8 */;
CREATE TABLE `tracker_report_criteria_alphanum_value` (
  `criteria_id` int(11) NOT NULL,
  `value` varchar(255) NOT NULL,
  PRIMARY KEY  (`criteria_id`)
) ENGINE=MyISAM DEFAULT CHARSET=utf8;
/*!40101 SET character_set_client = @saved_cs_client */;

--
-- Dumping data for table `tracker_report_criteria_alphanum_value`
--

LOCK TABLES `tracker_report_criteria_alphanum_value` WRITE;
/*!40000 ALTER TABLE `tracker_report_criteria_alphanum_value` DISABLE KEYS */;
/*!40000 ALTER TABLE `tracker_report_criteria_alphanum_value` ENABLE KEYS */;
UNLOCK TABLES;

--
-- Table structure for table `tracker_report_criteria_date_value`
--

DROP TABLE IF EXISTS `tracker_report_criteria_date_value`;
/*!40101 SET @saved_cs_client     = @@character_set_client */;
/*!40101 SET character_set_client = utf8 */;
CREATE TABLE `tracker_report_criteria_date_value` (
  `criteria_id` int(11) NOT NULL,
  `op` char(1) default NULL,
  `from_date` int(11) default NULL,
  `to_date` int(11) default NULL,
  PRIMARY KEY  (`criteria_id`)
) ENGINE=MyISAM DEFAULT CHARSET=utf8;
/*!40101 SET character_set_client = @saved_cs_client */;

--
-- Dumping data for table `tracker_report_criteria_date_value`
--

LOCK TABLES `tracker_report_criteria_date_value` WRITE;
/*!40000 ALTER TABLE `tracker_report_criteria_date_value` DISABLE KEYS */;
/*!40000 ALTER TABLE `tracker_report_criteria_date_value` ENABLE KEYS */;
UNLOCK TABLES;

--
-- Table structure for table `tracker_report_criteria_file_value`
--

DROP TABLE IF EXISTS `tracker_report_criteria_file_value`;
/*!40101 SET @saved_cs_client     = @@character_set_client */;
/*!40101 SET character_set_client = utf8 */;
CREATE TABLE `tracker_report_criteria_file_value` (
  `criteria_id` int(11) NOT NULL,
  `value` varchar(255) NOT NULL,
  PRIMARY KEY  (`criteria_id`)
) ENGINE=MyISAM DEFAULT CHARSET=utf8;
/*!40101 SET character_set_client = @saved_cs_client */;

--
-- Dumping data for table `tracker_report_criteria_file_value`
--

LOCK TABLES `tracker_report_criteria_file_value` WRITE;
/*!40000 ALTER TABLE `tracker_report_criteria_file_value` DISABLE KEYS */;
/*!40000 ALTER TABLE `tracker_report_criteria_file_value` ENABLE KEYS */;
UNLOCK TABLES;

--
-- Table structure for table `tracker_report_criteria_list_value`
--

DROP TABLE IF EXISTS `tracker_report_criteria_list_value`;
/*!40101 SET @saved_cs_client     = @@character_set_client */;
/*!40101 SET character_set_client = utf8 */;
CREATE TABLE `tracker_report_criteria_list_value` (
  `criteria_id` int(11) NOT NULL,
  `value` int(11) NOT NULL,
  PRIMARY KEY  (`criteria_id`,`value`)
) ENGINE=MyISAM DEFAULT CHARSET=utf8;
/*!40101 SET character_set_client = @saved_cs_client */;

--
-- Dumping data for table `tracker_report_criteria_list_value`
--

LOCK TABLES `tracker_report_criteria_list_value` WRITE;
/*!40000 ALTER TABLE `tracker_report_criteria_list_value` DISABLE KEYS */;
/*!40000 ALTER TABLE `tracker_report_criteria_list_value` ENABLE KEYS */;
UNLOCK TABLES;

--
-- Table structure for table `tracker_report_criteria_openlist_value`
--

DROP TABLE IF EXISTS `tracker_report_criteria_openlist_value`;
/*!40101 SET @saved_cs_client     = @@character_set_client */;
/*!40101 SET character_set_client = utf8 */;
CREATE TABLE `tracker_report_criteria_openlist_value` (
  `criteria_id` int(11) NOT NULL,
  `value` text NOT NULL,
  PRIMARY KEY  (`criteria_id`)
) ENGINE=MyISAM DEFAULT CHARSET=utf8;
/*!40101 SET character_set_client = @saved_cs_client */;

--
-- Dumping data for table `tracker_report_criteria_openlist_value`
--

LOCK TABLES `tracker_report_criteria_openlist_value` WRITE;
/*!40000 ALTER TABLE `tracker_report_criteria_openlist_value` DISABLE KEYS */;
/*!40000 ALTER TABLE `tracker_report_criteria_openlist_value` ENABLE KEYS */;
UNLOCK TABLES;

--
-- Table structure for table `tracker_report_criteria_permissionsonartifact_value`
--

DROP TABLE IF EXISTS `tracker_report_criteria_permissionsonartifact_value`;
/*!40101 SET @saved_cs_client     = @@character_set_client */;
/*!40101 SET character_set_client = utf8 */;
CREATE TABLE `tracker_report_criteria_permissionsonartifact_value` (
  `criteria_id` int(11) NOT NULL,
  `value` int(11) NOT NULL
) ENGINE=MyISAM DEFAULT CHARSET=utf8;
/*!40101 SET character_set_client = @saved_cs_client */;

--
-- Dumping data for table `tracker_report_criteria_permissionsonartifact_value`
--

LOCK TABLES `tracker_report_criteria_permissionsonartifact_value` WRITE;
/*!40000 ALTER TABLE `tracker_report_criteria_permissionsonartifact_value` DISABLE KEYS */;
/*!40000 ALTER TABLE `tracker_report_criteria_permissionsonartifact_value` ENABLE KEYS */;
UNLOCK TABLES;

--
-- Table structure for table `tracker_report_renderer`
--

DROP TABLE IF EXISTS `tracker_report_renderer`;
/*!40101 SET @saved_cs_client     = @@character_set_client */;
/*!40101 SET character_set_client = utf8 */;
CREATE TABLE `tracker_report_renderer` (
  `id` int(11) NOT NULL auto_increment,
  `old_id` int(11) default NULL,
  `report_id` int(11) NOT NULL,
  `renderer_type` varchar(255) NOT NULL,
  `name` varchar(255) NOT NULL,
  `description` text NOT NULL,
  `rank` int(11) NOT NULL,
  PRIMARY KEY  (`id`),
  KEY `report_idx` (`report_id`)
) ENGINE=MyISAM AUTO_INCREMENT=104 DEFAULT CHARSET=utf8;
/*!40101 SET character_set_client = @saved_cs_client */;

--
-- Dumping data for table `tracker_report_renderer`
--

LOCK TABLES `tracker_report_renderer` WRITE;
/*!40000 ALTER TABLE `tracker_report_renderer` DISABLE KEYS */;
INSERT INTO `tracker_report_renderer` VALUES (101,NULL,101,'table','Results','',0),(102,NULL,102,'table','Results','',0),(103,NULL,103,'table','Results','',0);
/*!40000 ALTER TABLE `tracker_report_renderer` ENABLE KEYS */;
UNLOCK TABLES;

--
-- Table structure for table `tracker_report_renderer_table`
--

DROP TABLE IF EXISTS `tracker_report_renderer_table`;
/*!40101 SET @saved_cs_client     = @@character_set_client */;
/*!40101 SET character_set_client = utf8 */;
CREATE TABLE `tracker_report_renderer_table` (
  `renderer_id` int(11) NOT NULL,
  `chunksz` mediumint(9) NOT NULL,
  `multisort` tinyint(1) NOT NULL,
  PRIMARY KEY  (`renderer_id`)
) ENGINE=MyISAM DEFAULT CHARSET=utf8;
/*!40101 SET character_set_client = @saved_cs_client */;

--
-- Dumping data for table `tracker_report_renderer_table`
--

LOCK TABLES `tracker_report_renderer_table` WRITE;
/*!40000 ALTER TABLE `tracker_report_renderer_table` DISABLE KEYS */;
INSERT INTO `tracker_report_renderer_table` VALUES (101,15,0),(102,15,0),(103,15,0);
/*!40000 ALTER TABLE `tracker_report_renderer_table` ENABLE KEYS */;
UNLOCK TABLES;

--
-- Table structure for table `tracker_report_renderer_table_columns`
--

DROP TABLE IF EXISTS `tracker_report_renderer_table_columns`;
/*!40101 SET @saved_cs_client     = @@character_set_client */;
/*!40101 SET character_set_client = utf8 */;
CREATE TABLE `tracker_report_renderer_table_columns` (
  `renderer_id` int(11) NOT NULL,
  `field_id` int(11) NOT NULL,
  `rank` int(11) NOT NULL,
  `width` tinyint(4) NOT NULL,
  PRIMARY KEY  (`renderer_id`,`field_id`)
) ENGINE=MyISAM DEFAULT CHARSET=utf8;
/*!40101 SET character_set_client = @saved_cs_client */;

--
-- Dumping data for table `tracker_report_renderer_table_columns`
--

LOCK TABLES `tracker_report_renderer_table_columns` WRITE;
/*!40000 ALTER TABLE `tracker_report_renderer_table_columns` DISABLE KEYS */;
INSERT INTO `tracker_report_renderer_table_columns` VALUES (101,102,0,0),(101,108,1,0),(101,106,2,0),(101,123,3,0),(101,103,4,0),(102,102,0,0),(102,108,1,0),(102,106,2,0),(102,123,3,0),(102,103,4,0);
/*!40000 ALTER TABLE `tracker_report_renderer_table_columns` ENABLE KEYS */;
UNLOCK TABLES;

--
-- Table structure for table `tracker_report_renderer_table_functions_aggregates`
--

DROP TABLE IF EXISTS `tracker_report_renderer_table_functions_aggregates`;
/*!40101 SET @saved_cs_client     = @@character_set_client */;
/*!40101 SET character_set_client = utf8 */;
CREATE TABLE `tracker_report_renderer_table_functions_aggregates` (
  `renderer_id` int(11) NOT NULL,
  `field_id` int(11) NOT NULL,
  `aggregate` varchar(10) NOT NULL,
  PRIMARY KEY  (`renderer_id`,`field_id`,`aggregate`)
) ENGINE=MyISAM DEFAULT CHARSET=utf8;
/*!40101 SET character_set_client = @saved_cs_client */;

--
-- Dumping data for table `tracker_report_renderer_table_functions_aggregates`
--

LOCK TABLES `tracker_report_renderer_table_functions_aggregates` WRITE;
/*!40000 ALTER TABLE `tracker_report_renderer_table_functions_aggregates` DISABLE KEYS */;
/*!40000 ALTER TABLE `tracker_report_renderer_table_functions_aggregates` ENABLE KEYS */;
UNLOCK TABLES;

--
-- Table structure for table `tracker_report_renderer_table_sort`
--

DROP TABLE IF EXISTS `tracker_report_renderer_table_sort`;
/*!40101 SET @saved_cs_client     = @@character_set_client */;
/*!40101 SET character_set_client = utf8 */;
CREATE TABLE `tracker_report_renderer_table_sort` (
  `renderer_id` int(11) NOT NULL,
  `field_id` int(11) NOT NULL,
  `is_desc` tinyint(1) NOT NULL,
  `rank` int(11) NOT NULL,
  PRIMARY KEY  (`renderer_id`,`field_id`)
) ENGINE=MyISAM DEFAULT CHARSET=utf8;
/*!40101 SET character_set_client = @saved_cs_client */;

--
-- Dumping data for table `tracker_report_renderer_table_sort`
--

LOCK TABLES `tracker_report_renderer_table_sort` WRITE;
/*!40000 ALTER TABLE `tracker_report_renderer_table_sort` DISABLE KEYS */;
/*!40000 ALTER TABLE `tracker_report_renderer_table_sort` ENABLE KEYS */;
UNLOCK TABLES;

--
-- Table structure for table `tracker_rule`
--

DROP TABLE IF EXISTS `tracker_rule`;
/*!40101 SET @saved_cs_client     = @@character_set_client */;
/*!40101 SET character_set_client = utf8 */;
CREATE TABLE `tracker_rule` (
  `id` int(11) unsigned NOT NULL auto_increment,
  `tracker_id` int(11) unsigned NOT NULL default '0',
  `source_field_id` int(11) unsigned NOT NULL default '0',
  `source_value_id` int(11) unsigned NOT NULL default '0',
  `target_field_id` int(11) unsigned NOT NULL default '0',
  `rule_type` tinyint(4) unsigned NOT NULL default '0',
  `target_value_id` int(11) unsigned default NULL,
  PRIMARY KEY  (`id`),
  KEY `tracker_id` (`tracker_id`)
) ENGINE=MyISAM DEFAULT CHARSET=utf8;
/*!40101 SET character_set_client = @saved_cs_client */;

--
-- Dumping data for table `tracker_rule`
--

LOCK TABLES `tracker_rule` WRITE;
/*!40000 ALTER TABLE `tracker_rule` DISABLE KEYS */;
/*!40000 ALTER TABLE `tracker_rule` ENABLE KEYS */;
UNLOCK TABLES;

--
-- Table structure for table `tracker_semantic_contributor`
--

DROP TABLE IF EXISTS `tracker_semantic_contributor`;
/*!40101 SET @saved_cs_client     = @@character_set_client */;
/*!40101 SET character_set_client = utf8 */;
CREATE TABLE `tracker_semantic_contributor` (
  `tracker_id` int(11) NOT NULL,
  `field_id` int(11) NOT NULL,
  PRIMARY KEY  (`tracker_id`),
  KEY `filed_id_idx` (`field_id`)
) ENGINE=MyISAM DEFAULT CHARSET=utf8;
/*!40101 SET character_set_client = @saved_cs_client */;

--
-- Dumping data for table `tracker_semantic_contributor`
--

LOCK TABLES `tracker_semantic_contributor` WRITE;
/*!40000 ALTER TABLE `tracker_semantic_contributor` DISABLE KEYS */;
INSERT INTO `tracker_semantic_contributor` VALUES (105,123);
/*!40000 ALTER TABLE `tracker_semantic_contributor` ENABLE KEYS */;
UNLOCK TABLES;

--
-- Table structure for table `tracker_semantic_status`
--

DROP TABLE IF EXISTS `tracker_semantic_status`;
/*!40101 SET @saved_cs_client     = @@character_set_client */;
/*!40101 SET character_set_client = utf8 */;
CREATE TABLE `tracker_semantic_status` (
  `tracker_id` int(11) NOT NULL,
  `field_id` int(11) NOT NULL,
  `open_value_id` int(11) NOT NULL,
  KEY `idx` (`tracker_id`,`field_id`,`open_value_id`)
) ENGINE=MyISAM DEFAULT CHARSET=utf8;
/*!40101 SET character_set_client = @saved_cs_client */;

--
-- Dumping data for table `tracker_semantic_status`
--

LOCK TABLES `tracker_semantic_status` WRITE;
/*!40000 ALTER TABLE `tracker_semantic_status` DISABLE KEYS */;
INSERT INTO `tracker_semantic_status` VALUES (105,118,110),(105,118,111),(105,118,112),(105,118,113),(105,118,115);
/*!40000 ALTER TABLE `tracker_semantic_status` ENABLE KEYS */;
UNLOCK TABLES;

--
-- Table structure for table `tracker_semantic_title`
--

DROP TABLE IF EXISTS `tracker_semantic_title`;
/*!40101 SET @saved_cs_client     = @@character_set_client */;
/*!40101 SET character_set_client = utf8 */;
CREATE TABLE `tracker_semantic_title` (
  `tracker_id` int(11) NOT NULL,
  `field_id` int(11) NOT NULL,
  PRIMARY KEY  (`tracker_id`),
  KEY `filed_id_idx` (`field_id`)
) ENGINE=MyISAM DEFAULT CHARSET=utf8;
/*!40101 SET character_set_client = @saved_cs_client */;

--
-- Dumping data for table `tracker_semantic_title`
--

LOCK TABLES `tracker_semantic_title` WRITE;
/*!40000 ALTER TABLE `tracker_semantic_title` DISABLE KEYS */;
INSERT INTO `tracker_semantic_title` VALUES (105,108);
/*!40000 ALTER TABLE `tracker_semantic_title` ENABLE KEYS */;
UNLOCK TABLES;

--
-- Table structure for table `tracker_staticfield_richtext`
--

DROP TABLE IF EXISTS `tracker_staticfield_richtext`;
/*!40101 SET @saved_cs_client     = @@character_set_client */;
/*!40101 SET character_set_client = utf8 */;
CREATE TABLE `tracker_staticfield_richtext` (
  `field_id` int(11) NOT NULL,
  `static_value` text,
  PRIMARY KEY  (`field_id`)
) ENGINE=MyISAM DEFAULT CHARSET=utf8;
/*!40101 SET character_set_client = @saved_cs_client */;

--
-- Dumping data for table `tracker_staticfield_richtext`
--

LOCK TABLES `tracker_staticfield_richtext` WRITE;
/*!40000 ALTER TABLE `tracker_staticfield_richtext` DISABLE KEYS */;
/*!40000 ALTER TABLE `tracker_staticfield_richtext` ENABLE KEYS */;
UNLOCK TABLES;

--
-- Table structure for table `tracker_tooltip`
--

DROP TABLE IF EXISTS `tracker_tooltip`;
/*!40101 SET @saved_cs_client     = @@character_set_client */;
/*!40101 SET character_set_client = utf8 */;
CREATE TABLE `tracker_tooltip` (
  `tracker_id` int(11) NOT NULL,
  `field_id` int(11) NOT NULL,
  `rank` int(11) NOT NULL,
  PRIMARY KEY  (`tracker_id`,`field_id`)
) ENGINE=MyISAM DEFAULT CHARSET=utf8;
/*!40101 SET character_set_client = @saved_cs_client */;

--
-- Dumping data for table `tracker_tooltip`
--

LOCK TABLES `tracker_tooltip` WRITE;
/*!40000 ALTER TABLE `tracker_tooltip` DISABLE KEYS */;
INSERT INTO `tracker_tooltip` VALUES (105,102,0),(105,108,1),(105,118,2);
/*!40000 ALTER TABLE `tracker_tooltip` ENABLE KEYS */;
UNLOCK TABLES;

--
-- Table structure for table `tracker_watcher`
--

DROP TABLE IF EXISTS `tracker_watcher`;
/*!40101 SET @saved_cs_client     = @@character_set_client */;
/*!40101 SET character_set_client = utf8 */;
CREATE TABLE `tracker_watcher` (
  `user_id` int(11) NOT NULL default '0',
  `watchee_id` int(11) NOT NULL default '0',
  `tracker_id` int(11) NOT NULL default '0',
  KEY `watchee_id_idx` (`watchee_id`,`tracker_id`),
  KEY `user_id_idx` (`user_id`,`tracker_id`)
) ENGINE=MyISAM DEFAULT CHARSET=utf8;
/*!40101 SET character_set_client = @saved_cs_client */;

--
-- Dumping data for table `tracker_watcher`
--

LOCK TABLES `tracker_watcher` WRITE;
/*!40000 ALTER TABLE `tracker_watcher` DISABLE KEYS */;
/*!40000 ALTER TABLE `tracker_watcher` ENABLE KEYS */;
UNLOCK TABLES;

--
-- Table structure for table `tracker_widget_renderer`
--

DROP TABLE IF EXISTS `tracker_widget_renderer`;
/*!40101 SET @saved_cs_client     = @@character_set_client */;
/*!40101 SET character_set_client = utf8 */;
CREATE TABLE `tracker_widget_renderer` (
  `id` int(11) unsigned NOT NULL auto_increment,
  `owner_id` int(11) unsigned NOT NULL default '0',
  `owner_type` varchar(1) NOT NULL default 'u',
  `title` varchar(255) NOT NULL,
  `renderer_id` int(11) NOT NULL,
  PRIMARY KEY  (`id`),
  KEY `owner_id` (`owner_id`,`owner_type`)
) ENGINE=MyISAM DEFAULT CHARSET=utf8;
/*!40101 SET character_set_client = @saved_cs_client */;

--
-- Dumping data for table `tracker_widget_renderer`
--

LOCK TABLES `tracker_widget_renderer` WRITE;
/*!40000 ALTER TABLE `tracker_widget_renderer` DISABLE KEYS */;
/*!40000 ALTER TABLE `tracker_widget_renderer` ENABLE KEYS */;
UNLOCK TABLES;

--
-- Table structure for table `tracker_workflow`
--

DROP TABLE IF EXISTS `tracker_workflow`;
/*!40101 SET @saved_cs_client     = @@character_set_client */;
/*!40101 SET character_set_client = utf8 */;
CREATE TABLE `tracker_workflow` (
  `workflow_id` int(11) NOT NULL auto_increment,
  `tracker_id` int(11) NOT NULL,
  `field_id` int(11) NOT NULL,
  `is_used` tinyint(1) NOT NULL,
  PRIMARY KEY  (`workflow_id`),
  KEY `idx_wf_tracker_id` (`tracker_id`),
  KEY `idx_wf_field_id` (`field_id`)
) ENGINE=MyISAM AUTO_INCREMENT=3 DEFAULT CHARSET=utf8;
/*!40101 SET character_set_client = @saved_cs_client */;

--
-- Dumping data for table `tracker_workflow`
--

LOCK TABLES `tracker_workflow` WRITE;
/*!40000 ALTER TABLE `tracker_workflow` DISABLE KEYS */;
INSERT INTO `tracker_workflow` VALUES (2,105,118,1);
/*!40000 ALTER TABLE `tracker_workflow` ENABLE KEYS */;
UNLOCK TABLES;

--
-- Table structure for table `tracker_workflow_transition`
--

DROP TABLE IF EXISTS `tracker_workflow_transition`;
/*!40101 SET @saved_cs_client     = @@character_set_client */;
/*!40101 SET character_set_client = utf8 */;
CREATE TABLE `tracker_workflow_transition` (
  `transition_id` int(11) NOT NULL auto_increment,
  `from_id` int(11) default NULL,
  `to_id` int(11) NOT NULL,
  `workflow_id` int(11) NOT NULL,
  PRIMARY KEY  (`transition_id`),
  KEY `idx_wf_workflow_id` (`workflow_id`)
) ENGINE=MyISAM AUTO_INCREMENT=18 DEFAULT CHARSET=utf8;
/*!40101 SET character_set_client = @saved_cs_client */;

--
-- Dumping data for table `tracker_workflow_transition`
--

LOCK TABLES `tracker_workflow_transition` WRITE;
/*!40000 ALTER TABLE `tracker_workflow_transition` DISABLE KEYS */;
INSERT INTO `tracker_workflow_transition` VALUES (17,138,114,2),(16,114,138,2),(15,0,138,2);
/*!40000 ALTER TABLE `tracker_workflow_transition` ENABLE KEYS */;
UNLOCK TABLES;

--
-- Table structure for table `tracker_workflow_transition_postactions_field_date`
--

DROP TABLE IF EXISTS `tracker_workflow_transition_postactions_field_date`;
/*!40101 SET @saved_cs_client     = @@character_set_client */;
/*!40101 SET character_set_client = utf8 */;
CREATE TABLE `tracker_workflow_transition_postactions_field_date` (
  `id` int(11) unsigned NOT NULL auto_increment,
  `transition_id` int(11) NOT NULL,
  `field_id` int(11) unsigned default NULL,
  `value_type` tinyint(2) default NULL,
  PRIMARY KEY  (`id`),
  KEY `idx_wf_transition_id` (`transition_id`)
) ENGINE=MyISAM AUTO_INCREMENT=4 DEFAULT CHARSET=utf8;
/*!40101 SET character_set_client = @saved_cs_client */;

--
-- Dumping data for table `tracker_workflow_transition_postactions_field_date`
--

LOCK TABLES `tracker_workflow_transition_postactions_field_date` WRITE;
/*!40000 ALTER TABLE `tracker_workflow_transition_postactions_field_date` DISABLE KEYS */;
INSERT INTO `tracker_workflow_transition_postactions_field_date` VALUES (1,17,134,2),(2,16,134,1),(3,15,135,2);
/*!40000 ALTER TABLE `tracker_workflow_transition_postactions_field_date` ENABLE KEYS */;
UNLOCK TABLES;

--
-- Table structure for table `trove_cat`
--

DROP TABLE IF EXISTS `trove_cat`;
/*!40101 SET @saved_cs_client     = @@character_set_client */;
/*!40101 SET character_set_client = utf8 */;
CREATE TABLE `trove_cat` (
  `trove_cat_id` int(11) NOT NULL auto_increment,
  `version` int(11) NOT NULL default '0',
  `parent` int(11) NOT NULL default '0',
  `root_parent` int(11) NOT NULL default '0',
  `shortname` varchar(80) default NULL,
  `fullname` varchar(80) default NULL,
  `description` varchar(255) default NULL,
  `count_subcat` int(11) NOT NULL default '0',
  `count_subproj` int(11) NOT NULL default '0',
  `fullpath` text NOT NULL,
  `fullpath_ids` text,
  PRIMARY KEY  (`trove_cat_id`),
  KEY `parent_idx` (`parent`),
  KEY `root_parent_idx` (`root_parent`),
  KEY `version_idx` (`version`)
) ENGINE=MyISAM AUTO_INCREMENT=283 DEFAULT CHARSET=utf8;
/*!40101 SET character_set_client = @saved_cs_client */;

--
-- Dumping data for table `trove_cat`
--

LOCK TABLES `trove_cat` WRITE;
/*!40000 ALTER TABLE `trove_cat` DISABLE KEYS */;
INSERT INTO `trove_cat` VALUES (1,2000031601,0,0,'audience','Intended Audience','The main class of people likely to be interested in this resource.',0,0,'Intended Audience','1'),(2,2000032401,1,1,'endusers','End Users/Desktop','Programs and resources for software end users. Software for the desktop.',0,0,'Intended Audience :: End Users/Desktop','1 :: 2'),(3,2000041101,1,1,'developers','Developers','Programs and resources for software developers, to include libraries.',0,0,'Intended Audience :: Developers','1 :: 3'),(4,2000031601,1,1,'sysadmins','System Administrators','Programs and resources for people who administer computers and networks.',0,0,'Intended Audience :: System Administrators','1 :: 4'),(5,2000040701,1,1,'other','Other Audience','Programs and resources for an unlisted audience.',0,0,'Intended Audience :: Other Audience','1 :: 5'),(6,2000031601,0,0,'developmentstatus','Development Status','An indication of the development status of the software or resource.',0,0,'Development Status','6'),(7,2000040701,6,6,'planning','1 - Planning','This resource is in the planning stages only. There is no code.',0,0,'Development Status :: 1 - Planning','6 :: 7'),(8,2000040701,6,6,'prealpha','2 - Pre-Alpha','There is code for this project, but it is not usable except for further development.',0,0,'Development Status :: 2 - Pre-Alpha','6 :: 8'),(9,2000041101,6,6,'alpha','3 - Alpha','Resource is in early development, and probably incomplete and/or extremely buggy.',0,0,'Development Status :: 3 - Alpha','6 :: 9'),(10,2000040701,6,6,'beta','4 - Beta','Resource is in late phases of development. Deliverables are essentially complete, but may still have significant bugs.',0,0,'Development Status :: 4 - Beta','6 :: 10'),(11,2000040701,6,6,'production','5 - Production/Stable','Deliverables are complete and usable by the intended audience.',0,0,'Development Status :: 5 - Production/Stable','6 :: 11'),(12,2000040701,6,6,'mature','6 - Mature','This resource has an extensive history of successful use and has probably undergone several stable revisions.',0,0,'Development Status :: 6 - Mature','6 :: 12'),(13,2000031601,0,0,'license','License','License terms under which the resource is distributed.',0,0,'License','13'),(14,2000111301,13,13,'cdi','Codendi exchange Policy','The default Policy ruling the code sharing attitude.',0,0,'License :: Codendi exchange Policy','13 :: 14'),(274,2001061501,154,18,'printservices','Print Services','XAC/DDA/Print Services Projects',0,0,'Topic :: Printing :: Print Services','18 :: 154 :: 274'),(275,2001062601,160,160,'JSP','JSP','Java Server Pages: Sun\'s Java language embedded in HTML pages',0,0,'Programming Language :: JSP','160 :: 275'),(18,2000031601,0,0,'topic','Topic','Topic categorization.',0,0,'Topic','18'),(20,2000111301,18,18,'communications','Internet/Intranet Connectivity','Protocols, Languages, Applications intended to facilitate communication between people nad/or computers',0,0,'Topic :: Internet/Intranet Connectivity','18 :: 20'),(22,2000111301,18,18,'docmgt','Document Management','All document related software (e.g. Doct services, repository, design/creation, encoding like Glyph or Barcode, formatting and document output like printing)',0,0,'Topic :: Document Management','18 :: 22'),(37,2000111301,20,18,'wireless','Wireless Communication','Tools supporting wireless communication (radio, IR,...)',0,0,'Topic :: Internet/Intranet Connectivity :: Wireless Communication','18 :: 20 :: 37'),(43,2000111301,18,18,'imagemgt','Image Management','Software to help capture, manipulate, transform, render images (e.g. image processing, color management, printing/marking, image capture, image compression technics, etc.)',0,0,'Topic :: Image Management','18 :: 43'),(45,2000111301,18,18,'development','Software Development','Software used to aid software development ( e.g. language interpreters, compilers, debuggers, project management tools, build tools, Devt Environment, Devt Framework,etc.)',0,0,'Topic :: Software Development','18 :: 45'),(97,2000111301,18,18,'scientific','Scientific/Engineering','Scientific or Engineering applications, to include research on non computer related sciences. (e.g. Physics and Mathematics in general, Data Visualization Tools, etc.)',0,0,'Topic :: Scientific/Engineering','18 :: 97'),(132,2000111301,18,18,'it','Information Technology','Applications related to information management and computer science in general (User Interface, Distributed Systems, Knowledge Mgt, Information Retrieval, Natural Language Processing, Security, Globalisation, etc.)',0,0,'Topic :: Information Technology','18 :: 132'),(136,2000111301,18,18,'system','System','Operating system core and administration utilities (e.g Drivers, Printers drivers, Emulators, Networking, Kernels, File Systems, Clustering, Benchmark, etc...',0,0,'Topic :: System','18 :: 136'),(154,2000032001,18,18,'printing','Printing','Tools, daemons, and utilities for printer control.',0,0,'Topic :: Printing','18 :: 154'),(160,2000032001,0,0,'language','Programming Language','Language in which this program was written, or was meant to support.',0,0,'Programming Language','160'),(161,2000032001,160,160,'apl','APL','APL',0,0,'Programming Language :: APL','160 :: 161'),(164,2000032001,160,160,'c','C','C',0,0,'Programming Language :: C','160 :: 164'),(162,2000032001,160,160,'assembly','Assembly','Assembly-level programs. Platform specific.',0,0,'Programming Language :: Assembly','160 :: 162'),(163,2000051001,160,160,'ada','Ada','Ada',0,0,'Programming Language :: Ada','160 :: 163'),(165,2000032001,160,160,'cpp','C++','C++',0,0,'Programming Language :: C++','160 :: 165'),(166,2000032401,160,160,'eiffel','Eiffel','Eiffel',0,0,'Programming Language :: Eiffel','160 :: 166'),(167,2000032001,160,160,'euler','Euler','Euler',0,0,'Programming Language :: Euler','160 :: 167'),(168,2000032001,160,160,'forth','Forth','Forth',0,0,'Programming Language :: Forth','160 :: 168'),(169,2000032001,160,160,'fortran','Fortran','Fortran',0,0,'Programming Language :: Fortran','160 :: 169'),(170,2000032001,160,160,'lisp','Lisp','Lisp',0,0,'Programming Language :: Lisp','160 :: 170'),(171,2000041101,160,160,'logo','Logo','Logo',0,0,'Programming Language :: Logo','160 :: 171'),(172,2000032001,160,160,'ml','ML','ML',0,0,'Programming Language :: ML','160 :: 172'),(173,2000032001,160,160,'modula','Modula','Modula-2 or Modula-3',0,0,'Programming Language :: Modula','160 :: 173'),(174,2000032001,160,160,'objectivec','Objective C','Objective C',0,0,'Programming Language :: Objective C','160 :: 174'),(175,2000032001,160,160,'pascal','Pascal','Pascal',0,0,'Programming Language :: Pascal','160 :: 175'),(176,2000032001,160,160,'perl','Perl','Perl',0,0,'Programming Language :: Perl','160 :: 176'),(177,2000032001,160,160,'prolog','Prolog','Prolog',0,0,'Programming Language :: Prolog','160 :: 177'),(178,2000032001,160,160,'python','Python','Python',0,0,'Programming Language :: Python','160 :: 178'),(179,2000032001,160,160,'rexx','Rexx','Rexx',0,0,'Programming Language :: Rexx','160 :: 179'),(180,2000032001,160,160,'simula','Simula','Simula',0,0,'Programming Language :: Simula','160 :: 180'),(181,2000032001,160,160,'smalltalk','Smalltalk','Smalltalk',0,0,'Programming Language :: Smalltalk','160 :: 181'),(182,2000032001,160,160,'tcl','Tcl','Tcl',0,0,'Programming Language :: Tcl','160 :: 182'),(183,2000032001,160,160,'php','PHP','PHP',0,0,'Programming Language :: PHP','160 :: 183'),(184,2000032001,160,160,'asp','ASP','Active Server Pages',0,0,'Programming Language :: ASP','160 :: 184'),(185,2000032001,160,160,'shell','Unix Shell','Unix Shell',0,0,'Programming Language :: Unix Shell','160 :: 185'),(186,2000032001,160,160,'visualbasic','Visual Basic','Visual Basic',0,0,'Programming Language :: Visual Basic','160 :: 186'),(276,2001122001,160,160,'rebol','Rebol','The Rebol programming language',0,0,'Programming Language :: Rebol','160 :: 276'),(278,2002051501,6,6,'endoflife','7 - End of Life','The software project has come to an end and it is not expected to evolve in the future',0,0,'Development Status :: 7 - End of Life','6 :: 278'),(194,2000111301,13,13,'osi','Open Source Approved license','Open Source approved licenses. Use one of these only if Open Sourcing your software has been explicitely approved by your legal department.',0,0,'License :: Open Source Approved license','13 :: 194'),(196,2000040701,13,13,'other','Other/Proprietary License','Non OSI-Approved/Proprietary license.',0,0,'License :: Other/Proprietary License','13 :: 196'),(272,2000120801,132,18,'ui','User Interface','Everything dealing with Computer UI such as new user interface paradigm, Graphical Toolkit, Widgets library,...',0,0,'Topic :: Information Technology :: User Interface','18 :: 132 :: 272'),(198,2000032001,160,160,'java','Java','Java',0,0,'Programming Language :: Java','160 :: 198'),(199,2000032101,0,0,'os','Operating System','What operating system the program requires to run, if any.',0,0,'Operating System','199'),(200,2000032101,199,199,'posix','POSIX','POSIX plus standard Berkeley socket facilities. Don\'t list a more specific OS unless your program requires it.',0,0,'Operating System :: POSIX','199 :: 200'),(201,2000032101,200,199,'linux','Linux','Any version of Linux. Don\'t specify a subcategory unless the program requires a particular distribution.',0,0,'Operating System :: POSIX :: Linux','199 :: 200 :: 201'),(202,2000111301,200,199,'bsd','BSD','Any variant of BSD (FreeBSD, NetBSD, Open BSD, etc.)',0,0,'Operating System :: POSIX :: BSD','199 :: 200 :: 202'),(207,2000032101,200,199,'sun','SunOS/Solaris','Any Sun Microsystems OS.',0,0,'Operating System :: POSIX :: SunOS/Solaris','199 :: 200 :: 207'),(208,2000032101,200,199,'sco','SCO','SCO',0,0,'Operating System :: POSIX :: SCO','199 :: 200 :: 208'),(209,2000032101,200,199,'hpux','HP-UX','HP-UX',0,0,'Operating System :: POSIX :: HP-UX','199 :: 200 :: 209'),(210,2000032101,200,199,'aix','AIX','AIX',0,0,'Operating System :: POSIX :: AIX','199 :: 200 :: 210'),(211,2000032101,200,199,'irix','IRIX','IRIX',0,0,'Operating System :: POSIX :: IRIX','199 :: 200 :: 211'),(212,2000032101,200,199,'other','Other','Other specific POSIX OS, specified in description.',0,0,'Operating System :: POSIX :: Other','199 :: 200 :: 212'),(213,2000032101,160,160,'other','Other','Other programming language, specified in description.',0,0,'Programming Language :: Other','160 :: 213'),(214,2000032101,199,199,'microsoft','Microsoft','Microsoft operating systems.',0,0,'Operating System :: Microsoft','199 :: 214'),(215,2000032101,214,199,'msdos','MS-DOS','Microsoft Disk Operating System (DOS)',0,0,'Operating System :: Microsoft :: MS-DOS','199 :: 214 :: 215'),(216,2000032101,214,199,'windows','Windows','Windows software, not specific to any particular version of Windows.',0,0,'Operating System :: Microsoft :: Windows','199 :: 214 :: 216'),(217,2000032101,216,199,'win31','Windows 3.1 or Earlier','Windows 3.1 or Earlier',0,0,'Operating System :: Microsoft :: Windows :: Windows 3.1 or Earlier','199 :: 214 :: 216 :: 217'),(218,2000032101,216,199,'win95','Windows 95/98/2000','Windows 95, Windows 98, and Windows 2000.',0,0,'Operating System :: Microsoft :: Windows :: Windows 95/98/2000','199 :: 214 :: 216 :: 218'),(219,2000041101,216,199,'winnt','Windows NT/2000','Windows NT and Windows 2000.',0,0,'Operating System :: Microsoft :: Windows :: Windows NT/2000','199 :: 214 :: 216 :: 219'),(220,2000032101,199,199,'os2','OS/2','OS/2',0,0,'Operating System :: OS/2','199 :: 220'),(221,2000032101,199,199,'macos','MacOS','MacOS',0,0,'Operating System :: MacOS','199 :: 221'),(222,2000032101,216,199,'wince','Windows CE','Windows CE',0,0,'Operating System :: Microsoft :: Windows :: Windows CE','199 :: 214 :: 216 :: 222'),(223,2000032101,199,199,'palmos','PalmOS','PalmOS (for Palm Pilot)',0,0,'Operating System :: PalmOS','199 :: 223'),(224,2000032101,199,199,'beos','BeOS','BeOS',0,0,'Operating System :: BeOS','199 :: 224'),(225,2000032101,0,0,'environment','Environment','Run-time environment required for this program.',0,0,'Environment','225'),(226,2000041101,225,225,'console','Console (Text Based)','Console-based programs.',0,0,'Environment :: Console (Text Based)','225 :: 226'),(227,2000032401,226,225,'curses','Curses','Curses-based software.',0,0,'Environment :: Console (Text Based) :: Curses','225 :: 226 :: 227'),(228,2000040701,226,225,'newt','Newt','Newt',0,0,'Environment :: Console (Text Based) :: Newt','225 :: 226 :: 228'),(229,2000040701,225,225,'x11','X11 Applications','Programs that run in an X windowing environment.',0,0,'Environment :: X11 Applications','225 :: 229'),(230,2000040701,225,225,'win32','Win32 (MS Windows)','Programs designed to run in a graphical Microsoft Windows environment.',0,0,'Environment :: Win32 (MS Windows)','225 :: 230'),(231,2000040701,229,225,'gnome','Gnome','Programs designed to run in a Gnome environment.',0,0,'Environment :: X11 Applications :: Gnome','225 :: 229 :: 231'),(232,2000040701,229,225,'kde','KDE','Programs designed to run in a KDE environment.',0,0,'Environment :: X11 Applications :: KDE','225 :: 229 :: 232'),(233,2000040701,225,225,'other','Other Environment','Programs designed to run in an environment other than one listed.',0,0,'Environment :: Other Environment','225 :: 233'),(234,2000040701,18,18,'other','Other/Nonlisted Topic','Topic does not fit into any listed category.',0,0,'Topic :: Other/Nonlisted Topic','18 :: 234'),(235,2000041001,199,199,'independent','OS Independent','This software does not depend on any particular operating system.',0,0,'Operating System :: OS Independent','199 :: 235'),(236,2000040701,199,199,'other','Other OS','Program is designe for a nonlisted operating system.',0,0,'Operating System :: Other OS','199 :: 236'),(237,2000041001,225,225,'web','Web Environment','This software is designed for a web environment.',0,0,'Environment :: Web Environment','225 :: 237'),(238,2000041101,225,225,'daemon','No Input/Output (Daemon)','This program has no input or output, but is intended to run in the background as a daemon.',0,0,'Environment :: No Input/Output (Daemon)','225 :: 238'),(240,2000041301,200,199,'gnuhurd','GNU Hurd','GNU Hurd',0,0,'Operating System :: POSIX :: GNU Hurd','199 :: 200 :: 240'),(242,2000042701,160,160,'scheme','Scheme','Scheme programming language.',0,0,'Programming Language :: Scheme','160 :: 242'),(254,2000071101,160,160,'plsql','PL/SQL','PL/SQL Programming Language',0,0,'Programming Language :: PL/SQL','160 :: 254'),(255,2000071101,160,160,'progress','PROGRESS','PROGRESS Programming Language',0,0,'Programming Language :: PROGRESS','160 :: 255'),(258,2000071101,160,160,'objectpascal','Object Pascal','Object Pascal',0,0,'Programming Language :: Object Pascal','160 :: 258'),(261,2000072501,160,160,'xbasic','XBasic','XBasic programming language',0,0,'Programming Language :: XBasic','160 :: 261'),(262,2000073101,160,160,'coldfusion','Cold Fusion','Cold Fusion Language',0,0,'Programming Language :: Cold Fusion','160 :: 262'),(263,2000080401,160,160,'euphoria','Euphoria','Euphoria programming language - http://www.rapideuphoria.com/',0,0,'Programming Language :: Euphoria','160 :: 263'),(264,2000080701,160,160,'erlang','Erlang','Erlang - developed by Ericsson - http://www.erlang.org/',0,0,'Programming Language :: Erlang','160 :: 264'),(265,2000080801,160,160,'Delphi','Delphi','Borland/Inprise Delphi',0,0,'Programming Language :: Delphi','160 :: 265'),(267,2000082001,160,160,'zope','Zope','Zope Object Publishing',0,0,'Programming Language :: Zope','160 :: 267'),(269,2001010901,160,160,'ruby','Ruby','A pragmatic, purely OO, extremelly elegant programming language offering the best of Perl, Python, Smalltalk and Eiffel. Worth a try ! (See http://www.ruby-lang.org)',0,0,'Programming Language :: Ruby','160 :: 269'),(273,2001011601,160,160,'matlab','Matlab','The Matlab (Matrix Laboratory) programming language for scientific and engineering numeric computation',0,0,'Programming Language :: Matlab','160 :: 273'),(279,2002081301,154,18,'printdrivers','Drivers','Printer drivers',0,0,'Topic :: Printing :: Drivers','18 :: 154 :: 279'),(280,2008012101,160,160,'vbdotnet','VB.NET','The VB.NET programming language',0,0,'Programming Language :: VB.NET','160 :: 280'),(281,2008012101,160,160,'csharp','C#','The C# programming language',0,0,'Programming Language :: C#','160 :: 281'),(282,2008012101,160,160,'javascript','JavaScript','The JavaScript programming language',0,0,'Programming Language :: JavaScript','160 :: 282');
/*!40000 ALTER TABLE `trove_cat` ENABLE KEYS */;
UNLOCK TABLES;

--
-- Table structure for table `trove_group_link`
--

DROP TABLE IF EXISTS `trove_group_link`;
/*!40101 SET @saved_cs_client     = @@character_set_client */;
/*!40101 SET character_set_client = utf8 */;
CREATE TABLE `trove_group_link` (
  `trove_group_id` int(11) NOT NULL auto_increment,
  `trove_cat_id` int(11) NOT NULL default '0',
  `trove_cat_version` int(11) NOT NULL default '0',
  `group_id` int(11) NOT NULL default '0',
  `trove_cat_root` int(11) NOT NULL default '0',
  PRIMARY KEY  (`trove_group_id`),
  KEY `idx_trove_group_link_group_id` (`group_id`),
  KEY `idx_trove_group_link_cat_id` (`trove_cat_id`)
) ENGINE=MyISAM DEFAULT CHARSET=utf8;
/*!40101 SET character_set_client = @saved_cs_client */;

--
-- Dumping data for table `trove_group_link`
--

LOCK TABLES `trove_group_link` WRITE;
/*!40000 ALTER TABLE `trove_group_link` DISABLE KEYS */;
/*!40000 ALTER TABLE `trove_group_link` ENABLE KEYS */;
UNLOCK TABLES;

--
-- Table structure for table `ugroup`
--

DROP TABLE IF EXISTS `ugroup`;
/*!40101 SET @saved_cs_client     = @@character_set_client */;
/*!40101 SET character_set_client = utf8 */;
CREATE TABLE `ugroup` (
  `ugroup_id` int(11) NOT NULL auto_increment,
  `name` text NOT NULL,
  `description` text NOT NULL,
  `group_id` int(11) NOT NULL,
  PRIMARY KEY  (`ugroup_id`)
) ENGINE=MyISAM AUTO_INCREMENT=102 DEFAULT CHARSET=utf8;
/*!40101 SET character_set_client = @saved_cs_client */;

--
-- Dumping data for table `ugroup`
--

LOCK TABLES `ugroup` WRITE;
/*!40000 ALTER TABLE `ugroup` DISABLE KEYS */;
INSERT INTO `ugroup` VALUES (100,'ugroup_nobody_name_key','ugroup_nobody_desc_key',100),(1,'ugroup_anonymous_users_name_key','ugroup_anonymous_users_desc_key',100),(2,'ugroup_registered_users_name_key','ugroup_registered_users_desc_key',100),(3,'ugroup_project_members_name_key','ugroup_project_members_desc_key',100),(4,'ugroup_project_admins_name_key','ugroup_project_admins_desc_key',100),(11,'ugroup_file_manager_admin_name_key','ugroup_file_manager_admin_desc_key',100),(12,'ugroup_document_tech_name_key','ugroup_document_tech_desc_key',100),(13,'ugroup_document_admin_name_key','ugroup_document_admin_desc_key',100),(14,'ugroup_wiki_admin_name_key','ugroup_wiki_admin_desc_key',100),(15,'ugroup_tracker_admins_name_key','ugroup_tracker_admins_desc_key',100),(101,'Tutu','',101);
/*!40000 ALTER TABLE `ugroup` ENABLE KEYS */;
UNLOCK TABLES;

--
-- Table structure for table `ugroup_mapping`
--

DROP TABLE IF EXISTS `ugroup_mapping`;
/*!40101 SET @saved_cs_client     = @@character_set_client */;
/*!40101 SET character_set_client = utf8 */;
CREATE TABLE `ugroup_mapping` (
  `to_group_id` int(11) NOT NULL,
  `src_ugroup_id` int(11) NOT NULL,
  `dst_ugroup_id` int(11) NOT NULL,
  PRIMARY KEY  (`to_group_id`,`src_ugroup_id`,`dst_ugroup_id`)
) ENGINE=MyISAM DEFAULT CHARSET=utf8;
/*!40101 SET character_set_client = @saved_cs_client */;

--
-- Dumping data for table `ugroup_mapping`
--

LOCK TABLES `ugroup_mapping` WRITE;
/*!40000 ALTER TABLE `ugroup_mapping` DISABLE KEYS */;
/*!40000 ALTER TABLE `ugroup_mapping` ENABLE KEYS */;
UNLOCK TABLES;

--
-- Table structure for table `ugroup_user`
--

DROP TABLE IF EXISTS `ugroup_user`;
/*!40101 SET @saved_cs_client     = @@character_set_client */;
/*!40101 SET character_set_client = utf8 */;
CREATE TABLE `ugroup_user` (
  `ugroup_id` int(11) NOT NULL,
  `user_id` int(11) NOT NULL
) ENGINE=MyISAM DEFAULT CHARSET=utf8;
/*!40101 SET character_set_client = @saved_cs_client */;

--
-- Dumping data for table `ugroup_user`
--

LOCK TABLES `ugroup_user` WRITE;
/*!40000 ALTER TABLE `ugroup_user` DISABLE KEYS */;
/*!40000 ALTER TABLE `ugroup_user` ENABLE KEYS */;
UNLOCK TABLES;

--
-- Table structure for table `user`
--

DROP TABLE IF EXISTS `user`;
/*!40101 SET @saved_cs_client     = @@character_set_client */;
/*!40101 SET character_set_client = utf8 */;
CREATE TABLE `user` (
  `user_id` int(11) NOT NULL auto_increment,
  `user_name` text NOT NULL,
  `email` text NOT NULL,
  `user_pw` varchar(32) NOT NULL default '',
  `realname` varchar(32) NOT NULL default '',
  `register_purpose` text,
  `status` char(1) NOT NULL default 'A',
  `shell` varchar(50) NOT NULL default '/sbin/nologin',
  `unix_pw` varchar(40) NOT NULL default '',
  `unix_status` char(1) NOT NULL default 'N',
  `unix_uid` int(11) NOT NULL default '0',
  `unix_box` varchar(10) NOT NULL default 'shell1',
  `ldap_id` text,
  `add_date` int(11) NOT NULL default '0',
  `approved_by` int(11) NOT NULL default '0',
  `confirm_hash` varchar(32) default NULL,
  `mail_siteupdates` int(11) NOT NULL default '0',
  `mail_va` int(11) NOT NULL default '0',
  `sticky_login` int(11) NOT NULL default '0',
  `authorized_keys` text,
  `email_new` text,
  `people_view_skills` int(11) NOT NULL default '0',
  `people_resume` text NOT NULL,
  `timezone` varchar(64) default 'GMT',
  `fontsize` int(10) unsigned NOT NULL default '0',
  `theme` varchar(50) default NULL,
  `language_id` varchar(17) NOT NULL default 'en_US',
  `last_pwd_update` int(11) NOT NULL default '0',
  `expiry_date` int(11) default NULL,
  PRIMARY KEY  (`user_id`),
  KEY `idx_user_name` (`user_name`(10)),
  KEY `idx_user_user` (`status`)
) ENGINE=MyISAM AUTO_INCREMENT=107 DEFAULT CHARSET=utf8;
/*!40101 SET character_set_client = @saved_cs_client */;

--
-- Dumping data for table `user`
--

LOCK TABLES `user` WRITE;
/*!40000 ALTER TABLE `user` DISABLE KEYS */;
INSERT INTO `user` VALUES (100,'None','noreply@antibott.cro.enalean.com','*********34343','0',NULL,'S','0','0','0',0,'0',NULL,940000000,0,NULL,0,0,0,NULL,NULL,0,'','GMT',0,'','en_US',0,NULL),(101,'admin','codendi-admin@antibott.cro.enalean.com','6f3cac6213ffceee27cc85414f458caa','Site Administrator',NULL,'A','/bin/false','$1$Sn;W@$PXu/wJEYCCN2.BmF2uSfT/','A',1,'shell1',NULL,940000000,0,NULL,0,0,0,NULL,NULL,0,'','GMT',0,'Tuleap','en_US',0,NULL),(99,'imadmin-bot','','5127685c3da658593e6bac55e441c175','IM Administrator (do not delete)',NULL,'A','/bin/false','***','A',0,'shell1',NULL,940000000,0,NULL,0,0,0,NULL,NULL,0,'','GMT',0,NULL,'en_US',0,NULL),(102,'nicolas','nicolas@cro.enalean.com','deb97a759ee7b8ba42e02dddf2b412fe','Nicolas Terray','','A','/sbin/nologin','$1$IZ$n//zMG.EBkEb1ByTgfGG5.','A',2,'shell1','',1318859828,101,'f33ce66bd3a3b5aa',1,1,0,NULL,NULL,0,'','Indian/Mayotte',0,'Tuleap','en_US',1318859828,0),(103,'johan','johan.martinsson@enalean.com','bd0584038948efc0cd4759e5acd51a5d','johan martinsson','','A','/sbin/nologin','$1$IF$SQ8d6iATXJ2k24KRwqumq/','A',3,'shell1','',1324348010,0,'e068f5f1d7e953fb',1,0,0,NULL,NULL,0,'','Europe/Paris',0,'Tuleap','en_US',1324348010,0),(104,'testuser','johan.martinsson@enalean.com','8f3a49a6fc297bc6ecfed837f5cda42a','tuleap test user','','A','/sbin/nologin','$1$3m$IH4xLYpbJwFeaUH5/lDOR.','A',4,'shell1','',1326722665,0,'51405bff052bd3bb',1,0,0,NULL,NULL,0,'','Europe/Paris',0,NULL,'en_US',1326722665,0),(105,'project_member','nicolas@cro.enalean.com','d11d2315bc885eabf68b067807524bc9','Project Member','','A','/sbin/nologin','$1$Kz$yBvBSIV2CoGFQINXnMSCX1','A',5,'shell1','',1328027841,0,'120d34d16d413209',1,1,0,NULL,NULL,0,'','Europe/Paris',0,NULL,'en_US',1328027841,0),(106,'project_admin','nicolas@cro.enalean.com','44c14b3d85aa3558f0bd569b632feea1','Project Admin','','A','/sbin/nologin','$1$a9$GQrX/1amYGRGOAdyrDCFp0','A',6,'shell1','',1328027844,0,'31ea7854d15fa6bb',1,0,0,NULL,NULL,0,'','Europe/Paris',0,NULL,'en_US',1328027844,0);
/*!40000 ALTER TABLE `user` ENABLE KEYS */;
UNLOCK TABLES;

--
-- Table structure for table `user_access`
--

DROP TABLE IF EXISTS `user_access`;
/*!40101 SET @saved_cs_client     = @@character_set_client */;
/*!40101 SET character_set_client = utf8 */;
CREATE TABLE `user_access` (
  `user_id` int(11) NOT NULL default '0',
  `last_access_date` int(11) NOT NULL default '0',
  `prev_auth_success` int(11) NOT NULL default '0',
  `last_auth_success` int(11) NOT NULL default '0',
  `last_auth_failure` int(11) NOT NULL default '0',
  `nb_auth_failure` int(11) NOT NULL default '0',
  PRIMARY KEY  (`user_id`)
) ENGINE=MyISAM DEFAULT CHARSET=utf8;
/*!40101 SET character_set_client = @saved_cs_client */;

--
-- Dumping data for table `user_access`
--

LOCK TABLES `user_access` WRITE;
/*!40000 ALTER TABLE `user_access` DISABLE KEYS */;
INSERT INTO `user_access` VALUES (100,0,0,0,0,0),(101,1328027995,1328027768,1328027995,1324567297,0),(99,0,0,0,0,0),(102,1324043732,1319205068,1319209749,0,0),(103,1324588762,1324567400,1324588762,1324349367,0),(104,1328069326,1326878572,1328069326,1328069320,0),(105,1328031765,0,1328031765,0,0),(106,1328031830,1328031260,1328031830,0,0);
/*!40000 ALTER TABLE `user_access` ENABLE KEYS */;
UNLOCK TABLES;

--
-- Table structure for table `user_bookmarks`
--

DROP TABLE IF EXISTS `user_bookmarks`;
/*!40101 SET @saved_cs_client     = @@character_set_client */;
/*!40101 SET character_set_client = utf8 */;
CREATE TABLE `user_bookmarks` (
  `bookmark_id` int(11) NOT NULL auto_increment,
  `user_id` int(11) NOT NULL default '0',
  `bookmark_url` text,
  `bookmark_title` text,
  PRIMARY KEY  (`bookmark_id`),
  KEY `idx_user_bookmark_user_id` (`user_id`)
) ENGINE=MyISAM DEFAULT CHARSET=utf8;
/*!40101 SET character_set_client = @saved_cs_client */;

--
-- Dumping data for table `user_bookmarks`
--

LOCK TABLES `user_bookmarks` WRITE;
/*!40000 ALTER TABLE `user_bookmarks` DISABLE KEYS */;
/*!40000 ALTER TABLE `user_bookmarks` ENABLE KEYS */;
UNLOCK TABLES;

--
-- Table structure for table `user_group`
--

DROP TABLE IF EXISTS `user_group`;
/*!40101 SET @saved_cs_client     = @@character_set_client */;
/*!40101 SET character_set_client = utf8 */;
CREATE TABLE `user_group` (
  `user_group_id` int(11) NOT NULL auto_increment,
  `user_id` int(11) NOT NULL default '0',
  `group_id` int(11) NOT NULL default '0',
  `admin_flags` char(16) NOT NULL default '',
  `bug_flags` int(11) NOT NULL default '0',
  `forum_flags` int(11) NOT NULL default '0',
  `project_flags` int(11) NOT NULL default '2',
  `patch_flags` int(11) NOT NULL default '1',
  `support_flags` int(11) NOT NULL default '1',
  `doc_flags` int(11) NOT NULL default '0',
  `file_flags` int(11) NOT NULL default '0',
  `wiki_flags` int(11) NOT NULL default '0',
  `svn_flags` int(11) NOT NULL default '0',
  `news_flags` int(11) NOT NULL default '0',
  PRIMARY KEY  (`user_group_id`),
  KEY `idx_user_group_user_id` (`user_id`),
  KEY `idx_user_group_group_id` (`group_id`),
  KEY `bug_flags_idx` (`bug_flags`),
  KEY `forum_flags_idx` (`forum_flags`),
  KEY `project_flags_idx` (`project_flags`),
  KEY `admin_flags_idx` (`admin_flags`)
) ENGINE=MyISAM AUTO_INCREMENT=9 DEFAULT CHARSET=utf8;
/*!40101 SET character_set_client = @saved_cs_client */;

--
-- Dumping data for table `user_group`
--

LOCK TABLES `user_group` WRITE;
/*!40000 ALTER TABLE `user_group` DISABLE KEYS */;
INSERT INTO `user_group` VALUES (1,101,1,'A',2,2,2,2,2,1,2,2,2,2),(2,99,99,'A',0,0,2,1,1,0,0,0,0,0),(3,102,1,'',0,0,2,1,1,0,0,0,0,0),(4,102,101,'A',2,2,2,2,2,2,2,2,2,2),(5,103,101,'A',0,0,2,1,1,0,0,0,0,0),(6,104,101,'A',0,0,2,1,1,0,0,0,0,0),(7,106,102,'A',2,2,2,2,2,2,2,2,2,2),(8,105,102,'',0,0,2,1,1,0,0,0,0,0);
/*!40000 ALTER TABLE `user_group` ENABLE KEYS */;
UNLOCK TABLES;

--
-- Table structure for table `user_plugin`
--

DROP TABLE IF EXISTS `user_plugin`;
/*!40101 SET @saved_cs_client     = @@character_set_client */;
/*!40101 SET character_set_client = utf8 */;
CREATE TABLE `user_plugin` (
  `user_id` int(11) NOT NULL,
  `plugin_id` int(11) NOT NULL
) ENGINE=MyISAM DEFAULT CHARSET=utf8;
/*!40101 SET character_set_client = @saved_cs_client */;

--
-- Dumping data for table `user_plugin`
--

LOCK TABLES `user_plugin` WRITE;
/*!40000 ALTER TABLE `user_plugin` DISABLE KEYS */;
/*!40000 ALTER TABLE `user_plugin` ENABLE KEYS */;
UNLOCK TABLES;

--
-- Table structure for table `user_preferences`
--

DROP TABLE IF EXISTS `user_preferences`;
/*!40101 SET @saved_cs_client     = @@character_set_client */;
/*!40101 SET character_set_client = utf8 */;
CREATE TABLE `user_preferences` (
  `user_id` int(11) NOT NULL default '0',
  `preference_name` varchar(255) NOT NULL default '',
  `preference_value` text,
  PRIMARY KEY  (`user_id`,`preference_name`)
) ENGINE=MyISAM DEFAULT CHARSET=utf8;
/*!40101 SET character_set_client = @saved_cs_client */;

--
-- Dumping data for table `user_preferences`
--

LOCK TABLES `user_preferences` WRITE;
/*!40000 ALTER TABLE `user_preferences` DISABLE KEYS */;
INSERT INTO `user_preferences` VALUES (101,'synchronizer_token_/admin/sessions.phpea03f4039ee7f7f013f38f8cddae91c4','71c0dd5ca3a07b8f232fe2fc32d85540'),(101,'my_artifacts_show','AS'),(102,'my_artifacts_show','AS'),(102,'synchronizer_token_/project/register.php4448242e93df6d55121e800f3f331e5d','e4ed3b17b69aad50847c210750357f95'),(102,'my_hide_forum101','0|3'),(102,'plugin_docman_hide_101_29','2'),(102,'synchronizer_token_/account/preferences.php9024509df185f5cc84264b164642d455','e18e3e12b27c5397ca7b53141d9b4367'),(102,'artifact_browse_report101','100'),(102,'my_hide_artifact101','0|1'),(102,'synchronizer_token_/account/preferences.phpb886402577af3317bc1917d67a54006e','4551585eb2b72e75c586f61fd7e0f3af'),(102,'user_csv_separator','comma'),(102,'user_csv_dateformat','month_day_year'),(102,'user_tracker_mailformat','text'),(102,'username_display','0'),(102,'use_lab_features','0'),(103,'my_artifacts_show','AS'),(103,'synchronizer_token_/account/preferences.php77cd89d17942afec1b101c3f6fcc9415','86e3ac94649397b1afa8176cd4967d35'),(103,'user_csv_separator','comma'),(103,'user_csv_dateformat','month_day_year'),(103,'user_tracker_mailformat','text'),(103,'username_display','0'),(103,'use_lab_features','1'),(101,'synchronizer_token_/account/preferences.phpf43bae0335c66a2b9e7f18e71252327e','c9dd598b45480eb996477600e7418da8'),(101,'user_csv_separator','comma'),(101,'user_csv_dateformat','month_day_year'),(101,'user_tracker_mailformat','text'),(101,'username_display','0'),(101,'use_lab_features','0'),(103,'tracker_105_report_101_last_renderer','101'),(103,'recent_elements','a:1:{i:0;a:2:{s:2:\"id\";s:1:\"2\";s:4:\"link\";s:81:\"<a class=\"cross-reference\" href=\"/goto?key=bugss&val=2&group_id=101\">bugss #2</a>\";}}'),(101,'synchronizer_token_/admin/sessions.phpf9855694898e8d727233be086a8090ec','7b8d68b0f9f59cb176518039f6ff835f'),(104,'my_artifacts_show','AS'),(104,'tracker_105_report_101_last_renderer','101'),(104,'artifact_browse_report101','100'),(104,'recent_elements','a:2:{i:0;a:2:{s:2:\"id\";s:1:\"4\";s:4:\"link\";s:81:\"<a class=\"cross-reference\" href=\"/goto?key=bugss&val=4&group_id=101\">bugss #4</a>\";}i:1;a:2:{s:2:\"id\";s:1:\"3\";s:4:\"link\";s:81:\"<a class=\"cross-reference\" href=\"/goto?key=bugss&val=3&group_id=101\">bugss #3</a>\";}}'),(101,'tracker_105_report_101_last_renderer','101'),(101,'synchronizer_token_/project/register.php955d469c6f7153180852d73d5101fcd1','85554d0f8eb98136320fb5caec606030'),(106,'my_artifacts_show','AS'),(106,'synchronizer_token_/project/register.php64be5a460ea3254ca10f906150019d1f','8d022a0548c18d97b28b81ab52d0fb93'),(106,'my_hide_forum102','0|3'),(105,'my_artifacts_show','AS'),(104,'tracker_110_report_103_last_renderer','103');
/*!40000 ALTER TABLE `user_preferences` ENABLE KEYS */;
UNLOCK TABLES;

--
-- Table structure for table `widget_image`
--

DROP TABLE IF EXISTS `widget_image`;
/*!40101 SET @saved_cs_client     = @@character_set_client */;
/*!40101 SET character_set_client = utf8 */;
CREATE TABLE `widget_image` (
  `id` int(11) unsigned NOT NULL auto_increment,
  `owner_id` int(11) unsigned NOT NULL default '0',
  `owner_type` varchar(1) NOT NULL default 'u',
  `title` varchar(255) NOT NULL,
  `url` text NOT NULL,
  PRIMARY KEY  (`id`),
  KEY `owner_id` (`owner_id`,`owner_type`)
) ENGINE=MyISAM DEFAULT CHARSET=utf8;
/*!40101 SET character_set_client = @saved_cs_client */;

--
-- Dumping data for table `widget_image`
--

LOCK TABLES `widget_image` WRITE;
/*!40000 ALTER TABLE `widget_image` DISABLE KEYS */;
/*!40000 ALTER TABLE `widget_image` ENABLE KEYS */;
UNLOCK TABLES;

--
-- Table structure for table `widget_rss`
--

DROP TABLE IF EXISTS `widget_rss`;
/*!40101 SET @saved_cs_client     = @@character_set_client */;
/*!40101 SET character_set_client = utf8 */;
CREATE TABLE `widget_rss` (
  `id` int(11) unsigned NOT NULL auto_increment,
  `owner_id` int(11) unsigned NOT NULL default '0',
  `owner_type` varchar(1) NOT NULL default 'u',
  `title` varchar(255) NOT NULL,
  `url` text NOT NULL,
  PRIMARY KEY  (`id`),
  KEY `owner_id` (`owner_id`,`owner_type`)
) ENGINE=MyISAM DEFAULT CHARSET=utf8;
/*!40101 SET character_set_client = @saved_cs_client */;

--
-- Dumping data for table `widget_rss`
--

LOCK TABLES `widget_rss` WRITE;
/*!40000 ALTER TABLE `widget_rss` DISABLE KEYS */;
/*!40000 ALTER TABLE `widget_rss` ENABLE KEYS */;
UNLOCK TABLES;

--
-- Table structure for table `widget_twitterfollow`
--

DROP TABLE IF EXISTS `widget_twitterfollow`;
/*!40101 SET @saved_cs_client     = @@character_set_client */;
/*!40101 SET character_set_client = utf8 */;
CREATE TABLE `widget_twitterfollow` (
  `id` int(11) unsigned NOT NULL auto_increment,
  `owner_id` int(11) unsigned NOT NULL default '0',
  `owner_type` varchar(1) NOT NULL default 'u',
  `title` varchar(255) NOT NULL,
  `user` text NOT NULL,
  PRIMARY KEY  (`id`),
  KEY `owner_id` (`owner_id`,`owner_type`)
) ENGINE=MyISAM DEFAULT CHARSET=utf8;
/*!40101 SET character_set_client = @saved_cs_client */;

--
-- Dumping data for table `widget_twitterfollow`
--

LOCK TABLES `widget_twitterfollow` WRITE;
/*!40000 ALTER TABLE `widget_twitterfollow` DISABLE KEYS */;
/*!40000 ALTER TABLE `widget_twitterfollow` ENABLE KEYS */;
UNLOCK TABLES;

--
-- Table structure for table `widget_wikipage`
--

DROP TABLE IF EXISTS `widget_wikipage`;
/*!40101 SET @saved_cs_client     = @@character_set_client */;
/*!40101 SET character_set_client = utf8 */;
CREATE TABLE `widget_wikipage` (
  `id` int(11) unsigned NOT NULL auto_increment,
  `owner_id` int(11) unsigned NOT NULL default '0',
  `owner_type` varchar(1) NOT NULL default 'u',
  `title` varchar(255) NOT NULL,
  `group_id` int(11) unsigned NOT NULL default '0',
  `wiki_page` text,
  PRIMARY KEY  (`id`),
  KEY `owner_id` (`owner_id`,`owner_type`)
) ENGINE=MyISAM DEFAULT CHARSET=utf8;
/*!40101 SET character_set_client = @saved_cs_client */;

--
-- Dumping data for table `widget_wikipage`
--

LOCK TABLES `widget_wikipage` WRITE;
/*!40000 ALTER TABLE `widget_wikipage` DISABLE KEYS */;
/*!40000 ALTER TABLE `widget_wikipage` ENABLE KEYS */;
UNLOCK TABLES;

--
-- Table structure for table `wiki_attachment`
--

DROP TABLE IF EXISTS `wiki_attachment`;
/*!40101 SET @saved_cs_client     = @@character_set_client */;
/*!40101 SET character_set_client = utf8 */;
CREATE TABLE `wiki_attachment` (
  `id` int(11) NOT NULL auto_increment,
  `group_id` int(11) NOT NULL,
  `name` varchar(255) NOT NULL,
  `filesystem_name` varchar(255) default NULL,
  `delete_date` int(11) unsigned default NULL,
  PRIMARY KEY  (`id`)
) ENGINE=MyISAM DEFAULT CHARSET=utf8;
/*!40101 SET character_set_client = @saved_cs_client */;

--
-- Dumping data for table `wiki_attachment`
--

LOCK TABLES `wiki_attachment` WRITE;
/*!40000 ALTER TABLE `wiki_attachment` DISABLE KEYS */;
/*!40000 ALTER TABLE `wiki_attachment` ENABLE KEYS */;
UNLOCK TABLES;

--
-- Table structure for table `wiki_attachment_deleted`
--

DROP TABLE IF EXISTS `wiki_attachment_deleted`;
/*!40101 SET @saved_cs_client     = @@character_set_client */;
/*!40101 SET character_set_client = utf8 */;
CREATE TABLE `wiki_attachment_deleted` (
  `id` int(11) NOT NULL auto_increment,
  `group_id` int(11) NOT NULL,
  `name` varchar(255) NOT NULL,
  `filesystem_name` varchar(255) default NULL,
  `delete_date` int(11) unsigned default NULL,
  `purge_date` int(11) unsigned default NULL,
  PRIMARY KEY  (`id`),
  KEY `idx_delete_date` (`delete_date`),
  KEY `idx_purge_date` (`purge_date`)
) ENGINE=MyISAM DEFAULT CHARSET=utf8;
/*!40101 SET character_set_client = @saved_cs_client */;

--
-- Dumping data for table `wiki_attachment_deleted`
--

LOCK TABLES `wiki_attachment_deleted` WRITE;
/*!40000 ALTER TABLE `wiki_attachment_deleted` DISABLE KEYS */;
/*!40000 ALTER TABLE `wiki_attachment_deleted` ENABLE KEYS */;
UNLOCK TABLES;

--
-- Table structure for table `wiki_attachment_log`
--

DROP TABLE IF EXISTS `wiki_attachment_log`;
/*!40101 SET @saved_cs_client     = @@character_set_client */;
/*!40101 SET character_set_client = utf8 */;
CREATE TABLE `wiki_attachment_log` (
  `user_id` int(11) NOT NULL default '0',
  `group_id` int(11) NOT NULL default '0',
  `wiki_attachment_id` int(11) NOT NULL default '0',
  `wiki_attachment_revision_id` int(11) NOT NULL default '0',
  `time` int(11) NOT NULL default '0',
  KEY `all_idx` (`user_id`,`group_id`),
  KEY `time_idx` (`time`),
  KEY `group_id_idx` (`group_id`)
) ENGINE=MyISAM DEFAULT CHARSET=utf8;
/*!40101 SET character_set_client = @saved_cs_client */;

--
-- Dumping data for table `wiki_attachment_log`
--

LOCK TABLES `wiki_attachment_log` WRITE;
/*!40000 ALTER TABLE `wiki_attachment_log` DISABLE KEYS */;
/*!40000 ALTER TABLE `wiki_attachment_log` ENABLE KEYS */;
UNLOCK TABLES;

--
-- Table structure for table `wiki_attachment_revision`
--

DROP TABLE IF EXISTS `wiki_attachment_revision`;
/*!40101 SET @saved_cs_client     = @@character_set_client */;
/*!40101 SET character_set_client = utf8 */;
CREATE TABLE `wiki_attachment_revision` (
  `id` int(11) NOT NULL auto_increment,
  `attachment_id` int(11) NOT NULL,
  `user_id` int(11) NOT NULL,
  `date` int(11) NOT NULL,
  `revision` int(11) NOT NULL,
  `mimetype` varchar(255) NOT NULL,
  `size` bigint(20) NOT NULL,
  PRIMARY KEY  (`id`)
) ENGINE=MyISAM DEFAULT CHARSET=utf8;
/*!40101 SET character_set_client = @saved_cs_client */;

--
-- Dumping data for table `wiki_attachment_revision`
--

LOCK TABLES `wiki_attachment_revision` WRITE;
/*!40000 ALTER TABLE `wiki_attachment_revision` DISABLE KEYS */;
/*!40000 ALTER TABLE `wiki_attachment_revision` ENABLE KEYS */;
UNLOCK TABLES;

--
-- Table structure for table `wiki_group_list`
--

DROP TABLE IF EXISTS `wiki_group_list`;
/*!40101 SET @saved_cs_client     = @@character_set_client */;
/*!40101 SET character_set_client = utf8 */;
CREATE TABLE `wiki_group_list` (
  `id` int(11) NOT NULL auto_increment,
  `group_id` int(11) NOT NULL default '0',
  `wiki_name` varchar(255) NOT NULL default '',
  `wiki_link` varchar(255) NOT NULL default '',
  `description` varchar(255) NOT NULL default '',
  `rank` int(11) NOT NULL default '0',
  `language_id` varchar(17) NOT NULL default 'en_US',
  PRIMARY KEY  (`id`)
) ENGINE=MyISAM AUTO_INCREMENT=2 DEFAULT CHARSET=utf8;
/*!40101 SET character_set_client = @saved_cs_client */;

--
-- Dumping data for table `wiki_group_list`
--

LOCK TABLES `wiki_group_list` WRITE;
/*!40000 ALTER TABLE `wiki_group_list` DISABLE KEYS */;
INSERT INTO `wiki_group_list` VALUES (1,102,'Home Page','HomePage','Initial wiki document',0,'en_US');
/*!40000 ALTER TABLE `wiki_group_list` ENABLE KEYS */;
UNLOCK TABLES;

--
-- Table structure for table `wiki_link`
--

DROP TABLE IF EXISTS `wiki_link`;
/*!40101 SET @saved_cs_client     = @@character_set_client */;
/*!40101 SET character_set_client = utf8 */;
CREATE TABLE `wiki_link` (
  `linkfrom` int(11) NOT NULL,
  `linkto` int(11) NOT NULL,
  KEY `linkfrom` (`linkfrom`),
  KEY `linkto` (`linkto`)
) ENGINE=MyISAM DEFAULT CHARSET=utf8;
/*!40101 SET character_set_client = @saved_cs_client */;

--
-- Dumping data for table `wiki_link`
--

LOCK TABLES `wiki_link` WRITE;
/*!40000 ALTER TABLE `wiki_link` DISABLE KEYS */;
INSERT INTO `wiki_link` VALUES (3,4),(3,5),(6,7),(9,8),(9,4),(9,3),(9,5),(10,5),(10,4),(11,11),(12,12),(12,13),(12,5),(12,4),(13,13),(13,14),(13,15),(13,4),(13,16),(13,17),(13,18),(13,5),(20,21),(22,22),(22,4),(24,4),(24,25),(24,5),(26,4),(26,5),(29,5),(29,4),(30,31),(30,32),(30,33),(34,35),(34,5),(34,4),(36,32),(36,37),(38,30),(39,30),(40,17),(40,5),(40,4),(35,34),(35,41),(35,42),(35,5),(35,4),(43,44),(43,45),(43,46),(43,47),(43,48),(43,49),(43,50),(43,51),(43,52),(43,53),(43,54),(43,55),(43,56),(43,57),(43,58),(43,59),(43,60),(43,61),(43,62),(43,63),(43,64),(43,65),(43,66),(43,67),(43,68),(43,69),(43,70),(43,71),(43,72),(43,73),(43,74),(43,75),(43,76),(43,77),(43,78),(43,79),(43,80),(43,81),(43,82),(43,83),(43,84),(43,85),(43,86),(43,87),(43,88),(43,89),(43,90),(43,91),(43,92),(43,93),(43,94),(43,95),(43,96),(43,97),(43,98),(43,99),(43,100),(43,101),(43,102),(43,103),(43,104),(43,105),(43,106),(43,107),(43,108),(43,109),(43,110),(43,111),(43,112),(43,113),(43,114),(43,115),(43,116),(43,117),(43,118),(43,119),(43,120),(43,121),(43,122),(43,123),(43,17),(43,124),(43,125),(43,126),(43,127),(43,128),(43,129),(43,130),(43,131),(43,132),(43,133),(43,134),(43,135),(43,136),(43,137),(43,138),(43,139),(43,140),(43,141),(43,142),(43,143),(43,144),(43,145),(43,146),(43,147),(43,148),(43,149),(43,150),(43,151),(43,152),(43,153),(43,154),(43,155),(43,156),(43,157),(43,158),(43,159),(43,160),(43,161),(43,162),(43,163),(43,164),(43,165),(43,166),(43,167),(43,168),(43,169),(43,170),(43,171),(43,172),(43,173),(43,174),(43,175),(176,43),(176,177),(176,4),(178,178),(179,179),(179,5),(179,4),(181,181),(181,5),(181,4),(182,182),(182,183),(182,184),(182,41),(182,185),(182,181),(182,186),(182,5),(7,7),(187,188),(187,189),(187,190),(193,5),(193,4),(194,194),(194,195),(194,5),(194,4),(188,17),(188,196),(188,197),(188,198),(188,2),(188,5),(190,17),(190,4),(190,40),(190,200),(190,201),(190,202),(190,203),(190,204),(190,205),(190,195),(190,206),(190,207),(190,208),(190,209),(190,210),(190,211),(190,212),(190,213),(190,214),(190,215),(190,216),(190,5),(32,37),(37,32),(219,219),(219,41),(219,220),(219,5),(222,222),(222,181),(222,5),(222,4),(223,4),(223,224),(223,5),(226,227),(226,4),(195,5),(195,4),(229,23),(229,230),(229,228),(229,231),(229,5),(229,4),(232,232),(232,233),(232,234),(232,183),(232,184),(232,41),(232,181),(232,186),(232,4),(232,190),(232,5),(189,30),(206,206),(206,235),(236,4),(236,237),(236,13),(236,5),(237,32),(237,5),(237,4),(4,17),(4,190),(4,40),(4,4),(4,186),(4,11),(4,32),(4,37),(4,180),(4,242),(4,6),(4,243),(4,244),(4,245),(4,5),(41,2),(41,32),(41,180),(41,5);
/*!40000 ALTER TABLE `wiki_link` ENABLE KEYS */;
UNLOCK TABLES;

--
-- Table structure for table `wiki_log`
--

DROP TABLE IF EXISTS `wiki_log`;
/*!40101 SET @saved_cs_client     = @@character_set_client */;
/*!40101 SET character_set_client = utf8 */;
CREATE TABLE `wiki_log` (
  `user_id` int(11) NOT NULL default '0',
  `group_id` int(11) NOT NULL default '0',
  `pagename` varchar(255) NOT NULL default '',
  `time` int(11) NOT NULL default '0',
  KEY `all_idx` (`user_id`,`group_id`),
  KEY `time_idx` (`time`),
  KEY `group_id_idx` (`group_id`)
) ENGINE=MyISAM DEFAULT CHARSET=utf8;
/*!40101 SET character_set_client = @saved_cs_client */;

--
-- Dumping data for table `wiki_log`
--

LOCK TABLES `wiki_log` WRITE;
/*!40000 ALTER TABLE `wiki_log` DISABLE KEYS */;
/*!40000 ALTER TABLE `wiki_log` ENABLE KEYS */;
UNLOCK TABLES;

--
-- Table structure for table `wiki_nonempty`
--

DROP TABLE IF EXISTS `wiki_nonempty`;
/*!40101 SET @saved_cs_client     = @@character_set_client */;
/*!40101 SET character_set_client = utf8 */;
CREATE TABLE `wiki_nonempty` (
  `id` int(11) NOT NULL,
  PRIMARY KEY  (`id`)
) ENGINE=MyISAM DEFAULT CHARSET=utf8;
/*!40101 SET character_set_client = @saved_cs_client */;

--
-- Dumping data for table `wiki_nonempty`
--

LOCK TABLES `wiki_nonempty` WRITE;
/*!40000 ALTER TABLE `wiki_nonempty` DISABLE KEYS */;
INSERT INTO `wiki_nonempty` VALUES (2),(3),(4),(5),(6),(7),(8),(9),(10),(11),(12),(13),(19),(20),(22),(23),(24),(26),(27),(28),(29),(30),(32),(34),(35),(36),(37),(38),(39),(40),(41),(43),(176),(178),(179),(180),(181),(182),(187),(188),(189),(190),(191),(192),(193),(194),(195),(196),(197),(198),(199),(206),(209),(217),(218),(219),(221),(222),(223),(225),(226),(228),(229),(232),(236),(237),(238),(239),(240),(241);
/*!40000 ALTER TABLE `wiki_nonempty` ENABLE KEYS */;
UNLOCK TABLES;

--
-- Table structure for table `wiki_page`
--

DROP TABLE IF EXISTS `wiki_page`;
/*!40101 SET @saved_cs_client     = @@character_set_client */;
/*!40101 SET character_set_client = utf8 */;
CREATE TABLE `wiki_page` (
  `id` int(11) NOT NULL auto_increment,
  `pagename` varchar(100) character set utf8 collate utf8_bin NOT NULL,
  `hits` int(11) NOT NULL default '0',
  `pagedata` mediumtext NOT NULL,
  `cached_html` mediumblob,
  `group_id` int(11) NOT NULL default '0',
  PRIMARY KEY  (`id`),
  KEY `idx_page_group` (`group_id`,`pagename`(10))
) ENGINE=MyISAM AUTO_INCREMENT=246 DEFAULT CHARSET=utf8;
/*!40101 SET character_set_client = @saved_cs_client */;

--
-- Dumping data for table `wiki_page`
--

LOCK TABLES `wiki_page` WRITE;
/*!40000 ALTER TABLE `wiki_page` DISABLE KEYS */;
INSERT INTO `wiki_page` VALUES (1,'global_data',0,'a:1:{s:8:\"__global\";a:1:{s:10:\"_timestamp\";a:2:{i:0;i:1328031282;i:1;i:71;}}}',NULL,102),(2,'SandBox',0,'a:1:{s:4:\"date\";i:1012170535;}','xm1O@\nQ\0\'HDBLsJ(}T=QZ1\r$rM3^S2/xJ1bi\\yg]~;4&toqh8(>^z\Z$>i\\X',102),(3,'AddCommentPlugin',0,'a:1:{s:4:\"date\";i:1088929862;}','xUKo7Wx0a;.:=\r\ZvA-Gw-II\rqpgZ->xOtp7->LxKZ+_p.d&9(i\Z~V/K\n=)DG?%T+(j%VUYE1iMdZgn \r8[0Oz|FVjth	B@-,@@p?_{%FZlJ(zlZxt[}O\nMHy;p&jYpRhFnkxyN{y5|_/o-Z6Vc)FD*>@2^~BH,&,-,QLO<dCkEtyIn)fir}%;iI5FDu\"3:$0r15\n\rj{jVf,99+Q ulF-(	bY{\n&)Xmpr~\\TdbjS.U2=,h1uw{)aWEs2M{C~Cg]\Z?%	$\r6{:Z-1qQRl%]cIom\Zf8u/\0!{$l`Mow y`1hc+Sf|yYnoeWH@O *?\r^hCwn}UmdT)<\\~x.KUhR>u)KtUm\nKgm/!\n0\"',102),(4,'WikiPlugin',0,'a:2:{s:8:\"pagedata\";s:0:\"\";s:4:\"date\";i:1140344443;}','xZks_C*+Gurvw:$\\SKVgCHIf1Ebg.~Ys4iGx![%y~=5rR?N0p\"J0yjGQWGLt5F&T5Oh8S`EB(HZ{,8K{DJd&i^8PyG]\rS\\`nB&z1nw;N_<IL	(AT[/<Ta h<+VR$`BL2soYdY4/\"hAqe<!mDzr&?xe2jv0\00k<??kM/H-`TmX0STBUx:~l%\rUW^V(U2\\P,<SXlu5;18)R\ZkTIWJ@a>d)oe{)KrD`.ro2sSaqI\r%o/NEQX\ZyMH8`R{r9`I\"7\n;q>Nt>m[+J%os=,IgB$!PawXqMn,;$L_J3AGW\0-Kr\"8v`nFyx%lBI%#2%+\0FKZ5TL8eE\ZdX6?BqM>\nw|TT^H0,co%M& /<c\0g%irK@-OWh*RJVf\"U\'k3DmDtNgoA[@DapfVtUO7\"%|d+Da[rxb\0/}w<:~4X+YFz%Uvj<7ow~(\ZEzw~^I@THkL3y:SpEi=jHLx$T\']	z.@xT!5K]{Dj{=%nD$Rtd7Z-D$+6y2\02;OG	\"j#iz\"I`)e\nE\"re1b! sF)%+Uj&*w\n~/PNr0l(<vHdic4L{6\Zeo3\0eBr22pOq{2CA,c(w5yY3/_}]?GrWC^%94r.1(W0)6fZwgWSi:_dz63g@Bu\ZK)=uO^)t#}IwoMOv3QghC.UrK8YT\'I F3iNij%72Sf1\';ky.i(.yD/&-pXU9x.@(DJhVggsSO4^Ids]BSFVrMMJKO:4.	i7)sF`I7R\np?J7F\'\'4QNyuz\nF${jx6@!J\"4VXEfRGa\0/}Z\'<9>/U59	~8,Z\nFe@[&c\0u4&$o+9<5d g\'UPXkYAM(+#\'_R,4@>k%\nEOTq,JM7`:-rp,*\r\n\';,O#==n)2WoD=>ay%Xi-.(/*7%(w]\r//9y`f,F5|%2lvj<HG9.]o[hDgG6\\m\Z@Qr\Z>gB=F-W&X[YV;%)CRP\"X-Q\'&amn7g\'{-aLje3tJcWN-0A)9A`6E0g-T(9Isk9RPDo9\0E\\Ty~u\'D.A\\MAm+r<xZ\0uz1)=%_dC\"Knr*4\Z 1	\n%,GHs$.oeAEsnH_O(B-&*dbV^^\"zo>D$sT\'CH$@kXL}(D^\ZsN3E\"N=mt\Z1^g zXvDr\">?bxHl\\`k5;Hs$m62PNf:\r0[LEped-1R3Ir{jMjI]q0e+,tAxpr(\Zd!8h	4l9WJg17wlI\nfK0}uYwQV)VH\0fWb!GzLJ/\nRq4oDNGC~FN\"	]81>3>tO*WsV6$w\\QYAM26	9uv8X\07pd|0eiq&z]jT]QDn]&no^&Cq}F21H\n:G\0Zv|UZk;A|R2: )e,\'3\r\'qzU)P?T	-Km)F\nIGkjK	05|*[*qh 2y277~\ZM|U^1<OfnaA@l9-n-3upa\\tiOoW_)t:<CF}{M=Mtj.Kw2Wku_GQY%wO``;{3\'6UySC;}Ov#P[~B oR*uwT?#Tl8)*eI^EopN~$9r\0M<Zdp&',102),(5,'PhpWikiDocumentation',0,'a:2:{s:8:\"pagedata\";s:0:\"\";s:4:\"date\";i:1036436041;}','xR]K0}W\"/Qv8pH]{Y$cv0K9s\'q63B6T3t\'|m9eO<:l*jAK=	Xfy_HvC<wAZ#ezTW\nd+-oI$mOp2\r\'@UNe^@G7:#U?gQGn),aS\n;2C\\g\Z-vh*$\n\nCjh3c0e3!46c\"r7br\ZZ/Nlf^es-](--s4	\rGB^DoW5Q;s>Hm[',102),(6,'AllPages',0,'a:2:{s:4:\"date\";i:1068942342;s:6:\"locked\";s:3:\"yes\";}','xEQMO0+[[NHHa*KZH:wj{y\'^9k$dp&`\n|	3j;#oEc	^@[t+]0.\\adE\"zW]jc@5\"BY+9	`:m5F(w9Bp[SWn\'!\ZO%ZL}2 dW[Ps!}(f]9ZflfW7k;	i5,_,&;.J.x_3?,',102),(7,'OrphanedPages',0,'a:2:{s:4:\"date\";i:1013795460;s:6:\"locked\";s:3:\"yes\";}','x}Oo0|(]-[aI#\n!m5A$v1{/?H W2~k~	=pcNeRp1{,(2d `M>_XTY+?>awQAT~&en@;FiPd)s$b14O}KHn)w& 8U[\"\Z8jyB\neNhbA;1*%c4,ws\nd42e\"4*\\fFZZax8|bT}3R',102),(8,'AppendText',0,'a:1:{s:4:\"date\";i:1101390961;}','xEAN@E\"H&Bb]dMZQgh\'X~~T]D(qCx\\E>$-\\E\n(r&?iyR}b:9gb|]>{o<.	fT	Bi`@+3n?QU#;MwNY',102),(9,'AppendTextPlugin',0,'a:1:{s:4:\"date\";i:1101390961;}','xUKO0$B{\nj8&SaY!{>B(x|39>%);%sp\r\'s\ZRrJ~Lvp,o-(9i\ZBByZ93tt#rM*~4Kel\"98=2yWUB%>$2~t>eim9\rufNL9\0_Mxb_+nU0q*\'(Nu]#=Tqt$jAQ\r7DVj8:W{Oe]$0&%1KiUd\'ng7FqH7:Uh!$\'Rd~yOY+@vSubN\n&gln	y\0;Z1p.3sW7Ha7gUBzMq|_\0%=$=y/dg\Z]Ia)6AeBn-h\n#tD\077S)?#V1\"1kZ)=S?b5O-:\'Kv(or{oc9^j#/RWxK$AH6]{@%8|%tQ5L<G\Zk6p)ns#\Zu239xZC',102),(10,'AuthorHistoryPlugin',0,'a:1:{s:4:\"date\";i:1088929862;}','xSn0+Ymrb=hz&u>\rzGNR^ao}UO$JNEv\'ORi-9/\"2jou O;6>3-aK\"STu4*x#}RY\'@8s`1PP\n+Mv\'P\']vFD\rBT-8APz4WW!Qv,ID~Z]W<n.rtf\Zfv,GY\rp1xUB*\'8^dyi*oS\rWq10`{-	wlme}6Z+3Rxjh%Ee\Z\Z3QtdZnae>k\"L2\'33*la97O81k7*ioq\0xp\0j`',102),(11,'BackLinks',0,'a:2:{s:4:\"date\";i:1012170535;s:6:\"locked\";s:3:\"yes\";}','xAo0-!@j1Or%Td)>R?i5*To7[\\sy>T R~lDUixty[\r=CnyqNgO!AU}[\0{m\nDSM$Av)]wv ]%,/Ci \rWOCGuwDC6\"EbG!Wr6TeaVMx|[\\t!sy5$\r\05M&`Iuh\Z\\dkkU&YpSq}x6jOCg\nL/\'G<}2O',102),(12,'CalendarListPlugin',0,'a:1:{s:4:\"date\";i:1088929862;}','xTn0+\r(IVC!bk[2$9nGN\"9[cg|c`JL8Vk>;~Kd	,r<NWj4E0HR{	|\0!gTm sD<-wg^2)oJ3	,R< cL2.{2N1{V<YrP9TV:hwGF\ZMM<Am\00I3CL@\0#-rdG\rBhDi/P\Z~TxIRAIG\nd|s#7x2Q=.\rv\\f<\0/ai79|wVGe#*4m/(	B))c>}2F&4c<$3p^7n\ni&_AFG@Z\Z4?%!>{TYVRgTZ%O7D\nxp kCzNK*[`_k89H',102),(13,'CalendarPlugin',0,'a:2:{s:8:\"pagedata\";s:0:\"\";s:4:\"date\";i:1107372764;}','xXko6_AHbv*)}K(,i$+w.)qd6\n-u>O?Ksj&Kqcp~!&fQ\nS9K<O4v~V/1kQbwCzoy&aVTF;a0&}752+~<*wFNSW`(e*w,C\r(3W/Cu+\0C\"+*-b\"8u-0f2gC0megf)Ws\\J9hE5@pbuw+LxU2fZ$kt)\"3sxuCT[mT9Mq+,	2^\r/K&)-:65+r6Oe\\=nH79YKD~6O*\ZS2]\\e^7*f=rY9wxH\r23zps\\-gu aY{3PVK^nu\rOj\Z\"INTh}%\"y5Xz/y8}tj]3o<Y5lQT=\ZDa[guq#ASG,ht]6Z*s6V2][\"}l< Ft@zZ]rA,l62{b9dQ`93sFcmN\nH-)0\'q\nH\ZSU	GY5E k6/,NcFpKkaV6dj{PKTrR0:7u%gqm*\nTD&t2-*q\\cd=e0mpEvqmanMP^LN<y!JP5v$:t(%s2k~wVllub>#W*^#\r&ezy|qLn\\O*k\rW0iHB|,Eyh+3!~X|Nbq`H\nN*C(:=Od(*FLjyDBlVkjtv/7/\\=Ne	ueI+O]	\':~_Vh0>&r=\r<P>mZOq_^^xe{,;xKv!E+^%h!6<y\'M\0WwH\"2BYJUhH	b%!XGrB3cP@+V9\'g?Ud\rL].E	[B=$Z<3PU\nk/2G2rfm}irwnosq\\)6{6Ar-Lw!j	Vm7DQX@8)YHIRMe&yJh<sPC685xw|/[o,tHi{~0]\0K',102),(14,'PersonalWiki',0,'',NULL,102),(15,'GaryBenson',0,'',NULL,102),(16,'JeffDairiki',0,'',NULL,102),(17,'PhpWiki',0,'',NULL,102),(18,'screenshot',0,'',NULL,102),(19,'CategoryCategory',0,'a:1:{s:4:\"date\";i:1029880402;}','x]N0<E`M\08mWYjZTM66M}wJ)g1BhfkFcp0=5om|hMoL/Y\"B(;>gv4!T7K*D;PS5TIVvr7Xpl,TwLGsgt^WQ\"m#%B/JrQXn',102),(20,'CategoryGroup',0,'a:1:{s:4:\"date\";i:1083851678;}','xQJ@+=KT:\"\"EAelnF^f{3=a@r|g\n/(M8FeO^z;zN{\n#nOkn5^\0*cLQ`vPl06L9	g_QAjub/hOm\rb3Cw dXx=Huz^}3q	iI3|Z$d[@Aj7xh x$Y9|I>Eon]S\"[6UB0	em>	q$yDu*E\"sIpl$?\Z4Qb\"~=:',102),(21,'Administrators',0,'',NULL,102),(22,'CommentPlugin',0,'a:1:{s:4:\"date\";i:1043749601;}','xTMO1W>p\rE- G^{e{	;vH)BU=d7o+1|wX1p1^mX6\'Wbp(,qFuB/^S\\zl(O?u&\\T&QPnMC>rV3Oj8Y\Zx>*+s|:DA$Jd^aq.b%t?>4KB\nF:zw !bBD\nm<R%+)!A%<k\r%WI	mBXcu9~CB\Z<xWU7T2\r+6WttWIT\Zt)Rn&H4g[S8WEAo0\Zf+~I+c.m:J4dd|>HCs\"N7Bv*_&{; +)O[{WK%,ktnh>tFWZZ*(i,btz4dq_8?ea,3V\'*9>=-9\\R$7Z KTQB}];kCh]AM$44xK\0T!-bdy$~]WHi<.<^ZGk:+{i;q9s49W/+\nj?;)',102),(23,'CreatePage',0,'a:1:{s:4:\"date\";i:1077376248;}','xEn@<^UM}	:u\n;r!Vk(CU;>`PMiV\0s|xE#=`PRoHXwyT\0,E\0b`sc\'w\\E:q64dp&j*P[Jnsd_,j&%YUs,htX\')[5',102),(24,'CreatePagePlugin',0,'a:1:{s:4:\"date\";i:1103535002;}','xWko9_a6U+M&I_B] ,3fNv\"z	\r-~:s}(<^i3D|uA/>u.(<K><^kNF8VlD#t2[3rB`n}Q/0LvZsr$f9` \"	:*\ZS\'\nuFF],w(A&7Sbm1;r%]qce$GT`wt6l$^YrZz	\'t_`WFoC\":aEqLH%Y[iX\r{N~v\\8n3wH(v6m;\ZD\no_iB]Gq+&Ek\nd|_OiUbM{mFBYFdNf7n|@j%Jf\'P`DAB!csjK>+/lM\"(,9Q)s$Y=\nncN[p:8\Z	4.j*q\nEf-?bE.E/%vl>I)(8Uf\rZbkD>alzR[$i;.5Go0+#S*!T8x/oW]\Zy*wW=JWR^RvMJM]\rNTgIQ6khT3*	(G9SX\\?b_3nYIe	/z4wp^8%oBHSFI:+BFj_*2Tq&noRM %AL.ICgl&*d&OsP	g61\r/R0>\\QleNf3vr.<seVERy1*As\'>MJLP	jo]&OS\0Mpj&?;wV~>YQB|8NMV?#2~^{hrk<4aHVy<}/{aQX?wh+m*d7sOBx\ne(erUy\n_)^aZVu)iMR}1olFMs@\"Y!ygx?\noYV\n98~Z1$>Xa{QU.tp!\nRFS\nJMDTXczxwf[=n\rfzg',102),(25,'WikiTheme',0,'',NULL,102),(26,'CreateTocPlugin',0,'a:1:{s:4:\"date\";i:1088929862;}','xVQO8~W~	uB{\';	tb7vbBq<%|\"<c(nL$9%wl!&A7/s\0\nwYH^_`Xi4qc4$J$}d?\ZcFVVO|7K	0elWu|vr\n	@	nT4_R?nR72`(yJ	xedJ,|VL\03Tqa\0>I]\nxLEA^B	>{j@~hJ_M)\n#+:B].eWJ#+?$$03+$)R(jVJ$n]3)roQ\"f,CHU[EG<OK\'dx1J0\rr0WFq	Zz\0siF#,@<|\05SbboC[a4CJY*~5>>,\n\"c[lohxt<Nv&i/m:W\\Yij.aRzUI_&m\"WoX+OqugO?Zz8\'%Hw8Q6;kr3Hz;Ljs6~#(20q6\re,+=vk%J$eV3y]^_I\'TU/N#%6g`k	WWuX\Z*t\\w=A2aiGW_`b8;Co1t(p?e',102),(27,'DebugInfo',0,'a:2:{s:4:\"date\";i:1012170535;s:6:\"locked\";s:3:\"yes\";}','xE?o0w>K@09%;P=GjXzyo+c/MH^%1zCq\rYWuR~x~0XHGLzKtm~zi\'E\"pV1R(;Z\rRUr,:o+\Z$OpmUr`{S0	G*\\(|+5H}-+sbHF7^eKU~n)WFC:V{	S\'U>xsd-N8#1?\0',102),(28,'EditMetaData',0,'a:2:{s:4:\"date\";i:1073237029;s:6:\"locked\";s:3:\"yes\";}','xMAN@E\"h& S`E#71EDS@UR+~^cy)q]?\nX1-N~znl!zx>}cgR1\\ P5x]Dz02F@E\rwcV	++lTyvQY^\\^J}~\0Z',102),(29,'EditMetaDataPlugin',0,'a:1:{s:4:\"date\";i:1088929862;}','xTKo@WK,J*#]\"CPkGR,jeKWr(^Rbvg,{5//p@L14A=E% &Q)>\'\rA)frzV*Jf=T->p[;P\Z!6	JI.1P)=oPX`=x%V\neF{!-P@H;\"7-\'!c\n-?Ey(pmZ.U46|BX4ZQ5++^p?`w])4rNzy!kf7b2\')47zywq\n	/	,+4, ^!vKL(N\\_0`iu^ahc\rM]SM+Cy5fC^v6qtVBwZ;\n<mSEI9k 94;	s\'HK[\'K',102),(30,'FindPage',0,'a:2:{s:4:\"date\";i:1114106200;s:6:\"locked\";s:3:\"yes\";}','xVmo9_1ZiI-IB@;Zqm>Tj<1M\nGIzR:e4yFbC=0q23>OsQnG3&L 9B^Ashx*2M\rEabL@e;uAWAO}A3EL	Juy_^i&kL?,:WKV0W`ij%e-)(3/\\0vZWOI;NOS_BO\'t\0 j\n.R{4(>`,L?`NPd@9b@Lj/\n\Z[lG#\0/=v(l^v`hA,*9Ey?`)Q^>6r*QG*/T=29(=jZ_V.P|N?dT(`4fd\nbPyB\'2aG?L/__Owr\Z.(\nVR,	.J\ZFc{Lv[lKZ6MF(>R J1^Lha\ZEW+$?W9VFMMk% DM	6]N{8=bxghMj>M$~=w+\Za4s&3\"%cZ&+,s9JXEZRd|uzz+o)MtgLs\"`7B6Qy2OgT3-^Xc^QbX[*uOq&7%Ktq8_/$98$L4LE.llIShrrVM!\nsUkckf-3v{PY\0M<\r\"fxxonlPr~u\'glr76u\nS`z[LQ5y7?f\r:)r<_ev\rn&\Zmu<+jE?up;RA4EX{;)Xgp?-TeE0fe94,?<xyXd&s&_u5*+~o',102),(31,'HowToUseWiki',0,'',NULL,102),(32,'RecentChanges',0,'a:2:{s:4:\"date\";i:1102328443;s:6:\"locked\";s:3:\"yes\";}','xQMk@+Pk)PPZGYc7!;mo6o^}=fUswp\Z,B6Ld8Nmx>?q)VD`CLQI.tDJKm	eCA$ji!$.UYNe`%X2^(5\\pKplx\"QHs7>+f<f	.YxHx22EqlNNrU~VgJ?m\nJxlDr&UC_{s<^Bb%\'M/SHCq^OgDj5P-F%O`c',102),(33,'MoreAboutMechanics',0,'',NULL,102),(34,'FrameIncludePlugin',0,'a:1:{s:4:\"date\";i:1088929862;}','xTMk@W{)vPRdVD*&wv%.8zof\\pvkc+%	?cF\\qZ\ZC?8STCl=g7VTVEr2S~>%O,OJB$qi\0Me48t,!JQ==B`^?,\nvM)6 (\r:|pr;\r0g%4DnzLXI](TZ*KQouE\na)S:o}-b_jl\0F?tiN:t2&9;Z|7-T@-:;1R1\'JudWAzZ V/O{9<)~/6hN8M(M@ ZCtt\\z*g\rh\\G6W8AyU=)q$9USX^8}?ah\0Ta1*c|mH30ht8(/nLk3bg-*u\Z\r)nn78@jM/:+\ZdmE\"=z,_\0_z^\"7rM{w=v#/.k[',102),(35,'IncludePagePlugin',0,'a:2:{s:8:\"pagedata\";s:0:\"\";s:4:\"date\";i:1088929862;}','xSMO0+F>mR\n	J+D$P$mJp@Ha237J)2~2myrmXAX/le:tm)1ld	k>D:\\(zScX(kQ_t.fzpVHZ\0C#XP0\rn\r5w_%Qr]Dz$D|=\0^YTH\"uQHlo!aP\nL@<\rN.a-BL^\'4O\nj%w8/mO<EFLjR|My>n\"\"A:=]*Q\r)MHvyu~\\vG+}7ygEW{\'_5w;Nd*kpYDq:I#3/vc<!2rYPy(i\0}g?r|\"',102),(36,'FullRecentChanges',0,'a:2:{s:4:\"date\";i:1012170535;s:6:\"locked\";s:3:\"yes\";}','xRMO@WB+$PHH6Rbo-]7wPLi5KUNKGjVb|\\)-s>HjoW+cBpYIPg,\rTc#h@\"+Fz?G<M ZQ\'$9Hci9\ZY#.\rJu>vc#l	k<]R*g?hVGDG)o5&sJ6~-uS}@LaTPIw[jw~@Iz772hg&,#eE)nar__\')=H$\Z14\ZEi/:E_b[C	?9]\rwWXv-/\Z]x~HO>?b8\\><X',102),(37,'RecentEdits',0,'a:2:{s:4:\"date\";i:1102328443;s:6:\"locked\";s:3:\"yes\";}','xR]k@|X-(>Y\n%R($4>9	%qwP\rfg(4+j<C,\'Q`6Eq+4z7[zaF\r*BC\Zk<D)yFa\ZEghtn&Zv9``lz\rBP\ZrvRt|$R;~<F,\"rcxGTCKt.<\n(N\\8EU<p20&}=&([Ty\ZyQ*<#@+uVDRk.]Ep`,Kdir&)\\<<\'SM8 zm5G\'M4x_^:\0',102),(38,'FullTextSearch',0,'a:2:{s:4:\"date\";i:1101895000;s:6:\"locked\";s:3:\"yes\";}','x_k0)=b;*(SfC)AlQYr-9M{$]6BfH,0\\Ham)a(,Ktv;^Bxl57.:)]r,ql#B2:/		`p5+(w+Q+s+,thX6	Xmg\nrx;(+D]`!SSdL2mi(aa\\~tD\rX4d#N?F\rESJ8sv!x^?k\rqd?/<8%\n\rWgu[(aMV\\vSY)+F<Iz*~2Q0]co9u)/M[n{^7-{K;<y\rF+PEzXoaQ/P=jP:wno',102),(39,'FuzzyPages',0,'a:2:{s:4:\"date\";i:1015043386;s:6:\"locked\";s:3:\"yes\";}','x_o0M3]x\':ihqSw_/5[Fx{Ov	4X.j+\n6%F%LmxM86p$/zL>xCX+\"W<Wc`p`e$bGIzLl@g,Nyz#E+bDSSRnleB@AeBbj`I\\P1I<qVi0	ap\0a\0$*me_uas6nK#tLqRTD>KiO6ctx~<5nw\"O\\&<1~(J)gnF4>Y!k|\0:MT',102),(40,'HelloWorldPlugin',0,'a:1:{s:4:\"date\";i:1088929862;}','xVko6_qK~i\Z:q42k&]lAKETTrlw@<<>N8\"3\\d|/Z1B;;{|=:.\\\Z~cadl`xg2MONi9UD(,Gq;C\nc.yQY5Ml^5+M~.jwawW\"Jd<<~y$3\rF\"z\'?Z21hfp9t5Qb,fKk&L^HB>7e<BG>Rvg?\"Z3dg{,()W3LBG	>%H\"/2qQi,z@rdhM4P*MD#9#1dChrML|Zx &RX!^Yx3i<nA,$<[=\\i8|txmTDRl 1Lp{T:HU.*f.^Hnl\nVb iCWQH;Z}-2\Z#YNA74:f\rn[}VgYG(.%A9:\nV-!<3V;0?\Z*,zRv~RZ*:`*2VjM[+.2(uFI	Oy{3y{<<__/\'pP.m8Wnk04L,\";Pc<(3D?\\KiU8w>o$FaNGZbiE2d?\"[;f+=?Oc}>3o0T$Rc,DqRf[0jmb6!p&%iz!\r$wMBdZD6lgCM:|GEX	^&khb|K,)2a\'z^5k[Nf6l>5\Z-e gazX{Ar]_%}/pg1_O&:u]<ri:Hqy=\\	Vx\'$\r;/ji',102),(41,'HomePage',0,'a:2:{s:8:\"pagedata\";s:0:\"\";s:4:\"date\";i:1012170535;}','xN0{(}B@X*kbm&eC]Z.lmx\rx\\|Y,O(J`\rFeLvrVb;adEXIK+KA3G9~4QQcW-vdVWl\rJ2 W\"U2K>~?JOGlE=.Gg.N<UhbT478h4l+;`*\nMuDIZ[hO~5V\Z,C4ai7	)K74Tu#2QwWmFWM.{NB_/7xtrG6[IK\nz1tr',102),(42,'WabiSabi',0,'',NULL,102),(43,'InterWikiMap',0,'a:2:{s:4:\"date\";i:1097892484;s:6:\"locked\";s:3:\"yes\";}','x][sH~_JvO%bII%qL.>cZdKbLIYVw~F\\j&,hG4\Z@w/gOnCEs?\\IV>O.F.x\'?/\\8^,sDb^gq\'?el6]gt}=b?!Z\\$cM.\\Gdgn\n=.Zj_+{zYS``	;{QOVW=}[?\n?A+k<,5.9>sUOOe(xq&\\.g}s0*sM.&\"v|z?Ll]b[^{^<!@4QIt$] $]kz8p<}jVf<8^{\0r#B(J3X\0{xcWJyK\rMr(AOV?\0V=<K.wO\0IUw$c\rr3=Ly;h?zEj;;znAAky\'z1/cMo:D/!Hy{/Qx-bmUKPF\Z)$E*jOB>ht7V \\F^I|ki;(riex)WVIW	tYp=1c+&*55={^\\XD$/[Pe)({\'jte@N$GrG`bsX+0~at[| *[36G<h!\rgODGz!er{	]|$3),$dXg\0;XC7S>=W&	\Z%Q!	^*DtLt[ZG{pP_kpn0X\0oVjk%!o}cNU\0\0AF7+\'.1@I]\ZcNy13%c?jium}u!yH\' czr1w\nl??fI?S`s%th4_|	&<8g+j7.\'iwtrCeA_7)54z)e$wfQhZt4UV[N\Zf_EXW5_I*K3})W*:cu=#\\n^DzO5ZTwzwW3>\\me0a_Q/\\|-lE{h9@ic-$oq<\'7odKVW?UD -XH5x\nBxyjE`Yn7oo~w\rMv-#\nHt?\ZL+jD\'3?v(U3o=Hp\Zl^[gpp\0p~|DMfMS?L-Y1W$}(\\v	,{:~%\\FjKQ:&{6&R%~Q?9K_/w\"UAt$Nbt.7:\rg,.\ZIq~aI/s9\\\\u6{Y?xa@T\"QUnL#[W`\"/c70E\Z\\48[Z~$$cN#lL\r3|YicPV\Zp	\\!AF\ZlB}y2F%f^s8}CTY^m\r^K+G*yH\ZI5t\\ExKku&>6p(?|+Hg:lY>{L}`D:*P(&&	MHY\'\0d&xkG],NYlEkzTf\\Sq~[GlU\ZAo	7{$-h}8XqjFkgQa:`)gAOIh96,ZfFzt,L&US-}\\5pu!_nBTw~Cc-j2J|r<]\ZLl02}Y[mqs{|J^D4 qq\\I13sqw\"(SWV<TC1|aTXK5)5]iqz4VglGvtZ#?lk:*U7rxk\":$m{hW#B6[p&6FEo5`5B7\'.ZQw-~\'\rk\r\0`l]$&jc8$7t5\Z\n#G@okmLCk1X](Oy#q\ZfS}m.\\gX>0-VLb6lJ(r?tYkeM;nIE<Pp ]~]`MD\r=]}ff+gvVpA`z~Io:G.]jq;M6Qe+\'	?KaPAK %o!\"c1Pw%XRv[oMQ:Hyca-<F=2Sr\"r/EP.c5/.Uk@t-Y%*]U*tT@U+eC-)ZS*kTpKTJpiGCe\ZUXvQ*[bJVTT\n!U+WI8]*ybZegD/U@*]U\ZbU:X00f(X~}JC*)SIMe*\r|,n(\"*4nx*VT\Z+QyCQBQ	T!Se^uUtUTT\n^*FUTSM%=!U#pVTP;K**[J[`Y+m4VzU*3jJ^JR`QEEmKfuUU6lTKg\'s*&Z(H+VP)E\'bpz[G$6c0p`<sqJ0g=e7Hw1t0:tf~gPSlALT{o<Lkt+OsC2\\ufog~5ws,g}P@!_?=8al	nz6\ncM<|dYs+\'3;/m]IIV\\q# a!1A?GU=R	(s1U%i{?Dgemca {ry+fz9<j<y^\\#mP#tlq\0:Y[`{\019:\0ivE@hAf@-B\0P)VNe~D],jli\'ktF:a h{n3d^l)FH#6d#T\\\Z@h}=J{[\"\nfs8\rd1hw!C(\Zo.-rkwv#t#T@2@^W2 bc\Zwh.!Q@>5T>Ou4 4zc\nNVrxiI[P	:fI#9E0{0EE!8gbR>d2u8pC4R%+JrHy{d\ZFN74jw\r!6;Q%~hb]\"\nC\' b;^l>^p31/4(bC:<fR\'Y8&=[#}nkg{ub,FY*BAahrfg\0=3uC(2b(FdNS-8D.^0d\no!6M|Q7;gt*d}sc`ro;\rR\"\"@Z&g@@?N<(	\ZHDf1)giL0qj])@\0\'#iCOAqvD\' ?801R \"#vi_\'3mc;; D|b(\\4}=\'SQCTF-o1b90m\r[F{/y7{(T3S*\"z22xZM\\}#u&XN<8lx#s.3W9;bmiSiPfp.%ClF\r\'5ZKQpc\0j\nqnL6/!\"u#&PC&:^`E@}juCg5$K`he$F)2[l?f$\'4,$mH@kEf*O96z,HT3\"4i=<kaYGLyh	DEm?>&(\\^-bAe0uU@jg7l^,lLbYd,98--7_FRh:C|1&n16&:=M}J* ZN\'f#Tc`by\'	1|hilSvgJzDbr4}srDBJfe FCI.A@(LY t(xbz`_mBdb5$)g-lof#g!sn\"+YGZ[V!&{96m,N\0@2`Acr;oB8Eiv&dtB.J4Dd10OC(L9R*EmE\"V;>8r+&L+`}*6D 7$#ZA1p}RSKT\"leZ@t\rr,+Z@0ZI,\r\nf?3d\\:Zi#lX%,Vk#H>3LK5`5WUG`!4a B!BsM*\"4146VXJ\rqMPvA=>f*Xs)0A&,Lr_6Z=4&v!3B|a44 G#Vm6Kc[=,XLLeqstjY9&# #MM-KjHD^:<*K2Qa;\0%5|MP\Zn}u%F%JE	Rn%TX`$uNkSVZd!gHXNJX9v\n7\nMj%sP}MX1u	<#NqqI!-v{e 6h{Qx`!31De ;Ip%E\0\\]mo]V\r1q N/I2C;j3L@& >j#70-/{b!er<\nf\'@\'qjb[OP)PO=@.cPo<\0>B+O{-Y[d2}<X\nqe lOj%BFIJ>>$`#_\'y9unK!g#ek2`sn~qlr3W&xfmJ\Z-]1f[Mu,8L$#=0:G7`6ueM~XWc\rWd<dgI-BYX\0dNUz23Q\"UJ!AroDfG>P \ZBmR.bf$Jgk	cp3BJcb(d<b (A,xMV{{~dSxmdfx7yw	3y5oz[)FD(gi{~gkS7\'Lz%\rYrgcQX7	~oSn%$>)K?*	+RFAE2+%LN^6>ZzA#Z 66J25L\rGI7\Z>lpOr\"kE>p/>`\r`;t-uR\r:1^x;>zg%:v::L Wbq/<W@!;|;Gd8\\jkn;TxW5t',102),(44,'AIWiki',0,'',NULL,102),(45,'ALife',0,'',NULL,102),(46,'AbbeNormal',0,'',NULL,102),(47,'AcadWiki',0,'',NULL,102),(48,'Acronym',0,'',NULL,102),(49,'Advogato',0,'',NULL,102),(50,'Annotation',0,'',NULL,102),(51,'AnnotationWiki',0,'',NULL,102),(52,'AviSynth',0,'',NULL,102),(53,'AwarenessWiki',0,'',NULL,102),(54,'BcWireless',0,'',NULL,102),(55,'BenefitsWiki',0,'',NULL,102),(56,'BridgesWiki',0,'',NULL,102),(57,'bsdWiki',0,'',NULL,102),(58,'C2find',0,'',NULL,102),(59,'CLiki',0,'',NULL,102),(60,'Cache',0,'',NULL,102),(61,'Category',0,'',NULL,102),(62,'CmWiki',0,'',NULL,102),(63,'CreationMatters',0,'',NULL,102),(64,'CPAN',0,'',NULL,102),(65,'DeWikiPedia',0,'',NULL,102),(66,'DejaNews',0,'',NULL,102),(67,'Dict',0,'',NULL,102),(68,'Dictionary',0,'',NULL,102),(69,'DiveIntoOsx',0,'',NULL,102),(70,'DocBook',0,'',NULL,102),(71,'DolphinWiki',0,'',NULL,102),(72,'DseWiki',0,'',NULL,102),(73,'EfnetCeeWiki',0,'',NULL,102),(74,'EfnetCppWiki',0,'',NULL,102),(75,'EfnetPythonWiki',0,'',NULL,102),(76,'EfnetXmlWiki',0,'',NULL,102),(77,'EljWiki',0,'',NULL,102),(78,'EmacsWiki',0,'',NULL,102),(79,'EoWikiPedia',0,'',NULL,102),(80,'FinalEmpire',0,'',NULL,102),(81,'Foldoc',0,'',NULL,102),(82,'FoxWiki',0,'',NULL,102),(83,'FrWikiPedia',0,'',NULL,102),(84,'FreeBSDman',0,'',NULL,102),(85,'FreeNetworks',0,'',NULL,102),(86,'FreshMeat',0,'',NULL,102),(87,'Froogle',0,'',NULL,102),(88,'Google',0,'',NULL,102),(89,'GoogleGroups',0,'',NULL,102),(90,'GreenCheese',0,'',NULL,102),(91,'HammondWiki',0,'',NULL,102),(92,'Haribeau',0,'',NULL,102),(93,'IAWiki',0,'',NULL,102),(94,'IMDB',0,'',NULL,102),(95,'ISBN',0,'',NULL,102),(96,'IfDef',0,'',NULL,102),(97,'JTF',0,'',NULL,102),(98,'JargonFile',0,'',NULL,102),(99,'JiniWiki',0,'',NULL,102),(100,'JspWiki',0,'',NULL,102),(101,'KmWiki',0,'',NULL,102),(102,'KnowHow',0,'',NULL,102),(103,'LanifexWiki',0,'',NULL,102),(104,'LegoWiki',0,'',NULL,102),(105,'LinuxWiki',0,'',NULL,102),(106,'LugKR',0,'',NULL,102),(107,'MACCAWS',0,'',NULL,102),(108,'MathSongsWiki',0,'',NULL,102),(109,'MbTest',0,'',NULL,102),(110,'MeatBall',0,'',NULL,102),(111,'MetaWiki',0,'',NULL,102),(112,'MetaWikiPedia',0,'',NULL,102),(113,'MoinMoin',0,'',NULL,102),(114,'MoinMaster',0,'',NULL,102),(115,'MuWeb',0,'',NULL,102),(116,'NetVillage',0,'',NULL,102),(117,'OpenWiki',0,'',NULL,102),(118,'OrgPatterns',0,'',NULL,102),(119,'PPR',0,'',NULL,102),(120,'PangalacticOrg',0,'',NULL,102),(121,'PersonalTelco',0,'',NULL,102),(122,'php-function',0,'',NULL,102),(123,'php-lookup',0,'',NULL,102),(124,'PhpWikiCvs',0,'',NULL,102),(125,'PhpWikiDemo',0,'',NULL,102),(126,'PhpWikiTest',0,'',NULL,102),(127,'Pikie',0,'',NULL,102),(128,'PlWikiPedia',0,'',NULL,102),(129,'PolitizenWiki',0,'',NULL,102),(130,'PoundPython',0,'',NULL,102),(131,'PurlNet',0,'',NULL,102),(132,'PyWiki',0,'',NULL,102),(133,'PythonInfo',0,'',NULL,102),(134,'PythonWiki',0,'',NULL,102),(135,'RFC',0,'',NULL,102),(136,'RussellFreedom',0,'',NULL,102),(137,'SVGWiki',0,'',NULL,102),(138,'SeaPig',0,'',NULL,102),(139,'SeattleWireless',0,'',NULL,102),(140,'SenseisLibrary',0,'',NULL,102),(141,'Shakti',0,'',NULL,102),(142,'SourceForge',0,'',NULL,102),(143,'Squeak',0,'',NULL,102),(144,'StrikiWiki',0,'',NULL,102),(145,'TMwiki',0,'',NULL,102),(146,'TWiki',0,'',NULL,102),(147,'Tavi',0,'',NULL,102),(148,'Thesaurus',0,'',NULL,102),(149,'Thinki',0,'',NULL,102),(150,'TmNet',0,'',NULL,102),(151,'Unreal',0,'',NULL,102),(152,'UseMod',0,'',NULL,102),(153,'VisualWorks',0,'',NULL,102),(154,'WakkaWiki',0,'',NULL,102),(155,'WebDevWikiNL',0,'',NULL,102),(156,'WebSeitzWiki',0,'',NULL,102),(157,'Why',0,'',NULL,102),(158,'Wiktionary',0,'',NULL,102),(159,'Wiki',0,'',NULL,102),(160,'WikiLens',0,'',NULL,102),(161,'WikiWikiWireless',0,'',NULL,102),(162,'Wikibooks',0,'',NULL,102),(163,'WikiPedia',0,'',NULL,102),(164,'Wikiquote',0,'',NULL,102),(165,'Wikisource',0,'',NULL,102),(166,'WikiWorld',0,'',NULL,102),(167,'WikkiTikkiTavi',0,'',NULL,102),(168,'WLUG',0,'',NULL,102),(169,'YpsiEyeball',0,'',NULL,102),(170,'ZWiki',0,'',NULL,102),(171,'OsFaq2',0,'',NULL,102),(172,'Upload',0,'',NULL,102),(173,'Attach',0,'',NULL,102),(174,'User',0,'',NULL,102),(175,'Talk',0,'',NULL,102),(176,'InterWikiSearch',0,'a:1:{s:4:\"date\";i:1044053943;}','xRn0+@!	P\n\"d!b\nBU+q\'2I1q[1BOd0b8|W7<|\"bVDk$cEOTuVph\"VuC\\o!+s*KeA*-D\0@_ X]Jj7*#@FYi7Z#X]%?dfA9X`l!f-(\rTMHgN_iYjd/#H7glmF#:uGUC_%oCB\'P{QC\rE!Hsp(77i/Oo',102),(177,'ExternalSearchPlugin',0,'',NULL,102),(178,'LikePages',0,'a:2:{s:4:\"date\";i:1012170535;s:6:\"locked\";s:3:\"yes\";}','xQO@}\0`;>` Grn\'kew2\r^E|ctjhKq+^1\ZZYrjiC>;bvfJB<xXaCNrBVjqn:9OSiWJUB	0fd7\n({*Q9h\npdIP5L?%_/HSKW\'y=*%dhJm3a,L2?;igR4K;b1bQN*e %#Mdp4\0|Kb67.kNZ>8vey^',102),(179,'ListPagesPlugin',0,'a:1:{s:4:\"date\";i:1097165621;}','xTYO1~m9 8R[UEBPUwwD(oz@ZVs|=2H1W!^<+kIq8!us\nLWN7f91R2&Zv`b;~\"jL\Z*1beGSB&;am!PUhD\0h+P	P1[\0pCPwJbl=]~hE$d1*EU{xF|W?RiK@Ws W	,75h#\\5*h%\\jjz1)KQ5gpP/<-CrKHH&>[OIgfV9\nq_4>{\0.W7O%6W_OE+O>kpq%*M\n<xWtqd}P-+\'?~3FAALk$E\ri`|r^D/\"zJ803K098<',102),(180,'MostPopular',0,'a:2:{s:4:\"date\";i:1012170535;s:6:\"locked\";s:3:\"yes\";}','xMn0E~%HK%C\rV$X#{w(^IZsM#K`@P\Z=B?&0\0*_>S^1{Kt\',y/%zs[kPeFr{;@=a#c#b[/2?GVP]?Tj}^',102),(181,'OldStyleTablePlugin',0,'a:1:{s:4:\"date\";i:1088929862;}','xVn7}\ne]-@}A-)EnI\"/AXs83gQ8LGAt\"\\L.\noTp|s7v~A1s\"Cp.N\\+7*JMK45!CNq1KHs<l\\$qVy9!6o0Cu)@3DGabd2-Ra, w#:U9Gp~&50-pmGy[k[ON|q~qfsIpC	B03/>?\'7~VNX.lQh}bGb	K|dp\0Aq4I\rI|]5VH_`65qvL*:Z6@ JTxX|C7eIoheKERO!<c;~SM6tHuU2i9=KyXFO\"T_`r\Z,5*_hwLEEI8fN\0.\Z@\Z\03@[,VK1r\"[A|oMLxT!b/.4_ U*Usmz=!A^\Z<UE:icaw|v_(J17/)``JY<)z@	,X2bUv#{aRaer*h9JmsP;[0\nklpolw-uerO(0l9	1}=X@APw7Vr.wt}c~\"LH\'^jI7JP\"R\Z-[}):P<.2+	\r/^{lWW1</	-4B',102),(182,'OldTextFormattingRules',0,'a:2:{s:4:\"date\";i:1105221320;s:6:\"locked\";s:3:\"yes\";}','xZr6O&}\'S|:i>&9q.\'sq<	II%@+n\'Gd\0)PbzH\0EQp\\\\UX|1A}4BGQQq3y!\r~8Z!8QG)zD12|R1UnDn20 ,NOf`?xBK={9->J3z2SJ2^ux&>t{<F%*_f;y`S@dCix*c`~w9?Ri,#xc$>6I}6>\'\Z*Ma)6v]^e#Q~s0\'`D5{14RD 0c7|Re`J_iNQ0C~qO>1EJ!jU(s=[dR&W5	s;T&oo846f~R2Ja9,\Z>/`ST~vK8c[PpN\"[o=FZw800<F{4l:-Fu_K)+rK^AS^vKTLZ*\\&\0r}zS1o?$JZlSN_/K5/e{^Iit8H2kT_|0\'+k[ (Mqr!Md:U+UH&\nfk`7`Mc[2oVOmG /\\[(+Mk/H^RgXFcELaak-wmekOE&4Ta0>%f)LA71=pLX:	:n~_L _Ir*\0{0\00Z}, `R\\6(( cfN@B:pQ_;X[7mqkaj2q$V{S)l]Dv)/\'bf?`n`:a\n\nhnp,@\nc`S	jIQz\0s!Gf*k6%MsM5Ake*/Fk,:40| %y\ZmU}P+XbcP =&J\rrh,`_]G\rAd2}^pT @Oh2FFf|ek6PU\"S*l/XRBBXP}U.g<VMAd<2`\"0x_\"1llP<^HN\"iiirXPNQ>X(:AK>Cl<ma%o` QF<B4<t<L)EfpQI ?_$r0Ku))sjFd[&Uif{=+CiAc0J MmEo)!Vz+ Ex{pUBx\rF`uUYpA&;\\_opD,98j\\Hi\\;`paJQ;C~a0\ZT-Qya}aa8vl`i069&3/>OIv+]:1dTNDwSQ\'g`}R;CgBiO\\!84a5Da/ Dj\0.vmdo{{o:>\Zyq{gV83~h6fJMS~=_M\"nqtNWejT\Zi|1/Mm0Vu=opy\"Y2,	D;bB1E\0&\"\"-Kl 	e6gLuq]W#YAfS4h4,44`baZk2+ph_DmKwI#i6`z^>[b@\rHD#KB|8ZY_F~Jvv;ts=.r~[5	,1L.K\\^;G\rf-:oy+{j^\n6Fu&2j9b#|,2g&DoKsI~,;JIy7PjLuCu7k\"I6mM5iByC-q\rVj3X-A[2?KR	v	j^-8\0)5\"tXpF*#.~R<G=&.\n\nBX6v#S$2->B5J,iPc|%U^i\0~N\0f=T_Cl\rU87{$eU\"BpP!Iy>F\r[/D\nlxl!\r!\0DJzF%8L_i$	d5c?U	#UTKR2\ng8DjN.X,La.>F%^jli2|P|\"c!\"DI>0U^94\'N;\0KRr/y)U`)B%29 eCe=SI]>kOsC?b%#v}KnOeENjiZ8MJv1& aY~kT-],YV$N?fA\0D#4IYj`u2vJF\rAPg~&9L6u<7*jt%G)\nm-ltwJvW8Pvh,tyCz;USXsm&ar~;<i;\\8<\"vA^\r6w*nh%w2ZW1{p#8\r BEy/XA?Xv]\"`M>p}|d-',102),(183,'this is a page link',0,'',NULL,102),(184,'UsingWikiWords',0,'',NULL,102),(185,'TextFormatingsRules',0,'',NULL,102),(186,'MagicPhpWikiURLs',0,'',NULL,102),(187,'PageDump',0,'a:2:{s:4:\"date\";i:1071190745;s:6:\"locked\";s:3:\"yes\";}','xTn\Z1#[`,\"%*=\"m\rxThxgJhb,f3oc`YFO<\Zr,rN.;~L8iF_mh/g#A\rb \ZbP[K-;N{jT,#(\r=\0TP.(@y269lQbAn^B|,CaI)6rFGdR\",?+m\'XZBkh6+]IGIzcrPAoM^gmq\ZB1d s+[VI[u2YW|MbM`\Z?r\\=! \"Wu3?&aE8JQ0kGN\no.U8So-!2%Di*%>_g8\"QKK[cCo2D1NnqTyRd2\"N0R>{n>N.oB}Fo++eef__|mI',102),(188,'PhpWikiAdministration',0,'a:2:{s:4:\"date\";i:1105947847;s:6:\"locked\";s:3:\"yes\";}','xY]s}@I:e[6#+$$3mq}@$$\"&	\0i=(l97L$@`wxpw.,BGgc_Ux0;B]_\\|3T	\'.09By+6%\rbrbJJy\"8>I\"svZzS9NfIo6T|kf.|Lhs\'LG),\\zsPP\\dj%txqe\\9\'V\\*)[kiT^|\n]\':P$2TFx:6\'_t<@z!0|iDKp..|].M\"imi#6yZ4*IGT\07I)}8-60}GX67&pJ|rc&egR[\0T\09\"ER]2n>~x}\Z+	Ks&lUL|\nM<OF4?1=@.~xd	rVM|6%h8IL\n9\'T<GSz=%o6er1Y	c6!	=oRe]#?3\"%J`)$ KeWBIbOp(^)\")\\ey$3H\\!f+Ic#We{10p{\ZB$\0qSU&\\x4$9YJ3M9ksI^*#0q+TK\nRV.3%g2+ }QJ%ZN\"09%H\0f)*]PMU\Z*|WN2KR<h(H-^\0p.x7\re%j3yB3\ZjN^$:!%G\nB#\nbtA)nSg>\Zl5G]&ys`tBg@\Z7>i?i-M\Z u=z=o+C 2imL3W.\n@fqx[nmOD49j\0AWW3i\0)L9v{\'~+bDiJ`g3y>\r9hhr1|hc8\Z_k%5$sjnFL\02S]*WV{|&LMS\rP+J$(jK\0YvQXl\Zx[-\n7{`|q/\\NA^t&M\\C6\Z3[%^\ZqfkEJVEas^MLR.#Ci6l8:9TtB)ue(0bJ@.c3Xu\rP\rM\Z{kqlgh9(*%+*$YXTUm+@GS_Xt;@\'p2SCK2tUy\'R\nRUrX}m[SCot-VZdS\rGn}7)DN: #j%U<LBEV8RZR>fy>@hbAM1\nY9t\nH5i~\r^\\LP<e[m:f~E^PKP}0N\rS^.&?+N0g3Yz	];	CpG-XxF-/!Htuw_x\Z	JuQjolUsH\\=x?P)#kf^41>>F\nM$|D?uH)W7qtyh3k{Z<E~4lcv	sD;gZq>C+UTp2.C\'a5\"?%]p\rdVEA?#\'.{y`T\ZNr#lpAo\"{]>\ZI1l9i,mzT/)_\ZSc~!_|~q+zx?>',102),(189,'TitleSearch',0,'a:2:{s:4:\"date\";i:1101895000;s:6:\"locked\";s:3:\"yes\";}','xAo0HVVPUYjlMJw4UKa{,`tqmQ6c[E	w5g(^o(,taYaKBIid!1K!7T~Bwge\r\"S}%;i4eDAJ.u#Y-vX$uGdqFbRLCBH;W,[Nl%_tc-~E:H\\m.9}j@DRK|)X}HwW>d%_vb+%>;` zH)	TAk Oz~n@Qx\"Kd.(Of|N9bqtr$Yx?BJj=zpM=jKG=;_)N',102),(190,'PluginManager',0,'a:2:{s:4:\"date\";i:1103269998;s:6:\"locked\";s:3:\"yes\";}','xX]s6}MZmZQ\'fXo\ZE %{/@}VtE3$sC\'EsH}5~!|ea,l=dN?txT4/uj`Qx~Osx9dnXn4]yx\n:~$TuAX3|?T0bd4/yB\\\0F)\'_w<n 8yb<@D0RcyL!nRI<2\\Tp$sN	%(9G9Tx;%NJyOQ7o<7D2Rdc-hn<T$QDD4c\rd}0X::#uLE*oZw1\"&:!e\"Fdb.d\Z}cO}GiGUoH&iV\Zflp#23[\Z[S\r$F}\r<f!Au+.f\"#{Jy	}4uA\\<?K)a_\Z1T\ZWs0:$Q.\0PX,Og~Fwo&Wn?c!EgCcCP4go&.Pr//e\0.\0@p0k\nGT;HK<U{8N*S=ls\0vEB]E>[	D:o%h-S^(sWX}AmLNHOexVa\0$Or\\6l\ZV#sXgSd5;GE-\Zo0oV\ZV-\'@]vfp8\0=y93{Y]\rvH;{X\rXU	xzRlHxy:n(rZBne>}SZ~/^aS[>[jnKxx	U]?!$lwky\'LiY	k<Q4c~09}\"Ql)ap>\'=_O=1d(f	->x\nuc,)H3n&57CC\\{j?]>9>\n}-AP/`Q_uS#LZJ52.`r;Yu#\Z6g;<\\l_j,nA#teX^~\rzV+0Zck\0~P^|fv\Zr9<xC2\ZA$Jf:/<3P%oiel_A+:cpKxd[Em%t3PB##P:O[kdk3)gy|ZphApc}kF,}v!`z\n\n;:V(h!v9&\0{%.9&+PEKPewCv;|o\0Cwr8=w*p>?D{ZB5$+b	puf2}=Z}uL>LKXbsp-35N\\z)zw&K#6,E~X/|[P5]>4+ZaqB\Zsk6._UCc\"J{Hc	,O($\\\nvvM49r=f:Rp3]kXo#+=cK5wq%f',102),(191,'PageHistory',0,'a:2:{s:4:\"date\";i:1012170535;s:6:\"locked\";s:3:\"yes\";}','xM0Ew @X`{P,JR5%)1>>wbk/#\0&<<jbxtsc|u7\r<\n7kq5cp6@O8n/\"Y&k]LkEvko!^KBTBj?$#|~P]rZl',102),(192,'PageInfo',0,'a:2:{s:4:\"date\";i:1034605532;s:6:\"locked\";s:3:\"yes\";}','x=90E{NGPPQA2IF;fOa2C(.MUG\0Ld)Vw:Q)zKvk{`l\07B de_6IpH6lL&7W@QLIEl_$	<,p|?W|',102),(193,'PhotoAlbumPlugin',0,'a:1:{s:4:\"date\";i:1041739522;}','xWmo6_	h$mK\n4K~h$j$emi9N6\0F$x;823K^O6c.kO8<B^IkBp!M;pzULh2Y%^E]l{8r3WLFyr%Q`TBVf9i!Uu8yab;na%KU8325c5gX!)v26LV,&(q?xgjk5(xZE$`xYlqBGd2u&A.xu^E8(kJ_*-^\"BWMnlPV7bnx:7uOn251-T)z=/V>* ;O1iX[$tdO~c	(J-Nk;]0yZ*\0=kLrFtip\Zl@\rCnCi\Z,s2M(REB3n4	v[wHwesEV%;{s?wxq	\rM\\1UV.&2hE6\rE4)eQ~4L#}[SY]\\!lvSyoay-9`Y<\0F3D+sJ>@3Vb8-\\i<O\"o\nxj!.`_dG	XFua\0Vw0oYJ$qD@-\Z<!uod7S:%N<3Ujmk\Zq\\@k@*x\0 S4fT&:	4sp(f~7@\"<!l7{DLN/u^?5UBI}4gF2CjpCgaYUZh#NE\'4O/md#.*_e]SE,\r~<1VGQnM^c*u08zu>]!<i%$$F*dryGO!`09w175=\ZRkVS\Z:~$=+>e<>GGm!_\n.%\"OQyOFE\060>?1!!Bb]0)?j;Q\rPoLt*aT*z(\07Wu3 ?HCp%N<8=0{#L)5^Rl8@ScPaUVJ~Tb&EE2,|*(\0/6$0(P+DAfcoyB$J=k8V}!c/1E*~nBQ*>JKr',102),(194,'PhpHighlightPlugin',0,'a:1:{s:4:\"date\";i:1088929862;}','xXmo8_A^$v_Em^$aoa-DAEeYiH`\rgyfwBna0\\wx,na<[;iia\'qa?2A-lN\'\n\'U2X:\"ahH.Y1b:7se`V6\ng<LD4g/ev/i >,BX>Y>]|b+bfX_L*Vp<eZ hp`,\\\nCT4{pz#hhguf}m(\Z!@Mqjf\rFL,.AK?]=eKfr-7$$.g:`.0ONq\"v,VJP[aYY\"q?vDxRmq1ksU/gQGXb;yp{aBg^\"Y\rT`38HI%\'~\0@.%x\\S?-	> -0\"d\n4P\r#\"g^\n)imbyrVDj:+N! g,kHg{xf,|sWj0\\`l*f_40H,x,[rU\n&\rmo0ac!\0&Y\nop|d3/Vy\0vA@V0To~%m]~\\((b*njk]i,,FVX^X!]SU5qPna >gD]umV:ZuLQ-. r\r8D0\r\Z3OaqwxCDB\\XBCSF^\"y{j]Y`y<s\\G?+T5InwZuV.u \Zv2Jt;>$$64{\n\"i|]v:\\CUy5.W`DAPVcNW\Z3Moh]Q\"{Jl5L11j0&Gu(\rG6}TVc!GGTq:jM,V}|D@us.T4{NtFEh(NZDLaMiP\0\'0T\rh5x.ohBrQC~_{oq,s\n3	D6}<AD=X?*Aq+qSwk<N[5-;e;b~8 \rg{l8qq%[[02 (4L%`4)X\0q:\0xiB!0,)D{p|=fk*j_U&yY\0xdII^gMiake\\~k9{[nf2_6Ld5~(.>6	P$M6~%WLV!B-v{T=y@F]Xp0+	O\0?i<(\Zee:eK wUZ{|V\"%V3rx#W{u~p/L+dW=V~S\'TQ)kw!u<.w~*`>	C\nMeKL*(z7Hz:zc\"XW\"{{G@>@',102),(195,'SyntaxHighlighterPlugin',0,'a:2:{s:8:\"pagedata\";s:0:\"\";s:4:\"date\";i:1088929862;}','xVmo6_q,A]JVV4 ClAK\"Ym;RMvm<;!%#/<Q<f\\)~<3#_;\Z\'q+J>,g1$<\nOsI,w ;dP[($snHy(N!60Q0)AxF|eu3/jfA]v4eEe(&812GTTiK\'j%OI^&O>9O_iK3^f\')ne)_F\"%C(BaeGoJ^]L %.]?6r81{-1;<RJ=ku6nkz2Q TM9o|k\n:+T5	3x/1E\n,V6a3-\Z6^h*a8z`KI#\\[x/XmBV\"dGU=(3<!C^%PlJAjgIByP{pmx$~Vn}&\\RX$!Fhh!t?2eO){dY)N?r,Ph^_B)JPC8L8kvp]@@1b\nN~}5GJ%z<\\_\\L-|.yeFSd.|(Sm!7	H~:%B	NF)Ve1F[m98Jcb!Z\"8S,pVQ=WNG<G[,(3ER-Oi[~\0qk3jkwiwHe.k\"@$8b^?[d\"e$	y{]ai\"3\087z,bn',102),(196,'PhpWikiAdministration/Remove',0,'a:2:{s:4:\"date\";i:1086203379;s:6:\"locked\";s:3:\"yes\";}','x=j0{hP]Ji%l\'{tr\'5\'Vxy{bx[>3xx@Oc7gFTl46paR]5HUDt<~d|P$qlXq(uBJ~`}MJ(x@b',102),(197,'PhpWikiAdministration/Rename',0,'a:2:{s:4:\"date\";i:1086203379;s:6:\"locked\";s:3:\"yes\";}','x=N0<E\n8q*q6k-4j\0M}w h>`y,y^&5\'Vx\r(}Hmd61s[<Q^\0qE:2#ig)2nSV!:H!<X^lgW]6TI\\\09n3V|-}R7DNM5^,S|#6ub',102),(198,'PhpWikiAdministration/Replace',0,'a:2:{s:4:\"date\";i:1086203379;s:6:\"locked\";s:3:\"yes\";}','x=N0<E4q\n*q4k-4j\0M}w\nh\\8^>`PQgkopk<R^\04o8\"nf@fe.ZASJd\\emBx[X	1U mTW]F\0d.@9-Mve\"s#:6zfT2+*@P	e',102),(199,'PhpWikiPoll',0,'a:2:{s:4:\"date\";i:1088929862;s:6:\"locked\";s:3:\"yes\";}','x}TMo0+,aM]aHUZE&`C*GmH9{,DAWGoV`!u\nhwAr+N[UH\\KhbE!4e[dF;&+1F1Ar\'Y)&JD2+ OeQL:e4RAy\ZRYi\rS`4T[ 4s\Z	P#;;ihV6,q,6Skn](mZ>W;<\n\Z\n=#qBPw-c~24@/C;W7X<<#jJ?]xCmr\06=>eFlJu hB_p>*N.xxKYr]_H`X7&?G',102),(200,'TexToPngPlugin',0,'',NULL,102),(201,'TeX2pngPlugin',0,'',NULL,102),(202,'GraphVizPlugin',0,'',NULL,102),(203,'VisualWikiPlugin',0,'',NULL,102),(204,'PloticusPlugin',0,'',NULL,102),(205,'PhpWeatherPlugin',0,'',NULL,102),(206,'TranscludePlugin',0,'a:2:{s:8:\"pagedata\";s:0:\"\";s:4:\"date\";i:1032292999;}','xV]O6}%36	>P!yOS)af]k{M6:-mEu\'zGa;7<cw18{|rs\':FgGk{F{=rl{1O+Rqfl{~w9/\\	c]#Me6\nK^6R?le=$6*\\\\PD,$9>h$Gajh%I8JFjJ0w]/[tIc+/:~WwqJ\"x)u=cUg@]\r\r~|l_MH^E>~MfA\na}MFY^MM*\'8J$?$\0b+K&a=nV8\'Y=I,wL!?>\"(\0PfEpWx}(K|Ko\\6J-5`5 ^Pv(FA4fuT\':c=-yJ}gl\ZPRA\nL<QpNT3<AZI4Fc_9<o c$,rq\"cK|,\\n_YO>ip{^h%2Zq\rSIiZ.Hp/8 f%U]D[G^*7hOgB&uOnp\reEVHMe8HX@8d;R_\n\'|id9f\npM Ng]>A\0JS,:xT$onxSZgk3-i%Z^6@N\\X3@X+~<$ad	&h8o51<=WziJbI8hCeOpQD\Z^:\r+>C}(/w',102),(207,'WhoIsOnline',0,'',NULL,102),(208,'ProjectSummary',0,'',NULL,102),(209,'RecentReleases',0,'a:2:{s:4:\"date\";i:1081808935;s:6:\"locked\";s:3:\"yes\";}','x=n0>cd(PS VQNR~:w-g|<c{[P:+s}5?&#;GM%|]Eh1xx-J=YX^)\\jJ__dsUMmCgF\'\05Eefme{O69!6e;\\8L9)D;\"aE?T4X;%dv7y2g_5}t=GS\r(y+D9L|.',102),(210,'HtmlParser',0,'',NULL,102),(211,'ImportHtml',0,'',NULL,102),(212,'HtmlAreaEditing',0,'',NULL,102),(213,'PageChangeNotifications',0,'',NULL,102),(214,'ModeratedPage',0,'',NULL,102),(215,'GooglePlugin',0,'',NULL,102),(216,'RateIt',0,'',NULL,102),(217,'RandomPage',0,'a:2:{s:4:\"date\";i:1106583657;s:6:\"locked\";s:3:\"yes\";}','xEn@E\n(xYtUP90%Vae&/%{=j|cP/w\ZMW[\0QMOBEenaR|I\0lw.Dl061RE\r}.A3frjkk)*j\nLSr1.%=Q?nEQrEqk*VyAm^d',102),(218,'RecentComments',0,'a:2:{s:4:\"date\";i:1084554423;s:6:\"locked\";s:3:\"yes\";}','xUn0{\ns)SO&(Z[s8L)#5Bu5	><>N7}RX\rg\0hrn~~|1.p\rJ!l[%Mo/o{	Pr>_	4:@U\')kKK$\'\n)2,T\\U<soDgB]8f',102),(219,'RedirectToPlugin',0,'a:1:{s:4:\"date\";i:1045352818;}','xUN0}W@D\r,7zQE}D6]]!aV%g3gXmD9}F18te,1\\J#lE)(T_B`?D\\cH6coR^SQs6/vY-kJP:,#/*Q^s)&^u+h\nh&uDwWW\rI3E#Ky-dNq\Zv6 qX%ONV\n	`^MG?DcJ3 8kgx!8vk21o\ZL{d-l\"9&)\0_gTVENA#*^jmZ`uq-XboLTr4oZQQqds[;d2V\0vE	V [U?jy#W$~e?sg8D5sit\0D|\riN<=}w>A*^9N7/t}.OWbKGqfnp%}KP:BVdx$b> YXbOL-omN6~VF8\rIt\\Q[t-&8xJvTF#p4x\ZzJKeB\'],j1\"x&xU\nWXi`[z7Zwv*rs',102),(220,'HomePageAlias',0,'',NULL,102),(221,'RelatedChanges',0,'a:2:{s:4:\"date\";i:1082413790;s:6:\"locked\";s:3:\"yes\";}','xUn0{\n3HziVwB\nhHjy9&f;+B=kOn>6?0G~hm2(\nM}s/\n+}a\0Q |Qm{`l\0cas);$/o{PpvLVrPFUbJmKK$~pLG)N<E,Fii,mE+P?>&:j!1Yz,xk|',102),(222,'RichTablePlugin',0,'a:1:{s:4:\"date\";i:1088929862;}','xXio6\Z_*#y|<3Ff`E?l9#b4JRyIiwN\0-c=>AgY|mxm\'.N6{ld|:g>~P3\']`al ^UQ^ovj\Z~e]|IAeG8P7x%<l1%vDtK\r2(zgMc7,1g2=sIF*OW	^W[VS_\\`E^9J/Jmd&KMf\Zi6so*wH7Sw9L1r7Akr%THHj\097Ii3vB]+V[)vN++dU!TVBZ{Qb @%+\"])[h3Pd,\\<dl[V	\r-N\Zi--v\ro}u;;T)$7_j<.9=jw4;mAf7(%30j(*+v[Pi-+nYX\r5[EPo!9ISd|\"\'wq`+ZEq~);N.9O`hv@PM5X-;h&\rSDLt/7,Pz4&Ml[L(\0OW`jafU] 8o+M6G6+SX/(sl`(2),rMG>r* fWH|{@*Mkk]dkBKgxA7FkyZ:ut?JUQ}}	i}b gxBn_^dd&A]+Z$GwxV-jP&#\">S[]E`d73ZV~jiHM8wzwG\ZE\"e=l\r[e\rc@ftKLg	oXHk(OE;05Am1UJ\0B=tVV<l%ic L\'=F[6=/o95;\n*p|\n;8;+	]	]EcxDAf48oFg,fdr4y6yv&\\9:?)MMQ!F\0`WNLK%]WG/k4m\\I80a*ZTNA=mR5 64I BY+?TzHeFW>G\'k=^h>n6K^|6J>A$IJ-uH?\\h2RDMEq+vTr6`>\"t)V\\z\rxX]t5coPM~sDf*/w)k]nm=w(~4c n+kwxhHlVP\'T_*_+djp;Y=z:~Ra}Shxs	~L[3<o(%\n-[j/.V-yt\"Q.Q	/U.lT!\r&Jw=cX\ZQ@V_Rv|oVv*\nJ6pm/~J,\Z]*\rUO]jjfpg~$g=;',102),(223,'RssFeedPlugin',0,'a:1:{s:4:\"date\";i:1088929862;}','xVn8+P%E,n$m-$%A!eloy3-/}6y+aa)W1/\n<y,~	\raWxq\r(@cF m!jg-N|lKezn&\npEX|.&	\n:vO*_}6+CFg&W6$FIBKr@rL@!\r XJ^hrBkce]O;\"qI!iibA`\ne`eH6@.1g!\nxB<#NC_WYm=`}fH Q<uawV<[kELQg9o%?l7gh6Fcj;k3}9_V6|z(+!\n%z#}@heQb@v-!I[KQ?w/NCMSHu\n)sTS+H=J@=YT4q=\rW.=NnJ0)A7erT~?qP l:\ZMh`;\rKFz\"bB]L:u|Q %\0KkWJmE7U\0{gsuWGffnJ^`f>HejLx4:bnvgu`$j=x}Zn{	#Z_jGuEB%-b[{&&ow%A/wDyd>IN/7',102),(224,'PhpWikiRss',0,'',NULL,102),(225,'SearchHighlight',0,'a:1:{s:4:\"date\";i:1096054251;}','x]n@<4R2tID*;rqU!gj\".M?{@wdG_Nr}}OU3\0LvVLF17^[JkA6r\\O!`@x\'qSV_GQhRVQ`ClW.L,	s),ht4M;i#]',102),(226,'SearchHighlightPlugin',0,'a:1:{s:4:\"date\";i:1096054251;}','xSM0W:q>CqXz\n=DHr;R>-l y3	gs\'_Yz<\"[dgs\"\Z}UknG	[W?T#5}Ew21@&gE~A3vmR%\"\ZK6U<#_E%^Q2k\"\"lOMc6<GD(AP3B&VB7T8k:\"kMo7h\rF+tWn@O+\Z\Z)=vm\r:$*\rDS3]:a^Ahox(Uo>Q1A,ZW[dbiyi0;)iwx-D5\"$moSZAZVT4368[Q~G/&$&BdYiJ~>\"8Q\'%KYp1Ol>V0hg<[v',102),(227,'SearchHighLight',0,'',NULL,102),(228,'TemplateExample',0,'a:1:{s:4:\"date\";i:1126384931;}','xS0}+,$54F%V}B#pnCn\nx&tQ*Ue<(^zWMCx#]nP\n\n^HBVHaexwKT!5wxs&dU>)bT6@*\\i2{x#+\'rf=--JJ%pHEY)\"VfZ$Lmr YT\Z*,+\"b~}M2E*P;b\n=\0[[JIXjCiORQ^gh\Z?M{[qD=2(H\Z_ 	|08g&5o&(qmV\nmmqFd(Nr3\ZL}{c?e0z+;:,^(W[\\7q	;~:AZ$C',102),(229,'TemplatePlugin',0,'a:1:{s:4:\"date\";i:1126384931;}','xW[S8~8v	%e\nmQlk-$(vb%tt_;f+pSNR5~Oc|OpOkv,yJfyOf\"Hz\rFrz{PC 1-oIR#LJ3-Iq,Vy#;k\'B$Z4\02X;pmH\"%C\r&H$ji\nk<WD< y~pkH9_#t\'jd#[m3w`Y`tZJ`qem<6kfQ6aW%^-m4u EV2?BA\r!cgZa%oUdicnNNNr\ns6O>-fhs0NZn(w# -!p4)Dr[#^f9cIx	HP	nYJ}c\'8A$F<YB`fM%Q^L)SLC*#(SKiLx?BnvOGZ{:wYhv6\Z%guO9>_=7T\"\'`4U\Z5\nKq)dk<P	&.zH*QrI,0\Zmm\nF\\)nf^w\rXIiHP%d)B2fVLU[w\\U@~T~,*c\\C*#]Pb<_v%V\r<Q	wX2I{{53uv7\\vwws|}(j$PKT^T`o]<!v0xP]J3CKvt\\t{?Ul\'aev-k(X@gK\Z;A$qR.C$bb)\"gaZB/<Tj(}:aVCT]2}4oi&XjkG}os^k*%}Yt#\ZM=B^0x~{@c{a\"e<8	)a27zmhtJr>mG=7%g<Cd!\'<!7Yf#$*uHCu])g78>(Ty.n11=xLN+Xas-\n@0</z z xOg\ZF\\',102),(230,'InlineParser',0,'',NULL,102),(231,'TestTitle',0,'',NULL,102),(232,'TextFormattingRules',0,'a:2:{s:4:\"date\";i:1086726005;s:6:\"locked\";s:3:\"yes\";}','xsw:3r/q47}\r2o07VQYJCzow%;6Zoq_<#OE|)?<\n!\\E&a40q`.<@8DnLg8F*5\"5dx\0^cyk}k3va?DWXq#U=D&\\e9d4=7REXw\\QQ\"kzPxa\"pe#;Yg\'GTeZ~n~V _A8x1&pe@wix\"#\0%-\Z2<U-^y]\Z7_^#E}}6*$%8B}Lg\0KO zT@ahlX,F2/D@,Y bdV@IHDiAO0q+|2-\'V*AHWsMH|3\')>qO[\\aka4QPi&da)2LM^79(\"!b*_u{\n_y	4b)Z4^\\]wOZwTGcrf10/^!*6iDOg<a9n/DA|^^y\n.x\0.Zx}=I2~i@L*no>;t<ts#;t#\'x(~/Xz_f|\0	30\\nx&_(jolY2\'rgG3HGRi9{oY\'RHdh4\n`$q/W -9U\rZ\Zj?	L86=)1@/ _:\\TH%hpf5~W.Lb1>+#rT_0\r4MGp54c`crf^}}mN*5_}u>aT0cY_0dS\Z~V\"`9Y.%&7R;=VE%uRExn/?-xZ_@SX{E{\0,\'MHO0:~\njp\"S\r/)NF-6Kh&.oh^<W*)>TuI{uwBTfDO.%>+6v9\0Sqs\\GR\"x@L=]K\ng1&&Gqrx9iN0d^^2`q3I&V+Am<(uk|LY*Qu\naiCX2*xOa<=zaHQO^9tOB=Gz\'=xpxN<!Uh\nh;fjaJG,\nCE4^B-kwDfjmKdzy;\n9J5LLyt$#\"h5#!ctb0{9z;Z@P t K>92$<2DPak+&bwEU91%YqGHB(\rJ*D,P>:\r^\ZVrnT__hAg\0E!(o-n,9!s%Z}\"$P uQ1FK}mcqk]`Y0J`N<8BZLh5XE\n$[:jWU8yM*Nl*N `BVrI\0zlS,v1:m1r2N`1Rd.J/9,4%FfIfR5Q*(U[.)h];_:%n{B3\"Ma\'\Z^ultxC	XDB4r,dpKA+zkXo1*\rP@v8V0DOt; -9*\Zy)LavXU6cYq?7c*;Wt3J,)<ph5[=)\"Q6F61B\Z( b3>C:_.K@?dJE`x#RKb`c4nq#6Br#`LE\nX(\\0rt[.#mBf65#Nm.Bn/Yml+L?3p[XlV/c]FAG{q.ipGH{\0GK``\rH\":10`M`e 7x/prutO<7wO(4)U5,iyXNL\\4z8}X_r/X!\r9ztrK0vJ0OWCarF!E7x#Qq\0,D\0>g\"N\Z#TccSh>|>*w,GTOb%!#Ksu#14\'l1%\'0+^qG-@jd$[#1Uvm3I`G(rEb9*Ns<p\'UxIlK&|\n	pN{-[MtVsq!;=Gj =	4?Kjh@ATSl{6&/=,ghA1ZZmm@mQ^DPN`8\"DExZHM%zP;S \0Et`R/\nrn](	dNl55zmsMFP&&/u_L+u!|{:-@rcnK;oo,nVim	EZ&GO{J&Lu\"J\\W{C}8_fQ`D*a\n2A /3dMIW{Tt.{/zPG@D~VwyP8~\"}0^ewVuI!Dy.!OU)1<A}Djj]$9XikI!\nM>-Lf^y`#/Yt5hec.Dcj>Zt+SzhI3W[3,22WDjo;N!;> Y:P?c?A--\0us5dKd \nXTNXosUP;n_&!%BU|; {;HwoDj[mvV4Y10eN@\\U1o96p1cy:EYhYFeneW4j]m6ZK\ZW[]=zj5+VbRcm$MS-jnM/j7J.9T3 3Q)bmNlq=n.c}+\'%B@<#aw5j\nMI	 D%rD`ENM,(T\ZoD\rA3m\0!9Y\ZK	g\'T\';3Xng#EO?!AG|\"f|tp+B\rp	3Klj=6*!v`O*F-=w[a|zksF		jNSh6%{\r\ngQ.3;lM[g3isR~0}R\'I6}DQk/>>\ZTc_?4BC%H1Z	C	BAw|D	Ys/}_aOO\'i>|h{h!>a>~em\r[\r!LV8{8ad0`|^tor_a=',102),(233,'RawHtmlPlugin',0,'',NULL,102),(234,'WikiLinks',0,'',NULL,102),(235,'JavaScript',0,'',NULL,102),(236,'UnfoldSubpagesPlugin',0,'a:1:{s:4:\"date\";i:1107372764;}','xWKOIWo#b!H\ng^f\'={fllGWXpsef:OEt)lapm_Y=\\\\VHuaqpC04e75ItQLi\'\\*Z;VV(9\rd]\\8Q$&qP_2eOi\",\\Vo`(Y#S\"BQ	XC\\|,\0i0\" &KxT)lXyj:\\Q\\/mlx=?=y`#i<*#i4	HWQ\'4uJ0jL]KiV>GJrZ\Zr!J&K^`\\@(^Y\'Jg~\"\\4\rNb23C7.s;][:)s5>{`R.+m\"p&n~y]h\"bOx{<(NT*ta	_%~il)<TG:<=D.RLF}0j>4uQ\'$%\'347\"b/y.@v9\Z\'Fl@.LN.N\'G*n:)Rn|A|2K	Q=-oV,igVFeUDEYIb?*5I)Ing-}WHAT5?=,>RIHpH-\\&\\9O%,K\\F\\}(m*+-6Mo]j\"4P-lL!aK24u c!z0\0N,JA\')v;e\\|HwWCt- :A	n\09lN:X]w&19%``;G56=_%Vev[rR.~\' mRI}/T yqEwux543QH1bZ\Z\ZazCGE\'8vvJ##+HPGqImv:u6C\"*[vg:t5{{[Q39_E:{RAOg:H\\ff;gOrWx\rwU&U.,yD~\0y',102),(237,'WikiBlogPlugin',0,'a:2:{s:8:\"pagedata\";s:0:\"\";s:4:\"date\";i:1088929862;}','xRKo0W:o`0c-K#8CrQ\'~ SezK;z%oQdrzGh?p#	 +a[[J+E\"^c0V:Sgi?j)7o{vtS8@l;jKM`u;dME\Zg7_+\rH\"w\nI*6pNl:FG4RN$u\n\rDTj;	q0N}v1qF/n5#[3sDSsM\"^x~ii=\"<v\"_7\'zVug[uQ8`Q<xQ5)tANKAGZ1\'\0.9	\'',102),(238,'UpLoad',0,'a:1:{s:4:\"date\";i:1086868086;}','xn0<IqJ\0qLjb[\"w\Zsqwg\r=&tC	\0thi^![eL`+v*{K5Q+/9pQ]k~v5h\'\"B$#N8L*C$m>}+Ep^e9L,%9i2,z+z*JR\rk6GfVp(R4S39U#V[alU_/EAf\"HvK',102),(239,'UserPreferences',0,'a:2:{s:4:\"date\";i:1099693565;s:6:\"locked\";s:3:\"yes\";}','x]R0wqLLY300J? 49B]CX]Pm-Bzjtn>(xtB`euE\n$cHX;7au\'\nXBMz:zx&*N[[WqVw(vf4z?w*S=_6]',102),(240,'WantedPages',0,'a:1:{s:4:\"date\";i:1014527660;}','xR06i?\\C&i+4Zb\"88KHkh9JZGt@ok9s X{oOMn.?\npLA\0jz6j.Qp}2rI-PSiLjg6]G|PW!K3x$90Tw2pf]\08SSIKVt0i2,`uu\rg}zEy).HDd/\'*SU6w)@*\"e&#CmwJ8`D\\x]C\r\"%U\'$TyDH~@<M@B{0G7j#.8&cSgp@l0PG&\Zn&UV|\\/hZ]X\"TU6\\>/Jx_\r,s_,\n?T1_nZV6R}:U>xXa',102),(241,'WikiAdminSelect',0,'a:2:{s:4:\"date\";i:1086206979;s:6:\"locked\";s:3:\"yes\";}','x]n@w\"/	BL@j$`5\\\"JAwOBu2.0G9:5R%s?&n;i\0^nY6Gv\rq!] \'B>\'3]e+ce5{bV%y&,yJHS$uup*q|\0G_',102),(242,'LeastPopular',0,'',NULL,102),(243,'AllPagesCreatedByMe',0,'',NULL,102),(244,'AllPagesLastEditedByMe',0,'',NULL,102),(245,'AllPagesOwnedByMe',0,'',NULL,102);
/*!40000 ALTER TABLE `wiki_page` ENABLE KEYS */;
UNLOCK TABLES;

--
-- Table structure for table `wiki_recent`
--

DROP TABLE IF EXISTS `wiki_recent`;
/*!40101 SET @saved_cs_client     = @@character_set_client */;
/*!40101 SET character_set_client = utf8 */;
CREATE TABLE `wiki_recent` (
  `id` int(11) NOT NULL,
  `latestversion` int(11) default NULL,
  `latestmajor` int(11) default NULL,
  `latestminor` int(11) default NULL,
  PRIMARY KEY  (`id`)
) ENGINE=MyISAM DEFAULT CHARSET=utf8;
/*!40101 SET character_set_client = @saved_cs_client */;

--
-- Dumping data for table `wiki_recent`
--

LOCK TABLES `wiki_recent` WRITE;
/*!40000 ALTER TABLE `wiki_recent` DISABLE KEYS */;
INSERT INTO `wiki_recent` VALUES (2,1,1,NULL),(3,1,1,NULL),(6,1,1,NULL),(8,1,1,NULL),(9,1,1,NULL),(10,1,1,NULL),(11,1,1,NULL),(12,1,1,NULL),(13,1,1,NULL),(19,1,1,NULL),(20,1,1,NULL),(22,1,1,NULL),(23,1,1,NULL),(24,1,1,NULL),(26,1,1,NULL),(27,1,1,NULL),(28,1,1,NULL),(29,1,1,NULL),(30,1,1,NULL),(34,1,1,NULL),(36,1,1,NULL),(38,1,1,NULL),(39,1,1,NULL),(40,1,1,NULL),(35,1,1,NULL),(43,1,1,NULL),(176,1,1,NULL),(178,1,1,NULL),(179,1,1,NULL),(180,1,1,NULL),(181,1,1,NULL),(182,1,1,NULL),(7,1,1,NULL),(187,1,1,NULL),(191,1,1,NULL),(192,1,1,NULL),(193,1,1,NULL),(194,1,1,NULL),(188,1,1,NULL),(196,1,1,NULL),(197,1,1,NULL),(198,1,1,NULL),(5,1,1,NULL),(199,1,1,NULL),(190,1,1,NULL),(217,1,1,NULL),(32,1,1,NULL),(218,1,1,NULL),(37,1,1,NULL),(209,1,1,NULL),(219,1,1,NULL),(221,1,1,NULL),(222,1,1,NULL),(223,1,1,NULL),(225,1,1,NULL),(226,1,1,NULL),(195,1,1,NULL),(228,1,1,NULL),(229,1,1,NULL),(232,1,1,NULL),(189,1,1,NULL),(206,1,1,NULL),(236,1,1,NULL),(238,1,1,NULL),(239,1,1,NULL),(240,1,1,NULL),(241,1,1,NULL),(237,1,1,NULL),(4,1,1,NULL),(41,1,1,NULL);
/*!40000 ALTER TABLE `wiki_recent` ENABLE KEYS */;
UNLOCK TABLES;

--
-- Table structure for table `wiki_version`
--

DROP TABLE IF EXISTS `wiki_version`;
/*!40101 SET @saved_cs_client     = @@character_set_client */;
/*!40101 SET character_set_client = utf8 */;
CREATE TABLE `wiki_version` (
  `id` int(11) NOT NULL,
  `version` int(11) NOT NULL,
  `mtime` int(11) NOT NULL,
  `minor_edit` tinyint(4) default '0',
  `content` mediumtext NOT NULL,
  `versiondata` mediumtext NOT NULL,
  PRIMARY KEY  (`id`,`version`),
  KEY `mtime` (`mtime`)
) ENGINE=MyISAM DEFAULT CHARSET=utf8;
/*!40101 SET character_set_client = @saved_cs_client */;

--
-- Dumping data for table `wiki_version`
--

LOCK TABLES `wiki_version` WRITE;
/*!40000 ALTER TABLE `wiki_version` DISABLE KEYS */;
INSERT INTO `wiki_version` VALUES (2,1,1328031275,0,'You can try out Wiki in here.\n\nHave fun :-)','a:4:{s:6:\"markup\";s:1:\"2\";s:6:\"author\";s:28:\"The PhpWiki programming team\";s:9:\"author_id\";s:28:\"The PhpWiki programming team\";s:8:\"pagetype\";s:8:\"wikitext\";}'),(3,1,1328031275,0,'WikiPlugin to let users attach comments to the end of a page. Since v1.3.8.\nChange the layout via the templates comment.tmpl and addcomment.tmpl, and the CSS classes\nwikicomment, wikicomment-header, wikicomment-body, wikicomment-footer\n\n!! Usage\n<verbatim>\n     <?plugin AddComment order||=normal jshide||=0 mode||=show,add noheader||=0 ?>\n</verbatim>\n\n!! Plugin Arguments\n__jshide__: |\n  Boolean if the comments and/or textbox should be initially hidden and on click expanded. Default: 0\n__order__:  |\n  List comments in chronological (order=normal) or reverse order (order=reverse)\n__mode__:  |\n  List of add and/or show.  Default: add,show\n__noheader__:  |\n  Boolean if the \"Comments\" h2 header should be omitted. Default: 0\n__pagename__:  |\n  Attach to which page? Default: current pagename\n\n!! Known Problems\n\njshide does not work yet. Not very well tested.\n\n!! Examples\n\n<?plugin AddComment jshide||=1 ?>\n\n-------------\n\nPhpWikiDocumentation WikiPlugin','a:4:{s:6:\"markup\";s:1:\"2\";s:6:\"author\";s:28:\"The PhpWiki programming team\";s:9:\"author_id\";s:28:\"The PhpWiki programming team\";s:8:\"pagetype\";s:8:\"wikitext\";}'),(6,1,1328031275,0,'Here is the list of all pages on this Wiki, including any\nOrphanedPages which are otherwise inaccessible.\n\n<?plugin AllPages?>','a:4:{s:6:\"markup\";s:1:\"2\";s:6:\"author\";s:28:\"The PhpWiki programming team\";s:9:\"author_id\";s:28:\"The PhpWiki programming team\";s:8:\"pagetype\";s:8:\"wikitext\";}'),(8,1,1328031275,0,'<?plugin AppendText ?>','a:4:{s:6:\"markup\";s:1:\"2\";s:6:\"author\";s:28:\"The PhpWiki programming team\";s:9:\"author_id\";s:28:\"The PhpWiki programming team\";s:8:\"pagetype\";s:8:\"wikitext\";}'),(9,1,1328031275,0,'AppendText is a WikiPlugin to automatically add text to a page. For general\nusage better use the AddCommentPlugin.\n\n<verbatim>\n<?plugin AppendText ?>\n</verbatim>\n\n!! Plugin Arguments\n__page__: |\n  Append to which page. Default: Current page.\n__s__:  |\n  What text to add. Note: A \\n is always prepended.\n__before__:  |\n  (Optional) Add before the matching line beginning with before.\n__after__:  |\n  (Optional) Add after the matching line beginning with after.\n\n!! Examples\n\nAdd from a list of all available plugins one to the current page.\n<verbatim>\n  <?plugin WikiFormRich action=AppendText buttontext=\"AddPlugin\"\n  	   pulldown[] name=s text=\"Plugins: \" value=<!plugin-list BackLinks page=WikiPlugin !>\n  	   ?>\n</verbatim>\n\nAdd from a list of all available Categories to the current page.\n<verbatim>\n  <?plugin WikiFormRich action=AppendText buttontext=\"AddCategory\"\n  	   pulldown[] name=s text=\"Categories: \" value=<!plugin-list TitleSearch s=Category !>\n  	   ?>\n</verbatim>\n----\nPhpWikiDocumentation','a:4:{s:6:\"markup\";s:1:\"2\";s:6:\"author\";s:28:\"The PhpWiki programming team\";s:9:\"author_id\";s:28:\"The PhpWiki programming team\";s:8:\"pagetype\";s:8:\"wikitext\";}'),(10,1,1328031275,0,'This plugin allows you to list the history of edits by a particular\nauthor; you can specify the page name as well (default is the current\npage).\n\n<verbatim>\n<?plugin AuthorHistory user=\"test\" ?>\n\n<?plugin AuthorHistory page=HomePage ?>\n</verbatim>\n\nThe second example will default to the current page. We can\'t provide\nexamples for you since we don\'t know any potential usernames for your\nwiki.\n\n-------------\n\nPhpWikiDocumentation WikiPlugin','a:4:{s:6:\"markup\";s:1:\"2\";s:6:\"author\";s:28:\"The PhpWiki programming team\";s:9:\"author_id\";s:28:\"The PhpWiki programming team\";s:8:\"pagetype\";s:8:\"wikitext\";}'),(11,1,1328031275,0,'The contents of all pages are searched to find links to the current\npage. The BackLinks function also answers the question: \"Which pages\ncontain the title of this page?\".\n\n----\n\n<?plugin BackLinks exclude||=\'\' include_self||=1 noheader||=0 page||=\'\' info||=\'\' ?>','a:4:{s:6:\"markup\";s:1:\"2\";s:6:\"author\";s:28:\"The PhpWiki programming team\";s:9:\"author_id\";s:28:\"The PhpWiki programming team\";s:8:\"pagetype\";s:8:\"wikitext\";}'),(12,1,1328031275,0,'The CalendarListPlugin is used in conjunction with the CalendarPlugin. It was written for those who use a wiki as a personal information manager.\n\nJust click any date in the calendar, edit the for that date, then come back to this page. The event should be listed below the calendar.\n\nUsage:\n<verbatim>\n<?plugin Calendar ?>\n<?plugin CalendarList ?>\n</verbatim>\n\nExample (click any date and edit it, then return to this page):\n<?plugin Calendar ?>\n\n<?plugin CalendarList ?>\n\n-----\n\nPhpWikiDocumentation WikiPlugin','a:4:{s:6:\"markup\";s:1:\"2\";s:6:\"author\";s:28:\"The PhpWiki programming team\";s:9:\"author_id\";s:28:\"The PhpWiki programming team\";s:8:\"pagetype\";s:8:\"wikitext\";}'),(13,1,1328031276,0,'The CalendarPlugin can be used to generate a monthly calendar in a\nwiki page. It\'s handy for PersonalWiki~s.\n\nIndividual dates in the calendar link to specially named wiki pages.\nThe names for the \"day pages\" are by default formed by appending the\ndate to the pagename on which the calendar appears.\n\n_This feature was inspired by [Manila|http://manila.userland.com/],\nand first implemented by GaryBenson. It was later implemented as a\nWikiPlugin by JeffDairiki._\n\n!!Usage:\n\n<verbatim>\n<?plugin Calendar?>\n</verbatim>\n\nwill get you:\n<?plugin Calendar?>\n\n--------\n\n!! Plugin Arguments\n\n!Selection of Month\n\n<strong>year</strong>:\n\n  Specify the year for the calendar.  (Default: current year.)\n\n<strong>month</strong>:\n\n  Specify the month for the calendar.  (Default: current month.)\n\n<strong>month_offset</strong>:\n\n  Added to \'\'month\'\'. Can be used to include several months worth of\n  calendars on a single wiki page.\n\n  <?plugin Calendar month_offset=+1?>\n\n!\"Day Page\" Names\n\n<strong>date_format</strong>:\n\n  [Strftime| php-function:strftime] style format string used to\n  generate page names for the \"day pages.\" The default value is\n  =%Y-%m-%d=.\n\n<strong>prefix</strong>:\n\n  Prepended to the date (formatted per \'\'date_format\'\') to generate\n  the \"day page\" names. The default value is =~[pagename]/=.\n\n!Appearance\n\n<strong>month_format</strong>:\n\n  [Strftime| php-function:strftime] style format string used to\n  generate the title of the calendar. (Default: =%B, %Y=.)\n\n<strong>wday_format</strong>:\n\n  [Strftime| php-function:strftime] style format string used to\n  generate the day-of-week names at the top of the calendar.\n\n<strong>start_wday</strong>:\n\n  What day of the week does the calendar start on. This should be\n  specified as an integer in the range zero (Sunday) through six\n  (Saturday), inclusive.\n\n  <?plugin Calendar start_wday=1 ?>\n\n-----\n\n! Patch for 1.2\n\nGaryBenson wrote the first calendar implementation for PhpWiki 1.2.\n(Since 1.2 doesn\'t support plugins, it uses a =###CALENDAR###= token\nas a trigger.) Gary provides a screenshot at [ http://inauspicious.org/files/screenshots/calender.png | screenshot ],\na [patch | http://inauspicious.org/files/phpwiki/phpwiki-1.2.0-calendar.patch] (on 1.2.0), and\n[calendar.php | http://inauspicious.org/files/phpwiki/calendar.php]\n(which renders a view of the year.)\n\n----\n\nPhpWikiDocumentation','a:4:{s:6:\"markup\";s:1:\"2\";s:6:\"author\";s:28:\"The PhpWiki programming team\";s:9:\"author_id\";s:28:\"The PhpWiki programming team\";s:8:\"pagetype\";s:8:\"wikitext\";}'),(19,1,1328031276,0,'<?plugin TitleSearch s=Category noheader=1 exclude=CategoryCategory?>','a:4:{s:6:\"markup\";s:1:\"2\";s:6:\"author\";s:28:\"The PhpWiki programming team\";s:9:\"author_id\";s:28:\"The PhpWiki programming team\";s:8:\"pagetype\";s:8:\"wikitext\";}'),(20,1,1328031276,0,'All links in this page will be used to find user groups for the\nWIKIPAGE group method.  User group pages must contain a list of\nusernames, and then for consistency after four hyphens a link to this\npage.\n\n* [Administrators]','a:4:{s:6:\"markup\";s:1:\"2\";s:6:\"author\";s:28:\"The PhpWiki programming team\";s:9:\"author_id\";s:28:\"The PhpWiki programming team\";s:8:\"pagetype\";s:8:\"wikitext\";}'),(22,1,1328031276,0,'!!! Synopsis\n\nThe CommentPlugin lets you hide parts of a Wiki page without actually\ndeleting the text. Comments will only be visible in the Wiki markup\nwhen editing or viewing the source.\n\n!!! Usage\n\nSimply place the text to be commented out between =<?plugin Comment=\nand =?>=:\n\n<verbatim>\n<?plugin Comment\n\n!!! A Hidden Section\n\nThis text will not show up in the generated HTML page, but it is still\nvisible when editing the WikiMarkup.\n\n?>\n</verbatim>\n\n!!! Author\n\nMartin Geisler mailto:gimpster@gimpster.com.\n\n<?plugin Comment\n\n!!! \"Fuzzy\" Logic\nTheorem: a cat has nine tails.\nProof:\n    No cat has eight tails. A cat has one tail more than no cat.\n    Therefore, a cat has nine tails.\n\n?>\n----\nWikiPlugin','a:4:{s:6:\"markup\";s:1:\"2\";s:6:\"author\";s:28:\"The PhpWiki programming team\";s:9:\"author_id\";s:28:\"The PhpWiki programming team\";s:8:\"pagetype\";s:8:\"wikitext\";}'),(23,1,1328031276,0,'<?plugin-form CreatePage ?>','a:4:{s:6:\"markup\";s:1:\"2\";s:6:\"author\";s:28:\"The PhpWiki programming team\";s:9:\"author_id\";s:28:\"The PhpWiki programming team\";s:8:\"pagetype\";s:8:\"wikitext\";}'),(24,1,1328031276,0,'WikiPlugin to easily create new pages, optionally with default content. Since v1.3.8\n\nThis allows you to create a page geting the new pagename from a\nforms-based interface, and optionally with the initial content from\nsome template.\n\nPut a \"<~?plugin-form ~CreatePage ?~>\" at some page, browse this page,\nenter the name of the page to create, then click the button.\n\n!! Usage\n<verbatim>\n     <?plugin-form CreatePage ?>\n     <?plugin-form CreatePage template=CategoryHomePage ?>\n     <?plugin-form CreatePage template=SomeTemplatePage vars=\"year=2004&name=None\" ?>\n</verbatim>\n\n!! Plugin Arguments\n*s*: |\n  The pagename, which will passed to the plugin. Default: \"\"\n*initial_content*:  |\n  The new page will be pre-filled with this content. Default: \"\"\n*template*:  |\n  The new page will be pre-filled with the content of this page. Default: \"\"\n*vars*: |\n  variables to be expanded. Default: \"\"\n*overwrite*: |\n  Whether to overwrite an existing page. Default: \"\"\n\n!! Known Problems\n\nNone\n\n!! Variable Expansion\n\nThe content (either initial_content or template) might hold some variables, which will be\nexpanded on creation. Unassigned variables will stay as %%<var>%%, assigned variables without\nmatching %%<var>%% placeholder will be ignored, without any warning.\n\nA variable in a template is denoted as <tt>%%var%%</tt>, which will be expanded by the\nvalue of <tt>var</tt> given to the vars argument (in urlencoded php notation).\n\nSome special variables are automatically assigned:\n\n%%ctime%% |\n  $WikiTheme->formatDateTime(time())\n%%author%% |\n  $user->getId()\n\nThis forms together with page templates and the PhpWiki:WikiFormRichPlugin and\noptionally the PhpWiki:SqlResultPlugin a framework to create templated pages.\n\n!! Authors\n\nDan Frankowski, Reini Urban\n\n!! Examples\n\n<?plugin-form CreatePage s=MyHomePage ?>\n\nSee also PhpWiki:EasilyCreateNewPages, PhpWiki:WikiFormRichPlugin, PhpWiki:SqlResultPlugin\n\n-------------\n\nPhpWikiDocumentation WikiPlugin','a:4:{s:6:\"markup\";s:1:\"2\";s:6:\"author\";s:28:\"The PhpWiki programming team\";s:9:\"author_id\";s:28:\"The PhpWiki programming team\";s:8:\"pagetype\";s:8:\"wikitext\";}'),(26,1,1328031276,0,'<?plugin CreateToc jshide||=1 ?>\n\nWikiPlugin to create a dynamical *Table Of Contents* of all headers. Since v1.3.8\n\n!! Usage\n<verbatim>\n     <?plugin CreateToc ?>\n     <?plugin CreateToc jshide||=1 with_toclink||=1 ?>\n</verbatim>\n\n!! Plugin Arguments\n__jshide__: |\n  Boolean if the TOC should be initially hidden and on click expanded. Default: 0\n__with_toclink__:  |\n  Boolean if headers should link back to the TOC. Default: 0\n__headers__:  |\n  Which headers to include.  Default: !!!,!!,!    1,2,3 also allowed\n__noheader__:  |\n  Boolean if the \"Table of Contents\" h2 header should be omitted. Default: 0\n__liststyle__:  |\n  dl or ol or ul. Default: dl\n__indentstr__:  |\n  Default: &nbsp;&nbsp;\n__pagename__:  |\n  TOC of which page? Default: current pagename\n\n!! Known Problems\n\nIf any header contains a link or a ~WikiWord or non-word characters, ~CreateToc will print a warning and refuse to link this header.\n\n!! Examples\n\nSee for example PhpWikiDemo:en/TextFormattingRules\n-------------\n\nPhpWikiDocumentation WikiPlugin','a:4:{s:6:\"markup\";s:1:\"2\";s:6:\"author\";s:28:\"The PhpWiki programming team\";s:9:\"author_id\";s:28:\"The PhpWiki programming team\";s:8:\"pagetype\";s:8:\"wikitext\";}'),(27,1,1328031276,0,'Detailed view of a page, which is probably more useful for debugging\nthan anything else.\n\n<?plugin _BackendInfo page||=\'\' ?>','a:4:{s:6:\"markup\";s:1:\"2\";s:6:\"author\";s:28:\"The PhpWiki programming team\";s:9:\"author_id\";s:28:\"The PhpWiki programming team\";s:8:\"pagetype\";s:8:\"wikitext\";}'),(28,1,1328031276,0,'<?plugin EditMetaData ?>','a:4:{s:6:\"markup\";s:1:\"2\";s:6:\"author\";s:28:\"The PhpWiki programming team\";s:9:\"author_id\";s:28:\"The PhpWiki programming team\";s:8:\"pagetype\";s:8:\"wikitext\";}'),(29,1,1328031276,0,'<b>This plugin allows you to add/edit/delete metadata key/value pairs for a given page. You must be logged in as the administrator to do this. The page\'s metadata contains things like the page hit count, last edit time and so on.</b>\n\n<b>Editing the metadata for the homepage would look like this:</b>\n------\n<?plugin EditMetaData page=\"HomePage\" ?>\n------\n<b>With no arguments the plugin defaults to the current page:</b>\n------\n<?plugin EditMetaData ?>\n\n-----\n\nPhpWikiDocumentation WikiPlugin','a:4:{s:6:\"markup\";s:1:\"2\";s:6:\"author\";s:28:\"The PhpWiki programming team\";s:9:\"author_id\";s:28:\"The PhpWiki programming team\";s:8:\"pagetype\";s:8:\"wikitext\";}'),(30,1,1328031276,0,'Here are some good starting points for browsing.\n\n* HowToUseWiki gives you the quick lowdown on Wiki markup.\n* RecentChanges recorded automatically.\n* MoreAboutMechanics of browsing and editing on this server.\n\nHere\'s a title search. Try something like <tt>wiki or sandwich</tt>.\n\n<?plugin WikiFormRich action=TitleSearch method=GET nobr=1 class=wikiaction\n  editbox[] name=s text=\"\"\n  submit[]\n  checkbox[] name=case_exact\n  pulldown[] name=regex value=\"auto,none,glob,posix,pcre,sql\" ?>\n\nUse the following for a full text search. This takes a few seconds.\nThe results will show all lines on a given page which contain a\nmatch.\n\n<?plugin WikiFormRich action=FullTextSearch method=GET nobr=1 class=wikiaction\n  editbox[] name=s text=\"\"\n  submit[]\n  checkbox[] name=case_exact\n  pulldown[] name=regex value=\"auto,none,glob,posix,pcre,sql\" ?>\n\nIn a fuzzy pages search the titles of all pages are examined to find\nthose which are similarly spelled or similar sounding (english).\n\n<?plugin-form FuzzyPages ?>\n\n------\n\n! Tips\nSeparate words with a space. All words have to match as substrings. %%%\n\'OR\', grouping with parenthesis, string-quoting and some glob-style wildcard\ncharacters are also supported. %%%\nTo exclude words from a title search or full text search, prepend a \'-\'. %%%\nUse \'^xx\' or \'xx*\' to match words starting with \'xx\'. %%%\nUse \'~*xx\' or \'xx$\' to match words ending with \'xx\'. %%%\nUse \'^word$\' to match exact words. %%%\nUse regex=auto and \'re:\' like \'re:word.*xx\' or regex=posix to use posix regular expressions. (not yet) %%%\nUse regex=auto and \'//\' like \'/^word$/\' or regex=pcre to match using perl-style regular expressions. %%%\nUse regex=sql to match using SQL-style wildcards \'%\' and \'_\'. %%%\nUse regex=none to match any wildcards verbatim. %%%\n\nExample: \'wiki text -php\' looks for all pages containing the words \'wiki\' and \'text\',  %%%\n         but not containing the word \'php\'.','a:4:{s:6:\"markup\";s:1:\"2\";s:6:\"author\";s:28:\"The PhpWiki programming team\";s:9:\"author_id\";s:28:\"The PhpWiki programming team\";s:8:\"pagetype\";s:8:\"wikitext\";}'),(34,1,1328031276,0,'This plugin will create an HTML frame that will fill the entire display area of the page (that is, the whole area the user is allowed to edit). All other text will be discarded when the page is rendered (anything outside the call to plugin, that is). In the language of hypertext this is called <i>transclusion</i>.\n\nYou might also be interested in the IncludePagePlugin.\n\nExamples: to include a page from another site, use the <b>src</b> attribute:\n\n<verbatim>\n<?plugin FrameInclude src=\"http://phpwiki.org/\" ?>\n</verbatim>\n\nTo include a page from within this wiki, use the <b>page</b> attribute:\n\n<verbatim>\n<?plugin FrameInclude page=HomePage ?>\n</verbatim>\n\nFor more information on this plugin please read the PHP source code in the /lib/plugin directory.\n\n-----\n\nPhpWikiDocumentation WikiPlugin','a:4:{s:6:\"markup\";s:1:\"2\";s:6:\"author\";s:28:\"The PhpWiki programming team\";s:9:\"author_id\";s:28:\"The PhpWiki programming team\";s:8:\"pagetype\";s:8:\"wikitext\";}'),(36,1,1328031276,0,'Here\'s a list of all recently changed pages on this wiki, not just the\nmost recent ones found in RecentChanges. (See RecentEdits for all\nrecent minor edits and changes).\n\n--------\n\n<?plugin RecentChanges days||=3 show_all=1 daylist=1,3,7,30,90,-1 ?>','a:4:{s:6:\"markup\";s:1:\"2\";s:6:\"author\";s:28:\"The PhpWiki programming team\";s:9:\"author_id\";s:28:\"The PhpWiki programming team\";s:8:\"pagetype\";s:8:\"wikitext\";}'),(38,1,1328031277,0,'<?plugin FullTextSearch ?>\n\n----\n\nAdditional Searches:\n<?plugin WikiFormRich action=TitleSearch method=GET nobr=1 class=wikiaction\n  editbox[] name=s text=\"\"\n  submit[]\n  checkbox[] name=case_exact\n  pulldown[] name=regex value=\"auto,none,glob,posix,pcre,sql\" ?>\n\n<?plugin WikiFormRich action=FullTextSearch method=GET nobr=1 class=wikiaction\n  editbox[] name=s text=\"\"\n  submit[]\n  checkbox[] name=case_exact\n  pulldown[] name=regex value=\"auto,none,glob,posix,pcre,sql\" ?>\n\n<?plugin WikiFormRich action=FuzzyPages method=GET nobr=1 class=wikiaction\n  editbox[] name=s text=\"\"\n  submit[]\n  checkbox[] name=case_exact ?>\n\n----\n\nCreate or edit page:\n\n<?plugin-form CreatePage?>\n\n----\n\n<?plugin IncludePage page=FindPage quiet=1 section=Tips sectionhead=1 ?>','a:4:{s:6:\"markup\";s:1:\"2\";s:6:\"author\";s:28:\"The PhpWiki programming team\";s:9:\"author_id\";s:28:\"The PhpWiki programming team\";s:8:\"pagetype\";s:8:\"wikitext\";}'),(39,1,1328031277,0,'<?plugin FuzzyPages ?>\n\n----\n\nAdditional Searches:\n<?plugin-form TitleSearch?>\n<?plugin-form FullTextSearch?>\n<?plugin-form FuzzyPages?>\n\n----\n\nCreate or edit page:\n\n<?plugin-form CreatePage?>\n\n----\n\n<?plugin IncludePage page=FindPage quiet=1 section=Tips sectionhead=1 ?>','a:4:{s:6:\"markup\";s:1:\"2\";s:6:\"author\";s:28:\"The PhpWiki programming team\";s:9:\"author_id\";s:28:\"The PhpWiki programming team\";s:8:\"pagetype\";s:8:\"wikitext\";}'),(40,1,1328031277,0,'A simple example plugin.\n\n<?plugin HelloWorld salutation=\"Hello,\" name=\"WikiUser\" ?>\n\nFrom the source of this page:\n\n<verbatim>\n<?plugin HelloWorld salutation=\"Hello,\" name=\"WikiUser\" ?>\n</verbatim>\n\n-----\nPhpWiki\'s plugin architecture allows you to add custom page elements to your wiki. All you have to do is extend (subclass) the ~WikiPlugin class and create your output via the run() method, dependend on the Wiki- or Request arguments,\n\n* either with the predefined HTML classes to create valid XHTML,\n* or by using templates, which are easier customizable, but generally more a mess to use and easier to create invalid XHTML.\n\n<?plugin PhpHighlight\n\n/**\n * A simple demonstration WikiPlugin.\n *\n * Usage:\n * <?plugin HelloWorld?&gt;\n * <?plugin HelloWorld\n *          salutation=\"Greetings, \"\n *          name=Wikimeister\n * ? >\n * <?plugin HelloWorld salutation=Hi ? >\n * <?plugin HelloWorld name=WabiSabi ? >\n */\n\n// Constants are defined before the class.\nif (!defined(\'THE_END\'))\n    define(\'THE_END\', \"!\");\n\nclass WikiPlugin_HelloWorld\nextends WikiPlugin\n{\n    // Five required functions in a WikiPlugin.\n\n    function getName () {\n        return _(\"HelloWorld\");\n    }\n\n    function getDescription () {\n        return _(\"Simple Sample Plugin\");\n\n    }\n\n    function getVersion() {\n        return preg_replace(\"/[Revision: $]/\", \'\',\n                            \"\\$Revision: 1.5 $\");\n    }\n\n    // Establish default values for each of this plugin\'s arguments.\n    function getDefaultArguments() {\n        return array(\'salutation\' => \"Hello,\",\n                     \'name\'       => \"World\");\n    }\n\n    function run($dbi, $argstr, $request) {\n        extract($this->getArgs($argstr, $request));\n\n        // Any text that is returned will not be further transformed,\n        // so use html where necessary.\n        $html = HTML::tt(fmt(\'%s: %s\', $salutation, WikiLink($name, \'auto\')),\n                         THE_END);\n        return $html;\n    }\n};\n?>\n-------------\n\nPhpWikiDocumentation WikiPlugin','a:4:{s:6:\"markup\";s:1:\"2\";s:6:\"author\";s:28:\"The PhpWiki programming team\";s:9:\"author_id\";s:28:\"The PhpWiki programming team\";s:8:\"pagetype\";s:8:\"wikitext\";}'),(35,1,1328031277,0,'This plugin will \"include\" other pages in this wiki. In the language of hypertext this is called <i>transclusion</i>. The pages will render in distinct tables. You can also load external pages in a more limited fashion with the FrameIncludePlugin. Examples:\n\n<?plugin IncludePage page=\"HomePage\" ?>\n\n<?plugin IncludePage page=\"WabiSabi\" ?>\n\n-----\n\nPhpWikiDocumentation WikiPlugin','a:4:{s:6:\"markup\";s:1:\"2\";s:6:\"author\";s:28:\"The PhpWiki programming team\";s:9:\"author_id\";s:28:\"The PhpWiki programming team\";s:8:\"pagetype\";s:8:\"wikitext\";}'),(43,1,1328031277,0,'The Inter Wiki map used on this wiki is listed below.  The map is taken\nfrom the text in the verbatim block below.  (But this only works if\nthis page is locked.)\n<verbatim>\nAIWiki http://www.ifi.unizh.ch/ailab/aiwiki/aiw.cgi?\nALife http://news.alife.org/wiki/index.php?\nAbbeNormal http://www.ourpla.net/cgi-bin/pikie.cgi?\nAcadWiki http://xarch.tu-graz.ac.at/autocad/wiki/\nAcronym http://www.acronymfinder.com/af-query.asp?String=exact&Acronym=\nAdvogato http://www.advogato.org/\nAnnotation http://bayle.stanford.edu/crit/nph-med.cgi/\nAnnotationWiki http://www.seedwiki.com/page.cfm?wikiid=368&doc=\nAviSynth http://www.avisynth.org/\nAwarenessWiki http://taoriver.net/aware/\nBcWireless http://www.bcwireless.net/wiki-moinmoin/moin.cgi/\nBenefitsWiki http://www.benefitslink.com/cgi-bin/wiki.cgi?\nBridgesWiki http://c2.com/w2/bridges/\nbsdWiki http://profile.sh/syswiki/index.php?\nC2find http://c2.com/cgi/wiki?FindPage&value=\nCLiki http://ww.telent.net/cliki/\nCache http://www.google.com/search?q=cache:\nCategory Category\nCmWiki http://www.ourpla.net/cgi-bin/wiki.pl?\nCreationMatters http://www.ourpla.net/cgi-bin/wiki.pl?\nCPAN http://search.cpan.org/\nDeWikiPedia http://de.wikipedia.org/wiki/\nDejaNews http://www.deja.com/=dnc/getdoc.xp?AN=\nDict http://www.dict.org/bin/Dict?Database=*&Form=Dict1&Strategy=*&Query=\nDictionary http://www.dict.org/bin/Dict?Database=*&Form=Dict1&Strategy=*&Query=\nDiveIntoOsx http://diveintoosx.org/\nDocBook http://docbook.org/wiki/moin.cgi/\nDolphinWiki http://www.object-arts.com/wiki/html/Dolphin/\nDseWiki http://www.wikiservice.at/dse/wiki.cgi?\nEfnetCeeWiki http://purl.net/wiki/c/\nEfnetCppWiki http://purl.net/wiki/cpp/\nEfnetPythonWiki http://purl.net/wiki/python/\nEfnetXmlWiki http://purl.net/wiki/xml/\nEljWiki http://elj.sourceforge.net/phpwiki/index.php/\nEmacsWiki http://www.emacswiki.org/cgi-bin/wiki.pl?\nEoWikiPedia http://eo.wikipedia.org/wiki/\nFinalEmpire http://final-empire.sourceforge.net/cgi-bin/wiki.pl?\nFoldoc http://www.foldoc.org/foldoc/foldoc.cgi?\nFoxWiki http://fox.wikis.com/wc.dll?Wiki~\nFrWikiPedia http://fr.wikipedia.org/wiki/\nFreeBSDman http://www.FreeBSD.org/cgi/man.cgi?apropos=1&query=\nFreeNetworks http://www.freenetworks.org/index.cgi/\nFreshMeat http://freshmeat.net/\nFroogle http://froogle.google.com/froogle?q=\nGoogle http://www.google.com/search?q=\nGoogleGroups http://groups.google.com/groups?q=\nGreenCheese http://www.greencheese.org/\nHammondWiki http://www.dairiki.org/HammondWiki/index.php3?\nHaribeau http://wiki.haribeau.de/cgi-bin/wiki.pl?\nIAWiki http://www.IAwiki.net/\nIMDB http://us.imdb.com/Title?\nISBN http://www.amazon.com/exec/obidos/ISBN=\nIfDef http://ifdef.undef.net/\nJTF http://www.justthefaqs.org/?page=\nJargonFile http://sunir.org/apps/meta.pl?wiki=JargonFile&redirect=\nJiniWiki http://www.cdegroot.com/cgi-bin/jini?\nJspWiki http://www.ecyrd.com/JSPWiki/Wiki.jsp?page=\nKmWiki http://www.voght.com/cgi-bin/pywiki?\nKnowHow http://www2.iro.umontreal.ca/~paquetse/cgi-bin/wiki.cgi?\nLanifexWiki http://opt.lanifex.com/cgi-bin/wiki.pl?\nLegoWiki http://www.object-arts.com/wiki/html/Lego-Robotics/\nLinuxWiki http://www.linuxwiki.de/\nLugKR http://lug-kr.sourceforge.net/cgi-bin/lugwiki.pl?\nMACCAWS http://www.maccaws.com/wiki/\nMathSongsWiki http://SeedWiki.com/page.cfm?wikiid=237&doc=\nMbTest http://www.usemod.com/cgi-bin/mbtest.pl?\nMeatBall http://www.usemod.com/cgi-bin/mb.pl?\nMetaWiki http://sunir.org/apps/meta.pl?\nMetaWikiPedia http://meta.wikipedia.com/wiki/\nMoinMoin http://moinmoin.wikiwikiweb.de/\nMoinMaster http://moinmaster.wikiwikiweb.de/\nMuWeb http://www.dunstable.com/scripts/MuWebWeb?\nNetVillage http://www.netbros.com/?\nOpenWiki http://openwiki.com/?\nOrgPatterns http://www.bell-labs.com/cgi-user/OrgPatterns/OrgPatterns?\nPPR http://c2.com/cgi/wiki?\nPangalacticOrg http://www.pangalactic.org/Wiki/\nPersonalTelco http://www.personaltelco.net/index.cgi/\nphp-function http://www.php.net/%s\nphp-lookup http://www.php.net/manual-lookup.php?pattern=\nPhpWiki http://phpwiki.sourceforge.net/phpwiki/\nPhpWikiCvs http://cvs.sourceforge.net/cgi-bin/viewcvs.cgi/phpwiki/phpwiki/\nPhpWikiDemo http://phpwiki.sourceforge.net/demo/\nPhpWikiTest http://phpwiki.sourceforge.net/test/\nPikie http://pikie.darktech.org/cgi/pikie?\nPlWikiPedia http://pl.wikipedia.org/wiki/\nPolitizenWiki http://www.politizen.com/wiki.asp?\nPoundPython http://twistedmatrix.com/wiki/python/\nPurlNet http://www.palowireless.com/zigbee/\nPyWiki http://www.voght.com/cgi-bin/pywiki?\nPythonInfo http://www.python.org/cgi-bin/moinmoin/\nPythonWiki http://www.pythonwiki.de/\nRFC http://www.faqs.org/rfcs/rfc%s.html\nRussellFreedom http://www.russellfreedom.com/\nSVGWiki http://www.protocol7.com/svg-wiki/default.asp?\nSeaPig http://www.seapig.org/ \nSeattleWireless http://seattlewireless.net/?\nSenseisLibrary http://senseis.xmp.net/?\nShakti http://cgi.algonet.se/htbin/cgiwrap/pgd/ShaktiWiki/\nSourceForge http://sourceforge.net/\nSqueak http://minnow.cc.gatech.edu/squeak/\nStrikiWiki http://ch.twi.tudelft.nl/~mostert/striki/teststriki.pl?\nTMwiki http://www.EasyTopicMaps.com/?page=\nTWiki http://twiki.org/cgi-bin/view/\nTavi http://tavi.sourceforge.net/index.php?\nThesaurus http://www.thesaurus.com/cgi-bin/search?config=roget&words=\nThinki http://www.thinkware.se/cgi-bin/thinki.cgi/\nTmNet http://www.technomanifestos.net/?\nUnreal http://wiki.beyondunreal.com/wiki/\nUseMod http://www.usemod.com/cgi-bin/wiki.pl?\nVisualWorks http://wiki.cs.uiuc.edu/VisualWorks/\nWakkaWiki http://www.wakkawiki.com/\nWebDevWikiNL http://www.promo-it.nl/WebDevWiki/index.php?page=\nWebSeitzWiki http://webseitz.fluxent.com/wiki/\nWhy http://clublet.com/c/c/why?\nWiktionary http://wiktionary.org/wiki/\nWiki http://c2.com/cgi/wiki?\nWikiLens http://www.wikilens.org/wiki.php/\nWikiWikiWireless http://www.andaluciawireless.net/\nWikibooks http://wikibooks.org/wiki/\nWikiPedia http://www.wikipedia.com/wiki/\nWikiquote http://wikiquote.org/wiki/\nWikisource http://wikisource.org/wiki/\nWikiWorld http://WikiWorld.com/wiki/index.php/\nWikkiTikkiTavi http://tavi.sourceforge.net/\nWLUG http://www.wlug.org.nz/\nYpsiEyeball http://sknkwrks.dyndns.org:1957/writewiki/wiki.pl?\nZWiki http://www.zwiki.org/\nOsFaq2 http://www.mega-tokyo.com/osfaq2/index.php/\n</verbatim>\n','a:4:{s:8:\"pagetype\";s:12:\"interwikimap\";s:6:\"markup\";s:1:\"2\";s:6:\"author\";s:28:\"The PhpWiki programming team\";s:9:\"author_id\";s:28:\"The PhpWiki programming team\";}'),(176,1,1328031278,0,'Query any Wiki listed in the InterWikiMap by entering a desired page\nname below.\n\nTo add one of these searches to another page use the\nExternalSearchPlugin.\n\n<?plugin InterWikiSearch?>\n----\nWikiPlugin','a:4:{s:6:\"markup\";s:1:\"2\";s:6:\"author\";s:28:\"The PhpWiki programming team\";s:9:\"author_id\";s:28:\"The PhpWiki programming team\";s:8:\"pagetype\";s:8:\"wikitext\";}'),(178,1,1328031278,0,'LikePages are pages which share an initial or final word with that\npage. See also Wiki:LikePages and MeatBall:LikePages.\n\n----\n\n<?plugin LikePages ?>','a:4:{s:6:\"markup\";s:1:\"2\";s:6:\"author\";s:28:\"The PhpWiki programming team\";s:9:\"author_id\";s:28:\"The PhpWiki programming team\";s:8:\"pagetype\";s:8:\"wikitext\";}'),(179,1,1328031278,0,'The ListPagesPlugin is the simpliest plugin to explicitly list a set of pages with all available\n[pagelist|PhpWiki:PageList] options, mainly used for a wikilens theme to display ratings info\nand recommendations.\n\nIt can also be used with the PhpWiki:PluginList method to list a set of pages generated by\nanother plugin, and/or to exclude a set of pages generated by another plugin.\n\nSee the PhpWiki:PageList options.\n\nUsage:\n<verbatim>\n  <?plugin ListPages pages=HomePage,FindPage,WikiWikiWeb ?>\n\n  <?plugin ListPages info=hits sortby=hits pages=<!plugin-list BackLink page=[] !> exclude=ListPagesPlugin,WikiPlugin ?>\n</verbatim>\n\n-------------\n\nPhpWikiDocumentation WikiPlugin','a:4:{s:6:\"markup\";s:1:\"2\";s:6:\"author\";s:28:\"The PhpWiki programming team\";s:9:\"author_id\";s:28:\"The PhpWiki programming team\";s:8:\"pagetype\";s:8:\"wikitext\";}'),(180,1,1328031278,0,'<?plugin MostPopular limit||=20 ?>','a:4:{s:6:\"markup\";s:1:\"2\";s:6:\"author\";s:28:\"The PhpWiki programming team\";s:9:\"author_id\";s:28:\"The PhpWiki programming team\";s:8:\"pagetype\";s:8:\"wikitext\";}'),(181,1,1328031278,0,'The OldStyleTablePlugin can be used to include tables within a wiki\npage using the old-style markup syntax for tables.\n\n!!Usage:\n\n<verbatim>\n<?plugin OldStyleTable caption=\"OldStyleTable\" border||=2\n||^  *Name*                |v *Cost*   |v *Notes*\n| *First*     | *Last*\n|> Jeff       |< Dairiki   |^  Cheap   |< Not worth it\n|> Marco      |< Polo      | Cheaper   |< Not available\n?>\n</verbatim>\n\nwill get you\n\n<?plugin OldStyleTable caption=\"OldStyleTable\" border||=2\n||^  *Name*                |v *Cost*   |v *Notes*\n| *First*     | *Last*\n|> Jeff       |< Dairiki   |^  Cheap   |< Not worth it\n|> Marco      |< Polo      | Cheaper   |< Not available\n?>\n\nNote that multiple __|__s lead to spanned columns, and __v__s can be\nused to span rows.  A __>__ generates a right justified column, __<__\na left justified column and __^__ a centered column (which is the\ndefault.)\n\n!! Plugin Arguments\n\n__caption__:\n\n  Any string. Default: \"\"\n\n__border__:\n\n  Any number. Default: 1\n\n__cellspacing__:\n\n  Any number. Default: 1\n\n__cellpadding__:\n\n  Any number. Default: 1\n\n__summary__:\n\n  Any string. Default: \"\"\n\n----\n\nNote that within each table cell, _new-style_ markup is used.  You can\nonly use inline markup --- no block level markup is allowed within\ntable cells.\n\n(Using old-style markup wouldn\'t make much sense, since one can\'t\ninclude multi-line plugin invocations using the old-style markup\nrules.)\n\n\n-------------\n\nPhpWikiDocumentation WikiPlugin','a:4:{s:6:\"markup\";s:1:\"2\";s:6:\"author\";s:28:\"The PhpWiki programming team\";s:9:\"author_id\";s:28:\"The PhpWiki programming team\";s:8:\"pagetype\";s:8:\"wikitext\";}'),(182,1,1328031279,0,'! Synopsis\nOldTextFormattingRules%%%\n<strong>Emphasis:</strong> \'<strong></strong>\' for <em>italics</em>, _<em></em>~_ for <strong>bold</strong>, \'<strong></strong>\'_<em></em>~_ for <em><strong>both</strong></em>.%%%\n<strong>Lists:</strong> * for bullet lists, # for numbered lists, <em><strong>;</strong> term <strong>:</strong> definition</em> for definition lists.%%%\n<strong>References:</strong> ~JoinCapitalizedWords or use square brackets for a ~[page link] or URL ~[~http://cool.wiki.int/].%%%\n<strong>Footnotes:</strong> Use ~[1],~[2],~[3],...%%%\n<strong>Preventing linking:</strong> Prefix with \"~!\": ~!~DoNotHyperlink, name links like ~[~[text | URL] (double up on the \"[\").%%%\n<strong>Misc:</strong> \"~!\", \"~!~!\", \"~!~!~!\" make headings, \"%%<em></em>%\" makes a linebreak, \"-<em></em>-<em></em>-<em></em>-\" makes a horizontal rule.%%%\n<strong>Tables:</strong> | as first char, | for more columns, |> align right, |< align left, |^ centered (default), || span columns, |v span rows\n\n----\n! Paragraphs\n\n* Don\'t indent paragraphs\n* Words wrap and fill as needed\n* Use blank lines as separators\n* Four or more minus signs make a horizontal rule\n* %%<em></em>% makes a linebreak (in headings and lists too)\n\n\n! Lists\n\n* asterisk for first level\n     * asterisk-asterisk for second level, etc.\n* Use * for bullet lists, # for numbered lists (mix at will)\n* semicolon-term-colon-definition for definition lists:\n;term here:definition here, as in the <DL><DT><DD> list\n* One line for each item\n* Other leading whitespace signals preformatted text, changes font.\n\n! Headings\n\n* \'~!\' at the start of a line makes a small heading\n* \'~!~!\' at the start of a line makes a medium heading\n* \'~!~!~!\' at the start of a line makes a large heading\n\n! Fonts\n\n* Indent with one or more spaces to use a monospace font:\n\n<pre>\n This is in monospace\n</pre>\nThis is not\n\n!Indented Paragraphs\n\n* semicolon-colon -- works like <BLOCKQUOTE>\n\n;:this is an indented block of text\n\n! Emphasis\n\n* Use doubled single-quotes (\'<strong></strong>\') for emphasis (usually <em>italics</em>)\n* Use doubled underscores (_<em></em>_) for strong emphasis (usually <strong>bold</strong>)\n* Mix them at will: <strong><em>bold italics</em></strong>\n* <em>Emphasis</em> can be used <em>multiple</em> times within a line, but <em>cannot</em> cross line boundaries:\n\n\'\'this\nwill not work\'\'\n\n! References\n* Hyperlinks to other pages within the Wiki are made by placing the page name in square brackets: [this is a page link] or UsingWikiWords (preferred)\n* Hyperlinks to external pages are done like this: [http://www.wcsb.org/]\n* You can name the links by providing a name, a bar (|) and then the hyperlink or pagename: [PhpWiki home page | http://phpwiki.sourceforge.net/]  - [the front page | HomePage]\n* You can suppress linking to old-style references and URIs by preceding the word with a \'~!\', e.g. ~NotLinkedAsWikiName, ~http://not.linked.to/\n* You can create footnotes by using ~[1], ~[2], ~[3], ... like this here #[|ftnt_ref_1]<sup>~[[1|#ftnt_1]~]</sup>. See footnote for counterpart.  (If the ~[ is in the first column, it is a footnote <em>definition</em> rather than a footnote <em>reference</em> #[|ftnt_ref_1]<sup>~[[1|#ftnt_1]~]</sup>.)\n* Also, the old way of linking URL\'s is still supported: precede URLs with \"http:\", \"ftp:\" or \"mailto:\" to create links automatically as in: http://c2.com/\n* URLs ending with .png, .gif, or .jpg are inlined if in square brackets, by themselves: [http://phpwiki.sourceforge.net/demo/themes/default/images/png.png]\n\n! Tables\n\n* Simple tables are available.  A table row is introduced by a <strong>|</strong> in the first column.  It is best described by example:\n<pre>\n      ||  _<em></em>_Name_<em></em>~_               |v _<em></em>_Cost_<em></em>~_   |v _<em></em>_Notes_<em></em>~_\n      | _<em></em>_First_<em></em>~_   | _<em></em>_Last_<em></em>~_\n      |> Jeff       |< Dairiki   |^  Cheap     |< Not worth it\n      |> Marco      |< Polo      | Cheaper     |< Not available\n</pre>\n;:will generate\n<?plugin OldStyleTable\n||  <strong>Name</strong>               |v <strong>Cost</strong>   |v <strong>Notes</strong>\n| <strong>First</strong>   | <strong>Last</strong>\n|> Jeff       |< Dairiki   |^  Cheap     |< Not worth it\n|> Marco      |< Polo      | Cheaper     |< Not available\n?>\n\n;:Note that multiple <strong>|</strong>\'s lead to spanned columns, and <strong>v</strong>\'s can be used to span rows.  A <strong>></strong> generates a right justified column, <strong><</strong> a left justified column and <strong>^</strong> a centered column (which is the default.)\n;:With the new TextFormatingsRules tables are only supported with the OldStyleTablePlugin.\n\n\n! HTML Mark-Up Language\n\n* Don\'t bother\n* < and > are themselves\n* The & characters will not work\n* If you really must use HTML, your system administrator can enable this feature. Start each line with a bar (|). Note that this feature is disabled by default.\n\n! More detail than you want to know\n\nSee [MagicPhpWikiURLs] for gory details on how to write various kind of wiki maintainance links. (<em>deprecated</em>)\n\n-----\n\n! Footnotes:\n\n#[|ftnt_1]~[[1|#ftnt_ref_1]~]  By using ~[1] a second time (in the first column) the footnote itself is <em>defined</em>.  You may refer to a footnote as many times as you want, but you may only define it once on the page.  Note the the ~[1] in the footnote links back to the first reference, if there are multiple references there will be +\'s after the ~[1] which will link to the other references.  (References which come <em>after</em> the footnote <em>definition</em> will not be linked to.)\n----\nPhpWikiDocumentation','a:4:{s:6:\"markup\";s:1:\"2\";s:6:\"author\";s:28:\"The PhpWiki programming team\";s:9:\"author_id\";s:28:\"The PhpWiki programming team\";s:8:\"pagetype\";s:8:\"wikitext\";}'),(7,1,1328031279,0,'OrphanedPages are those pages which don\'t have any links to them.\n\n----\n\n<?plugin OrphanedPages info||=hits,pagename,mtime?>','a:4:{s:6:\"markup\";s:1:\"2\";s:6:\"author\";s:28:\"The PhpWiki programming team\";s:9:\"author_id\";s:28:\"The PhpWiki programming team\";s:8:\"pagetype\";s:8:\"wikitext\";}'),(187,1,1328031279,0,'View a wiki page in MIME format or download it as backup of a single\npage. _A complete dump of all pages can be produced in\nPhpWikiAdministration._\n\n<?plugin PageDump?>\n----\nEnter exact page name to dump:\n<?plugin-form PageDump?>\n\nTitleSearch:\n<?plugin-form TitleSearch?>\n\n----\nSee also: [ViewSource|phpwiki:?action=viewsource], PluginManager.','a:4:{s:6:\"markup\";s:1:\"2\";s:6:\"author\";s:28:\"The PhpWiki programming team\";s:9:\"author_id\";s:28:\"The PhpWiki programming team\";s:8:\"pagetype\";s:8:\"wikitext\";}'),(191,1,1328031279,0,'<?plugin PageHistory?>','a:4:{s:6:\"markup\";s:1:\"2\";s:6:\"author\";s:28:\"The PhpWiki programming team\";s:9:\"author_id\";s:28:\"The PhpWiki programming team\";s:8:\"pagetype\";s:8:\"wikitext\";}'),(192,1,1328031279,0,'<?plugin PageInfo?>','a:4:{s:6:\"markup\";s:1:\"2\";s:6:\"author\";s:28:\"The PhpWiki programming team\";s:9:\"author_id\";s:28:\"The PhpWiki programming team\";s:8:\"pagetype\";s:8:\"wikitext\";}'),(193,1,1328031279,0,'!!! Summary\nMakes an \'album\' by displaying a set of photos listed in a text file\nwith optional descriptions.\n\n!!! Usage\n<verbatim>\n<?plugin PhotoAlbum\n         src=http://server/textfile\n         mode=[column|row]\n         align=[center|left|right]\n         desc=true\n         sort=false\n         height=100%\n         width=100%\n         weblocation=>false\n?>\n</verbatim>\n\n!!! Arguments\n\'\'Only the =\'src\'= parameter is mandatory.\'\'\n\n__src__:\n  Url or local path to a CSV textfile which separates filename and\n  description of\n  each photo. Photos listed in the text file have to be in same\n  directory as the file. Descriptions are optional.\n  If the the local path points to a directory, is relative from PHPWIKI_DIR,\n  and the main script is in PHPWIKI_DIR, weblocation must not be given, and\n  all pictures from this directory are displayed.\n\n__weblocation__:\n  Optional path if the src points to a local dir, and the links on the\n  photos don\'t work.\n\n__mode__:\n  Specifies how the images are arranged, =\'column\'= means vertically,\n  =\'row\'= means horizontally. Default is =\'row\'=.\n\n__align__:\n  Only applicable to column mode. Default is =\'center\'=.\n\n__desc__:\n  Display any descriptions given in the text file. Default is true.\n\n__sort__:\n  Sort images by file name. By default the order in the text file is\n  followed.\n\n__height__, __width__:\n  Height and width are calculated compared to original metrics\n  retrieved by [php-function:getimagesize] and can be absolute or a\n  percentage (e.g. \"50%\").\n\n!!! Examples\n!! Text file\nPossible content of a valid text file:\n\n<verbatim>\nphoto-01.jpg; My girlfriend and I\nphoto-02.jpg\nchristmas.gif; Merry Christmas!\n</verbatim>\n\n!! Sample Album\nlocal dir:\n<?plugin PhotoAlbum\n         src=\"themes/Hawaiian/images/pictures/\"\n?>\nor via external url:\n<verbatim>\n<?plugin PhotoAlbum\n         src=\"http://phpwiki.sourceforge.net/demo/themes/Hawaiian/images/pictures/PhotoAlbum.csv\"\n</verbatim>\n?>\n\n!!! Plugin Author\n[Ted Vinke|mailto:teddy@jouwfeestje.com] <teddy@jouwfeestje.com>\n----\nPhpWikiDocumentation WikiPlugin','a:4:{s:6:\"markup\";s:1:\"2\";s:6:\"author\";s:28:\"The PhpWiki programming team\";s:9:\"author_id\";s:28:\"The PhpWiki programming team\";s:8:\"pagetype\";s:8:\"wikitext\";}'),(194,1,1328031279,0,'The PhpHighlightPlugin pretty-prints PHP code using the\nphp-function:highlight-string.\n\nSee also SyntaxHighlighterPlugin for highlighting other languages.\n\n!!! Usage\n\nYou specify options for the plugin on the same line as the =<?plugin=,\nand put the code on the following lines, until the final =?>=:\n\n<verbatim>\n<?plugin PhpHighlight [wrap?] [color options]\ncode to be highlighted\n?>\n</verbatim>\n\n!!! Description\n\nDepending on the =wrap= option, then the plugin will take care of\nadding =<?php= and =?>= to the code before passing it to\nphp-function:highlight-string. If the PHP delimiters were added, then\nthe plugin removes them again from the highlighted string, before\npresenting it.\n\n!!! Options\n\nAutomatic Wrapping:\n\n  If you don\'t want the plugin to automatically wrap the source code\n  in =<?php= and =?>=, then set =wrap= to =0=. The default value is =1=\n  which means that the plugin takes care of adding and removing\n  =<?php= and =?>= automatically.\n\n  If you set =wrap= to =0=, then you\'ll be able to mix PHP code with\n  HTML. The plugin will then translate \'=< ?php=\' into \'=<?php=\' and\n  \'=? >=\' into \'=?>=\' to allow you to start and stop PHP mode in your\n  code.\n\nColor Options:\n\n  The plugin accepts optional color arguments which correspond to the\n  highlight settings in *php.ini*. Specified colors must be a valid\n  hexadecimal color or\n  [HTML 4 color name|http://www.w3.org/TR/REC-html40/types.html#h-6.5]\n  in lowercase, such as =\'#0f0344\'= or =blue=. You can set the\n  following options:\n\n  =string=, =comment=, =keyword=, =bg=, =default=, and =html=\n\n!!! Examples\n\n!! PHP with default colors from =php.ini=:\n\n<?plugin PhpHighlight\nfunction hello() {\n    echo \"Hello World<p>\";\n}\n?>\n\n!! HTML with embedded PHP\n\nHere we have to use =wrap=0= to prevent automatic wrapping, and escape\n\'=?>=\' as \'=? >=\':\n\n<?plugin PhpHighlight wrap=0 html=\'#000000\' bg=\'#dddddd\'\n<html>\n  <head>\n    <title>PHP Test</title>\n  </head>\n  <body>\n    < ?php echo \"<p>Hello World</p>\\n\"; ? >\n  </body>\n</html>\n?>\n\n!! C Source\n\nAlthough =highlight_string()= was designed with PHP code in mind it is\nsuitable for basic syntax-highlighting of most C code because the two\nsyntax are similar.\n\n<?plugin PhpHighlight default=black string=blue comment=gray keyword=purple\n#include <stdio.h>\n/* Get load */\nint\ngetload(void)\n{\n    if ((fp = fopen(\"/proc/loadavg\", \"r\")) == NULL) {\n        syslog(LOG_ERR, _(\"%s %s: unable to open %s: %s\"), _(\"FATAL ERROR:\"),\n              \"getload()\", \"/proc/loadavg\", strerror(errno));\n        exit(EX_OSFILE);\n    }\n    fclose(fp);\n}\n?>\n\n!!! Authors\n\nMartin Geisler mailto:gimpster@gimpster.com and Carsten Klapp\nmailto:carstenklapp@users.sourceforge.net.\n\n-----\n\nPhpWikiDocumentation WikiPlugin','a:4:{s:6:\"markup\";s:1:\"2\";s:6:\"author\";s:28:\"The PhpWiki programming team\";s:9:\"author_id\";s:28:\"The PhpWiki programming team\";s:8:\"pagetype\";s:8:\"wikitext\";}'),(188,1,1328031279,0,'_*Note:*_  _Most of the actions on this page require administrative\nprivileges. They will not work unless you have set an admin username and\npassword in the PhpWiki config file._\n\n<?plugin CreateToc jshide||=1 with_toclink||=1 ?>\n\n----\n!!! Page Explorer\n\nFirst select pages and then define the action:\n\n<?plugin-form WikiAdminSelect s=\"*\" ?>\n\nor call the available ~WikiAdmin actions directly:\n\n[Remove | PhpWikiAdministration/Remove] |\n  [Rename | PhpWikiAdministration/Rename] |\n    [Replace | PhpWikiAdministration/Replace]\n\n\n----\n!!! Cleanup\n\nA Wiki SandBox is very easy to clean. Here you can restore it to\npristine condition by loading the default from pgsrc.\n\n  [Rake the SandBox|phpwiki:?action=loadfile&source=pgsrc/SandBox].\n\n----------\n\n!!! Making Snapshots or Backups\n\n!! ZIP files of database\n\nThese links lead to zip files, generated on the fly, which contain all\nthe pages in your Wiki. The zip file will be downloaded to your local\ncomputer.\n\n  This *[ZIP Snapshot | phpwiki:?action=zip]* contains only the\n  latest versions of each page, while this *[ZIP Dump |\n  phpwiki:?action=zip&include=all]* contains all archived versions.\n\n  (If the PhpWiki is configured to allow it, anyone can download a zip\n  file.)\n\nIf your php has _zlib_ support, the files in the archive will be\ncompressed, otherwise they will just be stored.\n\n!! Dump to directory\n\nHere you can dump pages of your Wiki into a directory of your choice.\n\n  <?plugin WikiForm action=dumpserial?>\n\nThe most recent version of each page will written out to the\ndirectory, one page per file. Your server must have write permissions\nto the directory!\n\n----\n\n!!! Dump pages as XHTML\n\n  <?plugin WikiForm action=dumphtml?>\n\nThis will generate a directory of static pages suitable for\ndistribution on disk where no web server is available. The various\nlinks for page editing functions and navigation are removed from the\npages.\n\n  The XHTML file collection can also be downloaded as an\n  *[XHTML ZIP Snapshot | phpwiki:?action=ziphtml]*.\n\n----\n\n!!! Phpwiki Internals\n\nThese are here mostly for debugging purposes (at least, that is the\nhope.)\n\nIn normal use, you should not need to use these, though, then again,\nthey should not really do any harm.\n\n!! Purge Markup Cache\n\n(If your wiki is so configured,) the transformed (almost-HTML) content\nof the most recent version of each page is cached. This speeds up page\nrendering since parsing of the wiki-text takes a fair amount of juice.\n\n  Hitting this button will delete all cached transformed\n  content. (Each pages content will be transformed and re-cached next\n  time someone views it.)\n\n  <?plugin WikiAdminUtils\n           action=purge-cache\n           label=\"Purge Cache\"\n   ?>\n\n!! Clean WikiDB of Illegal Filenames\n\nPage names beginning with the subpage-separator, usually a slash\n(=/=), are not allowed. Sometimes though an errant plugin or something\nmight create one....\n\n  This button will delete any pages with illegal page names, without possibility to restore.\n\n  <?plugin WikiAdminUtils\n           action=purge-bad-pagenames\n           label=\"Purge bad pagenames\"\n   ?>\n\n!! Clean WikiDB of empty and unreferenced pages\n\n  *Warning!* This button will delete every empty and unreferenced page, without any possibility to restore them again.\n  This will disable the possibility to revert or get back any deleted page.\n\n  <?plugin WikiAdminUtils\n           action=purge-empty-pages\n           label=\"Purge all empty unreferenced pages\"\n   ?>\n\n----\nPhpWikiDocumentation','a:4:{s:6:\"markup\";s:1:\"2\";s:6:\"author\";s:28:\"The PhpWiki programming team\";s:9:\"author_id\";s:28:\"The PhpWiki programming team\";s:8:\"pagetype\";s:8:\"wikitext\";}'),(196,1,1328031280,0,'<?plugin WikiAdminRemove ?>','a:4:{s:6:\"markup\";s:1:\"2\";s:6:\"author\";s:28:\"The PhpWiki programming team\";s:9:\"author_id\";s:28:\"The PhpWiki programming team\";s:8:\"pagetype\";s:8:\"wikitext\";}'),(197,1,1328031280,0,'<?plugin WikiAdminRename ?>','a:4:{s:6:\"markup\";s:1:\"2\";s:6:\"author\";s:28:\"The PhpWiki programming team\";s:9:\"author_id\";s:28:\"The PhpWiki programming team\";s:8:\"pagetype\";s:8:\"wikitext\";}'),(198,1,1328031280,0,'<?plugin WikiAdminSearchReplace ?>','a:4:{s:6:\"markup\";s:1:\"2\";s:6:\"author\";s:28:\"The PhpWiki programming team\";s:9:\"author_id\";s:28:\"The PhpWiki programming team\";s:8:\"pagetype\";s:8:\"wikitext\";}'),(5,1,1328031280,0,'!! Contents\n\n<?plugin SiteMap\n         noheader=true\n         exclude=HomePage,PgsrcTranslation\n         reclimit=1\n         direction=forward\n         firstreversed=1\n?>\n\n! Pages in this category:\n\n<?plugin BackLinks\n         exclude||=\'\'\n         include_self||=1\n         noheader||=0\n         page||=[pagename]\n         info||=pagename,mtime\n?>','a:4:{s:6:\"markup\";s:1:\"2\";s:6:\"author\";s:28:\"The PhpWiki programming team\";s:9:\"author_id\";s:28:\"The PhpWiki programming team\";s:8:\"pagetype\";s:8:\"wikitext\";}'),(199,1,1328031280,0,'<?plugin WikiPoll require_all=0 require_least=2\n           question[1]=\"Do you like PhpWiki?\"\n             answer[1][1]=\"Yes\" answer[1][2]=\"Do not know\" answer[1][3]=\"No\"\n           question[2]=\"Do you have PhpWiki installed by your own?\"\n             answer[2][1]=\"Yes\" answer[2][2]=\"No\"\n           question[3]=\"Did you install any other wiki engine?\"\n             answer[3][1]=\"Yes\" answer[3][2]=\"No\"\n           question[4]=\"What wiki engine do you like most?\"\n             answer[4][1]=\"c2Wiki\" answer[4][2]=\"MoinMoin\" answer[4][3]=\"PhpWiki\"\n             answer[4][4]=\"usemod\" answer[4][5]=\"Twiki\" answer[4][5]=\"guiki\"\n             answer[4][6]=\"Other\"\n           question[5]=\"Which PhpWiki version do you use?\"\n             answer[5][1]=\"1.2.x\" answer[5][2]=\"1.3. 1-2\" answer[5][3]=\"1.3. 3-4\"\n             answer[5][4]=\"1.3. 5-8\"\n?>','a:4:{s:6:\"markup\";s:1:\"2\";s:6:\"author\";s:28:\"The PhpWiki programming team\";s:9:\"author_id\";s:28:\"The PhpWiki programming team\";s:8:\"pagetype\";s:8:\"wikitext\";}'),(190,1,1328031280,0,'PhpWiki lets you extend it with new functionality via a plugin\nmechanism. In short, you extend a PHP class we provide and customize\nit to print out the content you want. For more information see\nWikiPlugin, HelloWorldPlugin, and view the source of the files in\n<tt>lib/plugin</tt>.\n\nIf there is no example page for the plugin, or you need more\ninformation, the best place to go is the source of the plugin. Under\nyour wiki\'s root directory, the folder <tt>lib/plugin</tt> contains all the PHP\nfiles for the plugins.\n\n! External Requirements\nSome plugins require correctly configured PLUGIN_CACHED and external libraries\nnot provided with PhpWiki or PHP, such as\n* [PHP with GD support | php-function:ref.image] for the text2png plugin,\n* [LaTeX2HTML | ftp://ftp.dante.de/tex-archive/support/latex2html ] for the TexToPngPlugin and TeX2pngPlugin,\n* [graphviz | http://graphviz.org/] for the GraphVizPlugin and VisualWikiPlugin,\n* [ploticus | http://ploticus.sourceforge.net/] for the PloticusPlugin,\n* [phpweather | http://phpweather.sf.net] for the PhpWeatherPlugin,\n* [highlight | http://www.andre-simon.de/] for the SyntaxHighlighterPlugin,\n* a browser with [<iframe> support|http://www.cs.tut.fi/~jkorpela/html/iframe.html] for the TranscludePlugin,\n* USE_DB_SESSION = true (default for the peardb, adodb or dba backends) for the WhoIsOnline plugin,\n* --with-xml support (with expat or libxml2) for the ~RssFeed plugin (ProjectSummary, RecentReleases) and\n  HtmlParser support (ImportHtml, HtmlAreaEditing),\n* PHP Mail functionality (php.ini: SMTP + sendmail_from on Windows or sendmail_path) for email\n  PageChangeNotifications and ModeratedPage\'s,\n* a [Google license key | http://www.google.com/apis/] for the GooglePlugin,\n* optionally an external recommender engine (none yet, php only so far) and the wikilens theme for the RateIt plugin,\n* optionally apache/mod_log_{my}sql for fast, external log analysis if ACCESS_LOG_SQL=1 (Referer, Abuse Prevention).\n  See <tt>lib/Request.php</tt> and http://www.outoforder.cc/projects/apache/mod_log_sql/\n\n-----\n<?plugin PluginManager?>\n----\nPhpWikiDocumentation WikiPlugin','a:4:{s:6:\"markup\";s:1:\"2\";s:6:\"author\";s:28:\"The PhpWiki programming team\";s:9:\"author_id\";s:28:\"The PhpWiki programming team\";s:8:\"pagetype\";s:8:\"wikitext\";}'),(217,1,1328031280,0,'<?plugin RandomPage numpages||=20?>','a:4:{s:6:\"markup\";s:1:\"2\";s:6:\"author\";s:28:\"The PhpWiki programming team\";s:9:\"author_id\";s:28:\"The PhpWiki programming team\";s:8:\"pagetype\";s:8:\"wikitext\";}'),(32,1,1328031280,0,'Here\'s a list of recently changed pages on this wiki. (See RecentEdits\nfor all recent minor edits and changes).\n\n--------\n<?plugin RecentChanges days||=7 daylist=1,3,7,30,90,0 show_deleted||=1 ?>','a:4:{s:6:\"markup\";s:1:\"2\";s:6:\"author\";s:28:\"The PhpWiki programming team\";s:9:\"author_id\";s:28:\"The PhpWiki programming team\";s:8:\"pagetype\";s:8:\"wikitext\";}'),(218,1,1328031280,0,'<?plugin RecentComments days||=7 daylist=1,3,7,30,90,0 ?>','a:4:{s:6:\"markup\";s:1:\"2\";s:6:\"author\";s:28:\"The PhpWiki programming team\";s:9:\"author_id\";s:28:\"The PhpWiki programming team\";s:8:\"pagetype\";s:8:\"wikitext\";}'),(37,1,1328031280,0,'Here\'s a list of recently edited pages on this wiki. All minor changes\nare shown also, not just the most recent ones. (See RecentChanges for the\nmost recent non-minor changes).\n\n--------\n<?plugin RecentChanges days||=3 show_all||=1 show_minor=1 daylist=1,3,7,30,90,0 ?>','a:4:{s:6:\"markup\";s:1:\"2\";s:6:\"author\";s:28:\"The PhpWiki programming team\";s:9:\"author_id\";s:28:\"The PhpWiki programming team\";s:8:\"pagetype\";s:8:\"wikitext\";}'),(209,1,1328031280,0,'<?plugin RssFeed url=http://sourceforge.net/export/rss2_projnews.php?group_id=6121&rss_fulltext=1 maxitem=10 ?>','a:4:{s:6:\"markup\";s:1:\"2\";s:6:\"author\";s:28:\"The PhpWiki programming team\";s:9:\"author_id\";s:28:\"The PhpWiki programming team\";s:8:\"pagetype\";s:8:\"wikitext\";}'),(219,1,1045352818,0,'The RedirectToPlugin can be used to redirect a user to another page.\nIn other words it makes a page an _alias_ for another page.\n\n! Arguments\n\nUse only one of these arguments at a time.\n\npage |\n  The page to redirect to (a wiki page name).\nhref |\n  An external URL to redirect to.  Redirection to external URLs will only work\n  on locked pages.  (If the URL contains funny characters, you\'ll probably have\n  to put quotes around the URL.)\n\n! Caveats\n\nThe RedirectToPlugin invocation must be the first thing on a page.\nFor most purposes it makes any other content on the page inaccessible.\n\n! Example\n\nA page may be made a alias for the HomePage by placing this code at the top:\n<verbatim>\n<?plugin RedirectTo page=\"HomePage\" ?>\n</verbatim>\n\nTo see the example in action, visit HomePageAlias.\n-----\nPhpWikiDocumentation','a:4:{s:6:\"markup\";s:1:\"2\";s:6:\"author\";s:28:\"The PhpWiki programming team\";s:9:\"author_id\";s:28:\"The PhpWiki programming team\";s:8:\"pagetype\";s:8:\"wikitext\";}'),(221,1,1328031280,0,'<?plugin RelatedChanges show_minor||=1 days||=7 daylist=1,3,7,30,90,0 ?>','a:4:{s:6:\"markup\";s:1:\"2\";s:6:\"author\";s:28:\"The PhpWiki programming team\";s:9:\"author_id\";s:28:\"The PhpWiki programming team\";s:8:\"pagetype\";s:8:\"wikitext\";}'),(222,1,1075205974,0,'RichTablePlugin is a plugin that takes off from the OldStyleTablePlugin. It allows a user to specify arbitrary properties of <tt><table></tt>, <tt><tr></tt> and <tt><td></tt> with a very simple markup.\n\nNEW: The plugin is now fixed so that the contents of each cell are individually processed by the ~BlockParser. This means that if everything works correctly,  you can do interesting things like put *invoke plugins*, use *enumerated lists* etc within each cell!\n\n*A <tt>\"-\"</tt> (dash) at the start of a new line represents a new row in the table.\n*A <tt>\"|\"</tt> (vertical bar or pipe) at the start of a new line represents a cell.\n*Attributes for the tags\n  *A line that starts with a <tt>\"*\"</tt> (star or asterisk) after a <tt>\"|\"</tt> is parsed for attributes for the corresponding cell.\n  *Attributes for the table are given on line that starts with a <tt>\"*\"</tt>, only if the line appears before any other line except whitespace.\n  *A line that starts with a <tt>-</tt> is always parsed for attributes since it can\'t have any content, unlike a cell.\n*Cell contents\n  *Cell contents are processed by the ~BlockParser.\n  *Any line that starts with a <tt>\"*\"</tt> anywhere other than the table attribute line is treated as normal content.\n  *Any line that starts with whitespace is also treated as content.\n  *Any cell line that does not have a <tt>\"*\"</tt> after the <tt>\"|\"</tt> is treated as normal content.\n  *All content lines that follow a cell line are added to that cell. They can contain arbitrary text except the above cases.\n  *If there is no cell in the current row, content lines are dropped silently.\n*The two special characters <tt>\"~~\"</tt> and <tt>\"?>\"</tt> should be escaped as <tt>\"\\~~\"</tt> and <tt>\"?\\>\"</tt>. I havn\'t discovered any other characters yet that might need to be escaped. This is required for the block parser to work.\n\nBugs:\n* The source code sucks\n* The plugin can\'t nest itself yet. Thus nested tables are currently not possible.\n\nExample:\n\n<?plugin RichTable\n\n*border=1, cellpadding=5, bgcolor=#f0f8f8, width=75%, align=center\n-\n|* colspan=3, align=center\nHomePage\n-\n|* colspan=2\n[http://phpwiki.sourceforge.net/demo/themes/default/images/png.png]\n|* rowspan=2\nThis cell actually has a plugin invocation inside it!\n<?plugin\nBackLinks\n?\\>\n- bgcolor=white\n|\n#One\n#Two\n|\n*Foo\n*Bar\n- bgcolor=cyan\nThis line gets dropped ... no cell to contain it!\n|* bgcolor=#f0f0ff, align=center\nOne paragraph\n\nAnother paragraph?\n|* align=left\nThis cell uses the row color\n| I wish this cell had a nested table inside it! :(\n?>\n\nThe above table is rendered from:\n\n<verbatim>\n<?plugin RichTable\n\n*border=1, cellpadding=5, bgcolor=#f0f8f8, width=75%, align=center\n-\n|* colspan=3, align=center\nHomePage\n-\n|* colspan=2\n[http://phpwiki.sourceforge.net/demo/themes/default/images/png.png]\n|* rowspan=2\nThis cell actually has a plugin invocation inside it!\n<?plugin\nBackLinks\n?\\>\n- bgcolor=white\n|\n#One\n#Two\n|\n*Foo\n*Bar\n- bgcolor=cyan\nThis line gets dropped ... no cell to contain it!\n|* bgcolor=#f0f0ff, align=center\nOne paragraph.\n\nAnother paragraph?\n|* align=left\nThis cell uses the row color\n| I wish this cell had a nested table inside it! :(\n?>\n</verbatim>\n\n;__Author__: Sameer D. Sahasrabuddhe\n;__Url__: http://www.it.iitb.ac.in/~sameerds/phpwiki/index.php/RichTablePlugin\n\n\n-------------\n\nPhpWikiDocumentation WikiPlugin','a:4:{s:6:\"author\";s:10:\"ReiniUrban\";s:9:\"author_id\";s:10:\"ReiniUrban\";s:6:\"markup\";s:1:\"2\";s:8:\"pagetype\";s:8:\"wikitext\";}'),(223,1,1328031280,0,'!! Synopsis\n\nA WikiPlugin to display external RSS feeds.\n\n!!  Usage\n<verbatim>\n  <?plugin RssFeed?>\n  <?plugin RssFeed url=http://somesite.tld/linktofeed.rss ?>\n</verbatim>\n\n!! Plugin Arguments\nArgument|\n  Default Value|\n    Description\n\nurl|\n  (empty)|\n    RSS Feed URL\n\nfeed|\n  (empty)|\n    RSS Feed Name\n\ndescription|\n  (empty)|\n    Description of the RSS Feed\n\nmaxitem|\n  0|\n    Max. number of entries (0 = unlimited)\n\n!! Sourcecode (since v1.3.8):\n* [PhpWikiCvs:lib/plugin/RssFeed.php]\n* [PhpWikiCvs:lib/RssParser.php] _fixed for allow_url_fopen=Off_\n\n!! Examples\n\n* PhpWikiRss _feed for PhpWiki:RecentChanges_\n<verbatim>\n  <?plugin RssFeed feed=PhpWikiRss description=\"PhpWiki:RecentChanges\"\n	           url=http://phpwiki.sourceforge.net/phpwiki/RecentChanges?format=rss ?>\n</verbatim>\n\n* [PhpWikiDemo:sidebar/]  _Example as sidebar box_\n\n-------------\nPhpWikiDocumentation WikiPlugin','a:4:{s:6:\"markup\";s:1:\"2\";s:6:\"author\";s:28:\"The PhpWiki programming team\";s:9:\"author_id\";s:28:\"The PhpWiki programming team\";s:8:\"pagetype\";s:8:\"wikitext\";}'),(225,1,1328031280,0,'<?plugin SearchHighlight ?>','a:4:{s:6:\"markup\";s:1:\"2\";s:6:\"author\";s:28:\"The PhpWiki programming team\";s:9:\"author_id\";s:28:\"The PhpWiki programming team\";s:8:\"pagetype\";s:8:\"wikitext\";}'),(226,1,1328031281,0,'The SearchHighLight WikiPlugin is an internal actionpage plugin,\nwhich is only used internally.\n\nWhen someone is referred from a search engine like Google, Yahoo\nor our own fulltextsearch, the terms the user searched for are highlighted.\nSee also http://wordpress.org/about/shots/1.2/plugins.png\n\n!! Plugin Arguments\n__s__: |\n  The search term\n__case_exact__:  |\n  boolean.\n__regex__:  |\n  boolean.','a:4:{s:6:\"markup\";s:1:\"2\";s:6:\"author\";s:28:\"The PhpWiki programming team\";s:9:\"author_id\";s:28:\"The PhpWiki programming team\";s:8:\"pagetype\";s:8:\"wikitext\";}'),(195,1,1328031281,0,'The ~SyntaxHighlighter plugin passes all its arguments through a C++\nhighlighter called \"highlight\" (available at http://www.andre-simon.de/).\n\nAuthor: alecthomas\n\n! Arguments\nsyntax |\n  (required), See http://www.andre-simon.de/doku/highlight/highlight.html\nstyle |\n  ~[ \"ansi\", \"gnu\", \"kr\", \"java\", \"linux\" ~] (required)\ncolor |\n  null (optional), see =highlight/themes=\nnumber |\n  0  (optional)\nwrap |\n  0  (optional)\n\n\n! Example\n\n<verbatim>\n<?plugin SyntaxHighlighter syntax=c style=kr color=emacs\n #include <stdio.h>\n\n int main() {\n printf(\"Lalala\\n\");\n }\n?>\n</verbatim>\n\n=>\n\n<?plugin SyntaxHighlighter syntax=c style=kr color=emacs\n #include <stdio.h>\n\n int main() {\n printf(\"Lalala\\n\");\n }\n?>\n\nI did not use beautifier, because it used up more than 8M of memory on\nmy system and PHP killed it. I\'m not sure whether this is a problem\nwith my integration, or with beautifier itself.\n\nFixes by Reini Urban:\n* support options: syntax, style, color.\n* php version switch\n* HIGHLIGHT_DATA_DIR, HIGHLIGHT_EXE constants\n----\nPhpWikiDocumentation WikiPlugin','a:4:{s:6:\"markup\";s:1:\"2\";s:6:\"author\";s:28:\"The PhpWiki programming team\";s:9:\"author_id\";s:28:\"The PhpWiki programming team\";s:8:\"pagetype\";s:8:\"wikitext\";}'),(228,1,1328031281,0,'<noinclude>\nThe following predefined variables are automatically expanded if existing:\n  pagename\n  mtime     - last modified date + time\n  ctime     - creation date + time\n  author    - last author\n  owner\n  creator   - first author\n  SERVER_URL, DATA_PATH, SCRIPT_NAME, PHPWIKI_BASE_URL and BASE_URL\n</noinclude>\n\nTitle: %%title%%   Year: %%year%%\n---\n* Pagename: %%pagename%%\n* Author: %%author%%\n* Last modified time: %%mtime%%\n* Created time: %%ctime%%\n* Owner: %%owner%%\n* Creator: %%creator%%\n\n* SERVER_URL: %%SERVER_URL%%\n* DATA_PATH: %%DATA_PATH%%\n* SCRIPT_NAME: %%SCRIPT_NAME%%\n* PHPWIKI_BASE_URL: %%PHPWIKI_BASE_URL%%\n* BASE_URL: %%BASE_URL%%','a:4:{s:6:\"markup\";s:1:\"2\";s:6:\"author\";s:28:\"The PhpWiki programming team\";s:9:\"author_id\";s:28:\"The PhpWiki programming team\";s:8:\"pagetype\";s:8:\"wikitext\";}'),(229,1,1328031281,0,'!! Synopsis\n\nTemplate = Parametrized blocks.\n\nInclude text from a wiki page and replace certain placeholders by parameters.\nSimiliar to CreatePage with the template argument, but at run-time.\nSimiliar to the mediawiki templates but not with the \"|\" parameter seperator.\n\n!!  Usage\n<verbatim>\n  <?plugin Template page=Templates/Footer?>\n  <?plugin Template page=Templates/Film vars=\"title=SomeFilm&year=1999\" ?>\n  {{Templates/Film|title=SomeFilm|year=1999}}\n</verbatim>\n\n!! Plugin Arguments\nArgument|\n  Default Value|\n    Description\n\npage|\n  (empty)|\n    pagename to be included as template\n\nvars|\n  (empty)|\n    optional parameters to be expanded inside the template\n\n! Parameter expansion:\n  vars=\"var1=value1&var2=value2\"\n\nWe only support named parameters, not numbered ones as in mediawiki, and\nthe placeholder is %%var%% and not {{~{var~}}} as in mediawiki.\n\nThe following predefined variables are automatically expanded if existing:\n<verbatim>\n  pagename\n  mtime     - last modified date + time\n  ctime     - creation date + time\n  author    - last author\n  owner\n  creator   - first author\n  SERVER_URL, DATA_PATH, SCRIPT_NAME, PHPWIKI_BASE_URL and BASE_URL\n</verbatim>\n\n<noinclude> .. </noinclude> is stripped\n\n! In work:\n* ENABLE_MARKUP_TEMPLATE = true: (lib/InlineParser.php)\n  Support a mediawiki-style syntax extension which maps\n<verbatim>\n    {{TemplateFilm|title=Some Good Film|year=1999}}\n</verbatim>\n  to\n<verbatim>\n    <?plugin Template page=TemplateFilm vars=\"title=Some Good Film&year=1999\" ?>\n</verbatim>\n\n!! Examples\n\n<verbatim>\n  <?plugin Template page=TemplateExample vars=\"title=TestTitle\" ?>\n</verbatim>\n\nStandard syntax:\n  <?plugin Template page=TemplateExample vars=\"title=TestTitle\" ?>\n\nShorter syntax:\n  {{TemplateExample|title=TestTitle}}\n\n-------------\nPhpWikiDocumentation WikiPlugin','a:4:{s:6:\"markup\";s:1:\"2\";s:6:\"author\";s:28:\"The PhpWiki programming team\";s:9:\"author_id\";s:28:\"The PhpWiki programming team\";s:8:\"pagetype\";s:8:\"wikitext\";}'),(232,1,1328031281,0,'<?plugin CreateToc jshide||=1 with_toclink||=1 ?>\n----\n! Synopsis\n*Emphasis:* <tt>~_</tt> for _italics_, <tt>~*</tt> for *bold*,\n<tt>~_~*</tt> for _*both*_, <tt>~=</tt> for =fixed width=.%%%\n*Lists:* <tt>~*</tt> for bullet lists, <tt>#</tt> for numbered lists,\n_Term<b>:</b>~<new-line> definition_ for definition lists.%%%\n*Preformatted text:* Enclose text in <tt>~<pre>~</pre></tt> or\n<tt>~<verbatim>~</verbatim></tt>.%%%\n*Indented text:* Indent the paragraph with whitespaces.%%%\n*References:* ~JoinCapitalizedWords or use square brackets for a\n<tt>~[page link]</tt> or URL <tt>~[~http://cool.wiki.int/]</tt>.%%%\n*Preventing linking:* Prefix with \"<tt>~~</tt>\":\n<tt>~~~DoNotHyperlink</tt>, name links like <tt>~[text | URL]</tt>.%%%\n*Misc:* \"<tt>!</tt>\", \"<tt>!!</tt>\", \"<tt>!!!</tt>\" make headings,\n\"<tt>~%%%</tt>\" or \"<tt>~<br></tt>\" makes a linebreak,\n\"<tt>~----</tt>\" makes a horizontal rule.%%%\n*Allowed HTML tags:* <b>b</b> <big>big</big> <i>i</i>\n<small>small</small> <tt>tt</tt> <em>em</em> <strong>strong</strong>\n<abbr>abbr</abbr> <acronym>acronym</acronym> <cite>cite</cite>\n<code>code</code> <dfn>dfn</dfn> <kbd>kbd</kbd> <samp>samp</samp>\n<var>var</var> <sup>sup</sup> <sub>sub</sub>\n\n----\n\n!!! Character Formatting\n\n* All special non-whitespace HTML characters are displayed as-is. Exceptions below.\n* See [Emphasis|TextFormattingRules#Emphasis].\n* There\'s no syntax for font tags or color attributes.\n* The tilde \'~~\' is the _Escape Character_:\n** A single tilde \'~~\' followed by nothing gets rendered as a single tilde. => ~\n** Two tilde \'~~~~\' get rendered as a single tilde. => ~~\n** A single tilde before a link (\'~~http~:~/~/foo.bar\') prevents linking.\n   => ~http://foo.bar\n** Two tildes before a link (\'~~~~http~:~/~/foo.bar\') produce a tilde\n   followed by the hyperlinked URL.\n   => ~~http://foo.bar\n** A tilde inside an URL gets removed, unless it\'s formatted inside\n   ~[ ~] brackets.\n   Two tildes inside an URL (without brackets) become a single tilde.\n   => [http://foo.bar/~user] or http://foo.bar/~~user\n* Special non-ascii or non-latin characters are printed as-is only if supported\n  by the native wiki CHARSET. Add such characters on a non-supported CHARSET with the RawHtmlPlugin if it is enabled by the Admin and e.g. the &#num; syntax. %%%\n  E.g. These japanese euc-jp chars \'&#12363;&#12425; &#26032;&#35215;&#12506;&#12540;&#12472;\' on this =<?plugin SystemInfo CHARSET?>= wiki.\n  And with the plugin: <?plugin RawHtml &#12363;&#12425; &#26032;&#35215;&#12506;&#12540;&#12472; ?> %%%\n  And this is how it should like: [http://phpwiki.sourceforge.net/demo/images/chars-releasenotes-japanese.png]\n\n!!! Paragraphs\n\n* Don\'t indent paragraphs\n* Words wrap and fill as needed\n* Use blank lines as separators\n* Four or more minus signs make a horizontal rule\n* =~%%%= or =~<br>= makes a linebreak (in headings and lists too)\n\n\n!!! Lists\n\n* asterisk for first level\n  * indented asterisk (indent at least two spaces) for second level, etc.\n* Use <tt>~*</tt>, <tt>-</tt>, <tt>+</tt> or <tt>o</tt> for bullet\n  lists, <tt>#</tt> for numbered lists (mix at will)\n* Definition lists:\n  <pre>\n  Term:\n    definition\n  </pre>\n  gives\n  Term:\n    definition\n  as in the =<DL><DT><DD>= list\n* Items may contain multiple paragraphs and other multi-lined content,\n  just indent the items\n\n\n!!! Headings\n\n* \'=!=\' at the start of a line makes a small heading\n* \'=!!=\' at the start of a line makes a medium heading\n* \'=!!!=\' at the start of a line makes a large heading\n\n\n!!! Preformatted text\n\n* Place preformatted lines inside =~<pre>=:\n  <verbatim>\n  <pre>\n  Preformatted text. WikiLinks still work.\n  </pre>\n  </verbatim>\n  gives\n  <pre>\n  Preformatted text. WikiLinks still work.\n  </pre>\n* If you want text with no Wiki interaction, use the =~<verbatim>= tag:\n  <pre>\n  <verbatim>\n  Preformatted text. ~WikiLinks do not work.\n  </verbatim>\n  </pre>\n  gives\n  <verbatim>\n  Preformatted text. WikiLinks do not work.\n  </verbatim>\n\n\n!!!Indented Paragraphs\n\n* Two or more whitespaces signal indented text. Indents may be nested.\n\n    This is an indented block of text.\n\n      This block is even more indented.\n\n* E-mail style block-quoting is supported as well:\n  <pre>\n  > This is block-quoted text.\n  </pre>\n  renders as\n\n  > This is block-quoted text.\n\n\n!!! Emphasis\n\n* Use an underscore (<tt>~_</tt>) for emphasis (usually _italics_)\n* Use an asterisk (<tt>~*</tt>) for strong emphasis (usually *bold*)\n* Mix them at will: *_bold italics_*\n* _Emphasis_ can be used _multiple_ times within a paragraph, but\n  _cannot_ cross paragraph boundaries:\n\n  _this\n\n  will not work_\n\n!!! References\n\n* Hyperlinks to other pages within the Wiki are made by placing the\n  page name in square brackets: [this is a page link] or\n  UsingWikiWords (preferred)\n* Hyperlinks to external pages are done like this:\n  [http://www.wcsb.org/]\n* You can name the links by providing a name, a bar (|) and then the\n  hyperlink or pagename:\n  [PhpWiki home page | http://phpwiki.sourceforge.net/] ---\n  [the front page | HomePage]\n* You can suppress linking to old-style references and URIs by\n  preceding the word with a \'<tt>~~</tt>\', e.g. ~NotLinkedAsWikiName,\n  ~http://not.linked.to/\n* Also, the old way of linking URL\'s is still supported: precede URLs\n  with \"<tt>http:</tt>\", \"<tt>ftp:</tt>\" or \"<tt>mailto:</tt>\" to\n  create links automatically as in: http://c2.com/\n* URLs ending with =.png=, =.gif=, or =.jpg= are inlined if in square\n  brackets, by themselves.\n* In-page #[hyperlinks] are made by placing a named anchor and\n  referring to the anchor in a hyperlink:\n  * Named anchors:\n    * <tt>~#~[foo]</tt>: An anchor around the text \"foo\" with id\n      \"foo\".\n    * <tt>~#~[|foo]</tt>: An empty anchor with id \"foo\".\n    * <tt>~#~[howdy|foo]</tt>: An anchor around the text \"howdy\" with\n      id \"foo\".\n  * References to name anchors are made thusly:%%%\n    <tt>~[~#[#hyperlinks]]</tt>, <tt>~[~OtherPage#foo]</tt>,\n    <tt>~[named|~OtherPage#foo]</tt>.\n\n\n!!! Tables\n\n* Definition list style tables are written just like definition lists,\n  except that you replace the trailing colon on the term with a \"pipe\"\n  (<tt>|</tt>).\n\n  <pre>\n  Term 1 |\n     Definition 1 begins here.\n     Term 1.1 |\n        Definition 1.1\n     Term 1.2 |\n        Definition 1.2\n     This is part of definition 1.\n  Term 2 |\n     Here\'s definition 2.\n  </pre>\n\n  Term 1 |\n     Definition 1 begins here.\n     Term 1.1 |\n        Definition 1.1\n     Term 1.2 |\n        Definition 1.2\n     This is part of definition 1.\n  Term 2 |\n     Here\'s definition 2.\n\n* Old-style tables are supported through the OldStyleTablePlugin:\n\n!!! HTML Mark-Up Language\n\n* Some in-line markup is allowed through the use of HTML tags:\n  <b>b</b>, <big>big</big>, <i>i</i>, <small>small</small>,\n  <tt>tt</tt>, <em>em</em>, <strong>strong</strong>,\n  <abbr>abbr</abbr>, <acronym>acronym</acronym>, <cite>cite</cite>,\n  <code>code</code>, <dfn>dfn</dfn>, <kbd>kbd</kbd>,\n  <samp>samp</samp>, <var>var</var>, <sup>sup</sup> and <sub>sub</sub>\n* < and > are themselves\n* The & characters will not work\n\n!!! Creating various kinds of special links\n\n* See [MagicPhpWikiURLs] for gory details on how to write various kind\n  of wiki maintenance and other special links.\n\n!!! Inserting plugins\n\n* Several plugins permit embedding additional functionality to Wiki\n  pages. For example,\n  <verbatim>\n  <?plugin BackLinks page=HomePage info=hits ?>\n  </verbatim>\n  gives\n  <?plugin BackLinks page=HomePage info=hits ?>\n\n* For more information on plugins see WikiPlugin, and PluginManager for a list of all\n  plugins.\n\n----\n\nPhpWikiDocumentation','a:4:{s:6:\"markup\";s:1:\"2\";s:6:\"author\";s:28:\"The PhpWiki programming team\";s:9:\"author_id\";s:28:\"The PhpWiki programming team\";s:8:\"pagetype\";s:8:\"wikitext\";}'),(189,1,1328031281,0,'<?plugin TitleSearch ?>\n\n----\n\nAdditional Searches:\n<?plugin WikiFormRich action=TitleSearch method=GET nobr=1 class=wikiaction\n  editbox[] name=s text=\"\"\n  submit[]\n  checkbox[] name=case_exact\n  pulldown[] name=regex value=\"auto,none,glob,posix,pcre,sql\" ?>\n\n<?plugin WikiFormRich action=FullTextSearch method=GET nobr=1 class=wikiaction\n  editbox[] name=s text=\"\"\n  submit[]\n  checkbox[] name=case_exact\n  pulldown[] name=regex value=\"auto,none,glob,posix,pcre,sql\" ?>\n\n<?plugin WikiFormRich action=FuzzyPages method=GET nobr=1 class=wikiaction\n  editbox[] name=s text=\"\"\n  submit[]\n  checkbox[] name=case_exact ?>\n\n----\n\n<?plugin IncludePage page=FindPage quiet=1 section=Tips sectionhead=1 ?>','a:4:{s:6:\"markup\";s:1:\"2\";s:6:\"author\";s:28:\"The PhpWiki programming team\";s:9:\"author_id\";s:28:\"The PhpWiki programming team\";s:8:\"pagetype\";s:8:\"wikitext\";}'),(206,1,1328031281,0,'The TranscludePlugin can be used to embed include whole (external) web\npages within a wiki page.\n\n! Plugin Arguments\n\n=src= |\n  The URL of the page to transclude\n=height= |\n  The (initial) height of the transclusion frame.\n  If, possible, after the transcluded page is loaded,\n  the frame is resized via javascript so that it\n  fits the entire transcluded page.  (See below for more.)\n\n! Bugs / Caveats\n\no Pages are transcluded using =<iframe>= tags.  Older browsers do not\n  support \'\'iframe\'\'s.  In that case the user will be presented with a\n  link to the trancluded material.\n\no When possible, JavaScript code is used to adjust the height of the\n  _iframe_ so that it fits the entire transcluded page.\n  Unfortunately, this seems possible only when the transcluded page\n  comes from the same server as the wiki page.  (This restriction is\n  due to security checks built in to the JavaScript language.)\n\no The recursion detection code does not currently work.  Be careful to\n  avoid recursive transclusions, or you\'ll be sorry (or at least\n  amused.)\n\n! Example\n\n<verbatim>\n<?plugin Transclude src=\"http://phpwiki.sourceforge.net/demo/ChangeLog\" ?>\n</verbatim>\n\nwill get you\n\n<?plugin Transclude src=\"http://phpwiki.sourceforge.net/demo/ChangeLog\" ?>','a:4:{s:6:\"markup\";s:1:\"2\";s:6:\"author\";s:28:\"The PhpWiki programming team\";s:9:\"author_id\";s:28:\"The PhpWiki programming team\";s:8:\"pagetype\";s:8:\"wikitext\";}'),(236,1,1328031282,0,'The ~UnfoldSubpages WikiPlugin is used to display all or some subpages\nof the current or a given page.  This gives a overview for a\nWikiBlogPlugin, CalendarPlugin or similar subpages.\n\nWarning: Don\'t use it with subpages with non-existant sections!\nThe section extractor is currently quite unstable.\n\n! Usage:\n<verbatim>\n     <?plugin UnfoldSubpages ?>\n  or <?plugin UnfoldSubpages sortby=-mtime words=50 maxpages=5 ?>\n  or <?plugin UnfoldSubpages quiet=1 smalltitle=1 ?>\n  or <?plugin UnfoldSubpages sections=2 words=100 ?>\n  or <?plugin UnfoldSubpages lines=3 ?>\n  or <?plugin UnfoldSubpages pagename=\"PhpWikiAdministration\"\n              section=\"Plugin Arguments\" sectionhead=1 ?>\n</verbatim>\n\n!! Plugin Arguments:\n<strong>pagename</strong>:\n  Any pagename or if empty the current page. Default: \"\"\n<strong>quiet</strong>:\n  Print no header.  Default: false\n<strong>sortby</strong>:\n  Sort by + (ASC) or - (DESC) and one column.\n  Multiple columns like sortby=\"-hits,-mtime\" not yet supported.\n  Supported columns: ~[+|-]pagename, ~[+|-]mtime, ~[+|-]hits.\n  Default: \"pagename\"\n<strong>maxpages</strong>:\n  Maximum number of pages to include or all if not defined.\n  Default: false\n<strong>sections</strong>:\n  Maximum number of sections per page to include or all if not defined.\n  Default: false\n<strong>section</strong>:\n  Include this named section per page only if defined. Default: \"\"\n<strong>sectionhead</strong>:\n  When including a named section show the heading. Default: false\n<strong>smalltitle</strong>:\n  If set, hide transclusion-title, just have a small link at the start of\n  the page. Default: false\n<strong>words</strong>:\n  Maximum number of words per page to include. Default: false\n<strong>lines</strong>:\n  Maximum number of lines per page to include. Default: false\n<strong>bytes</strong>:\n  Maximum number of bytes per page to include. Default: false\n\n! Deprecated Arguments:\n<strong>pages</strong>:\n  deprecated. renamed to maxpages.\n<strong>sort</strong>:\n  \'asc\' or \'desc\'. deprecated: use \"+\" or \"-\" before the column name with sortby.\n\n! Example:\n<?plugin UnfoldSubpages pagename=PgsrcTranslation limit=20 ?>\n\n-------------\n\nPhpWikiDocumentation WikiPlugin','a:4:{s:6:\"markup\";s:1:\"2\";s:6:\"author\";s:28:\"The PhpWiki programming team\";s:9:\"author_id\";s:28:\"The PhpWiki programming team\";s:8:\"pagetype\";s:8:\"wikitext\";}'),(238,1,1328031282,0,'__Upload a file which will be accessible by typing:__\n<verbatim>\nUpload:num_rev/filename\n</verbatim>\n----\n<?plugin UpLoad ?>\n----','a:4:{s:6:\"markup\";s:1:\"2\";s:6:\"author\";s:28:\"The PhpWiki programming team\";s:9:\"author_id\";s:28:\"The PhpWiki programming team\";s:8:\"pagetype\";s:8:\"wikitext\";}'),(239,1,1328031282,0,'<?plugin UserPreferences?>','a:4:{s:6:\"markup\";s:1:\"2\";s:6:\"author\";s:28:\"The PhpWiki programming team\";s:9:\"author_id\";s:28:\"The PhpWiki programming team\";s:8:\"pagetype\";s:8:\"wikitext\";}'),(240,1,1328031282,0,'Here is a list of pages that have been cited on this wiki but are not\nyet written. Although they appear to be wanted, they may be\nmisspellings of existing pages or pages too trivial to merit creation.\n\nThe best course of action for these pages isn\'t necessarily to create\na page. Often, it is better to change the references so they are no\nlonger ~WikiNames. Where applicable, you can just change the case, add\nspaces or insert an escape character ~~.\n\n----\n\n<?plugin WantedPages?>','a:4:{s:6:\"markup\";s:1:\"2\";s:6:\"author\";s:28:\"The PhpWiki programming team\";s:9:\"author_id\";s:28:\"The PhpWiki programming team\";s:8:\"pagetype\";s:8:\"wikitext\";}'),(241,1,1328031282,0,'<?plugin WikiAdminSelect s||=\"*\" ?>','a:4:{s:6:\"markup\";s:1:\"2\";s:6:\"author\";s:28:\"The PhpWiki programming team\";s:9:\"author_id\";s:28:\"The PhpWiki programming team\";s:8:\"pagetype\";s:8:\"wikitext\";}'),(237,1,1328031282,0,'This simple plugin allows blog-style entries on a page. Try making a few entries, and then look at RecentChanges to get an idea of how things work.\n\n<?plugin WikiBlog ?>\n\n\n-------------\n\nPhpWikiDocumentation WikiPlugin','a:4:{s:6:\"markup\";s:1:\"2\";s:6:\"author\";s:28:\"The PhpWiki programming team\";s:9:\"author_id\";s:28:\"The PhpWiki programming team\";s:8:\"pagetype\";s:8:\"wikitext\";}'),(4,1,1328031282,0,'Since PhpWiki-1.3.3 support for ~WikiPlugins is included.\n\nA plugin is some PHP code that\n\n* lives in =phpwiki/lib/plugin/<pluginname>.php=\n* implements the ~WikiPlugin interface by extending that class.\n\nThere are many plugins already distributed with PhpWiki. Simply look in the =lib/plugin=\ndirectory or see the PluginManager list.\n\nTo write your own, look at the HelloWorldPlugin (~HelloWorld.php in that directory),\nwhich is a minimal example of a plugin.\nPublish your self-written plugin at a new PhpWiki page with ~PluginName + *Plugin* appended\nand add a link to [CategoryContributedPlugin | PhpWiki:CategoryContributedPlugin].\n\nA WikiPlugin allows one to easily add new types of dynamic content\n(as well as other functionality) to wiki pages within PhpWiki.\nIn this very wiki all actions which are not entirely lowercased\nare implemented using plugins, and some lowercased convenience actions also. (rename, revert, setacl, diff, ...)\n\n(The old-style [MagicPhpWikiURLs] have been replaced by plugins entirely.)\n\n!!!Example\n\nCurrently, one invokes a plugin by putting something like:\n\n<verbatim>\n<?plugin AllPages limit=5?>\n</verbatim>\n\ninto a regular wiki-page.  That particular example produces a list of\nthe first 5 existing pages (via the ~PageList library).\n\n<?plugin AllPages limit=5 ?>\n\n!!!Details\n\nPlugins can take certain named arguments (most do).  The values of\nthese arguments can be determined four different ways.  In order of\nprecedence:\n\n# The plugin invocation can specify the value for an argument, like so:\n  <verbatim>\n  <?plugin BackLinks page=OtherPage ?>\n  </verbatim>\n\n# The argument can be specified via an HTTP query argument.  This\n  doesn\'t happen (is not allowed) unless the argument is mentioned in\n  the plugin invocation:\n\n  <verbatim>\n  <?plugin BackLinks page ?>\n  </verbatim>\n\n# Default values specified in the plugin invocation:\n\n  <verbatim>\n  <?plugin BackLinks page||=OtherPage ?>\n  </verbatim>\n\n# The plugin must supply default values for each argument it uses.\n  Such default args may be overriden by URL arguments like so:\n  <verbatim>\n    BackLinks?page=ThisPage&sortby=-mtime\n  </verbatim>\n  (The BackLinks plugin uses the current page as the default value for\n  the \'\'page\'\' argument.)\n\n  Most plugins using the ~PageListLibrary inherit their default arguments\n  from the PhpWiki:PageListLibrary.\n\n!! Standard Arguments\n\nMost plugins display a list of pages, via the ~PageListLibrary.\n~PageList provides automatic support for those arguments.\n\n  info, exclude, author, owner, creator, sortby, limit, paging, cols, azhead,\n  comma, commasep, ordered\n\n  For details see the PhpWiki:PageListLibrary documentation.\n\n*exclude* and *pages* accept a list of pages. Either as comma-seperated list,\nsupporting glob-style wildcards, or via the <tt><!plugin-list pluginname ~[args~] !></tt>\ninvocation syntax, where pluginname might be any plugin returning a pagelist.\nSee PhpWiki:PluginList.\n\n!! Basic Plugin Types\n\nAll these plugins derive from the WikiPlugin class extending the run method,\nwhich returns a object tree of HTML objects, and may react on any\nprovided arguments from the ~WikiPage (see the args below) or\noptionally overridden by arguments from the url (GET or POST args),\nif defined via \'||=\'.\n\nA basic plugin just needs the run() method, and optionally getName,\ngetDescription, getVersion, getDefaultArguments. See the HelloWorldPlugin for a short introduction.\n\n  *plugin* reacts on its arguments and the request and displays arbitrary HTML.\n\n  *plugin-form* is used to display a input type=text box for the default argument *s*.\n\n  *plugin-list* is used as argument to provide a dynamic list of pagenames.\n\n  <verbatim>\n    <?plugin PluginName [args...] ?>\n  </verbatim>\n\n  <verbatim>\n    <?plugin-form PluginName [args...] ?>\n  </verbatim>\n\n  <verbatim>\n    <?plugin PluginName args=<!plugin-list pluginname [args] !> ?>\n  </verbatim>\n\n! The box Method\n\nThemes based on the \"sidebar\" theme may use the box method of any plugin, which displays a *title*\nand a condensed *content* in a box.\n\n! ~WikiPluginCached\n\nPlugins deriving from the class ~WikiPluginCached must also define the methods getPluginType(),\noptionally getExpire(), managesValidators(), and dependent of the getPluginType the methods\nto display the *possibly cached* result.\n\n  getImage(), getMap() or getHtml(),\n\noptionally also\n\n  getAlt(), getImageType(), embedMap(), embedImg(), embedObject()\n\nSee the config.ini PLUGIN_CACHED_* settings and PhpWiki:WikiPluginCached\n\n!! Action Pages\n\nThe term *~ActionPage* refers to a page containing a plugin invocation.\nAn *action* is together with the *pagename* argument the a basic PhpWiki argument.\nIt can both be GET or POST actions. Actions are untranslated, always english.\nBasic (and old) actions are all lowercase, like edit, browse, remove, ...\nNewer actions in PhpWiki:CamelCase are invoked via plugins on their specific action page.\n\nWe decoupled actions from plugins via action pages for the following reasons:\n\n# support translated action buttons and customizable action descriptions.\n# customize standard actions by tuning the plugin invocation arguments. override or add plugin defaults.\n# split simple plugins into multiple actions, like RecentChanges/RecentEdits, MostPopular/LeastPopular,\n  AllPages/AllPagesCreatedByMe/AllPagesLastEditedByMe/AllPagesOwnedByMe which differ only in one argument.\n\n* Those actions which have buttons or links in the theme or are referenced in the standard pgsrc\n  pageset require their (possibly localized) actionpages, otherwise the actions will not work.\n* If the localized actionpage is not found the english version is used.\n* If no actionpage is found, it is recommended to do action=upgrade, which imports all missing\n  and required action pages into the database.\n\nSo for a hypothetical new ~MyActionPage plugin ~MyActionPage will invoke the plugin and\n~MyActionPagePlugin is the the description.\n\n!!! Existing Plugins\n\nSee PluginManager for a detailed list. Most plugins should have their own description page with the name\n*Plugin* appended.\n\n<?plugin BackLinks noheader=1 ?>\n\n!!! Contributed Plugins\n\nSee PhpWiki:CategoryContributedPlugin.\n\n<?plugin Backlinks page=CategoryContributedPlugin ?>\n\n-----\nPhpWikiDocumentation','a:4:{s:6:\"markup\";s:1:\"2\";s:6:\"author\";s:28:\"The PhpWiki programming team\";s:9:\"author_id\";s:28:\"The PhpWiki programming team\";s:8:\"pagetype\";s:8:\"wikitext\";}'),(41,1,1328031282,0,'* Use the SandBox page to experiment with Wiki pages.\n* See RecentChanges for the latest page additions and changes.\n* Find out which pages are MostPopular.\n* See more PhpWikiDocumentation.','a:4:{s:6:\"markup\";s:1:\"2\";s:6:\"author\";s:28:\"The PhpWiki programming team\";s:9:\"author_id\";s:28:\"The PhpWiki programming team\";s:8:\"pagetype\";s:8:\"wikitext\";}');
/*!40000 ALTER TABLE `wiki_version` ENABLE KEYS */;
UNLOCK TABLES;
/*!40103 SET TIME_ZONE=@OLD_TIME_ZONE */;

/*!40101 SET SQL_MODE=@OLD_SQL_MODE */;
/*!40014 SET FOREIGN_KEY_CHECKS=@OLD_FOREIGN_KEY_CHECKS */;
/*!40014 SET UNIQUE_CHECKS=@OLD_UNIQUE_CHECKS */;
/*!40101 SET CHARACTER_SET_CLIENT=@OLD_CHARACTER_SET_CLIENT */;
/*!40101 SET CHARACTER_SET_RESULTS=@OLD_CHARACTER_SET_RESULTS */;
/*!40101 SET COLLATION_CONNECTION=@OLD_COLLATION_CONNECTION */;
/*!40111 SET SQL_NOTES=@OLD_SQL_NOTES */;

-- Dump completed on 2012-02-10 18:22:12
